ISO-10303-21;
HEADER;
FILE_DESCRIPTION (( 'STEP AP214' ),
    '1' );
FILE_NAME ('buje guia de cruceta.STEP',
    '2026-07-08T20:21:43',
    ( '' ),
    ( '' ),
    'SwSTEP 2.0',
    'SolidWorks 2026',
    '' );
FILE_SCHEMA (( 'AUTOMOTIVE_DESIGN' ));
ENDSEC;

DATA;
#1 = CYLINDRICAL_SURFACE ( 'NONE', #1214, 0.2500000000000000000 ) ;
#2 = DIRECTION ( 'NONE',  ( 0.000000000000000000, 0.000000000000000000, 1.000000000000000000 ) ) ;
#3 = CIRCLE ( 'NONE', #1152, 0.2500000000000000000 ) ;
#4 = DIRECTION ( 'NONE',  ( -1.000000000000000000, -0.000000000000000000, -0.000000000000000000 ) ) ;
#5 = CIRCLE ( 'NONE', #1578, 3.500000000000000000 ) ;
#6 = VECTOR ( 'NONE', #27, 1000.000000000000000 ) ;
#7 = ORIENTED_EDGE ( 'NONE', *, *, #998, .F. ) ;
#8 = AXIS2_PLACEMENT_3D ( 'NONE', #391, #933, #1455 ) ;
#9 = EDGE_CURVE ( 'NONE', #694, #819, #450, .T. ) ;
#10 = CARTESIAN_POINT ( 'NONE',  ( 1.100000000000000311, 0.2500000000000002220, 1.600000000000000089 ) ) ;
#11 = CARTESIAN_POINT ( 'NONE',  ( -1.100000000000000311, 0.2500000000000002220, -2.600000000000000089 ) ) ;
#12 = CARTESIAN_POINT ( 'NONE',  ( 0.000000000000000000, 3.500000000000000444, 0.000000000000000000 ) ) ;
#13 = ORIENTED_EDGE ( 'NONE', *, *, #244, .T. ) ;
#14 = DIRECTION ( 'NONE',  ( 0.000000000000000000, 0.000000000000000000, -1.000000000000000000 ) ) ;
#15 = ORIENTED_EDGE ( 'NONE', *, *, #1200, .F. ) ;
#16 = DIRECTION ( 'NONE',  ( 1.000000000000000000, -0.000000000000000000, 0.000000000000000000 ) ) ;
#17 = CARTESIAN_POINT ( 'NONE',  ( 2.927345865710863451E-16, 10.00000000000000000, -1.350000000000000533 ) ) ;
#18 = EDGE_CURVE ( 'NONE', #750, #330, #931, .T. ) ;
#19 = CARTESIAN_POINT ( 'NONE',  ( -2.850000000000000089, 10.00000000000000000, -1.350000000000000089 ) ) ;
#20 = ORIENTED_EDGE ( 'NONE', *, *, #1012, .F. ) ;
#21 = EDGE_LOOP ( 'NONE', ( #1216, #1260, #1510, #1517 ) ) ;
#22 = CARTESIAN_POINT ( 'NONE',  ( -1.099999999999999867, 9.750000000000000000, 1.600000000000000089 ) ) ;
#23 = CARTESIAN_POINT ( 'NONE',  ( 2.850000000000000533, 10.00000000000000000, 1.350000000000000311 ) ) ;
#24 = DIRECTION ( 'NONE',  ( 0.000000000000000000, 0.000000000000000000, -1.000000000000000000 ) ) ;
#25 = DIRECTION ( 'NONE',  ( 0.000000000000000000, 0.000000000000000000, 1.000000000000000000 ) ) ;
#26 = EDGE_CURVE ( 'NONE', #330, #675, #742, .T. ) ;
#27 = DIRECTION ( 'NONE',  ( 1.000000000000000000, -0.000000000000000000, 2.168404344971010840E-16 ) ) ;
#28 = CLOSED_SHELL ( 'NONE', ( #1568, #499, #1342, #950, #602, #638, #703, #1543, #606, #1217, #270, #1684, #135, #181, #326, #1601, #1314, #146, #1392, #566, #50, #467, #92, #1126, #615, #755, #959, #454, #301, #626, #1458, #1705, #1005, #1115, #1338, #1188, #1169, #406, #587, #1408, #576, #218, #1088, #171, #543, #732, #858, #1616, #740, #512, #434, #316, #1636, #322, #1551, #285, #259, #1371, #669, #1471, #399 ) ) ;
#29 = VECTOR ( 'NONE', #1135, 1000.000000000000000 ) ;
#30 = ORIENTED_EDGE ( 'NONE', *, *, #43, .F. ) ;
#31 = ORIENTED_EDGE ( 'NONE', *, *, #488, .T. ) ;
#32 = DIRECTION ( 'NONE',  ( -0.000000000000000000, -1.000000000000000000, -0.000000000000000000 ) ) ;
#33 = VECTOR ( 'NONE', #116, 1000.000000000000000 ) ;
#34 = VERTEX_POINT ( 'NONE', #560 ) ;
#35 = DIRECTION ( 'NONE',  ( 1.000000000000000000, -0.000000000000000000, -0.000000000000000000 ) ) ;
#36 = CARTESIAN_POINT ( 'NONE',  ( -1.600000000000000089, 9.750000000000000000, -1.600000000000000089 ) ) ;
#37 = CARTESIAN_POINT ( 'NONE',  ( -1.100000000000000311, 10.00000000000000000, -2.600000000000000089 ) ) ;
#38 = PRODUCT_DEFINITION_SHAPE ( 'NONE', 'NONE',  #1357 ) ;
#39 = CARTESIAN_POINT ( 'NONE',  ( 1.350000000000000311, 0.000000000000000000, 1.600000000000000089 ) ) ;
#40 = ORIENTED_EDGE ( 'NONE', *, *, #18, .F. ) ;
#41 = VERTEX_POINT ( 'NONE', #1083 ) ;
#42 = LINE ( 'NONE', #1242, #579 ) ;
#43 = EDGE_CURVE ( 'NONE', #1052, #1020, #277, .T. ) ;
#44 = VERTEX_POINT ( 'NONE', #1047 ) ;
#45 = CARTESIAN_POINT ( 'NONE',  ( 0.000000000000000000, 3.250000000000000444, 0.000000000000000000 ) ) ;
#46 = DIRECTION ( 'NONE',  ( -1.000000000000000000, 0.000000000000000000, 0.000000000000000000 ) ) ;
#47 = FACE_OUTER_BOUND ( 'NONE', #381, .T. ) ;
#48 = EDGE_LOOP ( 'NONE', ( #429, #763, #824, #1001 ) ) ;
#49 = ORIENTED_EDGE ( 'NONE', *, *, #1422, .T. ) ;
#50 = ADVANCED_FACE ( 'NONE', ( #924 ), #1585, .T. ) ;
#51 = CARTESIAN_POINT ( 'NONE',  ( -2.600000000000000089, 0.2500000000000002220, -1.100000000000000089 ) ) ;
#52 = DIRECTION ( 'NONE',  ( -1.000000000000000000, -0.000000000000000000, -0.000000000000000000 ) ) ;
#53 = VERTEX_POINT ( 'NONE', #1315 ) ;
#54 = LINE ( 'NONE', #708, #1177 ) ;
#55 = ORIENTED_EDGE ( 'NONE', *, *, #1494, .T. ) ;
#56 = VECTOR ( 'NONE', #344, 1000.000000000000000 ) ;
#57 = AXIS2_PLACEMENT_3D ( 'NONE', #1639, #704, #426 ) ;
#58 = EDGE_CURVE ( 'NONE', #623, #197, #138, .T. ) ;
#59 = CIRCLE ( 'NONE', #1018, 0.4999999999999997780 ) ;
#60 = CARTESIAN_POINT ( 'NONE',  ( 1.600000000000000311, 10.00000000000000000, 1.600000000000000089 ) ) ;
#61 = DIRECTION ( 'NONE',  ( 0.000000000000000000, 0.000000000000000000, 1.000000000000000000 ) ) ;
#62 = CARTESIAN_POINT ( 'NONE',  ( -1.099999999999999423, 0.2500000000000000000, 2.600000000000000089 ) ) ;
#63 = VERTEX_POINT ( 'NONE', #10 ) ;
#64 = DIRECTION ( 'NONE',  ( 1.000000000000000000, 0.000000000000000000, 0.000000000000000000 ) ) ;
#65 = PRODUCT_DEFINITION_CONTEXT ( 'detailed design', #1186, 'design' ) ;
#66 = CYLINDRICAL_SURFACE ( 'NONE', #885, 0.2500000000000000000 ) ;
#67 = FACE_OUTER_BOUND ( 'NONE', #166, .T. ) ;
#68 = CARTESIAN_POINT ( 'NONE',  ( -1.600000000000000089, 10.00000000000000000, -1.100000000000000311 ) ) ;
#69 = EDGE_CURVE ( 'NONE', #1040, #1032, #1403, .T. ) ;
#70 = FILL_AREA_STYLE ('',( #234 ) ) ;
#71 = ORIENTED_EDGE ( 'NONE', *, *, #158, .F. ) ;
#72 = DIRECTION ( 'NONE',  ( 0.000000000000000000, 0.000000000000000000, 1.000000000000000000 ) ) ;
#73 = CARTESIAN_POINT ( 'NONE',  ( -1.350000000000000311, 9.750000000000000000, -2.600000000000000089 ) ) ;
#74 = ORIENTED_EDGE ( 'NONE', *, *, #478, .F. ) ;
#75 = CARTESIAN_POINT ( 'NONE',  ( 2.600000000000000089, 9.750000000000000000, -1.099999999999999867 ) ) ;
#76 = DIRECTION ( 'NONE',  ( -0.000000000000000000, -1.000000000000000000, -0.000000000000000000 ) ) ;
#77 = EDGE_CURVE ( 'NONE', #340, #1346, #273, .T. ) ;
#78 = ORIENTED_EDGE ( 'NONE', *, *, #123, .F. ) ;
#79 = CARTESIAN_POINT ( 'NONE',  ( 0.000000000000000000, 9.750000000000000000, 3.500000000000000000 ) ) ;
#80 = AXIS2_PLACEMENT_3D ( 'NONE', #286, #1325, #811 ) ;
#81 = COLOUR_RGB ( '',0.7921568627450980005, 0.8196078431372548767, 0.9333333333333333481 ) ;
#82 = DIRECTION ( 'NONE',  ( 0.000000000000000000, 1.000000000000000000, 0.000000000000000000 ) ) ;
#83 = VECTOR ( 'NONE', #295, 1000.000000000000000 ) ;
#84 = VECTOR ( 'NONE', #427, 1000.000000000000000 ) ;
#85 = ORIENTED_EDGE ( 'NONE', *, *, #828, .F. ) ;
#86 = DIRECTION ( 'NONE',  ( 0.000000000000000000, 1.000000000000000000, 0.000000000000000000 ) ) ;
#87 = CARTESIAN_POINT ( 'NONE',  ( -1.100000000000000311, 10.00000000000000000, -1.600000000000000089 ) ) ;
#88 =( NAMED_UNIT ( * ) SI_UNIT ( $, .STERADIAN. ) SOLID_ANGLE_UNIT ( ) );
#89 = EDGE_CURVE ( 'NONE', #290, #513, #521, .T. ) ;
#90 = ORIENTED_EDGE ( 'NONE', *, *, #1419, .F. ) ;
#91 = FACE_OUTER_BOUND ( 'NONE', #686, .T. ) ;
#92 = ADVANCED_FACE ( 'NONE', ( #67 ), #993, .T. ) ;
#93 = CARTESIAN_POINT ( 'NONE',  ( -1.349999999999999201, 10.00000000000000000, 2.850000000000000089 ) ) ;
#94 = ORIENTED_EDGE ( 'NONE', *, *, #727, .T. ) ;
#95 = DIRECTION ( 'NONE',  ( 1.000000000000000000, 0.000000000000000000, -0.000000000000000000 ) ) ;
#96 = DIRECTION ( 'NONE',  ( 1.000000000000000000, -0.000000000000000000, 2.168404344971009361E-16 ) ) ;
#97 = DIRECTION ( 'NONE',  ( 0.000000000000000000, 0.000000000000000000, 1.000000000000000000 ) ) ;
#98 = VERTEX_POINT ( 'NONE', #1536 ) ;
#99 = EDGE_CURVE ( 'NONE', #385, #395, #464, .T. ) ;
#100 = CYLINDRICAL_SURFACE ( 'NONE', #272, 0.2500000000000000000 ) ;
#101 = DIRECTION ( 'NONE',  ( -0.000000000000000000, -1.000000000000000000, -0.000000000000000000 ) ) ;
#102 = ORIENTED_EDGE ( 'NONE', *, *, #89, .T. ) ;
#103 = CARTESIAN_POINT ( 'NONE',  ( -1.600000000000000089, 10.00000000000000000, -1.350000000000000089 ) ) ;
#104 = DIRECTION ( 'NONE',  ( -0.000000000000000000, -1.000000000000000000, -0.000000000000000000 ) ) ;
#105 = PRESENTATION_STYLE_ASSIGNMENT (( #1283 ) ) ;
#106 = ORIENTED_EDGE ( 'NONE', *, *, #648, .T. ) ;
#107 = CYLINDRICAL_SURFACE ( 'NONE', #341, 0.2500000000000002220 ) ;
#108 = AXIS2_PLACEMENT_3D ( 'NONE', #1483, #435, #541 ) ;
#109 = DIRECTION ( 'NONE',  ( 0.000000000000000000, 0.000000000000000000, -1.000000000000000000 ) ) ;
#110 = EDGE_CURVE ( 'NONE', #706, #874, #1261, .T. ) ;
#111 = ORIENTED_EDGE ( 'NONE', *, *, #1161, .T. ) ;
#112 = CARTESIAN_POINT ( 'NONE',  ( 1.600000000000000311, 9.750000000000000000, 1.600000000000000089 ) ) ;
#113 = FACE_OUTER_BOUND ( 'NONE', #212, .T. ) ;
#114 = STYLED_ITEM ( 'NONE', ( #105 ), #827 ) ;
#115 = VECTOR ( 'NONE', #343, 1000.000000000000000 ) ;
#116 = DIRECTION ( 'NONE',  ( -1.971276677246371519E-16, 0.000000000000000000, -1.000000000000000000 ) ) ;
#117 = CIRCLE ( 'NONE', #1298, 3.250000000000000444 ) ;
#118 = ORIENTED_EDGE ( 'NONE', *, *, #191, .F. ) ;
#119 = ORIENTED_EDGE ( 'NONE', *, *, #43, .T. ) ;
#120 = CARTESIAN_POINT ( 'NONE',  ( 1.600000000000000089, 9.750000000000000000, -1.600000000000000089 ) ) ;
#121 = CARTESIAN_POINT ( 'NONE',  ( 1.349999999999999867, 10.00000000000000000, -2.850000000000000089 ) ) ;
#122 = ORIENTED_EDGE ( 'NONE', *, *, #1035, .F. ) ;
#123 = EDGE_CURVE ( 'NONE', #44, #556, #225, .T. ) ;
#124 = DIRECTION ( 'NONE',  ( 0.000000000000000000, 0.000000000000000000, -1.000000000000000000 ) ) ;
#125 = DIRECTION ( 'NONE',  ( 0.000000000000000000, 0.000000000000000000, 1.000000000000000000 ) ) ;
#126 = DIRECTION ( 'NONE',  ( -0.000000000000000000, 1.000000000000000000, -0.000000000000000000 ) ) ;
#127 = EDGE_CURVE ( 'NONE', #677, #706, #202, .T. ) ;
#128 = VERTEX_POINT ( 'NONE', #1121 ) ;
#129 = FACE_BOUND ( 'NONE', #1301, .T. ) ;
#130 = CARTESIAN_POINT ( 'NONE',  ( 1.600000000000000089, 10.00000000000000000, -1.600000000000000089 ) ) ;
#131 = ORIENTED_EDGE ( 'NONE', *, *, #656, .F. ) ;
#132 = DIRECTION ( 'NONE',  ( 1.000000000000000000, 0.000000000000000000, 2.168404344971009361E-16 ) ) ;
#133 = CARTESIAN_POINT ( 'NONE',  ( 2.600000000000000533, 0.2500000000000000000, 1.100000000000000311 ) ) ;
#134 = CARTESIAN_POINT ( 'NONE',  ( -1.600000000000000089, 0.2500000000000002220, -1.600000000000000089 ) ) ;
#135 = ADVANCED_FACE ( 'NONE', ( #216 ), #751, .T. ) ;
#136 = ORIENTED_EDGE ( 'NONE', *, *, #418, .F. ) ;
#137 = PLANE ( 'NONE',  #1690 ) ;
#138 = LINE ( 'NONE', #1181, #1292 ) ;
#139 = FACE_OUTER_BOUND ( 'NONE', #958, .T. ) ;
#140 = FACE_OUTER_BOUND ( 'NONE', #1086, .T. ) ;
#141 = AXIS2_PLACEMENT_3D ( 'NONE', #411, #1054, #1460 ) ;
#142 = CARTESIAN_POINT ( 'NONE',  ( -1.350000000000000311, 10.00000000000000000, -2.850000000000000089 ) ) ;
#143 = AXIS2_PLACEMENT_3D ( 'NONE', #1044, #634, #109 ) ;
#144 = VECTOR ( 'NONE', #693, 1000.000000000000000 ) ;
#145 = EDGE_LOOP ( 'NONE', ( #793, #1007, #833, #282 ) ) ;
#146 = ADVANCED_FACE ( 'NONE', ( #342 ), #193, .T. ) ;
#147 = CARTESIAN_POINT ( 'NONE',  ( 1.100000000000000311, 0.2500000000000002220, 2.600000000000000089 ) ) ;
#148 = AXIS2_PLACEMENT_3D ( 'NONE', #905, #239, #779 ) ;
#149 = EDGE_CURVE ( 'NONE', #357, #1243, #1645, .T. ) ;
#150 = EDGE_CURVE ( 'NONE', #590, #163, #1386, .T. ) ;
#151 = CARTESIAN_POINT ( 'NONE',  ( 1.349999999999999867, 0.000000000000000000, -2.600000000000000089 ) ) ;
#152 = DIRECTION ( 'NONE',  ( 0.000000000000000000, 0.000000000000000000, -1.000000000000000000 ) ) ;
#153 = CYLINDRICAL_SURFACE ( 'NONE', #1634, 0.2500000000000000000 ) ;
#154 =( BOUNDED_CURVE ( )  B_SPLINE_CURVE ( 3, ( #19, #770, #1588, #1600 ),
 .UNSPECIFIED., .F., .T. ) 
 B_SPLINE_CURVE_WITH_KNOTS ( ( 4, 4 ),
 ( 1.570796326794896558, 3.141592653589793116 ),
 .UNSPECIFIED. ) 
 CURVE ( )  GEOMETRIC_REPRESENTATION_ITEM ( )  RATIONAL_B_SPLINE_CURVE ( ( 1.000000000000000000, 0.8047378541243649375, 0.8047378541243649375, 1.000000000000000000 ) ) 
 REPRESENTATION_ITEM ( '' )  );
#155 = LINE ( 'NONE', #673, #1638 ) ;
#156 = ORIENTED_EDGE ( 'NONE', *, *, #430, .F. ) ;
#157 = FACE_OUTER_BOUND ( 'NONE', #1171, .T. ) ;
#158 = EDGE_CURVE ( 'NONE', #534, #1273, #549, .T. ) ;
#159 = ORIENTED_EDGE ( 'NONE', *, *, #451, .F. ) ;
#160 = CARTESIAN_POINT ( 'NONE',  ( -1.599999999999999867, 9.750000000000000000, 1.100000000000000311 ) ) ;
#161 =( BOUNDED_CURVE ( )  B_SPLINE_CURVE ( 3, ( #274, #179, #698, #407 ),
 .UNSPECIFIED., .F., .F. ) 
 B_SPLINE_CURVE_WITH_KNOTS ( ( 4, 4 ),
 ( 1.570796326794896558, 3.141592653589794004 ),
 .UNSPECIFIED. ) 
 CURVE ( )  GEOMETRIC_REPRESENTATION_ITEM ( )  RATIONAL_B_SPLINE_CURVE ( ( 1.000000000000000000, 0.8047378541243648264, 0.8047378541243648264, 1.000000000000000000 ) ) 
 REPRESENTATION_ITEM ( '' )  );
#162 = LINE ( 'NONE', #296, #144 ) ;
#163 = VERTEX_POINT ( 'NONE', #1247 ) ;
#164 = ORIENTED_EDGE ( 'NONE', *, *, #452, .F. ) ;
#165 = FACE_OUTER_BOUND ( 'NONE', #1203, .T. ) ;
#166 = EDGE_LOOP ( 'NONE', ( #1277, #1036, #1321, #229 ) ) ;
#167 = ORIENTED_EDGE ( 'NONE', *, *, #1161, .F. ) ;
#168 = DIRECTION ( 'NONE',  ( 1.000000000000000000, 0.000000000000000000, 0.000000000000000000 ) ) ;
#169 = DIRECTION ( 'NONE',  ( -1.000000000000000000, 0.000000000000000000, 0.000000000000000000 ) ) ;
#170 = VECTOR ( 'NONE', #670, 1000.000000000000000 ) ;
#171 = ADVANCED_FACE ( 'NONE', ( #730 ), #247, .T. ) ;
#172 = AXIS2_PLACEMENT_3D ( 'NONE', #1148, #1268, #360 ) ;
#173 = ORIENTED_EDGE ( 'NONE', *, *, #926, .T. ) ;
#174 = ORIENTED_EDGE ( 'NONE', *, *, #1482, .F. ) ;
#175 = CYLINDRICAL_SURFACE ( 'NONE', #1322, 4.375000000000003553 ) ;
#176 = TOROIDAL_SURFACE ( 'NONE', #855, 0.2500000000000001110, 0.2500000000000000000 ) ;
#177 = ORIENTED_EDGE ( 'NONE', *, *, #892, .T. ) ;
#178 = AXIS2_PLACEMENT_3D ( 'NONE', #36, #856, #1352 ) ;
#179 = CARTESIAN_POINT ( 'NONE',  ( -2.703553390593274042, -8.967268572796504197E-18, -1.203553390593273598 ) ) ;
#180 = CARTESIAN_POINT ( 'NONE',  ( 1.350000000000000311, 0.2500000000000000000, 1.600000000000000089 ) ) ;
#181 = ADVANCED_FACE ( 'NONE', ( #1395 ), #738, .T. ) ;
#182 = TOROIDAL_SURFACE ( 'NONE', #1130, 4.125000000000003553, 0.2500000000000000000 ) ;
#183 = DIRECTION ( 'NONE',  ( 0.000000000000000000, 0.000000000000000000, 1.000000000000000000 ) ) ;
#184 = ORIENTED_EDGE ( 'NONE', *, *, #1286, .F. ) ;
#185 = EDGE_LOOP ( 'NONE', ( #15, #868, #111, #949 ) ) ;
#186 = DIRECTION ( 'NONE',  ( 0.000000000000000000, 0.000000000000000000, 1.000000000000000000 ) ) ;
#187 = CARTESIAN_POINT ( 'NONE',  ( 1.600000000000000089, 0.000000000000000000, -1.600000000000000089 ) ) ;
#188 = LINE ( 'NONE', #832, #6 ) ;
#189 = ORIENTED_EDGE ( 'NONE', *, *, #69, .F. ) ;
#190 = DIRECTION ( 'NONE',  ( 0.000000000000000000, -0.000000000000000000, 1.000000000000000000 ) ) ;
#191 = EDGE_CURVE ( 'NONE', #63, #361, #620, .T. ) ;
#192 = DIRECTION ( 'NONE',  ( -4.336808689942018722E-16, -0.000000000000000000, -1.000000000000000000 ) ) ;
#193 = PLANE ( 'NONE',  #877 ) ;
#194 = CARTESIAN_POINT ( 'NONE',  ( -1.599999999999999867, 0.2500000000000002220, 1.600000000000000089 ) ) ;
#195 = ORIENTED_EDGE ( 'NONE', *, *, #1472, .F. ) ;
#196 = CARTESIAN_POINT ( 'NONE',  ( 1.100000000000000533, 9.896446609406725159, 2.600000000000000533 ) ) ;
#197 = VERTEX_POINT ( 'NONE', #611 ) ;
#198 = VECTOR ( 'NONE', #1619, 1000.000000000000000 ) ;
#199 = VECTOR ( 'NONE', #785, 1000.000000000000000 ) ;
#200 = AXIS2_PLACEMENT_3D ( 'NONE', #822, #947, #681 ) ;
#201 = EDGE_CURVE ( 'NONE', #1674, #323, #575, .T. ) ;
#202 = LINE ( 'NONE', #328, #878 ) ;
#203 = CARTESIAN_POINT ( 'NONE',  ( 2.927345865710863451E-16, 0.2500000000000000000, -1.350000000000000533 ) ) ;
#204 =( LENGTH_UNIT ( ) NAMED_UNIT ( * ) SI_UNIT ( .MILLI., .METRE. ) );
#205 = ORIENTED_EDGE ( 'NONE', *, *, #433, .T. ) ;
#206 = FACE_OUTER_BOUND ( 'NONE', #854, .T. ) ;
#207 = DIRECTION ( 'NONE',  ( 0.000000000000000000, 0.000000000000000000, 1.000000000000000000 ) ) ;
#208 = EDGE_CURVE ( 'NONE', #1707, #1052, #490, .T. ) ;
#209 = EDGE_LOOP ( 'NONE', ( #102, #238, #215, #1389 ) ) ;
#210 = CARTESIAN_POINT ( 'NONE',  ( 1.099999999999999867, 0.2500000000000000000, -2.600000000000000089 ) ) ;
#211 = CARTESIAN_POINT ( 'NONE',  ( 0.000000000000000000, 10.00000000000000000, -2.850000000000000089 ) ) ;
#212 = EDGE_LOOP ( 'NONE', ( #1194, #195, #85, #1539 ) ) ;
#213 = DIRECTION ( 'NONE',  ( 1.971276677246371519E-16, -0.000000000000000000, 1.000000000000000000 ) ) ;
#214 = LINE ( 'NONE', #609, #250 ) ;
#215 = ORIENTED_EDGE ( 'NONE', *, *, #1667, .F. ) ;
#216 = FACE_OUTER_BOUND ( 'NONE', #683, .T. ) ;
#217 = DIRECTION ( 'NONE',  ( -1.000000000000000000, 0.000000000000000000, 0.000000000000000000 ) ) ;
#218 = ADVANCED_FACE ( 'NONE', ( #1368 ), #849, .T. ) ;
#219 = ORIENTED_EDGE ( 'NONE', *, *, #1524, .T. ) ;
#220 = CARTESIAN_POINT ( 'NONE',  ( 0.000000000000000000, 10.00000000000000000, 3.250000000000000444 ) ) ;
#221 = VECTOR ( 'NONE', #431, 1000.000000000000000 ) ;
#222 = CARTESIAN_POINT ( 'NONE',  ( -1.600000000000000089, 10.00000000000000000, -1.600000000000000089 ) ) ;
#223 = CIRCLE ( 'NONE', #1518, 0.2500000000000002220 ) ;
#224 = EDGE_LOOP ( 'NONE', ( #1665, #860, #174, #1165 ) ) ;
#225 = LINE ( 'NONE', #1008, #1633 ) ;
#226 = DIRECTION ( 'NONE',  ( 2.168404344971008868E-16, 0.000000000000000000, -1.000000000000000000 ) ) ;
#227 = EDGE_CURVE ( 'NONE', #1424, #1560, #850, .T. ) ;
#228 = DIRECTION ( 'NONE',  ( 1.000000000000000000, 0.000000000000000000, 0.000000000000000000 ) ) ;
#229 = ORIENTED_EDGE ( 'NONE', *, *, #1023, .T. ) ;
#230 = CARTESIAN_POINT ( 'NONE',  ( 5.051668046482836694E-16, 0.2500000000000002220, -4.125000000000003553 ) ) ;
#231 = EDGE_LOOP ( 'NONE', ( #948, #989, #413, #700 ) ) ;
#232 = DIRECTION ( 'NONE',  ( 0.000000000000000000, 0.000000000000000000, 1.000000000000000000 ) ) ;
#233 = CARTESIAN_POINT ( 'NONE',  ( 0.000000000000000000, 10.00000000000000000, -4.375000000000003553 ) ) ;
#234 = FILL_AREA_STYLE_COLOUR ( '', #81 ) ;
#235 = EDGE_LOOP ( 'NONE', ( #1567, #1358, #1010, #1025 ) ) ;
#236 = CARTESIAN_POINT ( 'NONE',  ( 1.099999999999999867, 0.2500000000000002220, -1.600000000000000089 ) ) ;
#237 = CARTESIAN_POINT ( 'NONE',  ( 1.099999999999999645, 9.896446609406725159, -2.600000000000000533 ) ) ;
#238 = ORIENTED_EDGE ( 'NONE', *, *, #1549, .F. ) ;
#239 = DIRECTION ( 'NONE',  ( -0.000000000000000000, -1.000000000000000000, -0.000000000000000000 ) ) ;
#240 = CARTESIAN_POINT ( 'NONE',  ( -2.599999999999999201, 0.2500000000000002220, 1.100000000000000089 ) ) ;
#241 = CARTESIAN_POINT ( 'NONE',  ( 1.100000000000000311, 10.00000000000000000, 1.600000000000000089 ) ) ;
#242 = ORIENTED_EDGE ( 'NONE', *, *, #1198, .T. ) ;
#243 = CARTESIAN_POINT ( 'NONE',  ( 2.850000000000000089, 0.000000000000000000, -1.349999999999999867 ) ) ;
#244 = EDGE_CURVE ( 'NONE', #529, #929, #1607, .T. ) ;
#245 = CIRCLE ( 'NONE', #1206, 4.125000000000003553 ) ;
#246 = ORIENTED_EDGE ( 'NONE', *, *, #990, .F. ) ;
#247 = TOROIDAL_SURFACE ( 'NONE', #1072, 3.250000000000000444, 0.2500000000000000000 ) ;
#248 = EDGE_CURVE ( 'NONE', #874, #956, #665, .T. ) ;
#249 = CARTESIAN_POINT ( 'NONE',  ( 1.600000000000000311, 0.2500000000000002220, 1.600000000000000089 ) ) ;
#250 = VECTOR ( 'NONE', #766, 1000.000000000000000 ) ;
#251 = PLANE ( 'NONE',  #975 ) ;
#252 = CIRCLE ( 'NONE', #200, 0.2500000000000000000 ) ;
#253 = DIRECTION ( 'NONE',  ( 1.000000000000000000, 0.000000000000000000, 0.000000000000000000 ) ) ;
#254 = ORIENTED_EDGE ( 'NONE', *, *, #781, .F. ) ;
#255 = ORIENTED_EDGE ( 'NONE', *, *, #1572, .F. ) ;
#256 = CARTESIAN_POINT ( 'NONE',  ( -1.100000000000000311, 9.750000000000000000, -2.600000000000000089 ) ) ;
#257 = ORIENTED_EDGE ( 'NONE', *, *, #380, .T. ) ;
#258 = CARTESIAN_POINT ( 'NONE',  ( 0.000000000000000000, 3.500000000000000444, 0.000000000000000000 ) ) ;
#259 = ADVANCED_FACE ( 'NONE', ( #760 ), #1281, .T. ) ;
#260 = DIRECTION ( 'NONE',  ( 0.000000000000000000, 1.000000000000000000, 0.000000000000000000 ) ) ;
#261 = DIRECTION ( 'NONE',  ( -0.000000000000000000, -0.000000000000000000, 1.000000000000000000 ) ) ;
#262 = ORIENTED_EDGE ( 'NONE', *, *, #1498, .F. ) ;
#263 = FACE_BOUND ( 'NONE', #1189, .T. ) ;
#264 = DIRECTION ( 'NONE',  ( -1.000000000000000000, 0.000000000000000000, -2.168404344971010840E-16 ) ) ;
#265 = DIRECTION ( 'NONE',  ( -4.336808689942018722E-16, 0.000000000000000000, -1.000000000000000000 ) ) ;
#266 = DIRECTION ( 'NONE',  ( -1.971276677246371519E-16, 0.000000000000000000, -1.000000000000000000 ) ) ;
#267 = LINE ( 'NONE', #1175, #744 ) ;
#268 = EDGE_LOOP ( 'NONE', ( #333, #1468, #1398, #1487 ) ) ;
#269 = ORIENTED_EDGE ( 'NONE', *, *, #1626, .T. ) ;
#270 = ADVANCED_FACE ( 'NONE', ( #382 ), #508, .T. ) ;
#271 = FACE_OUTER_BOUND ( 'NONE', #941, .T. ) ;
#272 = AXIS2_PLACEMENT_3D ( 'NONE', #1561, #379, #872 ) ;
#273 = LINE ( 'NONE', #151, #170 ) ;
#274 = CARTESIAN_POINT ( 'NONE',  ( -2.850000000000000089, 0.000000000000000000, -1.350000000000000089 ) ) ;
#275 = CARTESIAN_POINT ( 'NONE',  ( -2.599999999999999201, 10.00000000000000000, 1.100000000000000089 ) ) ;
#276 = CIRCLE ( 'NONE', #1264, 4.375000000000003553 ) ;
#277 =( BOUNDED_CURVE ( )  B_SPLINE_CURVE ( 3, ( #1172, #1309, #1709, #1064 ),
 .UNSPECIFIED., .F., .F. ) 
 B_SPLINE_CURVE_WITH_KNOTS ( ( 4, 4 ),
 ( 1.570796326794896558, 3.141592653589794004 ),
 .UNSPECIFIED. ) 
 CURVE ( )  GEOMETRIC_REPRESENTATION_ITEM ( )  RATIONAL_B_SPLINE_CURVE ( ( 1.000000000000000000, 0.8047378541243648264, 0.8047378541243648264, 1.000000000000000000 ) ) 
 REPRESENTATION_ITEM ( '' )  );
#278 = DIRECTION ( 'NONE',  ( -0.000000000000000000, -1.000000000000000000, -0.000000000000000000 ) ) ;
#279 = EDGE_CURVE ( 'NONE', #1069, #128, #1497, .T. ) ;
#280 = AXIS2_PLACEMENT_3D ( 'NONE', #1131, #1669, #1507 ) ;
#281 = AXIS2_PLACEMENT_3D ( 'NONE', #1022, #927, #1557 ) ;
#282 = ORIENTED_EDGE ( 'NONE', *, *, #1232, .T. ) ;
#283 = TOROIDAL_SURFACE ( 'NONE', #1045, 4.125000000000003553, 0.2500000000000000000 ) ;
#284 = CARTESIAN_POINT ( 'NONE',  ( -1.100000000000000311, 9.750000000000000000, -2.600000000000000089 ) ) ;
#285 = ADVANCED_FACE ( 'NONE', ( #515 ), #1, .T. ) ;
#286 = CARTESIAN_POINT ( 'NONE',  ( 5.051668046482836694E-16, 3.250000000000000444, -4.125000000000003553 ) ) ;
#287 = DIRECTION ( 'NONE',  ( 3.942553354492743038E-16, -0.000000000000000000, 1.000000000000000000 ) ) ;
#288 = LINE ( 'NONE', #17, #1270 ) ;
#289 = DIRECTION ( 'NONE',  ( -0.000000000000000000, -1.000000000000000000, -0.000000000000000000 ) ) ;
#290 = VERTEX_POINT ( 'NONE', #1302 ) ;
#291 = EDGE_LOOP ( 'NONE', ( #1143, #318, #1003, #921 ) ) ;
#292 = ORIENTED_EDGE ( 'NONE', *, *, #1067, .F. ) ;
#293 = ORIENTED_EDGE ( 'NONE', *, *, #1582, .T. ) ;
#294 = DIRECTION ( 'NONE',  ( -0.000000000000000000, -1.000000000000000000, -0.000000000000000000 ) ) ;
#295 = DIRECTION ( 'NONE',  ( -0.000000000000000000, -0.000000000000000000, 1.000000000000000000 ) ) ;
#296 = CARTESIAN_POINT ( 'NONE',  ( 0.000000000000000000, 10.00000000000000000, 2.850000000000000089 ) ) ;
#297 = ORIENTED_EDGE ( 'NONE', *, *, #934, .T. ) ;
#298 = ORIENTED_EDGE ( 'NONE', *, *, #845, .T. ) ;
#299 = CARTESIAN_POINT ( 'NONE',  ( -2.849999999999999201, 10.00000000000000000, 1.350000000000000089 ) ) ;
#300 = ORIENTED_EDGE ( 'NONE', *, *, #1652, .F. ) ;
#301 = ADVANCED_FACE ( 'NONE', ( #1021 ), #768, .T. ) ;
#302 = DIRECTION ( 'NONE',  ( -1.000000000000000000, 0.000000000000000000, 0.000000000000000000 ) ) ;
#303 = CARTESIAN_POINT ( 'NONE',  ( 0.000000000000000000, 0.2500000000000002220, 0.000000000000000000 ) ) ;
#304 = AXIS2_PLACEMENT_3D ( 'NONE', #1111, #857, #1113 ) ;
#305 = AXIS2_PLACEMENT_3D ( 'NONE', #540, #386, #1041 ) ;
#306 = ORIENTED_EDGE ( 'NONE', *, *, #651, .T. ) ;
#307 = ORIENTED_EDGE ( 'NONE', *, *, #788, .F. ) ;
#308 = CARTESIAN_POINT ( 'NONE',  ( -2.600000000000000089, 9.750000000000000000, -1.350000000000000089 ) ) ;
#309 = AXIS2_PLACEMENT_3D ( 'NONE', #134, #1160, #511 ) ;
#310 = ORIENTED_EDGE ( 'NONE', *, *, #1265, .F. ) ;
#311 = CARTESIAN_POINT ( 'NONE',  ( 0.000000000000000000, 0.000000000000000000, 0.000000000000000000 ) ) ;
#312 = CIRCLE ( 'NONE', #951, 0.2500000000000000000 ) ;
#313 = CARTESIAN_POINT ( 'NONE',  ( -1.100000000000000311, 0.000000000000000000, -2.850000000000000089 ) ) ;
#314 = DIRECTION ( 'NONE',  ( -0.000000000000000000, -1.000000000000000000, -0.000000000000000000 ) ) ;
#315 = VECTOR ( 'NONE', #302, 1000.000000000000000 ) ;
#316 = ADVANCED_FACE ( 'NONE', ( #1702 ), #1441, .T. ) ;
#317 = DIRECTION ( 'NONE',  ( 1.000000000000000000, -0.000000000000000000, 0.000000000000000000 ) ) ;
#318 = ORIENTED_EDGE ( 'NONE', *, *, #110, .F. ) ;
#319 = CARTESIAN_POINT ( 'NONE',  ( 1.600000000000000311, 0.2500000000000000000, 1.100000000000000089 ) ) ;
#320 = FACE_OUTER_BOUND ( 'NONE', #498, .T. ) ;
#321 = FACE_OUTER_BOUND ( 'NONE', #48, .T. ) ;
#322 = ADVANCED_FACE ( 'NONE', ( #1058 ), #1440, .T. ) ;
#323 = VERTEX_POINT ( 'NONE', #1316 ) ;
#324 = LINE ( 'NONE', #1680, #1293 ) ;
#325 = ORIENTED_EDGE ( 'NONE', *, *, #1688, .F. ) ;
#326 = ADVANCED_FACE ( 'NONE', ( #139 ), #1037, .T. ) ;
#327 = FACE_OUTER_BOUND ( 'NONE', #599, .T. ) ;
#328 = CARTESIAN_POINT ( 'NONE',  ( -1.600000000000000089, 0.2500000000000000000, -1.100000000000000089 ) ) ;
#329 = CARTESIAN_POINT ( 'NONE',  ( -1.350000000000000533, 0.2500000000000000000, 5.854691731421726902E-16 ) ) ;
#330 = VERTEX_POINT ( 'NONE', #103 ) ;
#331 = AXIS2_PLACEMENT_3D ( 'NONE', #358, #1105, #711 ) ;
#332 = LINE ( 'NONE', #982, #445 ) ;
#333 = ORIENTED_EDGE ( 'NONE', *, *, #1599, .T. ) ;
#334 = AXIS2_PLACEMENT_3D ( 'NONE', #813, #1227, #838 ) ;
#335 = EDGE_CURVE ( 'NONE', #590, #1596, #347, .T. ) ;
#336 = PRESENTATION_LAYER_ASSIGNMENT (  '', '', ( #114 ) ) ;
#337 =( BOUNDED_CURVE ( )  B_SPLINE_CURVE ( 3, ( #356, #364, #1006, #93 ),
 .UNSPECIFIED., .F., .F. ) 
 B_SPLINE_CURVE_WITH_KNOTS ( ( 4, 4 ),
 ( 3.141592653589793116, 4.712388980384689674 ),
 .UNSPECIFIED. ) 
 CURVE ( )  GEOMETRIC_REPRESENTATION_ITEM ( )  RATIONAL_B_SPLINE_CURVE ( ( 1.000000000000000000, 0.8047378541243649375, 0.8047378541243649375, 1.000000000000000000 ) ) 
 REPRESENTATION_ITEM ( '' )  );
#338 = AXIS2_PLACEMENT_3D ( 'NONE', #1530, #1509, #612 ) ;
#339 = FACE_OUTER_BOUND ( 'NONE', #1553, .T. ) ;
#340 = VERTEX_POINT ( 'NONE', #1182 ) ;
#341 = AXIS2_PLACEMENT_3D ( 'NONE', #632, #1128, #735 ) ;
#342 = FACE_OUTER_BOUND ( 'NONE', #1215, .T. ) ;
#343 = DIRECTION ( 'NONE',  ( -0.000000000000000000, -1.000000000000000000, -0.000000000000000000 ) ) ;
#344 = DIRECTION ( 'NONE',  ( -0.000000000000000000, -0.000000000000000000, 1.000000000000000000 ) ) ;
#345 = VERTEX_POINT ( 'NONE', #789 ) ;
#346 = FACE_OUTER_BOUND ( 'NONE', #981, .T. ) ;
#347 =( BOUNDED_CURVE ( )  B_SPLINE_CURVE ( 3, ( #11, #653, #1173, #375 ),
 .UNSPECIFIED., .F., .T. ) 
 B_SPLINE_CURVE_WITH_KNOTS ( ( 4, 4 ),
 ( 3.141592653589792228, 4.712388980384689674 ),
 .UNSPECIFIED. ) 
 CURVE ( )  GEOMETRIC_REPRESENTATION_ITEM ( )  RATIONAL_B_SPLINE_CURVE ( ( 1.000000000000000000, 0.8047378541243648264, 0.8047378541243648264, 1.000000000000000000 ) ) 
 REPRESENTATION_ITEM ( '' )  );
#348 = CYLINDRICAL_SURFACE ( 'NONE', #1637, 0.2500000000000000000 ) ;
#349 = ORIENTED_EDGE ( 'NONE', *, *, #1482, .T. ) ;
#350 = DIRECTION ( 'NONE',  ( 0.000000000000000000, 0.000000000000000000, 1.000000000000000000 ) ) ;
#351 = DIRECTION ( 'NONE',  ( -0.000000000000000000, -1.000000000000000000, -0.000000000000000000 ) ) ;
#352 = DIRECTION ( 'NONE',  ( -1.000000000000000000, 0.000000000000000000, 0.000000000000000000 ) ) ;
#353 = ORIENTED_EDGE ( 'NONE', *, *, #433, .F. ) ;
#354 = CARTESIAN_POINT ( 'NONE',  ( 0.000000000000000000, 0.2500000000000002220, -4.375000000000003553 ) ) ;
#355 = EDGE_CURVE ( 'NONE', #556, #677, #898, .T. ) ;
#356 = CARTESIAN_POINT ( 'NONE',  ( -1.099999999999999423, 9.750000000000000000, 2.600000000000000089 ) ) ;
#357 = VERTEX_POINT ( 'NONE', #1048 ) ;
#358 = CARTESIAN_POINT ( 'NONE',  ( 1.100000000000000311, 10.00000000000000000, 1.600000000000000089 ) ) ;
#359 = CARTESIAN_POINT ( 'NONE',  ( -1.099999999999999423, 9.750000000000000000, 2.600000000000000089 ) ) ;
#360 = DIRECTION ( 'NONE',  ( 0.000000000000000000, 0.000000000000000000, -1.000000000000000000 ) ) ;
#361 = VERTEX_POINT ( 'NONE', #443 ) ;
#362 = FACE_OUTER_BOUND ( 'NONE', #268, .T. ) ;
#363 = AXIS2_PLACEMENT_3D ( 'NONE', #1466, #314, #821 ) ;
#364 = CARTESIAN_POINT ( 'NONE',  ( -1.099999999999999201, 9.896446609406725159, 2.599999999999999201 ) ) ;
#365 = VECTOR ( 'NONE', #544, 1000.000000000000000 ) ;
#366 = VECTOR ( 'NONE', #1565, 1000.000000000000000 ) ;
#367 = ORIENTED_EDGE ( 'NONE', *, *, #880, .F. ) ;
#368 = DIRECTION ( 'NONE',  ( 0.000000000000000000, 0.000000000000000000, -1.000000000000000000 ) ) ;
#369 = LINE ( 'NONE', #465, #1516 ) ;
#370 = EDGE_CURVE ( 'NONE', #529, #340, #1272, .T. ) ;
#371 = CARTESIAN_POINT ( 'NONE',  ( -1.599999999999999867, 10.00000000000000000, 1.600000000000000089 ) ) ;
#372 = VERTEX_POINT ( 'NONE', #1190 ) ;
#373 = DIRECTION ( 'NONE',  ( 0.000000000000000000, 0.000000000000000000, 1.000000000000000000 ) ) ;
#374 = ORIENTED_EDGE ( 'NONE', *, *, #9, .F. ) ;
#375 = CARTESIAN_POINT ( 'NONE',  ( -1.350000000000000311, 0.000000000000000000, -2.850000000000000089 ) ) ;
#376 = CARTESIAN_POINT ( 'NONE',  ( -2.600000000000000089, 10.00000000000000000, -1.100000000000000089 ) ) ;
#377 = CARTESIAN_POINT ( 'NONE',  ( 1.350000000000000311, 0.000000000000000000, 1.600000000000000089 ) ) ;
#378 = ORIENTED_EDGE ( 'NONE', *, *, #1056, .F. ) ;
#379 = DIRECTION ( 'NONE',  ( 1.000000000000000000, -0.000000000000000000, 2.168404344971010840E-16 ) ) ;
#380 = EDGE_CURVE ( 'NONE', #1284, #529, #932, .T. ) ;
#381 = EDGE_LOOP ( 'NONE', ( #725, #661, #745, #572 ) ) ;
#382 = FACE_OUTER_BOUND ( 'NONE', #610, .T. ) ;
#383 = CARTESIAN_POINT ( 'NONE',  ( 0.000000000000000000, 9.750000000000000000, 0.000000000000000000 ) ) ;
#384 = ORIENTED_EDGE ( 'NONE', *, *, #532, .T. ) ;
#385 = VERTEX_POINT ( 'NONE', #160 ) ;
#386 = DIRECTION ( 'NONE',  ( -3.942553354492743038E-16, 0.000000000000000000, -1.000000000000000000 ) ) ;
#387 = EDGE_CURVE ( 'NONE', #1032, #1478, #397, .T. ) ;
#388 = EDGE_LOOP ( 'NONE', ( #1449, #1621, #1677, #1412 ) ) ;
#389 = DIRECTION ( 'NONE',  ( -1.000000000000000000, 0.000000000000000000, 0.000000000000000000 ) ) ;
#390 = VECTOR ( 'NONE', #192, 1000.000000000000000 ) ;
#391 = CARTESIAN_POINT ( 'NONE',  ( 1.600000000000000089, 9.750000000000000000, -1.350000000000000089 ) ) ;
#392 = VECTOR ( 'NONE', #1362, 1000.000000000000000 ) ;
#393 = CARTESIAN_POINT ( 'NONE',  ( 2.850000000000000089, 0.000000000000000000, -1.099999999999999867 ) ) ;
#394 = CIRCLE ( 'NONE', #1354, 0.2500000000000002220 ) ;
#395 = VERTEX_POINT ( 'NONE', #820 ) ;
#396 = CARTESIAN_POINT ( 'NONE',  ( 1.099999999999999645, 0.1035533905932739668, -2.600000000000000977 ) ) ;
#397 = CIRCLE ( 'NONE', #1666, 4.125000000000003553 ) ;
#398 = CARTESIAN_POINT ( 'NONE',  ( 5.357829746269674565E-16, 0.2500000000000002220, 4.375000000000003553 ) ) ;
#399 = ADVANCED_FACE ( 'NONE', ( #1075 ), #182, .T. ) ;
#400 = CARTESIAN_POINT ( 'NONE',  ( -1.099999999999999867, 10.00000000000000000, 1.600000000000000089 ) ) ;
#401 = DIRECTION ( 'NONE',  ( 0.000000000000000000, 1.000000000000000000, 0.000000000000000000 ) ) ;
#402 = DIRECTION ( 'NONE',  ( 0.000000000000000000, 0.000000000000000000, 1.000000000000000000 ) ) ;
#403 = CARTESIAN_POINT ( 'NONE',  ( -2.927345865710865916E-16, 10.00000000000000000, 1.350000000000000755 ) ) ;
#404 = ORIENTED_EDGE ( 'NONE', *, *, #1559, .F. ) ;
#405 = CARTESIAN_POINT ( 'NONE',  ( 1.203553390593273376, 8.111191434266471580E-17, -2.703553390593274042 ) ) ;
#406 = ADVANCED_FACE ( 'NONE', ( #687 ), #970, .T. ) ;
#407 = CARTESIAN_POINT ( 'NONE',  ( -2.600000000000000089, 0.2500000000000002220, -1.100000000000000089 ) ) ;
#408 = DIRECTION ( 'NONE',  ( 0.000000000000000000, 0.000000000000000000, 1.000000000000000000 ) ) ;
#409 = CARTESIAN_POINT ( 'NONE',  ( 1.600000000000000089, 9.750000000000000000, -1.100000000000000089 ) ) ;
#410 = ORIENTED_EDGE ( 'NONE', *, *, #1129, .T. ) ;
#411 = CARTESIAN_POINT ( 'NONE',  ( 0.000000000000000000, 10.00000000000000000, 0.000000000000000000 ) ) ;
#412 = SHAPE_DEFINITION_REPRESENTATION ( #38, #1221 ) ;
#413 = ORIENTED_EDGE ( 'NONE', *, *, #1060, .F. ) ;
#414 = PLANE ( 'NONE',  #1694 ) ;
#415 = DIRECTION ( 'NONE',  ( 0.000000000000000000, 1.000000000000000000, 0.000000000000000000 ) ) ;
#416 = CIRCLE ( 'NONE', #1043, 0.2500000000000000000 ) ;
#417 = DIRECTION ( 'NONE',  ( 0.000000000000000000, 0.000000000000000000, 1.000000000000000000 ) ) ;
#418 = EDGE_CURVE ( 'NONE', #1346, #1596, #1084, .T. ) ;
#419 = AXIS2_PLACEMENT_3D ( 'NONE', #794, #1290, #1166 ) ;
#420 = ORIENTED_EDGE ( 'NONE', *, *, #1319, .T. ) ;
#421 = EDGE_LOOP ( 'NONE', ( #1205, #714, #907, #1556 ) ) ;
#422 = CIRCLE ( 'NONE', #1663, 0.4999999999999997780 ) ;
#423 = ORIENTED_EDGE ( 'NONE', *, *, #867, .F. ) ;
#424 = AXIS2_PLACEMENT_3D ( 'NONE', #1399, #1414, #608 ) ;
#425 = DIRECTION ( 'NONE',  ( -0.000000000000000000, -1.000000000000000000, -0.000000000000000000 ) ) ;
#426 = DIRECTION ( 'NONE',  ( 0.000000000000000000, 0.000000000000000000, -1.000000000000000000 ) ) ;
#427 = DIRECTION ( 'NONE',  ( -3.942553354492743038E-16, -0.000000000000000000, -1.000000000000000000 ) ) ;
#428 = ORIENTED_EDGE ( 'NONE', *, *, #558, .F. ) ;
#429 = ORIENTED_EDGE ( 'NONE', *, *, #149, .T. ) ;
#430 = EDGE_CURVE ( 'NONE', #385, #623, #422, .T. ) ;
#431 = DIRECTION ( 'NONE',  ( 0.000000000000000000, -0.000000000000000000, -1.000000000000000000 ) ) ;
#432 = ORIENTED_EDGE ( 'NONE', *, *, #1180, .F. ) ;
#433 = EDGE_CURVE ( 'NONE', #385, #1014, #1381, .T. ) ;
#434 = ADVANCED_FACE ( 'NONE', ( #568 ), #919, .T. ) ;
#435 = DIRECTION ( 'NONE',  ( 0.000000000000000000, 1.000000000000000000, 0.000000000000000000 ) ) ;
#436 = DIRECTION ( 'NONE',  ( 0.000000000000000000, 0.000000000000000000, 1.000000000000000000 ) ) ;
#437 = LINE ( 'NONE', #444, #1413 ) ;
#438 = CARTESIAN_POINT ( 'NONE',  ( 1.600000000000000311, 10.00000000000000000, 1.600000000000000089 ) ) ;
#439 = ORIENTED_EDGE ( 'NONE', *, *, #1226, .F. ) ;
#440 = ORIENTED_EDGE ( 'NONE', *, *, #127, .T. ) ;
#441 = FACE_OUTER_BOUND ( 'NONE', #936, .T. ) ;
#442 = EDGE_CURVE ( 'NONE', #992, #677, #161, .T. ) ;
#443 = CARTESIAN_POINT ( 'NONE',  ( 1.100000000000000311, 0.2500000000000002220, 2.600000000000000089 ) ) ;
#444 = CARTESIAN_POINT ( 'NONE',  ( 1.600000000000000311, 9.750000000000000000, 1.100000000000000089 ) ) ;
#445 = VECTOR ( 'NONE', #1506, 1000.000000000000000 ) ;
#446 = VERTEX_POINT ( 'NONE', #542 ) ;
#447 = ORIENTED_EDGE ( 'NONE', *, *, #478, .T. ) ;
#448 = DIRECTION ( 'NONE',  ( 0.000000000000000000, 1.000000000000000000, 0.000000000000000000 ) ) ;
#449 = VECTOR ( 'NONE', #629, 1000.000000000000000 ) ;
#450 =( BOUNDED_CURVE ( )  B_SPLINE_CURVE ( 3, ( #1339, #652, #1209, #23 ),
 .UNSPECIFIED., .F., .T. ) 
 B_SPLINE_CURVE_WITH_KNOTS ( ( 4, 4 ),
 ( 3.141592653589793116, 4.712388980384689674 ),
 .UNSPECIFIED. ) 
 CURVE ( )  GEOMETRIC_REPRESENTATION_ITEM ( )  RATIONAL_B_SPLINE_CURVE ( ( 1.000000000000000000, 0.8047378541243649375, 0.8047378541243649375, 1.000000000000000000 ) ) 
 REPRESENTATION_ITEM ( '' )  );
#451 = EDGE_CURVE ( 'NONE', #34, #1685, #394, .T. ) ;
#452 = EDGE_CURVE ( 'NONE', #992, #627, #1384, .T. ) ;
#453 = DIRECTION ( 'NONE',  ( -0.000000000000000000, -1.000000000000000000, -0.000000000000000000 ) ) ;
#454 = ADVANCED_FACE ( 'NONE', ( #206 ), #726, .T. ) ;
#455 = ORIENTED_EDGE ( 'NONE', *, *, #1572, .T. ) ;
#456 = DIRECTION ( 'NONE',  ( 0.000000000000000000, 0.000000000000000000, 1.000000000000000000 ) ) ;
#457 = CARTESIAN_POINT ( 'NONE',  ( 1.100000000000000311, 0.2500000000000000000, 2.600000000000000089 ) ) ;
#458 = CARTESIAN_POINT ( 'NONE',  ( -1.349999999999999867, 9.750000000000000000, 1.600000000000000089 ) ) ;
#459 = EDGE_LOOP ( 'NONE', ( #631, #1079, #255, #307 ) ) ;
#460 = FACE_OUTER_BOUND ( 'NONE', #1151, .T. ) ;
#461 = ORIENTED_EDGE ( 'NONE', *, *, #127, .F. ) ;
#462 = UNCERTAINTY_MEASURE_WITH_UNIT (LENGTH_MEASURE( 1.000000000000000082E-05 ), #204, 'distance_accuracy_value', 'NONE');
#463 = DIRECTION ( 'NONE',  ( 0.000000000000000000, 1.000000000000000000, 0.000000000000000000 ) ) ;
#464 = LINE ( 'NONE', #875, #1071 ) ;
#465 = CARTESIAN_POINT ( 'NONE',  ( -1.100000000000000311, 9.750000000000000000, -2.600000000000000089 ) ) ;
#466 = CARTESIAN_POINT ( 'NONE',  ( 0.000000000000000000, 0.000000000000000000, 0.000000000000000000 ) ) ;
#467 = ADVANCED_FACE ( 'NONE', ( #671 ), #414, .T. ) ;
#468 = CIRCLE ( 'NONE', #1576, 0.2500000000000000000 ) ;
#469 = EDGE_LOOP ( 'NONE', ( #1249, #1090, #895, #1613, #1108, #504, #1280, #1120, #298, #410, #1196, #489, #1614, #864, #1535, #1660 ) ) ;
#470 = CIRCLE ( 'NONE', #1463, 4.375000000000003553 ) ;
#471 = VECTOR ( 'NONE', #1651, 1000.000000000000000 ) ;
#472 = FACE_OUTER_BOUND ( 'NONE', #817, .T. ) ;
#473 = CARTESIAN_POINT ( 'NONE',  ( 1.600000000000000089, 0.000000000000000000, -1.350000000000000089 ) ) ;
#474 = ORIENTED_EDGE ( 'NONE', *, *, #1604, .F. ) ;
#475 = DIRECTION ( 'NONE',  ( -1.000000000000000000, 0.000000000000000000, 0.000000000000000000 ) ) ;
#476 = DIRECTION ( 'NONE',  ( 1.224646799147351482E-16, 0.000000000000000000, -1.000000000000000000 ) ) ;
#477 = EDGE_LOOP ( 'NONE', ( #840, #517, #1185, #965 ) ) ;
#478 = EDGE_CURVE ( 'NONE', #694, #1372, #550, .T. ) ;
#479 = CYLINDRICAL_SURFACE ( 'NONE', #1233, 0.4999999999999997780 ) ;
#480 = CARTESIAN_POINT ( 'NONE',  ( 2.850000000000000089, 0.000000000000000000, -1.349999999999999867 ) ) ;
#481 = EDGE_LOOP ( 'NONE', ( #428, #966, #353, #1218 ) ) ;
#482 = CARTESIAN_POINT ( 'NONE',  ( -2.600000000000000089, 10.00000000000000000, -1.100000000000000089 ) ) ;
#483 = CARTESIAN_POINT ( 'NONE',  ( 4.133182947122317660E-16, 10.00000000000000000, -3.250000000000000444 ) ) ;
#484 = CARTESIAN_POINT ( 'NONE',  ( 0.000000000000000000, 3.250000000000000444, 4.125000000000003553 ) ) ;
#485 = ORIENTED_EDGE ( 'NONE', *, *, #651, .F. ) ;
#486 = CYLINDRICAL_SURFACE ( 'NONE', #1635, 4.375000000000003553 ) ;
#487 = LINE ( 'NONE', #617, #390 ) ;
#488 = EDGE_CURVE ( 'NONE', #330, #44, #312, .T. ) ;
#489 = ORIENTED_EDGE ( 'NONE', *, *, #452, .T. ) ;
#490 = LINE ( 'NONE', #1544, #883 ) ;
#491 = DIRECTION ( 'NONE',  ( 1.000000000000000000, -0.000000000000000000, 1.224646799147353207E-16 ) ) ;
#492 = CARTESIAN_POINT ( 'NONE',  ( -1.100000000000000311, 0.2500000000000002220, -1.600000000000000089 ) ) ;
#493 = ORIENTED_EDGE ( 'NONE', *, *, #707, .F. ) ;
#494 = DIRECTION ( 'NONE',  ( -0.000000000000000000, -1.000000000000000000, -0.000000000000000000 ) ) ;
#495 = AXIS2_PLACEMENT_3D ( 'NONE', #577, #679, #1485 ) ;
#496 = AXIS2_PLACEMENT_3D ( 'NONE', #308, #851, #1089 ) ;
#497 = CIRCLE ( 'NONE', #1492, 0.2500000000000000000 ) ;
#498 = EDGE_LOOP ( 'NONE', ( #1442, #136, #884, #1359 ) ) ;
#499 = ADVANCED_FACE ( 'NONE', ( #1118 ), #1159, .T. ) ;
#500 = DIRECTION ( 'NONE',  ( 0.000000000000000000, 0.000000000000000000, -1.000000000000000000 ) ) ;
#501 = DIRECTION ( 'NONE',  ( 0.000000000000000000, 1.000000000000000000, 0.000000000000000000 ) ) ;
#502 = DIRECTION ( 'NONE',  ( 3.942553354492743038E-16, -0.000000000000000000, 1.000000000000000000 ) ) ;
#503 = AXIS2_PLACEMENT_3D ( 'NONE', #1432, #124, #646 ) ;
#504 = ORIENTED_EDGE ( 'NONE', *, *, #1472, .T. ) ;
#505 = CARTESIAN_POINT ( 'NONE',  ( -2.599999999999999201, 9.896446609406725159, 1.100000000000000089 ) ) ;
#506 = LINE ( 'NONE', #1571, #1207 ) ;
#507 = VERTEX_POINT ( 'NONE', #79 ) ;
#508 = PLANE ( 'NONE',  #806 ) ;
#509 = CARTESIAN_POINT ( 'NONE',  ( 1.100000000000000311, 9.750000000000000000, 2.600000000000000089 ) ) ;
#510 =( BOUNDED_CURVE ( )  B_SPLINE_CURVE ( 3, ( #121, #1700, #237, #1287 ),
 .UNSPECIFIED., .F., .F. ) 
 B_SPLINE_CURVE_WITH_KNOTS ( ( 4, 4 ),
 ( 1.570796326794896558, 3.141592653589793116 ),
 .UNSPECIFIED. ) 
 CURVE ( )  GEOMETRIC_REPRESENTATION_ITEM ( )  RATIONAL_B_SPLINE_CURVE ( ( 1.000000000000000000, 0.8047378541243649375, 0.8047378541243649375, 1.000000000000000000 ) ) 
 REPRESENTATION_ITEM ( '' )  );
#511 = DIRECTION ( 'NONE',  ( 0.000000000000000000, 0.000000000000000000, 1.000000000000000000 ) ) ;
#512 = ADVANCED_FACE ( 'NONE', ( #362 ), #107, .T. ) ;
#513 = VERTEX_POINT ( 'NONE', #1532 ) ;
#514 = ORIENTED_EDGE ( 'NONE', *, *, #1012, .T. ) ;
#515 = FACE_OUTER_BOUND ( 'NONE', #967, .T. ) ;
#516 = DIRECTION ( 'NONE',  ( 0.000000000000000000, 0.000000000000000000, 1.000000000000000000 ) ) ;
#517 = ORIENTED_EDGE ( 'NONE', *, *, #77, .F. ) ;
#518 = ORIENTED_EDGE ( 'NONE', *, *, #809, .T. ) ;
#519 = EDGE_CURVE ( 'NONE', #53, #525, #643, .T. ) ;
#520 = DIRECTION ( 'NONE',  ( 0.000000000000000000, -0.000000000000000000, 1.000000000000000000 ) ) ;
#521 = CIRCLE ( 'NONE', #304, 0.2500000000000000000 ) ;
#522 = FACE_OUTER_BOUND ( 'NONE', #1336, .T. ) ;
#523 = EDGE_CURVE ( 'NONE', #395, #771, #1279, .T. ) ;
#524 = VECTOR ( 'NONE', #545, 1000.000000000000000 ) ;
#525 = VERTEX_POINT ( 'NONE', #354 ) ;
#526 = CARTESIAN_POINT ( 'NONE',  ( -2.600000000000000089, 10.00000000000000000, -1.100000000000000089 ) ) ;
#527 = PLANE ( 'NONE',  #1436 ) ;
#528 = AXIS2_PLACEMENT_3D ( 'NONE', #438, #1201, #964 ) ;
#529 = VERTEX_POINT ( 'NONE', #236 ) ;
#530 = ORIENTED_EDGE ( 'NONE', *, *, #839, .F. ) ;
#531 = PLANE ( 'NONE',  #1042 ) ;
#532 = EDGE_CURVE ( 'NONE', #1231, #1040, #1586, .T. ) ;
#533 = AXIS2_PLACEMENT_3D ( 'NONE', #1484, #1493, #72 ) ;
#534 = VERTEX_POINT ( 'NONE', #220 ) ;
#535 = DIRECTION ( 'NONE',  ( -0.000000000000000000, -1.000000000000000000, -0.000000000000000000 ) ) ;
#536 = CARTESIAN_POINT ( 'NONE',  ( -1.600000000000000089, 9.750000000000000000, -1.600000000000000089 ) ) ;
#537 = DIRECTION ( 'NONE',  ( -1.000000000000000000, 0.000000000000000000, -2.168404344971010840E-16 ) ) ;
#538 = ORIENTED_EDGE ( 'NONE', *, *, #691, .F. ) ;
#539 = ORIENTED_EDGE ( 'NONE', *, *, #1419, .T. ) ;
#540 = CARTESIAN_POINT ( 'NONE',  ( -2.849999999999999645, 0.2500000000000000000, 1.123627706030431707E-15 ) ) ;
#541 = DIRECTION ( 'NONE',  ( 0.000000000000000000, 0.000000000000000000, 1.000000000000000000 ) ) ;
#542 = CARTESIAN_POINT ( 'NONE',  ( 1.350000000000000311, 10.00000000000000000, 2.850000000000000089 ) ) ;
#543 = ADVANCED_FACE ( 'NONE', ( #1421 ), #100, .T. ) ;
#544 = DIRECTION ( 'NONE',  ( -1.000000000000000000, 0.000000000000000000, 0.000000000000000000 ) ) ;
#545 = DIRECTION ( 'NONE',  ( 1.000000000000000000, -0.000000000000000000, -0.000000000000000000 ) ) ;
#546 = ORIENTED_EDGE ( 'NONE', *, *, #519, .T. ) ;
#547 = ORIENTED_EDGE ( 'NONE', *, *, #680, .T. ) ;
#548 = VERTEX_POINT ( 'NONE', #757 ) ;
#549 = CIRCLE ( 'NONE', #772, 3.250000000000000444 ) ;
#550 = LINE ( 'NONE', #1610, #1049 ) ;
#551 = LINE ( 'NONE', #37, #198 ) ;
#552 = AXIS2_PLACEMENT_3D ( 'NONE', #1418, #352, #733 ) ;
#553 = CIRCLE ( 'NONE', #172, 0.2500000000000000000 ) ;
#554 = CARTESIAN_POINT ( 'NONE',  ( 2.600000000000000089, 0.2500000000000000000, -1.099999999999999867 ) ) ;
#555 = AXIS2_PLACEMENT_3D ( 'NONE', #1369, #1486, #417 ) ;
#556 = VERTEX_POINT ( 'NONE', #624 ) ;
#557 = ORIENTED_EDGE ( 'NONE', *, *, #1256, .T. ) ;
#558 = EDGE_CURVE ( 'NONE', #729, #799, #1682, .T. ) ;
#559 = CARTESIAN_POINT ( 'NONE',  ( 1.350000000000000311, 10.00000000000000000, 2.850000000000000089 ) ) ;
#560 = CARTESIAN_POINT ( 'NONE',  ( 0.000000000000000000, 0.000000000000000000, 4.125000000000003553 ) ) ;
#561 = CARTESIAN_POINT ( 'NONE',  ( -2.849999999999999201, 0.000000000000000000, 1.100000000000000089 ) ) ;
#562 = DIRECTION ( 'NONE',  ( -0.000000000000000000, -1.000000000000000000, -0.000000000000000000 ) ) ;
#563 = LINE ( 'NONE', #1099, #831 ) ;
#564 = EDGE_LOOP ( 'NONE', ( #547, #7, #685, #1087 ) ) ;
#565 = ORIENTED_EDGE ( 'NONE', *, *, #1373, .F. ) ;
#566 = ADVANCED_FACE ( 'NONE', ( #472 ), #479, .T. ) ;
#567 = ORIENTED_EDGE ( 'NONE', *, *, #1655, .F. ) ;
#568 = FACE_OUTER_BOUND ( 'NONE', #1117, .T. ) ;
#569 = CARTESIAN_POINT ( 'NONE',  ( 0.000000000000000000, 0.2500000000000002220, 0.000000000000000000 ) ) ;
#570 = DIRECTION ( 'NONE',  ( 0.000000000000000000, 0.000000000000000000, 1.000000000000000000 ) ) ;
#571 = VERTEX_POINT ( 'NONE', #243 ) ;
#572 = ORIENTED_EDGE ( 'NONE', *, *, #1524, .F. ) ;
#573 = CARTESIAN_POINT ( 'NONE',  ( 1.349999999999999867, 9.750000000000000000, -1.600000000000000089 ) ) ;
#574 = EDGE_CURVE ( 'NONE', #952, #1284, #1400, .T. ) ;
#575 =( BOUNDED_CURVE ( )  B_SPLINE_CURVE ( 3, ( #75, #1133, #1671, #1508 ),
 .UNSPECIFIED., .F., .F. ) 
 B_SPLINE_CURVE_WITH_KNOTS ( ( 4, 4 ),
 ( 0.000000000000000000, 1.570796326794896558 ),
 .UNSPECIFIED. ) 
 CURVE ( )  GEOMETRIC_REPRESENTATION_ITEM ( )  RATIONAL_B_SPLINE_CURVE ( ( 1.000000000000000000, 0.8047378541243649375, 0.8047378541243649375, 1.000000000000000000 ) ) 
 REPRESENTATION_ITEM ( '' )  );
#576 = ADVANCED_FACE ( 'NONE', ( #91 ), #616, .T. ) ;
#577 = CARTESIAN_POINT ( 'NONE',  ( -1.349999999999999867, 0.2500000000000000000, 1.600000000000000311 ) ) ;
#578 = LINE ( 'NONE', #1612, #886 ) ;
#579 = VECTOR ( 'NONE', #32, 1000.000000000000000 ) ;
#580 = ORIENTED_EDGE ( 'NONE', *, *, #355, .T. ) ;
#581 = DIRECTION ( 'NONE',  ( -4.336808689942018722E-16, 0.000000000000000000, -1.000000000000000000 ) ) ;
#582 = AXIS2_PLACEMENT_3D ( 'NONE', #1013, #1119, #207 ) ;
#583 = PRODUCT_DEFINITION_FORMATION_WITH_SPECIFIED_SOURCE ( 'ANY', '', #1033, .NOT_KNOWN. ) ;
#584 = CIRCLE ( 'NONE', #1100, 0.5000000000000002220 ) ;
#585 = EDGE_CURVE ( 'NONE', #1560, #816, #1668, .T. ) ;
#586 = DIRECTION ( 'NONE',  ( 0.000000000000000000, 0.000000000000000000, 1.000000000000000000 ) ) ;
#587 = ADVANCED_FACE ( 'NONE', ( #346 ), #865, .T. ) ;
#588 = DIRECTION ( 'NONE',  ( 0.000000000000000000, 1.000000000000000000, 0.000000000000000000 ) ) ;
#589 = CARTESIAN_POINT ( 'NONE',  ( 1.100000000000000311, 0.000000000000000000, 2.850000000000000089 ) ) ;
#590 = VERTEX_POINT ( 'NONE', #1138 ) ;
#591 = CARTESIAN_POINT ( 'NONE',  ( 0.000000000000000000, 10.00000000000000000, 0.000000000000000000 ) ) ;
#592 = CARTESIAN_POINT ( 'NONE',  ( 0.000000000000000000, 0.000000000000000000, 0.000000000000000000 ) ) ;
#593 = DIRECTION ( 'NONE',  ( 0.000000000000000000, 0.000000000000000000, 1.000000000000000000 ) ) ;
#594 = LINE ( 'NONE', #1396, #1238 ) ;
#595 = CARTESIAN_POINT ( 'NONE',  ( -2.927345865710860986E-16, 10.00000000000000000, 1.349999999999999645 ) ) ;
#596 = ORIENTED_EDGE ( 'NONE', *, *, #99, .F. ) ;
#597 = CARTESIAN_POINT ( 'NONE',  ( 1.349999999999999867, 0.2500000000000000000, -1.600000000000000089 ) ) ;
#598 = FACE_OUTER_BOUND ( 'NONE', #459, .T. ) ;
#599 = EDGE_LOOP ( 'NONE', ( #177, #306 ) ) ;
#600 = DIRECTION ( 'NONE',  ( 1.000000000000000000, 0.000000000000000000, -3.942553354492743038E-16 ) ) ;
#601 = CARTESIAN_POINT ( 'NONE',  ( 5.357829746269674565E-16, 3.250000000000000444, 4.375000000000003553 ) ) ;
#602 = ADVANCED_FACE ( 'NONE', ( #1675 ), #486, .T. ) ;
#603 = CARTESIAN_POINT ( 'NONE',  ( 2.600000000000000533, 0.2500000000000002220, 1.100000000000000311 ) ) ;
#604 = CIRCLE ( 'NONE', #1546, 0.2500000000000000000 ) ;
#605 = ORIENTED_EDGE ( 'NONE', *, *, #776, .F. ) ;
#606 = ADVANCED_FACE ( 'NONE', ( #1438 ), #531, .T. ) ;
#607 = VECTOR ( 'NONE', #537, 1000.000000000000000 ) ;
#608 = DIRECTION ( 'NONE',  ( 0.000000000000000000, 0.000000000000000000, 1.000000000000000000 ) ) ;
#609 = CARTESIAN_POINT ( 'NONE',  ( 2.600000000000000533, 0.000000000000000000, 1.350000000000000311 ) ) ;
#610 = EDGE_LOOP ( 'NONE', ( #636, #871, #605, #815 ) ) ;
#611 = CARTESIAN_POINT ( 'NONE',  ( -1.099999999999999867, 0.2500000000000002220, 1.600000000000000089 ) ) ;
#612 = DIRECTION ( 'NONE',  ( 1.971276677246371519E-16, 0.000000000000000000, 1.000000000000000000 ) ) ;
#613 = DIRECTION ( 'NONE',  ( -1.000000000000000000, 0.000000000000000000, -2.168404344971008868E-16 ) ) ;
#614 = ORIENTED_EDGE ( 'NONE', *, *, #523, .T. ) ;
#615 = ADVANCED_FACE ( 'NONE', ( #157, #129 ), #137, .T. ) ;
#616 = CYLINDRICAL_SURFACE ( 'NONE', #713, 0.2500000000000000000 ) ;
#617 = CARTESIAN_POINT ( 'NONE',  ( -1.099999999999999867, 0.2500000000000000000, 1.600000000000000089 ) ) ;
#618 =( BOUNDED_CURVE ( )  B_SPLINE_CURVE ( 3, ( #603, #879, #1664, #1410 ),
 .UNSPECIFIED., .F., .T. ) 
 B_SPLINE_CURVE_WITH_KNOTS ( ( 4, 4 ),
 ( 3.141592653589792228, 4.712388980384689674 ),
 .UNSPECIFIED. ) 
 CURVE ( )  GEOMETRIC_REPRESENTATION_ITEM ( )  RATIONAL_B_SPLINE_CURVE ( ( 1.000000000000000000, 0.8047378541243648264, 0.8047378541243648264, 1.000000000000000000 ) ) 
 REPRESENTATION_ITEM ( '' )  );
#619 = ORIENTED_EDGE ( 'NONE', *, *, #979, .T. ) ;
#620 = LINE ( 'NONE', #457, #662 ) ;
#621 = DIRECTION ( 'NONE',  ( -1.000000000000000000, 0.000000000000000000, 4.336808689942017736E-16 ) ) ;
#622 =( NAMED_UNIT ( * ) PLANE_ANGLE_UNIT ( ) SI_UNIT ( $, .RADIAN. ) );
#623 = VERTEX_POINT ( 'NONE', #22 ) ;
#624 = CARTESIAN_POINT ( 'NONE',  ( -2.600000000000000089, 9.750000000000000000, -1.100000000000000089 ) ) ;
#625 = DIRECTION ( 'NONE',  ( 0.000000000000000000, 0.000000000000000000, -1.000000000000000000 ) ) ;
#626 = ADVANCED_FACE ( 'NONE', ( #271 ), #1569, .T. ) ;
#627 = VERTEX_POINT ( 'NONE', #676 ) ;
#628 = DIRECTION ( 'NONE',  ( 0.000000000000000000, 1.000000000000000000, 0.000000000000000000 ) ) ;
#629 = DIRECTION ( 'NONE',  ( 0.000000000000000000, 0.000000000000000000, -1.000000000000000000 ) ) ;
#630 =( BOUNDED_CURVE ( )  B_SPLINE_CURVE ( 3, ( #1167, #790, #1703, #240 ),
 .UNSPECIFIED., .F., .T. ) 
 B_SPLINE_CURVE_WITH_KNOTS ( ( 4, 4 ),
 ( 1.570796326794896558, 3.141592653589794004 ),
 .UNSPECIFIED. ) 
 CURVE ( )  GEOMETRIC_REPRESENTATION_ITEM ( )  RATIONAL_B_SPLINE_CURVE ( ( 1.000000000000000000, 0.8047378541243648264, 0.8047378541243648264, 1.000000000000000000 ) ) 
 REPRESENTATION_ITEM ( '' )  );
#631 = ORIENTED_EDGE ( 'NONE', *, *, #1422, .F. ) ;
#632 = CARTESIAN_POINT ( 'NONE',  ( -1.099999999999999423, 9.750000000000000000, 2.850000000000000089 ) ) ;
#633 = MECHANICAL_DESIGN_GEOMETRIC_PRESENTATION_REPRESENTATION (  '', ( #114 ), #1294 ) ;
#634 = DIRECTION ( 'NONE',  ( 1.000000000000000000, -0.000000000000000000, 0.000000000000000000 ) ) ;
#635 = TOROIDAL_SURFACE ( 'NONE', #1691, 0.2499999999999998890, 0.2500000000000000000 ) ;
#636 = ORIENTED_EDGE ( 'NONE', *, *, #691, .T. ) ;
#637 = DIRECTION ( 'NONE',  ( 0.000000000000000000, 0.000000000000000000, 1.000000000000000000 ) ) ;
#638 = ADVANCED_FACE ( 'NONE', ( #658, #263 ), #1708, .T. ) ;
#639 = CARTESIAN_POINT ( 'NONE',  ( 2.850000000000000089, 9.750000000000000000, -1.099999999999999867 ) ) ;
#640 = CARTESIAN_POINT ( 'NONE',  ( 1.600000000000000311, 0.2500000000000000000, 1.350000000000000089 ) ) ;
#641 = VERTEX_POINT ( 'NONE', #284 ) ;
#642 = ORIENTED_EDGE ( 'NONE', *, *, #1355, .T. ) ;
#643 = CIRCLE ( 'NONE', #1300, 0.2500000000000002220 ) ;
#644 = CARTESIAN_POINT ( 'NONE',  ( 2.600000000000000089, 0.2500000000000002220, -1.099999999999999867 ) ) ;
#645 = EDGE_LOOP ( 'NONE', ( #846, #1701, #1647, #242 ) ) ;
#646 = DIRECTION ( 'NONE',  ( -1.000000000000000000, 0.000000000000000000, 0.000000000000000000 ) ) ;
#647 = EDGE_CURVE ( 'NONE', #163, #1346, #753, .T. ) ;
#648 = EDGE_CURVE ( 'NONE', #1617, #361, #1570, .T. ) ;
#649 = ORIENTED_EDGE ( 'NONE', *, *, #839, .T. ) ;
#650 = ORIENTED_EDGE ( 'NONE', *, *, #1137, .F. ) ;
#651 = EDGE_CURVE ( 'NONE', #53, #34, #940, .T. ) ;
#652 = CARTESIAN_POINT ( 'NONE',  ( 2.600000000000000533, 9.896446609406725159, 1.100000000000000089 ) ) ;
#653 = CARTESIAN_POINT ( 'NONE',  ( -1.100000000000000089, 0.1035533905932739668, -2.600000000000000977 ) ) ;
#654 = FACE_OUTER_BOUND ( 'NONE', #1402, .T. ) ;
#655 = CARTESIAN_POINT ( 'NONE',  ( -1.099999999999999423, 0.2500000000000002220, 2.600000000000000089 ) ) ;
#656 = EDGE_CURVE ( 'NONE', #641, #372, #910, .T. ) ;
#657 = ORIENTED_EDGE ( 'NONE', *, *, #867, .T. ) ;
#658 = FACE_OUTER_BOUND ( 'NONE', #1094, .T. ) ;
#659 =( LENGTH_UNIT ( ) NAMED_UNIT ( * ) SI_UNIT ( .MILLI., .METRE. ) );
#660 = CIRCLE ( 'NONE', #1376, 0.2500000000000002220 ) ;
#661 = ORIENTED_EDGE ( 'NONE', *, *, #892, .F. ) ;
#662 = VECTOR ( 'NONE', #1141, 1000.000000000000000 ) ;
#663 = DIRECTION ( 'NONE',  ( 1.000000000000000000, -0.000000000000000000, 2.168404344971008868E-16 ) ) ;
#664 = VECTOR ( 'NONE', #104, 1000.000000000000000 ) ;
#665 = CIRCLE ( 'NONE', #419, 0.2500000000000000000 ) ;
#666 = ORIENTED_EDGE ( 'NONE', *, *, #123, .T. ) ;
#667 = AXIS2_PLACEMENT_3D ( 'NONE', #1574, #1157, #389 ) ;
#668 = AXIS2_PLACEMENT_3D ( 'NONE', #597, #436, #168 ) ;
#669 = ADVANCED_FACE ( 'NONE', ( #1307 ), #1490, .T. ) ;
#670 = DIRECTION ( 'NONE',  ( 0.000000000000000000, 0.000000000000000000, -1.000000000000000000 ) ) ;
#671 = FACE_OUTER_BOUND ( 'NONE', #231, .T. ) ;
#672 = LINE ( 'NONE', #1503, #365 ) ;
#673 = CARTESIAN_POINT ( 'NONE',  ( 1.350000000000000311, 10.00000000000000000, 0.000000000000000000 ) ) ;
#674 = ORIENTED_EDGE ( 'NONE', *, *, #532, .F. ) ;
#675 = VERTEX_POINT ( 'NONE', #1581 ) ;
#676 = CARTESIAN_POINT ( 'NONE',  ( -2.849999999999999201, 0.000000000000000000, 1.350000000000000089 ) ) ;
#677 = VERTEX_POINT ( 'NONE', #51 ) ;
#678 = CARTESIAN_POINT ( 'NONE',  ( -1.599999999999999867, 9.750000000000000000, 1.600000000000000089 ) ) ;
#679 = DIRECTION ( 'NONE',  ( 8.673617379884035472E-16, 0.000000000000000000, 1.000000000000000000 ) ) ;
#680 = EDGE_CURVE ( 'NONE', #1415, #446, #1388, .T. ) ;
#681 = DIRECTION ( 'NONE',  ( 0.000000000000000000, 0.000000000000000000, 1.000000000000000000 ) ) ;
#682 = ORIENTED_EDGE ( 'NONE', *, *, #1107, .T. ) ;
#683 = EDGE_LOOP ( 'NONE', ( #1630, #55, #798, #1017 ) ) ;
#684 = LINE ( 'NONE', #1109, #1657 ) ;
#685 = ORIENTED_EDGE ( 'NONE', *, *, #89, .F. ) ;
#686 = EDGE_LOOP ( 'NONE', ( #955, #300, #1364, #1027 ) ) ;
#687 = FACE_OUTER_BOUND ( 'NONE', #826, .T. ) ;
#688 = CARTESIAN_POINT ( 'NONE',  ( 1.600000000000000089, 9.750000000000000000, -1.100000000000000089 ) ) ;
#689 = AXIS2_PLACEMENT_3D ( 'NONE', #1204, #715, #1347 ) ;
#690 =( GEOMETRIC_REPRESENTATION_CONTEXT ( 3 ) GLOBAL_UNCERTAINTY_ASSIGNED_CONTEXT ( ( #1391 ) ) GLOBAL_UNIT_ASSIGNED_CONTEXT ( ( #659, #1308, #1055 ) ) REPRESENTATION_CONTEXT ( 'NONE', 'WORKASPACE' ) );
#691 = EDGE_CURVE ( 'NONE', #952, #929, #42, .T. ) ;
#692 = CIRCLE ( 'NONE', #775, 0.2500000000000000000 ) ;
#693 = DIRECTION ( 'NONE',  ( -1.000000000000000000, 0.000000000000000000, -0.000000000000000000 ) ) ;
#694 = VERTEX_POINT ( 'NONE', #1081 ) ;
#695 = ORIENTED_EDGE ( 'NONE', *, *, #1445, .T. ) ;
#696 = FACE_OUTER_BOUND ( 'NONE', #1383, .T. ) ;
#697 = VECTOR ( 'NONE', #535, 1000.000000000000000 ) ;
#698 = CARTESIAN_POINT ( 'NONE',  ( -2.600000000000000977, 0.1035533905932738835, -1.099999999999999867 ) ) ;
#699 = EDGE_CURVE ( 'NONE', #976, #1284, #604, .T. ) ;
#700 = ORIENTED_EDGE ( 'NONE', *, *, #1289, .T. ) ;
#701 = ORIENTED_EDGE ( 'NONE', *, *, #1212, .F. ) ;
#702 = CARTESIAN_POINT ( 'NONE',  ( -1.599999999999999867, 9.750000000000000000, 1.600000000000000089 ) ) ;
#703 = ADVANCED_FACE ( 'NONE', ( #165 ), #175, .T. ) ;
#704 = DIRECTION ( 'NONE',  ( 1.000000000000000000, 0.000000000000000000, 0.000000000000000000 ) ) ;
#705 = CARTESIAN_POINT ( 'NONE',  ( 2.850000000000000089, 10.00000000000000000, -5.618138530152159519E-16 ) ) ;
#706 = VERTEX_POINT ( 'NONE', #825 ) ;
#707 = EDGE_CURVE ( 'NONE', #1424, #507, #684, .T. ) ;
#708 = CARTESIAN_POINT ( 'NONE',  ( -1.350000000000000533, 10.00000000000000000, 5.854691731421726902E-16 ) ) ;
#709 = DIRECTION ( 'NONE',  ( 0.000000000000000000, 1.000000000000000000, 0.000000000000000000 ) ) ;
#710 = VECTOR ( 'NONE', #985, 1000.000000000000000 ) ;
#711 = DIRECTION ( 'NONE',  ( 0.000000000000000000, 0.000000000000000000, 1.000000000000000000 ) ) ;
#712 = LINE ( 'NONE', #589, #1267 ) ;
#713 = AXIS2_PLACEMENT_3D ( 'NONE', #887, #1285, #896 ) ;
#714 = ORIENTED_EDGE ( 'NONE', *, *, #523, .F. ) ;
#715 = DIRECTION ( 'NONE',  ( 0.000000000000000000, 1.000000000000000000, 0.000000000000000000 ) ) ;
#716 = VECTOR ( 'NONE', #278, 1000.000000000000000 ) ;
#717 = ORIENTED_EDGE ( 'NONE', *, *, #1286, .T. ) ;
#718 = EDGE_CURVE ( 'NONE', #874, #590, #1648, .T. ) ;
#719 = AXIS2_PLACEMENT_3D ( 'NONE', #764, #773, #373 ) ;
#720 = FACE_OUTER_BOUND ( 'NONE', #21, .T. ) ;
#721 = AXIS2_PLACEMENT_3D ( 'NONE', #802, #1597, #152 ) ;
#722 = CARTESIAN_POINT ( 'NONE',  ( 1.600000000000000311, 10.00000000000000000, 1.100000000000000089 ) ) ;
#723 = CARTESIAN_POINT ( 'NONE',  ( -2.849999999999999645, 10.00000000000000000, 1.123627706030431707E-15 ) ) ;
#724 = SURFACE_SIDE_STYLE ('',( #1016 ) ) ;
#725 = ORIENTED_EDGE ( 'NONE', *, *, #519, .F. ) ;
#726 = CYLINDRICAL_SURFACE ( 'NONE', #721, 0.2500000000000000000 ) ;
#727 = EDGE_CURVE ( 'NONE', #1685, #525, #276, .T. ) ;
#728 = CYLINDRICAL_SURFACE ( 'NONE', #1178, 0.2500000000000002220 ) ;
#729 = VERTEX_POINT ( 'NONE', #299 ) ;
#730 = FACE_OUTER_BOUND ( 'NONE', #185, .T. ) ;
#731 = DIRECTION ( 'NONE',  ( 4.336808689942018722E-16, -0.000000000000000000, 1.000000000000000000 ) ) ;
#732 = ADVANCED_FACE ( 'NONE', ( #696 ), #1150, .T. ) ;
#733 = DIRECTION ( 'NONE',  ( 0.000000000000000000, 0.000000000000000000, 1.000000000000000000 ) ) ;
#734 = EDGE_LOOP ( 'NONE', ( #106, #118, #262, #367 ) ) ;
#735 = DIRECTION ( 'NONE',  ( 0.000000000000000000, 0.000000000000000000, -1.000000000000000000 ) ) ;
#736 = DIRECTION ( 'NONE',  ( 0.000000000000000000, 0.000000000000000000, -1.000000000000000000 ) ) ;
#737 = EDGE_LOOP ( 'NONE', ( #1453, #404, #801, #292 ) ) ;
#738 = PLANE ( 'NONE',  #994 ) ;
#739 = FACE_OUTER_BOUND ( 'NONE', #783, .T. ) ;
#740 = ADVANCED_FACE ( 'NONE', ( #460 ), #977, .T. ) ;
#741 = PRODUCT_RELATED_PRODUCT_CATEGORY ( 'part', '', ( #1033 ) ) ;
#742 = CIRCLE ( 'NONE', #108, 0.2500000000000000000 ) ;
#743 = CARTESIAN_POINT ( 'NONE',  ( 1.349999999999999867, 10.00000000000000000, 0.000000000000000000 ) ) ;
#744 = VECTOR ( 'NONE', #791, 1000.000000000000000 ) ;
#745 = ORIENTED_EDGE ( 'NONE', *, *, #451, .T. ) ;
#746 = CIRCLE ( 'NONE', #1515, 0.2500000000000000000 ) ;
#747 = CIRCLE ( 'NONE', #1324, 0.2500000000000002220 ) ;
#748 = CARTESIAN_POINT ( 'NONE',  ( -2.849999999999999201, 10.00000000000000000, 1.350000000000000089 ) ) ;
#749 = FACE_OUTER_BOUND ( 'NONE', #388, .T. ) ;
#750 = VERTEX_POINT ( 'NONE', #1502 ) ;
#751 = PLANE ( 'NONE',  #1631 ) ;
#752 = DIRECTION ( 'NONE',  ( 1.000000000000000000, -0.000000000000000000, 0.000000000000000000 ) ) ;
#753 =( BOUNDED_CURVE ( )  B_SPLINE_CURVE ( 3, ( #930, #396, #405, #810 ),
 .UNSPECIFIED., .F., .F. ) 
 B_SPLINE_CURVE_WITH_KNOTS ( ( 4, 4 ),
 ( 3.141592653589792228, 4.712388980384689674 ),
 .UNSPECIFIED. ) 
 CURVE ( )  GEOMETRIC_REPRESENTATION_ITEM ( )  RATIONAL_B_SPLINE_CURVE ( ( 1.000000000000000000, 0.8047378541243648264, 0.8047378541243648264, 1.000000000000000000 ) ) 
 REPRESENTATION_ITEM ( '' )  );
#754 = LINE ( 'NONE', #595, #1513 ) ;
#755 = ADVANCED_FACE ( 'NONE', ( #441 ), #1623, .T. ) ;
#756 = EDGE_LOOP ( 'NONE', ( #580, #440, #184, #666 ) ) ;
#757 = CARTESIAN_POINT ( 'NONE',  ( -1.099999999999999423, 9.750000000000000000, 2.600000000000000089 ) ) ;
#758 = EDGE_CURVE ( 'NONE', #1372, #1243, #1225, .T. ) ;
#759 = ORIENTED_EDGE ( 'NONE', *, *, #718, .T. ) ;
#760 = FACE_OUTER_BOUND ( 'NONE', #1473, .T. ) ;
#761 = LINE ( 'NONE', #359, #805 ) ;
#762 = DIRECTION ( 'NONE',  ( 0.000000000000000000, 0.000000000000000000, 1.000000000000000000 ) ) ;
#763 = ORIENTED_EDGE ( 'NONE', *, *, #1035, .T. ) ;
#764 = CARTESIAN_POINT ( 'NONE',  ( 0.000000000000000000, 3.250000000000000444, 0.000000000000000000 ) ) ;
#765 = EDGE_CURVE ( 'NONE', #1146, #1252, #54, .T. ) ;
#766 = DIRECTION ( 'NONE',  ( 1.000000000000000000, -0.000000000000000000, 2.168404344971008868E-16 ) ) ;
#767 = ORIENTED_EDGE ( 'NONE', *, *, #335, .F. ) ;
#768 = CYLINDRICAL_SURFACE ( 'NONE', #667, 0.2500000000000000000 ) ;
#769 = DIRECTION ( 'NONE',  ( 0.000000000000000000, 0.000000000000000000, 1.000000000000000000 ) ) ;
#770 = CARTESIAN_POINT ( 'NONE',  ( -2.703553390593273598, 10.00000000000000000, -1.203553390593273820 ) ) ;
#771 = VERTEX_POINT ( 'NONE', #1511 ) ;
#772 = AXIS2_PLACEMENT_3D ( 'NONE', #1239, #86, #350 ) ;
#773 = DIRECTION ( 'NONE',  ( -0.000000000000000000, -1.000000000000000000, -0.000000000000000000 ) ) ;
#774 = VECTOR ( 'NONE', #1365, 1000.000000000000000 ) ;
#775 = AXIS2_PLACEMENT_3D ( 'NONE', #458, #1662, #848 ) ;
#776 = EDGE_CURVE ( 'NONE', #1674, #1706, #332, .T. ) ;
#777 = AXIS2_PLACEMENT_3D ( 'NONE', #1192, #1434, #253 ) ;
#778 = ORIENTED_EDGE ( 'NONE', *, *, #18, .T. ) ;
#779 = DIRECTION ( 'NONE',  ( 0.000000000000000000, 0.000000000000000000, 1.000000000000000000 ) ) ;
#780 = DIRECTION ( 'NONE',  ( -0.000000000000000000, -1.000000000000000000, -0.000000000000000000 ) ) ;
#781 = EDGE_CURVE ( 'NONE', #675, #937, #324, .T. ) ;
#782 = FACE_OUTER_BOUND ( 'NONE', #477, .T. ) ;
#783 = EDGE_LOOP ( 'NONE', ( #349, #474, #30, #1335 ) ) ;
#784 = ORIENTED_EDGE ( 'NONE', *, *, #585, .T. ) ;
#785 = DIRECTION ( 'NONE',  ( 0.000000000000000000, 0.000000000000000000, 1.000000000000000000 ) ) ;
#786 = CARTESIAN_POINT ( 'NONE',  ( -1.350000000000000311, 9.750000000000000000, -1.600000000000000089 ) ) ;
#787 = ORIENTED_EDGE ( 'NONE', *, *, #809, .F. ) ;
#788 = EDGE_CURVE ( 'NONE', #1231, #1478, #660, .T. ) ;
#789 = CARTESIAN_POINT ( 'NONE',  ( -1.600000000000000089, 0.000000000000000000, -1.350000000000000089 ) ) ;
#790 = CARTESIAN_POINT ( 'NONE',  ( -2.703553390593273598, -8.967268572796504197E-18, 1.203553390593273820 ) ) ;
#791 = DIRECTION ( 'NONE',  ( 1.000000000000000000, -0.000000000000000000, 2.168404344971010840E-16 ) ) ;
#792 = ORIENTED_EDGE ( 'NONE', *, *, #818, .F. ) ;
#793 = ORIENTED_EDGE ( 'NONE', *, *, #1534, .T. ) ;
#794 = CARTESIAN_POINT ( 'NONE',  ( -1.350000000000000311, 0.2500000000000002220, -1.600000000000000089 ) ) ;
#795 = CARTESIAN_POINT ( 'NONE',  ( 2.600000000000000533, 0.2500000000000002220, 1.100000000000000311 ) ) ;
#796 = FACE_OUTER_BOUND ( 'NONE', #291, .T. ) ;
#797 = EDGE_CURVE ( 'NONE', #345, #706, #1098, .T. ) ;
#798 = ORIENTED_EDGE ( 'NONE', *, *, #380, .F. ) ;
#799 = VERTEX_POINT ( 'NONE', #1550 ) ;
#800 = CARTESIAN_POINT ( 'NONE',  ( 1.203553390593273820, 4.524284005147871750E-17, 2.703553390593274042 ) ) ;
#801 = ORIENTED_EDGE ( 'NONE', *, *, #1582, .F. ) ;
#802 = CARTESIAN_POINT ( 'NONE',  ( 0.000000000000000000, 0.2500000000000000000, -1.350000000000000089 ) ) ;
#803 = CIRCLE ( 'NONE', #939, 0.4999999999999997780 ) ;
#804 = DIRECTION ( 'NONE',  ( -1.000000000000000000, 0.000000000000000000, -2.168404344971010840E-16 ) ) ;
#805 = VECTOR ( 'NONE', #752, 1000.000000000000000 ) ;
#806 = AXIS2_PLACEMENT_3D ( 'NONE', #925, #1310, #132 ) ;
#807 = CARTESIAN_POINT ( 'NONE',  ( -2.600000000000000089, 9.750000000000000000, -1.100000000000000089 ) ) ;
#808 = ORIENTED_EDGE ( 'NONE', *, *, #758, .T. ) ;
#809 = EDGE_CURVE ( 'NONE', #1450, #976, #1255, .T. ) ;
#810 = CARTESIAN_POINT ( 'NONE',  ( 1.349999999999999867, 0.000000000000000000, -2.850000000000000089 ) ) ;
#811 = DIRECTION ( 'NONE',  ( 1.224646799147353454E-16, 0.000000000000000000, -1.000000000000000000 ) ) ;
#812 = DIRECTION ( 'NONE',  ( 0.000000000000000000, 0.000000000000000000, 1.000000000000000000 ) ) ;
#813 = CARTESIAN_POINT ( 'NONE',  ( 1.600000000000000089, 9.750000000000000000, -1.350000000000000089 ) ) ;
#814 = DIRECTION ( 'NONE',  ( 1.000000000000000000, -0.000000000000000000, 2.168404344971009361E-16 ) ) ;
#815 = ORIENTED_EDGE ( 'NONE', *, *, #1500, .T. ) ;
#816 = VERTEX_POINT ( 'NONE', #1125 ) ;
#817 = EDGE_LOOP ( 'NONE', ( #1269, #269, #596, #916 ) ) ;
#818 = EDGE_CURVE ( 'NONE', #1372, #41, #618, .T. ) ;
#819 = VERTEX_POINT ( 'NONE', #1538 ) ;
#820 = CARTESIAN_POINT ( 'NONE',  ( -1.599999999999999867, 0.2500000000000002220, 1.100000000000000311 ) ) ;
#821 = DIRECTION ( 'NONE',  ( 0.000000000000000000, 0.000000000000000000, 1.000000000000000000 ) ) ;
#822 = CARTESIAN_POINT ( 'NONE',  ( 1.600000000000000089, 10.00000000000000000, -1.600000000000000089 ) ) ;
#823 = ORIENTED_EDGE ( 'NONE', *, *, #355, .F. ) ;
#824 = ORIENTED_EDGE ( 'NONE', *, *, #962, .F. ) ;
#825 = CARTESIAN_POINT ( 'NONE',  ( -1.600000000000000089, 0.2500000000000002220, -1.100000000000000311 ) ) ;
#826 = EDGE_LOOP ( 'NONE', ( #119, #650, #904, #1562 ) ) ;
#827 = MANIFOLD_SOLID_BREP ( 'Redondeo1', #28 ) ;
#828 = EDGE_CURVE ( 'NONE', #929, #1622, #553, .T. ) ;
#829 = VECTOR ( 'NONE', #1382, 1000.000000000000000 ) ;
#830 = CIRCLE ( 'NONE', #495, 0.2500000000000000000 ) ;
#831 = VECTOR ( 'NONE', #453, 1000.000000000000000 ) ;
#832 = CARTESIAN_POINT ( 'NONE',  ( -1.599999999999999867, 0.000000000000000000, 1.350000000000000311 ) ) ;
#833 = ORIENTED_EDGE ( 'NONE', *, *, #1103, .F. ) ;
#834 = ORIENTED_EDGE ( 'NONE', *, *, #1031, .F. ) ;
#835 = CARTESIAN_POINT ( 'NONE',  ( 0.000000000000000000, 3.500000000000000444, 0.000000000000000000 ) ) ;
#836 = ORIENTED_EDGE ( 'NONE', *, *, #1526, .F. ) ;
#837 = DIRECTION ( 'NONE',  ( 1.000000000000000000, 0.000000000000000000, 0.000000000000000000 ) ) ;
#838 = DIRECTION ( 'NONE',  ( 0.000000000000000000, 0.000000000000000000, 1.000000000000000000 ) ) ;
#839 = EDGE_CURVE ( 'NONE', #819, #98, #754, .T. ) ;
#840 = ORIENTED_EDGE ( 'NONE', *, *, #647, .T. ) ;
#841 = DIRECTION ( 'NONE',  ( 4.336808689942018722E-16, -0.000000000000000000, 1.000000000000000000 ) ) ;
#842 = LINE ( 'NONE', #62, #1409 ) ;
#843 = ORIENTED_EDGE ( 'NONE', *, *, #1429, .T. ) ;
#844 = DIRECTION ( 'NONE',  ( 0.000000000000000000, 0.000000000000000000, 1.000000000000000000 ) ) ;
#845 = EDGE_CURVE ( 'NONE', #1596, #956, #1558, .T. ) ;
#846 = ORIENTED_EDGE ( 'NONE', *, *, #1060, .T. ) ;
#847 = DIRECTION ( 'NONE',  ( 0.000000000000000000, -0.000000000000000000, 1.000000000000000000 ) ) ;
#848 = DIRECTION ( 'NONE',  ( 1.000000000000000000, 0.000000000000000000, 0.000000000000000000 ) ) ;
#849 = TOROIDAL_SURFACE ( 'NONE', #912, 0.2500000000000000000, 0.2500000000000000000 ) ;
#850 = CIRCLE ( 'NONE', #942, 3.500000000000000000 ) ;
#851 = DIRECTION ( 'NONE',  ( -1.000000000000000000, 0.000000000000000000, 0.000000000000000000 ) ) ;
#852 = AXIS2_PLACEMENT_3D ( 'NONE', #311, #1481, #837 ) ;
#853 = AXIS2_PLACEMENT_3D ( 'NONE', #329, #986, #621 ) ;
#854 = EDGE_LOOP ( 'NONE', ( #1528, #461, #1162, #1331 ) ) ;
#855 = AXIS2_PLACEMENT_3D ( 'NONE', #899, #501, #1317 ) ;
#856 = DIRECTION ( 'NONE',  ( 0.000000000000000000, 1.000000000000000000, 0.000000000000000000 ) ) ;
#857 = DIRECTION ( 'NONE',  ( 0.000000000000000000, 0.000000000000000000, -1.000000000000000000 ) ) ;
#858 = ADVANCED_FACE ( 'NONE', ( #1673 ), #1116, .T. ) ;
#859 = CARTESIAN_POINT ( 'NONE',  ( 0.000000000000000000, 3.250000000000000444, 0.000000000000000000 ) ) ;
#860 = ORIENTED_EDGE ( 'NONE', *, *, #1626, .F. ) ;
#861 = DIRECTION ( 'NONE',  ( -0.000000000000000000, -1.000000000000000000, -0.000000000000000000 ) ) ;
#862 = FACE_OUTER_BOUND ( 'NONE', #1595, .T. ) ;
#863 = LINE ( 'NONE', #211, #524 ) ;
#864 = ORIENTED_EDGE ( 'NONE', *, *, #1330, .T. ) ;
#865 = CYLINDRICAL_SURFACE ( 'NONE', #911, 0.2500000000000002220 ) ;
#866 = DIRECTION ( 'NONE',  ( 0.000000000000000000, 0.000000000000000000, 1.000000000000000000 ) ) ;
#867 = EDGE_CURVE ( 'NONE', #1252, #1014, #468, .T. ) ;
#868 = ORIENTED_EDGE ( 'NONE', *, *, #1355, .F. ) ;
#869 = DIRECTION ( 'NONE',  ( 0.000000000000000000, 0.000000000000000000, 1.000000000000000000 ) ) ;
#870 = DIRECTION ( 'NONE',  ( -0.000000000000000000, -1.000000000000000000, -0.000000000000000000 ) ) ;
#871 = ORIENTED_EDGE ( 'NONE', *, *, #1067, .T. ) ;
#872 = DIRECTION ( 'NONE',  ( 0.000000000000000000, 0.000000000000000000, -1.000000000000000000 ) ) ;
#873 = CARTESIAN_POINT ( 'NONE',  ( 2.600000000000000977, 0.1035533905932739390, -1.099999999999999645 ) ) ;
#874 = VERTEX_POINT ( 'NONE', #492 ) ;
#875 = CARTESIAN_POINT ( 'NONE',  ( -1.599999999999999867, 10.00000000000000000, 1.100000000000000311 ) ) ;
#876 = CYLINDRICAL_SURFACE ( 'NONE', #853, 0.2500000000000000000 ) ;
#877 = AXIS2_PLACEMENT_3D ( 'NONE', #482, #600, #1274 ) ;
#878 = VECTOR ( 'NONE', #1002, 1000.000000000000000 ) ;
#879 = CARTESIAN_POINT ( 'NONE',  ( 2.600000000000000977, 0.1035533905932739390, 1.099999999999999867 ) ) ;
#880 = EDGE_CURVE ( 'NONE', #1617, #1069, #1024, .T. ) ;
#881 = VECTOR ( 'NONE', #1191, 1000.000000000000000 ) ;
#882 = VECTOR ( 'NONE', #1297, 1000.000000000000000 ) ;
#883 = VECTOR ( 'NONE', #841, 1000.000000000000000 ) ;
#884 = ORIENTED_EDGE ( 'NONE', *, *, #647, .F. ) ;
#885 = AXIS2_PLACEMENT_3D ( 'NONE', #1251, #1644, #983 ) ;
#886 = VECTOR ( 'NONE', #1628, 1000.000000000000000 ) ;
#887 = CARTESIAN_POINT ( 'NONE',  ( -2.927345865710860986E-16, 0.2500000000000000000, 1.349999999999999645 ) ) ;
#888 = CARTESIAN_POINT ( 'NONE',  ( 1.350000000000000311, 0.000000000000000000, 2.850000000000000089 ) ) ;
#889 = ORIENTED_EDGE ( 'NONE', *, *, #845, .F. ) ;
#890 = DIRECTION ( 'NONE',  ( 0.000000000000000000, 1.000000000000000000, 0.000000000000000000 ) ) ;
#891 = CARTESIAN_POINT ( 'NONE',  ( 0.000000000000000000, 3.500000000000000444, 0.000000000000000000 ) ) ;
#892 = EDGE_CURVE ( 'NONE', #34, #53, #245, .T. ) ;
#893 = DIRECTION ( 'NONE',  ( -0.000000000000000000, 0.000000000000000000, -1.000000000000000000 ) ) ;
#894 = EDGE_CURVE ( 'NONE', #937, #1450, #863, .T. ) ;
#895 = ORIENTED_EDGE ( 'NONE', *, *, #1652, .T. ) ;
#896 = DIRECTION ( 'NONE',  ( -2.168404344971008868E-16, 0.000000000000000000, 1.000000000000000000 ) ) ;
#897 = ORIENTED_EDGE ( 'NONE', *, *, #227, .F. ) ;
#898 = LINE ( 'NONE', #526, #697 ) ;
#899 = CARTESIAN_POINT ( 'NONE',  ( 1.600000000000000089, 0.2500000000000002220, -1.600000000000000089 ) ) ;
#900 = LINE ( 'NONE', #1078, #392 ) ;
#901 = ORIENTED_EDGE ( 'NONE', *, *, #1156, .T. ) ;
#902 = CARTESIAN_POINT ( 'NONE',  ( -2.599999999999999201, 9.750000000000000000, 1.100000000000000089 ) ) ;
#903 = DIRECTION ( 'NONE',  ( -1.971276677246371519E-16, 0.000000000000000000, -1.000000000000000000 ) ) ;
#904 = ORIENTED_EDGE ( 'NONE', *, *, #648, .F. ) ;
#905 = CARTESIAN_POINT ( 'NONE',  ( 1.600000000000000311, 0.000000000000000000, 1.600000000000000089 ) ) ;
#906 = CARTESIAN_POINT ( 'NONE',  ( 0.000000000000000000, 10.00000000000000000, 0.000000000000000000 ) ) ;
#907 = ORIENTED_EDGE ( 'NONE', *, *, #1591, .F. ) ;
#908 = ORIENTED_EDGE ( 'NONE', *, *, #26, .F. ) ;
#909 = AXIS2_PLACEMENT_3D ( 'NONE', #400, #1057, #265 ) ;
#910 = LINE ( 'NONE', #256, #199 ) ;
#911 = AXIS2_PLACEMENT_3D ( 'NONE', #1390, #213, #1258 ) ;
#912 = AXIS2_PLACEMENT_3D ( 'NONE', #249, #401, #1028 ) ;
#913 = EDGE_CURVE ( 'NONE', #937, #641, #1163, .T. ) ;
#914 = VECTOR ( 'NONE', #1184, 1000.000000000000000 ) ;
#915 = CARTESIAN_POINT ( 'NONE',  ( -1.349999999999999867, 0.000000000000000000, 1.600000000000000311 ) ) ;
#916 = ORIENTED_EDGE ( 'NONE', *, *, #430, .T. ) ;
#917 = EDGE_CURVE ( 'NONE', #799, #385, #267, .T. ) ;
#918 = DIRECTION ( 'NONE',  ( 1.000000000000000000, 0.000000000000000000, 0.000000000000000000 ) ) ;
#919 = TOROIDAL_SURFACE ( 'NONE', #178, 0.2499999999999998890, 0.2500000000000000000 ) ;
#920 = CYLINDRICAL_SURFACE ( 'NONE', #777, 0.2500000000000000000 ) ;
#921 = ORIENTED_EDGE ( 'NONE', *, *, #1129, .F. ) ;
#922 = CARTESIAN_POINT ( 'NONE',  ( 1.350000000000000311, 0.000000000000000000, 2.850000000000000089 ) ) ;
#923 = FACE_OUTER_BOUND ( 'NONE', #421, .T. ) ;
#924 = FACE_OUTER_BOUND ( 'NONE', #645, .T. ) ;
#925 = CARTESIAN_POINT ( 'NONE',  ( 1.600000000000000089, 10.00000000000000000, -1.100000000000000089 ) ) ;
#926 = EDGE_CURVE ( 'NONE', #1243, #128, #3, .T. ) ;
#927 = DIRECTION ( 'NONE',  ( -0.000000000000000000, -1.000000000000000000, -0.000000000000000000 ) ) ;
#928 = LINE ( 'NONE', #403, #607 ) ;
#929 = VERTEX_POINT ( 'NONE', #1312 ) ;
#930 = CARTESIAN_POINT ( 'NONE',  ( 1.099999999999999867, 0.2500000000000002220, -2.600000000000000089 ) ) ;
#931 = LINE ( 'NONE', #1609, #1234 ) ;
#932 = LINE ( 'NONE', #1618, #1244 ) ;
#933 = DIRECTION ( 'NONE',  ( 1.000000000000000000, 0.000000000000000000, 0.000000000000000000 ) ) ;
#934 = EDGE_CURVE ( 'NONE', #1014, #729, #928, .T. ) ;
#935 = LINE ( 'NONE', #241, #716 ) ;
#936 = EDGE_LOOP ( 'NONE', ( #1699, #1670, #1695, #642 ) ) ;
#937 = VERTEX_POINT ( 'NONE', #142 ) ;
#938 = DIRECTION ( 'NONE',  ( 0.000000000000000000, 1.000000000000000000, 0.000000000000000000 ) ) ;
#939 = AXIS2_PLACEMENT_3D ( 'NONE', #1259, #709, #456 ) ;
#940 = CIRCLE ( 'NONE', #1349, 4.125000000000003553 ) ;
#941 = EDGE_LOOP ( 'NONE', ( #1654, #1439, #960, #164 ) ) ;
#942 = AXIS2_PLACEMENT_3D ( 'NONE', #258, #1425, #637 ) ;
#943 = CARTESIAN_POINT ( 'NONE',  ( -1.099999999999999423, 10.00000000000000000, 2.600000000000000089 ) ) ;
#944 = CARTESIAN_POINT ( 'NONE',  ( 1.349999999999999867, 10.00000000000000000, -2.850000000000000089 ) ) ;
#945 = CIRCLE ( 'NONE', #1077, 3.500000000000000000 ) ;
#946 = AXIS2_PLACEMENT_3D ( 'NONE', #639, #266, #1592 ) ;
#947 = DIRECTION ( 'NONE',  ( 0.000000000000000000, 1.000000000000000000, 0.000000000000000000 ) ) ;
#948 = ORIENTED_EDGE ( 'NONE', *, *, #1278, .T. ) ;
#949 = ORIENTED_EDGE ( 'NONE', *, *, #1397, .F. ) ;
#950 = ADVANCED_FACE ( 'NONE', ( #1061 ), #1039, .T. ) ;
#951 = AXIS2_PLACEMENT_3D ( 'NONE', #953, #1474, #1004 ) ;
#952 = VERTEX_POINT ( 'NONE', #409 ) ;
#953 = CARTESIAN_POINT ( 'NONE',  ( -1.600000000000000089, 9.750000000000000000, -1.350000000000000089 ) ) ;
#954 = LINE ( 'NONE', #554, #1377 ) ;
#955 = ORIENTED_EDGE ( 'NONE', *, *, #818, .T. ) ;
#956 = VERTEX_POINT ( 'NONE', #1577 ) ;
#957 = DIRECTION ( 'NONE',  ( 0.000000000000000000, 1.000000000000000000, 0.000000000000000000 ) ) ;
#958 = EDGE_LOOP ( 'NONE', ( #1257, #759, #1469, #1523 ) ) ;
#959 = ADVANCED_FACE ( 'NONE', ( #796 ), #1464, .T. ) ;
#960 = ORIENTED_EDGE ( 'NONE', *, *, #1363, .F. ) ;
#961 = DIRECTION ( 'NONE',  ( 0.000000000000000000, 0.000000000000000000, 1.000000000000000000 ) ) ;
#962 = EDGE_CURVE ( 'NONE', #290, #63, #935, .T. ) ;
#963 = FACE_OUTER_BOUND ( 'NONE', #235, .T. ) ;
#964 = DIRECTION ( 'NONE',  ( 0.000000000000000000, 0.000000000000000000, -1.000000000000000000 ) ) ;
#965 = ORIENTED_EDGE ( 'NONE', *, *, #1494, .F. ) ;
#966 = ORIENTED_EDGE ( 'NONE', *, *, #934, .F. ) ;
#967 = EDGE_LOOP ( 'NONE', ( #987, #530, #374, #1542 ) ) ;
#968 = EDGE_CURVE ( 'NONE', #1231, #1685, #1050, .T. ) ;
#969 = AXIS2_PLACEMENT_3D ( 'NONE', #1661, #1650, #1378 ) ;
#970 = CYLINDRICAL_SURFACE ( 'NONE', #533, 0.2500000000000002220 ) ;
#971 = CARTESIAN_POINT ( 'NONE',  ( 0.000000000000000000, 3.500000000000000444, 4.125000000000003553 ) ) ;
#972 = AXIS2_PLACEMENT_3D ( 'NONE', #592, #463, #847 ) ;
#973 = AXIS2_PLACEMENT_3D ( 'NONE', #12, #126, #1448 ) ;
#974 = DIRECTION ( 'NONE',  ( 0.000000000000000000, 1.000000000000000000, 0.000000000000000000 ) ) ;
#975 = AXIS2_PLACEMENT_3D ( 'NONE', #275, #1158, #804 ) ;
#976 = VERTEX_POINT ( 'NONE', #1305 ) ;
#977 = CYLINDRICAL_SURFACE ( 'NONE', #496, 0.2500000000000000000 ) ;
#978 = LINE ( 'NONE', #688, #1461 ) ;
#979 = EDGE_CURVE ( 'NONE', #556, #799, #1704, .T. ) ;
#980 = LINE ( 'NONE', #705, #1124 ) ;
#981 = EDGE_LOOP ( 'NONE', ( #293, #246, #792, #90 ) ) ;
#982 = CARTESIAN_POINT ( 'NONE',  ( 2.600000000000000089, 10.00000000000000000, -1.099999999999999867 ) ) ;
#983 = DIRECTION ( 'NONE',  ( 1.000000000000000000, 0.000000000000000000, -8.673617379884035472E-16 ) ) ;
#984 =( BOUNDED_CURVE ( )  B_SPLINE_CURVE ( 3, ( #1235, #873, #1541, #480 ),
 .UNSPECIFIED., .F., .F. ) 
 B_SPLINE_CURVE_WITH_KNOTS ( ( 4, 4 ),
 ( 3.141592653589792228, 4.712388980384689674 ),
 .UNSPECIFIED. ) 
 CURVE ( )  GEOMETRIC_REPRESENTATION_ITEM ( )  RATIONAL_B_SPLINE_CURVE ( ( 1.000000000000000000, 0.8047378541243648264, 0.8047378541243648264, 1.000000000000000000 ) ) 
 REPRESENTATION_ITEM ( '' )  );
#985 = DIRECTION ( 'NONE',  ( 1.000000000000000000, -0.000000000000000000, -0.000000000000000000 ) ) ;
#986 = DIRECTION ( 'NONE',  ( -4.336808689942018722E-16, 0.000000000000000000, -1.000000000000000000 ) ) ;
#987 = ORIENTED_EDGE ( 'NONE', *, *, #1667, .T. ) ;
#988 = CARTESIAN_POINT ( 'NONE',  ( 1.100000000000000311, 9.750000000000000000, 2.600000000000000089 ) ) ;
#989 = ORIENTED_EDGE ( 'NONE', *, *, #1137, .T. ) ;
#990 = EDGE_CURVE ( 'NONE', #41, #571, #1328, .T. ) ;
#991 = DIRECTION ( 'NONE',  ( 0.000000000000000000, 0.000000000000000000, 1.000000000000000000 ) ) ;
#992 = VERTEX_POINT ( 'NONE', #1698 ) ;
#993 = PLANE ( 'NONE',  #331 ) ;
#994 = AXIS2_PLACEMENT_3D ( 'NONE', #1262, #61, #95 ) ;
#995 = CIRCLE ( 'NONE', #555, 0.5000000000000002220 ) ;
#996 = DIRECTION ( 'NONE',  ( -0.000000000000000000, -1.000000000000000000, -0.000000000000000000 ) ) ;
#997 = ORIENTED_EDGE ( 'NONE', *, *, #1526, .T. ) ;
#998 = EDGE_CURVE ( 'NONE', #513, #446, #155, .T. ) ;
#999 = CARTESIAN_POINT ( 'NONE',  ( -2.599999999999999201, 0.2500000000000000000, 1.100000000000000089 ) ) ;
#1000 = DIRECTION ( 'NONE',  ( -1.000000000000000000, 0.000000000000000000, 0.000000000000000000 ) ) ;
#1001 = ORIENTED_EDGE ( 'NONE', *, *, #1366, .T. ) ;
#1002 = DIRECTION ( 'NONE',  ( 1.000000000000000000, -0.000000000000000000, -0.000000000000000000 ) ) ;
#1003 = ORIENTED_EDGE ( 'NONE', *, *, #797, .F. ) ;
#1004 = DIRECTION ( 'NONE',  ( 0.000000000000000000, 0.000000000000000000, -1.000000000000000000 ) ) ;
#1005 = ADVANCED_FACE ( 'NONE', ( #782 ), #920, .T. ) ;
#1006 = CARTESIAN_POINT ( 'NONE',  ( -1.203553390593272931, 10.00000000000000000, 2.703553390593273598 ) ) ;
#1007 = ORIENTED_EDGE ( 'NONE', *, *, #150, .T. ) ;
#1008 = CARTESIAN_POINT ( 'NONE',  ( -2.600000000000000089, 9.750000000000000000, -1.100000000000000089 ) ) ;
#1009 = CARTESIAN_POINT ( 'NONE',  ( 1.100000000000000311, 10.00000000000000000, 2.600000000000000089 ) ) ;
#1010 = ORIENTED_EDGE ( 'NONE', *, *, #1373, .T. ) ;
#1011 = CARTESIAN_POINT ( 'NONE',  ( 0.000000000000000000, 10.00000000000000000, 0.000000000000000000 ) ) ;
#1012 = EDGE_CURVE ( 'NONE', #750, #556, #154, .T. ) ;
#1013 = CARTESIAN_POINT ( 'NONE',  ( 0.000000000000000000, 3.500000000000000444, 0.000000000000000000 ) ) ;
#1014 = VERTEX_POINT ( 'NONE', #1427 ) ;
#1015 = CARTESIAN_POINT ( 'NONE',  ( 3.980102097228898231E-16, 9.750000000000000000, -3.250000000000000444 ) ) ;
#1016 = SURFACE_STYLE_FILL_AREA ( #70 ) ;
#1017 = ORIENTED_EDGE ( 'NONE', *, *, #1265, .T. ) ;
#1018 = AXIS2_PLACEMENT_3D ( 'NONE', #536, #780, #402 ) ;
#1019 = DIRECTION ( 'NONE',  ( -0.000000000000000000, -1.000000000000000000, -0.000000000000000000 ) ) ;
#1020 = VERTEX_POINT ( 'NONE', #655 ) ;
#1021 = FACE_OUTER_BOUND ( 'NONE', #1531, .T. ) ;
#1022 = CARTESIAN_POINT ( 'NONE',  ( -1.599999999999999867, 0.000000000000000000, 1.600000000000000089 ) ) ;
#1023 = EDGE_CURVE ( 'NONE', #1415, #290, #900, .T. ) ;
#1024 = LINE ( 'NONE', #377, #829 ) ;
#1025 = ORIENTED_EDGE ( 'NONE', *, *, #1500, .F. ) ;
#1026 = DIRECTION ( 'NONE',  ( 1.000000000000000000, -0.000000000000000000, 1.224646799147353207E-16 ) ) ;
#1027 = ORIENTED_EDGE ( 'NONE', *, *, #758, .F. ) ;
#1028 = DIRECTION ( 'NONE',  ( 0.000000000000000000, 0.000000000000000000, 1.000000000000000000 ) ) ;
#1029 = FACE_OUTER_BOUND ( 'NONE', #756, .T. ) ;
#1030 = CARTESIAN_POINT ( 'NONE',  ( -1.100000000000000311, 9.896446609406725159, -2.600000000000000533 ) ) ;
#1031 = EDGE_CURVE ( 'NONE', #323, #819, #980, .T. ) ;
#1032 = VERTEX_POINT ( 'NONE', #1222 ) ;
#1033 = PRODUCT ( 'buje guia de cruceta', 'buje guia de cruceta', '', ( #1624 ) ) ;
#1034 = CARTESIAN_POINT ( 'NONE',  ( 0.000000000000000000, 3.500000000000000444, 0.000000000000000000 ) ) ;
#1035 = EDGE_CURVE ( 'NONE', #1243, #63, #995, .T. ) ;
#1036 = ORIENTED_EDGE ( 'NONE', *, *, #191, .T. ) ;
#1037 = PLANE ( 'NONE',  #1051 ) ;
#1038 = CARTESIAN_POINT ( 'NONE',  ( 1.350000000000000311, 0.2500000000000000000, 0.000000000000000000 ) ) ;
#1039 = CYLINDRICAL_SURFACE ( 'NONE', #973, 3.500000000000000000 ) ;
#1040 = VERTEX_POINT ( 'NONE', #1640 ) ;
#1041 = DIRECTION ( 'NONE',  ( -1.000000000000000000, 0.000000000000000000, 3.942553354492743531E-16 ) ) ;
#1042 = AXIS2_PLACEMENT_3D ( 'NONE', #1187, #1451, #1070 ) ;
#1043 = AXIS2_PLACEMENT_3D ( 'NONE', #60, #82, #586 ) ;
#1044 = CARTESIAN_POINT ( 'NONE',  ( 1.600000000000000311, 9.750000000000000000, 1.350000000000000089 ) ) ;
#1045 = AXIS2_PLACEMENT_3D ( 'NONE', #1183, #260, #1433 ) ;
#1046 = AXIS2_PLACEMENT_3D ( 'NONE', #1587, #628, #232 ) ;
#1047 = CARTESIAN_POINT ( 'NONE',  ( -1.600000000000000089, 9.750000000000000000, -1.100000000000000311 ) ) ;
#1048 = CARTESIAN_POINT ( 'NONE',  ( 1.600000000000000311, 9.750000000000000000, 1.100000000000000089 ) ) ;
#1049 = VECTOR ( 'NONE', #425, 1000.000000000000000 ) ;
#1050 = LINE ( 'NONE', #1318, #366 ) ;
#1051 = AXIS2_PLACEMENT_3D ( 'NONE', #1696, #918, #1416 ) ;
#1052 = VERTEX_POINT ( 'NONE', #1467 ) ;
#1053 = ORIENTED_EDGE ( 'NONE', *, *, #574, .T. ) ;
#1054 = DIRECTION ( 'NONE',  ( 0.000000000000000000, 1.000000000000000000, 0.000000000000000000 ) ) ;
#1055 =( NAMED_UNIT ( * ) SI_UNIT ( $, .STERADIAN. ) SOLID_ANGLE_UNIT ( ) );
#1056 = EDGE_CURVE ( 'NONE', #976, #1229, #252, .T. ) ;
#1057 = DIRECTION ( 'NONE',  ( 1.000000000000000000, 0.000000000000000000, -4.336808689942018722E-16 ) ) ;
#1058 = FACE_OUTER_BOUND ( 'NONE', #209, .T. ) ;
#1059 = CYLINDRICAL_SURFACE ( 'NONE', #946, 0.2500000000000002220 ) ;
#1060 = EDGE_CURVE ( 'NONE', #548, #1020, #578, .T. ) ;
#1061 = FACE_OUTER_BOUND ( 'NONE', #1288, .T. ) ;
#1062 = ORIENTED_EDGE ( 'NONE', *, *, #1498, .T. ) ;
#1063 = ORIENTED_EDGE ( 'NONE', *, *, #387, .T. ) ;
#1064 = CARTESIAN_POINT ( 'NONE',  ( -1.099999999999999423, 0.2500000000000002220, 2.600000000000000089 ) ) ;
#1065 = DIRECTION ( 'NONE',  ( 0.000000000000000000, 0.000000000000000000, 1.000000000000000000 ) ) ;
#1066 = CARTESIAN_POINT ( 'NONE',  ( 0.000000000000000000, 9.750000000000000000, 0.000000000000000000 ) ) ;
#1067 = EDGE_CURVE ( 'NONE', #929, #1706, #954, .T. ) ;
#1068 = ORIENTED_EDGE ( 'NONE', *, *, #776, .T. ) ;
#1069 = VERTEX_POINT ( 'NONE', #39 ) ;
#1070 = DIRECTION ( 'NONE',  ( -1.000000000000000000, 0.000000000000000000, -2.168404344971008868E-16 ) ) ;
#1071 = VECTOR ( 'NONE', #1404, 1000.000000000000000 ) ;
#1072 = AXIS2_PLACEMENT_3D ( 'NONE', #1253, #588, #869 ) ;
#1073 = VECTOR ( 'NONE', #1245, 1000.000000000000000 ) ;
#1074 = EDGE_LOOP ( 'NONE', ( #1602, #1431, #20, #1095 ) ) ;
#1075 = FACE_OUTER_BOUND ( 'NONE', #1241, .T. ) ;
#1076 = DIRECTION ( 'NONE',  ( 0.000000000000000000, 0.000000000000000000, 1.000000000000000000 ) ) ;
#1077 = AXIS2_PLACEMENT_3D ( 'NONE', #891, #1679, #1387 ) ;
#1078 = CARTESIAN_POINT ( 'NONE',  ( 1.100000000000000311, 9.750000000000000000, 1.600000000000000089 ) ) ;
#1079 = ORIENTED_EDGE ( 'NONE', *, *, #69, .T. ) ;
#1080 = EDGE_LOOP ( 'NONE', ( #1313, #131, #1480, #254 ) ) ;
#1081 = CARTESIAN_POINT ( 'NONE',  ( 2.600000000000000533, 9.750000000000000000, 1.100000000000000311 ) ) ;
#1082 = ORIENTED_EDGE ( 'NONE', *, *, #158, .T. ) ;
#1083 = CARTESIAN_POINT ( 'NONE',  ( 2.850000000000000533, 0.000000000000000000, 1.350000000000000311 ) ) ;
#1084 = LINE ( 'NONE', #313, #315 ) ;
#1085 = CARTESIAN_POINT ( 'NONE',  ( -1.349999999999999201, 10.00000000000000000, 2.850000000000000089 ) ) ;
#1086 = EDGE_LOOP ( 'NONE', ( #1370, #834, #1223, #325 ) ) ;
#1087 = ORIENTED_EDGE ( 'NONE', *, *, #1023, .F. ) ;
#1088 = ADVANCED_FACE ( 'NONE', ( #47 ), #1351, .T. ) ;
#1089 = DIRECTION ( 'NONE',  ( 0.000000000000000000, 0.000000000000000000, 1.000000000000000000 ) ) ;
#1090 = ORIENTED_EDGE ( 'NONE', *, *, #279, .T. ) ;
#1091 = DIRECTION ( 'NONE',  ( 0.000000000000000000, 1.000000000000000000, 0.000000000000000000 ) ) ;
#1092 = FACE_BOUND ( 'NONE', #469, .T. ) ;
#1093 = FACE_OUTER_BOUND ( 'NONE', #224, .T. ) ;
#1094 = EDGE_LOOP ( 'NONE', ( #1082, #1136 ) ) ;
#1095 = ORIENTED_EDGE ( 'NONE', *, *, #1303, .F. ) ;
#1096 = EDGE_CURVE ( 'NONE', #627, #1155, #188, .T. ) ;
#1097 = CIRCLE ( 'NONE', #363, 4.375000000000003553 ) ;
#1098 = CIRCLE ( 'NONE', #552, 0.2500000000000000000 ) ;
#1099 = CARTESIAN_POINT ( 'NONE',  ( 1.099999999999999867, 10.00000000000000000, -2.600000000000000089 ) ) ;
#1100 = AXIS2_PLACEMENT_3D ( 'NONE', #1447, #1291, #408 ) ;
#1101 = ORIENTED_EDGE ( 'NONE', *, *, #699, .F. ) ;
#1102 = CARTESIAN_POINT ( 'NONE',  ( -1.100000000000000311, 0.2500000000000000000, -2.600000000000000089 ) ) ;
#1103 = EDGE_CURVE ( 'NONE', #1501, #163, #563, .T. ) ;
#1104 = LINE ( 'NONE', #1514, #1073 ) ;
#1105 = DIRECTION ( 'NONE',  ( -1.000000000000000000, 0.000000000000000000, 0.000000000000000000 ) ) ;
#1106 = CARTESIAN_POINT ( 'NONE',  ( -1.599999999999999867, 0.000000000000000000, 1.350000000000000311 ) ) ;
#1107 = EDGE_CURVE ( 'NONE', #771, #677, #1476, .T. ) ;
#1108 = ORIENTED_EDGE ( 'NONE', *, *, #1559, .T. ) ;
#1109 = CARTESIAN_POINT ( 'NONE',  ( 0.000000000000000000, 3.500000000000000444, 3.500000000000000000 ) ) ;
#1110 = ORIENTED_EDGE ( 'NONE', *, *, #387, .F. ) ;
#1111 = CARTESIAN_POINT ( 'NONE',  ( 1.350000000000000311, 9.750000000000000000, 1.600000000000000089 ) ) ;
#1112 = PLANE ( 'NONE',  #972 ) ;
#1113 = DIRECTION ( 'NONE',  ( -1.000000000000000000, 0.000000000000000000, 0.000000000000000000 ) ) ;
#1114 = LINE ( 'NONE', #1009, #1208 ) ;
#1115 = ADVANCED_FACE ( 'NONE', ( #1093 ), #635, .T. ) ;
#1116 = CYLINDRICAL_SURFACE ( 'NONE', #1123, 0.2500000000000002220 ) ;
#1117 = EDGE_LOOP ( 'NONE', ( #31, #1512, #567, #908 ) ) ;
#1118 = FACE_OUTER_BOUND ( 'NONE', #1437, .T. ) ;
#1119 = DIRECTION ( 'NONE',  ( 0.000000000000000000, 1.000000000000000000, 0.000000000000000000 ) ) ;
#1120 = ORIENTED_EDGE ( 'NONE', *, *, #418, .T. ) ;
#1121 = CARTESIAN_POINT ( 'NONE',  ( 1.600000000000000311, 0.000000000000000000, 1.350000000000000089 ) ) ;
#1122 = CARTESIAN_POINT ( 'NONE',  ( 1.600000000000000311, 0.2500000000000002220, 1.100000000000000089 ) ) ;
#1123 = AXIS2_PLACEMENT_3D ( 'NONE', #1653, #502, #228 ) ;
#1124 = VECTOR ( 'NONE', #1356, 1000.000000000000000 ) ;
#1125 = CARTESIAN_POINT ( 'NONE',  ( 4.286263797015735609E-16, 9.750000000000000000, -3.500000000000000000 ) ) ;
#1126 = ADVANCED_FACE ( 'NONE', ( #321 ), #1240, .T. ) ;
#1127 = ORIENTED_EDGE ( 'NONE', *, *, #110, .T. ) ;
#1128 = DIRECTION ( 'NONE',  ( 1.000000000000000000, -0.000000000000000000, 0.000000000000000000 ) ) ;
#1129 = EDGE_CURVE ( 'NONE', #956, #345, #497, .T. ) ;
#1130 = AXIS2_PLACEMENT_3D ( 'NONE', #45, #1091, #961 ) ;
#1131 = CARTESIAN_POINT ( 'NONE',  ( -1.599999999999999867, 0.2500000000000000000, 1.350000000000000311 ) ) ;
#1132 = ORIENTED_EDGE ( 'NONE', *, *, #998, .T. ) ;
#1133 = CARTESIAN_POINT ( 'NONE',  ( 2.600000000000000533, 9.896446609406725159, -1.099999999999999867 ) ) ;
#1134 = LINE ( 'NONE', #233, #1179 ) ;
#1135 = DIRECTION ( 'NONE',  ( -0.000000000000000000, 0.000000000000000000, 1.000000000000000000 ) ) ;
#1136 = ORIENTED_EDGE ( 'NONE', *, *, #1397, .T. ) ;
#1137 = EDGE_CURVE ( 'NONE', #361, #1020, #842, .T. ) ;
#1138 = CARTESIAN_POINT ( 'NONE',  ( -1.100000000000000311, 0.2500000000000002220, -2.600000000000000089 ) ) ;
#1139 = CARTESIAN_POINT ( 'NONE',  ( -1.350000000000000311, 0.000000000000000000, -2.850000000000000089 ) ) ;
#1140 = ORIENTED_EDGE ( 'NONE', *, *, #894, .T. ) ;
#1141 = DIRECTION ( 'NONE',  ( -0.000000000000000000, -0.000000000000000000, 1.000000000000000000 ) ) ;
#1142 = CARTESIAN_POINT ( 'NONE',  ( -2.599999999999999201, 10.00000000000000000, 1.100000000000000089 ) ) ;
#1143 = ORIENTED_EDGE ( 'NONE', *, *, #248, .F. ) ;
#1144 = DIRECTION ( 'NONE',  ( 1.224646799147353454E-16, 0.000000000000000000, -1.000000000000000000 ) ) ;
#1145 = EDGE_CURVE ( 'NONE', #1052, #1617, #712, .T. ) ;
#1146 = VERTEX_POINT ( 'NONE', #1085 ) ;
#1147 = CARTESIAN_POINT ( 'NONE',  ( 1.349999999999999867, 9.750000000000000000, -2.600000000000000089 ) ) ;
#1148 = CARTESIAN_POINT ( 'NONE',  ( 1.600000000000000089, 0.2500000000000002220, -1.349999999999999867 ) ) ;
#1149 = AXIS2_PLACEMENT_3D ( 'NONE', #786, #625, #1555 ) ;
#1150 = TOROIDAL_SURFACE ( 'NONE', #1236, 0.2499999999999998890, 0.2500000000000000000 ) ;
#1151 = EDGE_LOOP ( 'NONE', ( #514, #78, #1306, #40 ) ) ;
#1152 = AXIS2_PLACEMENT_3D ( 'NONE', #640, #4, #516 ) ;
#1153 = DIRECTION ( 'NONE',  ( -1.000000000000000000, -0.000000000000000000, -2.168404344971010840E-16 ) ) ;
#1154 = CYLINDRICAL_SURFACE ( 'NONE', #1606, 0.5000000000000002220 ) ;
#1155 = VERTEX_POINT ( 'NONE', #1106 ) ;
#1156 = EDGE_CURVE ( 'NONE', #446, #1146, #162, .T. ) ;
#1157 = DIRECTION ( 'NONE',  ( 0.000000000000000000, 0.000000000000000000, -1.000000000000000000 ) ) ;
#1158 = DIRECTION ( 'NONE',  ( 2.168404344971010840E-16, 0.000000000000000000, -1.000000000000000000 ) ) ;
#1159 = TOROIDAL_SURFACE ( 'NONE', #424, 3.250000000000000444, 0.2500000000000000000 ) ;
#1160 = DIRECTION ( 'NONE',  ( 0.000000000000000000, 1.000000000000000000, 0.000000000000000000 ) ) ;
#1161 = EDGE_CURVE ( 'NONE', #507, #534, #747, .T. ) ;
#1162 = ORIENTED_EDGE ( 'NONE', *, *, #442, .F. ) ;
#1163 =( BOUNDED_CURVE ( )  B_SPLINE_CURVE ( 3, ( #1168, #1593, #1030, #1456 ),
 .UNSPECIFIED., .F., .F. ) 
 B_SPLINE_CURVE_WITH_KNOTS ( ( 4, 4 ),
 ( 1.570796326794896558, 3.141592653589793116 ),
 .UNSPECIFIED. ) 
 CURVE ( )  GEOMETRIC_REPRESENTATION_ITEM ( )  RATIONAL_B_SPLINE_CURVE ( ( 1.000000000000000000, 0.8047378541243649375, 0.8047378541243649375, 1.000000000000000000 ) ) 
 REPRESENTATION_ITEM ( '' )  );
#1164 = CARTESIAN_POINT ( 'NONE',  ( 2.600000000000000089, 9.750000000000000000, -1.099999999999999867 ) ) ;
#1165 = ORIENTED_EDGE ( 'NONE', *, *, #1330, .F. ) ;
#1166 = DIRECTION ( 'NONE',  ( -1.000000000000000000, 0.000000000000000000, 0.000000000000000000 ) ) ;
#1167 = CARTESIAN_POINT ( 'NONE',  ( -2.849999999999999201, 0.000000000000000000, 1.350000000000000089 ) ) ;
#1168 = CARTESIAN_POINT ( 'NONE',  ( -1.350000000000000311, 10.00000000000000000, -2.850000000000000089 ) ) ;
#1169 = ADVANCED_FACE ( 'NONE', ( #1520 ), #1263, .T. ) ;
#1170 = ORIENTED_EDGE ( 'NONE', *, *, #1256, .F. ) ;
#1171 = EDGE_LOOP ( 'NONE', ( #455, #1063 ) ) ;
#1172 = CARTESIAN_POINT ( 'NONE',  ( -1.349999999999999201, 0.000000000000000000, 2.850000000000000089 ) ) ;
#1173 = CARTESIAN_POINT ( 'NONE',  ( -1.203553390593273820, 8.111191434266471580E-17, -2.703553390593274042 ) ) ;
#1174 = FACE_OUTER_BOUND ( 'NONE', #1488, .T. ) ;
#1175 = CARTESIAN_POINT ( 'NONE',  ( -2.599999999999999201, 9.750000000000000000, 1.100000000000000089 ) ) ;
#1176 = ORIENTED_EDGE ( 'NONE', *, *, #1549, .T. ) ;
#1177 = VECTOR ( 'NONE', #581, 1000.000000000000000 ) ;
#1178 = AXIS2_PLACEMENT_3D ( 'NONE', #1658, #1000, #991 ) ;
#1179 = VECTOR ( 'NONE', #351, 1000.000000000000000 ) ;
#1180 = EDGE_CURVE ( 'NONE', #1560, #1424, #945, .T. ) ;
#1181 = CARTESIAN_POINT ( 'NONE',  ( -1.099999999999999867, 10.00000000000000000, 1.600000000000000089 ) ) ;
#1182 = CARTESIAN_POINT ( 'NONE',  ( 1.349999999999999867, 0.000000000000000000, -1.600000000000000089 ) ) ;
#1183 = CARTESIAN_POINT ( 'NONE',  ( 0.000000000000000000, 0.2500000000000002220, 0.000000000000000000 ) ) ;
#1184 = DIRECTION ( 'NONE',  ( 3.942553354492743038E-16, -0.000000000000000000, 1.000000000000000000 ) ) ;
#1185 = ORIENTED_EDGE ( 'NONE', *, *, #370, .F. ) ;
#1186 = APPLICATION_CONTEXT ( 'automotive_design' ) ;
#1187 = CARTESIAN_POINT ( 'NONE',  ( 1.600000000000000311, 10.00000000000000000, 1.100000000000000089 ) ) ;
#1188 = ADVANCED_FACE ( 'NONE', ( #739 ), #876, .T. ) ;
#1189 = EDGE_LOOP ( 'NONE', ( #1589, #695, #1573, #649, #1176, #1132, #901, #1603, #657, #297, #1629, #778, #1590, #1348, #1140, #518 ) ) ;
#1190 = CARTESIAN_POINT ( 'NONE',  ( -1.100000000000000311, 9.750000000000000000, -1.600000000000000089 ) ) ;
#1191 = DIRECTION ( 'NONE',  ( 1.971276677246371519E-16, -0.000000000000000000, 1.000000000000000000 ) ) ;
#1192 = CARTESIAN_POINT ( 'NONE',  ( 1.349999999999999867, 0.2500000000000000000, 0.000000000000000000 ) ) ;
#1193 = ORIENTED_EDGE ( 'NONE', *, *, #718, .F. ) ;
#1194 = ORIENTED_EDGE ( 'NONE', *, *, #370, .T. ) ;
#1195 = CARTESIAN_POINT ( 'NONE',  ( 0.000000000000000000, 0.000000000000000000, 0.000000000000000000 ) ) ;
#1196 = ORIENTED_EDGE ( 'NONE', *, *, #1504, .T. ) ;
#1197 = DIRECTION ( 'NONE',  ( 0.000000000000000000, 0.000000000000000000, -1.000000000000000000 ) ) ;
#1198 = EDGE_CURVE ( 'NONE', #623, #548, #594, .T. ) ;
#1199 = DIRECTION ( 'NONE',  ( 0.000000000000000000, 0.000000000000000000, 1.000000000000000000 ) ) ;
#1200 = EDGE_CURVE ( 'NONE', #816, #1273, #223, .T. ) ;
#1201 = DIRECTION ( 'NONE',  ( -0.000000000000000000, -1.000000000000000000, -0.000000000000000000 ) ) ;
#1202 = ORIENTED_EDGE ( 'NONE', *, *, #149, .F. ) ;
#1203 = EDGE_LOOP ( 'NONE', ( #1420, #384, #557, #219 ) ) ;
#1204 = CARTESIAN_POINT ( 'NONE',  ( 1.600000000000000089, 9.750000000000000000, -1.600000000000000089 ) ) ;
#1205 = ORIENTED_EDGE ( 'NONE', *, *, #1363, .T. ) ;
#1206 = AXIS2_PLACEMENT_3D ( 'NONE', #466, #996, #1521 ) ;
#1207 = VECTOR ( 'NONE', #903, 1000.000000000000000 ) ;
#1208 = VECTOR ( 'NONE', #870, 1000.000000000000000 ) ;
#1209 = CARTESIAN_POINT ( 'NONE',  ( 2.703553390593274486, 10.00000000000000000, 1.203553390593273820 ) ) ;
#1210 = DIRECTION ( 'NONE',  ( -0.000000000000000000, -1.000000000000000000, -0.000000000000000000 ) ) ;
#1211 = CARTESIAN_POINT ( 'NONE',  ( 1.099999999999999867, 9.750000000000000000, -2.600000000000000089 ) ) ;
#1212 = EDGE_CURVE ( 'NONE', #372, #874, #1537, .T. ) ;
#1213 = DIRECTION ( 'NONE',  ( 0.000000000000000000, 0.000000000000000000, 1.000000000000000000 ) ) ;
#1214 = AXIS2_PLACEMENT_3D ( 'NONE', #1446, #663, #500 ) ;
#1215 = EDGE_LOOP ( 'NONE', ( #1594, #682, #823, #619 ) ) ;
#1216 = ORIENTED_EDGE ( 'NONE', *, *, #1246, .T. ) ;
#1217 = ADVANCED_FACE ( 'NONE', ( #862 ), #1646, .T. ) ;
#1218 = ORIENTED_EDGE ( 'NONE', *, *, #917, .F. ) ;
#1219 = DIRECTION ( 'NONE',  ( 0.000000000000000000, 1.000000000000000000, 0.000000000000000000 ) ) ;
#1220 = LINE ( 'NONE', #1353, #83 ) ;
#1221 = ADVANCED_BREP_SHAPE_REPRESENTATION ( 'buje guia de cruceta', ( #827, #852 ), #690 ) ;
#1222 = CARTESIAN_POINT ( 'NONE',  ( 5.204748896376254643E-16, 3.500000000000000444, -4.125000000000003553 ) ) ;
#1223 = ORIENTED_EDGE ( 'NONE', *, *, #201, .F. ) ;
#1224 = EDGE_LOOP ( 'NONE', ( #49, #1394, #94, #1170 ) ) ;
#1225 = LINE ( 'NONE', #319, #774 ) ;
#1226 = EDGE_CURVE ( 'NONE', #799, #771, #1254, .T. ) ;
#1227 = DIRECTION ( 'NONE',  ( -1.000000000000000000, 0.000000000000000000, -2.168404344971009361E-16 ) ) ;
#1228 = CARTESIAN_POINT ( 'NONE',  ( -1.600000000000000089, 0.000000000000000000, -1.600000000000000089 ) ) ;
#1229 = VERTEX_POINT ( 'NONE', #1545 ) ;
#1230 = DIRECTION ( 'NONE',  ( 0.000000000000000000, 0.000000000000000000, -1.000000000000000000 ) ) ;
#1231 = VERTEX_POINT ( 'NONE', #601 ) ;
#1232 = EDGE_CURVE ( 'NONE', #1501, #641, #369, .T. ) ;
#1233 = AXIS2_PLACEMENT_3D ( 'NONE', #1656, #494, #1271 ) ;
#1234 = VECTOR ( 'NONE', #35, 1000.000000000000000 ) ;
#1235 = CARTESIAN_POINT ( 'NONE',  ( 2.600000000000000089, 0.2500000000000002220, -1.099999999999999867 ) ) ;
#1236 = AXIS2_PLACEMENT_3D ( 'NONE', #702, #448, #844 ) ;
#1237 = CIRCLE ( 'NONE', #1491, 0.2500000000000000000 ) ;
#1238 = VECTOR ( 'NONE', #731, 1000.000000000000000 ) ;
#1239 = CARTESIAN_POINT ( 'NONE',  ( 0.000000000000000000, 10.00000000000000000, 0.000000000000000000 ) ) ;
#1240 = CYLINDRICAL_SURFACE ( 'NONE', #528, 0.5000000000000000000 ) ;
#1241 = EDGE_LOOP ( 'NONE', ( #189, #674, #1459, #1110 ) ) ;
#1242 = CARTESIAN_POINT ( 'NONE',  ( 1.600000000000000089, 10.00000000000000000, -1.100000000000000089 ) ) ;
#1243 = VERTEX_POINT ( 'NONE', #1122 ) ;
#1244 = VECTOR ( 'NONE', #294, 1000.000000000000000 ) ;
#1245 = DIRECTION ( 'NONE',  ( -1.000000000000000000, 0.000000000000000000, -2.168404344971009361E-16 ) ) ;
#1246 = EDGE_CURVE ( 'NONE', #623, #1252, #692, .T. ) ;
#1247 = CARTESIAN_POINT ( 'NONE',  ( 1.099999999999999867, 0.2500000000000002220, -2.600000000000000089 ) ) ;
#1248 = LINE ( 'NONE', #68, #664 ) ;
#1249 = ORIENTED_EDGE ( 'NONE', *, *, #880, .T. ) ;
#1250 = CARTESIAN_POINT ( 'NONE',  ( 0.000000000000000000, 3.500000000000000444, 0.000000000000000000 ) ) ;
#1251 = CARTESIAN_POINT ( 'NONE',  ( -1.349999999999999867, 9.750000000000000000, 1.600000000000000311 ) ) ;
#1252 = VERTEX_POINT ( 'NONE', #1380 ) ;
#1253 = CARTESIAN_POINT ( 'NONE',  ( 0.000000000000000000, 9.750000000000000000, 0.000000000000000000 ) ) ;
#1254 = LINE ( 'NONE', #1142, #1296 ) ;
#1255 = LINE ( 'NONE', #743, #56 ) ;
#1256 = EDGE_CURVE ( 'NONE', #1040, #525, #1134, .T. ) ;
#1257 = ORIENTED_EDGE ( 'NONE', *, *, #1212, .T. ) ;
#1258 = DIRECTION ( 'NONE',  ( 1.000000000000000000, 0.000000000000000000, -1.971276677246368314E-16 ) ) ;
#1259 = CARTESIAN_POINT ( 'NONE',  ( -1.599999999999999867, 0.2500000000000002220, 1.600000000000000089 ) ) ;
#1260 = ORIENTED_EDGE ( 'NONE', *, *, #765, .F. ) ;
#1261 = CIRCLE ( 'NONE', #969, 0.4999999999999997780 ) ;
#1262 = CARTESIAN_POINT ( 'NONE',  ( -1.100000000000000311, 10.00000000000000000, -2.600000000000000089 ) ) ;
#1263 = CYLINDRICAL_SURFACE ( 'NONE', #1548, 0.2500000000000000000 ) ;
#1264 = AXIS2_PLACEMENT_3D ( 'NONE', #1643, #957, #1632 ) ;
#1265 = EDGE_CURVE ( 'NONE', #1284, #1501, #1672, .T. ) ;
#1266 = AXIS2_PLACEMENT_3D ( 'NONE', #222, #1649, #736 ) ;
#1267 = VECTOR ( 'NONE', #317, 1000.000000000000000 ) ;
#1268 = DIRECTION ( 'NONE',  ( 1.000000000000000000, 0.000000000000000000, -0.000000000000000000 ) ) ;
#1269 = ORIENTED_EDGE ( 'NONE', *, *, #58, .T. ) ;
#1270 = VECTOR ( 'NONE', #1627, 1000.000000000000000 ) ;
#1271 = DIRECTION ( 'NONE',  ( 0.000000000000000000, 0.000000000000000000, -1.000000000000000000 ) ) ;
#1272 = CIRCLE ( 'NONE', #668, 0.2500000000000000000 ) ;
#1273 = VERTEX_POINT ( 'NONE', #483 ) ;
#1274 = DIRECTION ( 'NONE',  ( -3.942553354492743038E-16, 0.000000000000000000, -1.000000000000000000 ) ) ;
#1275 = LINE ( 'NONE', #723, #471 ) ;
#1276 = DIRECTION ( 'NONE',  ( 0.000000000000000000, 1.000000000000000000, 0.000000000000000000 ) ) ;
#1277 = ORIENTED_EDGE ( 'NONE', *, *, #962, .T. ) ;
#1278 = EDGE_CURVE ( 'NONE', #1415, #361, #1114, .T. ) ;
#1279 = LINE ( 'NONE', #999, #1522 ) ;
#1280 = ORIENTED_EDGE ( 'NONE', *, *, #77, .T. ) ;
#1281 = CYLINDRICAL_SURFACE ( 'NONE', #1379, 0.2500000000000000000 ) ;
#1282 = CARTESIAN_POINT ( 'NONE',  ( 1.099999999999999867, 9.750000000000000000, -1.600000000000000089 ) ) ;
#1283 = SURFACE_STYLE_USAGE ( .BOTH. , #724 ) ;
#1284 = VERTEX_POINT ( 'NONE', #1282 ) ;
#1285 = DIRECTION ( 'NONE',  ( -1.000000000000000000, 0.000000000000000000, -2.168404344971008868E-16 ) ) ;
#1286 = EDGE_CURVE ( 'NONE', #44, #706, #1248, .T. ) ;
#1287 = CARTESIAN_POINT ( 'NONE',  ( 1.099999999999999867, 9.750000000000000000, -2.600000000000000089 ) ) ;
#1288 = EDGE_LOOP ( 'NONE', ( #1566, #784, #997, #493 ) ) ;
#1289 = EDGE_CURVE ( 'NONE', #548, #1415, #761, .T. ) ;
#1290 = DIRECTION ( 'NONE',  ( 0.000000000000000000, 0.000000000000000000, -1.000000000000000000 ) ) ;
#1291 = DIRECTION ( 'NONE',  ( -0.000000000000000000, -1.000000000000000000, -0.000000000000000000 ) ) ;
#1292 = VECTOR ( 'NONE', #1465, 1000.000000000000000 ) ;
#1293 = VECTOR ( 'NONE', #893, 1000.000000000000000 ) ;
#1294 =( GEOMETRIC_REPRESENTATION_CONTEXT ( 3 ) GLOBAL_UNCERTAINTY_ASSIGNED_CONTEXT ( ( #462 ) ) GLOBAL_UNIT_ASSIGNED_CONTEXT ( ( #204, #622, #88 ) ) REPRESENTATION_CONTEXT ( 'NONE', 'WORKASPACE' ) );
#1295 = EDGE_LOOP ( 'NONE', ( #447, #808, #1202, #843 ) ) ;
#1296 = VECTOR ( 'NONE', #76, 1000.000000000000000 ) ;
#1297 = DIRECTION ( 'NONE',  ( -0.000000000000000000, 1.000000000000000000, -0.000000000000000000 ) ) ;
#1298 = AXIS2_PLACEMENT_3D ( 'NONE', #906, #1304, #125 ) ;
#1299 = CARTESIAN_POINT ( 'NONE',  ( -2.927345865710865916E-16, 0.2500000000000000000, 1.350000000000000755 ) ) ;
#1300 = AXIS2_PLACEMENT_3D ( 'NONE', #230, #1026, #1144 ) ;
#1301 = EDGE_LOOP ( 'NONE', ( #897, #432 ) ) ;
#1302 = CARTESIAN_POINT ( 'NONE',  ( 1.100000000000000311, 9.750000000000000000, 1.600000000000000089 ) ) ;
#1303 = EDGE_CURVE ( 'NONE', #729, #750, #1275, .T. ) ;
#1304 = DIRECTION ( 'NONE',  ( 0.000000000000000000, 1.000000000000000000, 0.000000000000000000 ) ) ;
#1305 = CARTESIAN_POINT ( 'NONE',  ( 1.349999999999999867, 10.00000000000000000, -1.600000000000000089 ) ) ;
#1306 = ORIENTED_EDGE ( 'NONE', *, *, #488, .F. ) ;
#1307 = FACE_OUTER_BOUND ( 'NONE', #1428, .T. ) ;
#1308 =( NAMED_UNIT ( * ) PLANE_ANGLE_UNIT ( ) SI_UNIT ( $, .RADIAN. ) );
#1309 = CARTESIAN_POINT ( 'NONE',  ( -1.203553390593272931, -8.967268572796504197E-18, 2.703553390593274042 ) ) ;
#1310 = DIRECTION ( 'NONE',  ( -2.168404344971009361E-16, 0.000000000000000000, 1.000000000000000000 ) ) ;
#1311 = LINE ( 'NONE', #133, #881 ) ;
#1312 = CARTESIAN_POINT ( 'NONE',  ( 1.600000000000000089, 0.2500000000000002220, -1.100000000000000089 ) ) ;
#1313 = ORIENTED_EDGE ( 'NONE', *, *, #1655, .T. ) ;
#1314 = ADVANCED_FACE ( 'NONE', ( #1029 ), #527, .T. ) ;
#1315 = CARTESIAN_POINT ( 'NONE',  ( 5.204748896376254643E-16, 0.000000000000000000, -4.125000000000003553 ) ) ;
#1316 = CARTESIAN_POINT ( 'NONE',  ( 2.850000000000000089, 10.00000000000000000, -1.349999999999999867 ) ) ;
#1317 = DIRECTION ( 'NONE',  ( 0.000000000000000000, 0.000000000000000000, 1.000000000000000000 ) ) ;
#1318 = CARTESIAN_POINT ( 'NONE',  ( 5.357829746269674565E-16, 10.00000000000000000, 4.375000000000003553 ) ) ;
#1319 = EDGE_CURVE ( 'NONE', #372, #44, #59, .T. ) ;
#1320 = ORIENTED_EDGE ( 'NONE', *, *, #1688, .T. ) ;
#1321 = ORIENTED_EDGE ( 'NONE', *, *, #1278, .F. ) ;
#1322 = AXIS2_PLACEMENT_3D ( 'NONE', #591, #1489, #1230 ) ;
#1323 = TOROIDAL_SURFACE ( 'NONE', #1407, 4.125000000000003553, 0.2500000000000000000 ) ;
#1324 = AXIS2_PLACEMENT_3D ( 'NONE', #1343, #169, #1213 ) ;
#1325 = DIRECTION ( 'NONE',  ( 1.000000000000000000, -0.000000000000000000, 1.224646799147353207E-16 ) ) ;
#1326 = CARTESIAN_POINT ( 'NONE',  ( -1.599999999999999867, 9.750000000000000000, 1.350000000000000311 ) ) ;
#1327 = FACE_OUTER_BOUND ( 'NONE', #734, .T. ) ;
#1328 = LINE ( 'NONE', #393, #33 ) ;
#1329 = ORIENTED_EDGE ( 'NONE', *, *, #1246, .F. ) ;
#1330 = EDGE_CURVE ( 'NONE', #1155, #1707, #1659, .T. ) ;
#1331 = ORIENTED_EDGE ( 'NONE', *, *, #1504, .F. ) ;
#1332 = DIRECTION ( 'NONE',  ( -1.000000000000000000, 0.000000000000000000, -0.000000000000000000 ) ) ;
#1333 = DIRECTION ( 'NONE',  ( -1.000000000000000000, 0.000000000000000000, -2.168404344971009361E-16 ) ) ;
#1334 = CARTESIAN_POINT ( 'NONE',  ( -2.600000000000000089, 0.2500000000000000000, -1.100000000000000089 ) ) ;
#1335 = ORIENTED_EDGE ( 'NONE', *, *, #208, .F. ) ;
#1336 = EDGE_LOOP ( 'NONE', ( #257, #13, #538, #1053 ) ) ;
#1337 = DIRECTION ( 'NONE',  ( 0.000000000000000000, 0.000000000000000000, 1.000000000000000000 ) ) ;
#1338 = ADVANCED_FACE ( 'NONE', ( #113 ), #176, .T. ) ;
#1339 = CARTESIAN_POINT ( 'NONE',  ( 2.600000000000000533, 9.750000000000000000, 1.100000000000000311 ) ) ;
#1340 = CARTESIAN_POINT ( 'NONE',  ( 0.000000000000000000, 0.2500000000000002220, 4.125000000000003553 ) ) ;
#1341 = DIRECTION ( 'NONE',  ( -0.000000000000000000, -0.000000000000000000, -1.000000000000000000 ) ) ;
#1342 = ADVANCED_FACE ( 'NONE', ( #1174 ), #283, .T. ) ;
#1343 = CARTESIAN_POINT ( 'NONE',  ( 0.000000000000000000, 9.750000000000000000, 3.250000000000000444 ) ) ;
#1344 = APPLICATION_CONTEXT ( 'automotive_design' ) ;
#1345 = ORIENTED_EDGE ( 'NONE', *, *, #727, .F. ) ;
#1346 = VERTEX_POINT ( 'NONE', #1426 ) ;
#1347 = DIRECTION ( 'NONE',  ( 0.000000000000000000, 0.000000000000000000, 1.000000000000000000 ) ) ;
#1348 = ORIENTED_EDGE ( 'NONE', *, *, #781, .T. ) ;
#1349 = AXIS2_PLACEMENT_3D ( 'NONE', #1195, #1605, #1337 ) ;
#1350 = AXIS2_PLACEMENT_3D ( 'NONE', #1299, #264, #1430 ) ;
#1351 = TOROIDAL_SURFACE ( 'NONE', #1579, 4.125000000000003553, 0.2500000000000000000 ) ;
#1352 = DIRECTION ( 'NONE',  ( 0.000000000000000000, 0.000000000000000000, 1.000000000000000000 ) ) ;
#1353 = CARTESIAN_POINT ( 'NONE',  ( 1.099999999999999867, 0.2500000000000000000, -1.600000000000000089 ) ) ;
#1354 = AXIS2_PLACEMENT_3D ( 'NONE', #1340, #1454, #1625 ) ;
#1355 = EDGE_CURVE ( 'NONE', #507, #816, #1411, .T. ) ;
#1356 = DIRECTION ( 'NONE',  ( 1.971276677246371519E-16, -0.000000000000000000, 1.000000000000000000 ) ) ;
#1357 = PRODUCT_DEFINITION ( 'UNKNOWN', '', #583, #65 ) ;
#1358 = ORIENTED_EDGE ( 'NONE', *, *, #1445, .F. ) ;
#1359 = ORIENTED_EDGE ( 'NONE', *, *, #150, .F. ) ;
#1360 = DIRECTION ( 'NONE',  ( -0.000000000000000000, 1.000000000000000000, -0.000000000000000000 ) ) ;
#1361 = CYLINDRICAL_SURFACE ( 'NONE', #334, 0.2500000000000000000 ) ;
#1362 = DIRECTION ( 'NONE',  ( 0.000000000000000000, 0.000000000000000000, -1.000000000000000000 ) ) ;
#1363 = EDGE_CURVE ( 'NONE', #627, #771, #630, .T. ) ;
#1364 = ORIENTED_EDGE ( 'NONE', *, *, #926, .F. ) ;
#1365 = DIRECTION ( 'NONE',  ( -1.000000000000000000, -0.000000000000000000, -2.168404344971008868E-16 ) ) ;
#1366 = EDGE_CURVE ( 'NONE', #290, #357, #584, .T. ) ;
#1367 = ORIENTED_EDGE ( 'NONE', *, *, #99, .T. ) ;
#1368 = FACE_OUTER_BOUND ( 'NONE', #1505, .T. ) ;
#1369 = CARTESIAN_POINT ( 'NONE',  ( 1.600000000000000311, 0.2500000000000002220, 1.600000000000000089 ) ) ;
#1370 = ORIENTED_EDGE ( 'NONE', *, *, #9, .T. ) ;
#1371 = ADVANCED_FACE ( 'NONE', ( #140 ), #1059, .T. ) ;
#1372 = VERTEX_POINT ( 'NONE', #795 ) ;
#1373 = EDGE_CURVE ( 'NONE', #1229, #952, #1552, .T. ) ;
#1374 = CARTESIAN_POINT ( 'NONE',  ( 4.286263797015735609E-16, 3.500000000000000444, -3.500000000000000000 ) ) ;
#1375 = CIRCLE ( 'NONE', #143, 0.2500000000000000000 ) ;
#1376 = AXIS2_PLACEMENT_3D ( 'NONE', #484, #217, #762 ) ;
#1377 = VECTOR ( 'NONE', #814, 1000.000000000000000 ) ;
#1378 = DIRECTION ( 'NONE',  ( 0.000000000000000000, 0.000000000000000000, 1.000000000000000000 ) ) ;
#1379 = AXIS2_PLACEMENT_3D ( 'NONE', #1147, #368, #1563 ) ;
#1380 = CARTESIAN_POINT ( 'NONE',  ( -1.349999999999999867, 10.00000000000000000, 1.600000000000000089 ) ) ;
#1381 = CIRCLE ( 'NONE', #1608, 0.2500000000000000000 ) ;
#1382 = DIRECTION ( 'NONE',  ( 0.000000000000000000, 0.000000000000000000, -1.000000000000000000 ) ) ;
#1383 = EDGE_LOOP ( 'NONE', ( #205, #423, #1329, #156 ) ) ;
#1384 = LINE ( 'NONE', #561, #1583 ) ;
#1385 = ORIENTED_EDGE ( 'NONE', *, *, #248, .T. ) ;
#1386 = LINE ( 'NONE', #210, #710 ) ;
#1387 = DIRECTION ( 'NONE',  ( 0.000000000000000000, 0.000000000000000000, 1.000000000000000000 ) ) ;
#1388 =( BOUNDED_CURVE ( )  B_SPLINE_CURVE ( 3, ( #988, #196, #1479, #559 ),
 .UNSPECIFIED., .F., .F. ) 
 B_SPLINE_CURVE_WITH_KNOTS ( ( 4, 4 ),
 ( 3.141592653589793116, 4.712388980384689674 ),
 .UNSPECIFIED. ) 
 CURVE ( )  GEOMETRIC_REPRESENTATION_ITEM ( )  RATIONAL_B_SPLINE_CURVE ( ( 1.000000000000000000, 0.8047378541243649375, 0.8047378541243649375, 1.000000000000000000 ) ) 
 REPRESENTATION_ITEM ( '' )  );
#1389 = ORIENTED_EDGE ( 'NONE', *, *, #1366, .F. ) ;
#1390 = CARTESIAN_POINT ( 'NONE',  ( 2.850000000000000089, 0.2500000000000000000, -5.618138530152159519E-16 ) ) ;
#1391 = UNCERTAINTY_MEASURE_WITH_UNIT (LENGTH_MEASURE( 1.000000000000000082E-05 ), #659, 'distance_accuracy_value', 'NONE');
#1392 = ADVANCED_FACE ( 'NONE', ( #654 ), #251, .T. ) ;
#1393 = DIRECTION ( 'NONE',  ( 1.000000000000000000, 0.000000000000000000, 0.000000000000000000 ) ) ;
#1394 = ORIENTED_EDGE ( 'NONE', *, *, #968, .T. ) ;
#1395 = FACE_OUTER_BOUND ( 'NONE', #145, .T. ) ;
#1396 = CARTESIAN_POINT ( 'NONE',  ( -1.099999999999999867, 9.750000000000000000, 1.600000000000000089 ) ) ;
#1397 = EDGE_CURVE ( 'NONE', #1273, #534, #117, .T. ) ;
#1398 = ORIENTED_EDGE ( 'NONE', *, *, #680, .F. ) ;
#1399 = CARTESIAN_POINT ( 'NONE',  ( 0.000000000000000000, 9.750000000000000000, 0.000000000000000000 ) ) ;
#1400 = CIRCLE ( 'NONE', #1462, 0.5000000000000002220 ) ;
#1401 = DIRECTION ( 'NONE',  ( 0.000000000000000000, 0.000000000000000000, 1.000000000000000000 ) ) ;
#1402 = EDGE_LOOP ( 'NONE', ( #1367, #614, #439, #1641 ) ) ;
#1403 = CIRCLE ( 'NONE', #80, 0.2500000000000002220 ) ;
#1404 = DIRECTION ( 'NONE',  ( -0.000000000000000000, -1.000000000000000000, -0.000000000000000000 ) ) ;
#1405 = CARTESIAN_POINT ( 'NONE',  ( 1.099999999999999867, 9.750000000000000000, -2.600000000000000089 ) ) ;
#1406 = AXIS2_PLACEMENT_3D ( 'NONE', #835, #1360, #186 ) ;
#1407 = AXIS2_PLACEMENT_3D ( 'NONE', #859, #1533, #1401 ) ;
#1408 = ADVANCED_FACE ( 'NONE', ( #1327 ), #153, .T. ) ;
#1409 = VECTOR ( 'NONE', #52, 1000.000000000000000 ) ;
#1410 = CARTESIAN_POINT ( 'NONE',  ( 2.850000000000000533, 0.000000000000000000, 1.350000000000000311 ) ) ;
#1411 = CIRCLE ( 'NONE', #1496, 3.500000000000000000 ) ;
#1412 = ORIENTED_EDGE ( 'NONE', *, *, #894, .F. ) ;
#1413 = VECTOR ( 'NONE', #1475, 1000.000000000000000 ) ;
#1414 = DIRECTION ( 'NONE',  ( 0.000000000000000000, 1.000000000000000000, 0.000000000000000000 ) ) ;
#1415 = VERTEX_POINT ( 'NONE', #509 ) ;
#1416 = DIRECTION ( 'NONE',  ( 0.000000000000000000, 0.000000000000000000, -1.000000000000000000 ) ) ;
#1417 = DIRECTION ( 'NONE',  ( -1.000000000000000000, 0.000000000000000000, 0.000000000000000000 ) ) ;
#1418 = CARTESIAN_POINT ( 'NONE',  ( -1.600000000000000089, 0.2500000000000000000, -1.350000000000000089 ) ) ;
#1419 = EDGE_CURVE ( 'NONE', #1706, #1372, #1311, .T. ) ;
#1420 = ORIENTED_EDGE ( 'NONE', *, *, #968, .F. ) ;
#1421 = FACE_OUTER_BOUND ( 'NONE', #481, .T. ) ;
#1422 = EDGE_CURVE ( 'NONE', #1040, #1231, #1097, .T. ) ;
#1423 = APPLICATION_PROTOCOL_DEFINITION ( 'draft international standard', 'automotive_design', 1998, #1344 ) ;
#1424 = VERTEX_POINT ( 'NONE', #1598 ) ;
#1425 = DIRECTION ( 'NONE',  ( 0.000000000000000000, 1.000000000000000000, 0.000000000000000000 ) ) ;
#1426 = CARTESIAN_POINT ( 'NONE',  ( 1.349999999999999867, 0.000000000000000000, -2.850000000000000089 ) ) ;
#1427 = CARTESIAN_POINT ( 'NONE',  ( -1.599999999999999867, 10.00000000000000000, 1.350000000000000311 ) ) ;
#1428 = EDGE_LOOP ( 'NONE', ( #1580, #1477, #565, #378 ) ) ;
#1429 = EDGE_CURVE ( 'NONE', #357, #694, #437, .T. ) ;
#1430 = DIRECTION ( 'NONE',  ( -2.168404344971010840E-16, 0.000000000000000000, 1.000000000000000000 ) ) ;
#1431 = ORIENTED_EDGE ( 'NONE', *, *, #979, .F. ) ;
#1432 = CARTESIAN_POINT ( 'NONE',  ( 1.350000000000000311, 9.750000000000000000, 1.600000000000000089 ) ) ;
#1433 = DIRECTION ( 'NONE',  ( 0.000000000000000000, 0.000000000000000000, 1.000000000000000000 ) ) ;
#1434 = DIRECTION ( 'NONE',  ( 0.000000000000000000, -0.000000000000000000, 1.000000000000000000 ) ) ;
#1435 = CIRCLE ( 'NONE', #1149, 0.2500000000000000000 ) ;
#1436 = AXIS2_PLACEMENT_3D ( 'NONE', #376, #769, #1564 ) ;
#1437 = EDGE_LOOP ( 'NONE', ( #836, #1681, #71, #167 ) ) ;
#1438 = FACE_OUTER_BOUND ( 'NONE', #1295, .T. ) ;
#1439 = ORIENTED_EDGE ( 'NONE', *, *, #1107, .F. ) ;
#1440 = TOROIDAL_SURFACE ( 'NONE', #1642, 0.2500000000000000000, 0.2500000000000000000 ) ;
#1441 = CYLINDRICAL_SURFACE ( 'NONE', #503, 0.2500000000000000000 ) ;
#1442 = ORIENTED_EDGE ( 'NONE', *, *, #335, .T. ) ;
#1443 = CYLINDRICAL_SURFACE ( 'NONE', #1350, 0.2500000000000000000 ) ;
#1444 = ORIENTED_EDGE ( 'NONE', *, *, #1678, .T. ) ;
#1445 = EDGE_CURVE ( 'NONE', #1229, #323, #288, .T. ) ;
#1446 = CARTESIAN_POINT ( 'NONE',  ( 1.600000000000000311, 9.750000000000000000, 1.350000000000000089 ) ) ;
#1447 = CARTESIAN_POINT ( 'NONE',  ( 1.600000000000000311, 9.750000000000000000, 1.600000000000000089 ) ) ;
#1448 = DIRECTION ( 'NONE',  ( 0.000000000000000000, 0.000000000000000000, 1.000000000000000000 ) ) ;
#1449 = ORIENTED_EDGE ( 'NONE', *, *, #913, .T. ) ;
#1450 = VERTEX_POINT ( 'NONE', #944 ) ;
#1451 = DIRECTION ( 'NONE',  ( 2.168404344971008868E-16, 0.000000000000000000, -1.000000000000000000 ) ) ;
#1452 = APPLICATION_PROTOCOL_DEFINITION ( 'draft international standard', 'automotive_design', 1998, #1186 ) ;
#1453 = ORIENTED_EDGE ( 'NONE', *, *, #828, .T. ) ;
#1454 = DIRECTION ( 'NONE',  ( -1.000000000000000000, 0.000000000000000000, 0.000000000000000000 ) ) ;
#1455 = DIRECTION ( 'NONE',  ( 0.000000000000000000, 0.000000000000000000, -1.000000000000000000 ) ) ;
#1456 = CARTESIAN_POINT ( 'NONE',  ( -1.100000000000000311, 9.750000000000000000, -2.600000000000000089 ) ) ;
#1457 = VECTOR ( 'NONE', #861, 1000.000000000000000 ) ;
#1458 = ADVANCED_FACE ( 'NONE', ( #320 ), #1495, .T. ) ;
#1459 = ORIENTED_EDGE ( 'NONE', *, *, #788, .T. ) ;
#1460 = DIRECTION ( 'NONE',  ( 0.000000000000000000, -0.000000000000000000, 1.000000000000000000 ) ) ;
#1461 = VECTOR ( 'NONE', #1333, 1000.000000000000000 ) ;
#1462 = AXIS2_PLACEMENT_3D ( 'NONE', #120, #1019, #1554 ) ;
#1463 = AXIS2_PLACEMENT_3D ( 'NONE', #569, #415, #1199 ) ;
#1464 = TOROIDAL_SURFACE ( 'NONE', #309, 0.2499999999999998890, 0.2500000000000000000 ) ;
#1465 = DIRECTION ( 'NONE',  ( -0.000000000000000000, -1.000000000000000000, -0.000000000000000000 ) ) ;
#1466 = CARTESIAN_POINT ( 'NONE',  ( 0.000000000000000000, 3.250000000000000444, 0.000000000000000000 ) ) ;
#1467 = CARTESIAN_POINT ( 'NONE',  ( -1.349999999999999201, 0.000000000000000000, 2.850000000000000089 ) ) ;
#1468 = ORIENTED_EDGE ( 'NONE', *, *, #1156, .F. ) ;
#1469 = ORIENTED_EDGE ( 'NONE', *, *, #1534, .F. ) ;
#1470 = CARTESIAN_POINT ( 'NONE',  ( 1.100000000000000089, 0.1035533905932739251, 2.600000000000000977 ) ) ;
#1471 = ADVANCED_FACE ( 'NONE', ( #963 ), #1361, .T. ) ;
#1472 = EDGE_CURVE ( 'NONE', #1622, #340, #1237, .T. ) ;
#1473 = EDGE_LOOP ( 'NONE', ( #1444, #310, #1101, #787 ) ) ;
#1474 = DIRECTION ( 'NONE',  ( 1.000000000000000000, 0.000000000000000000, 0.000000000000000000 ) ) ;
#1475 = DIRECTION ( 'NONE',  ( 1.000000000000000000, -0.000000000000000000, 2.168404344971008868E-16 ) ) ;
#1476 = LINE ( 'NONE', #1334, #84 ) ;
#1477 = ORIENTED_EDGE ( 'NONE', *, *, #574, .F. ) ;
#1478 = VERTEX_POINT ( 'NONE', #971 ) ;
#1479 = CARTESIAN_POINT ( 'NONE',  ( 1.203553390593274264, 10.00000000000000000, 2.703553390593273598 ) ) ;
#1480 = ORIENTED_EDGE ( 'NONE', *, *, #913, .F. ) ;
#1481 = DIRECTION ( 'NONE',  ( 0.000000000000000000, 0.000000000000000000, 1.000000000000000000 ) ) ;
#1482 = EDGE_CURVE ( 'NONE', #1707, #197, #830, .T. ) ;
#1483 = CARTESIAN_POINT ( 'NONE',  ( -1.600000000000000089, 10.00000000000000000, -1.600000000000000089 ) ) ;
#1484 = CARTESIAN_POINT ( 'NONE',  ( 0.000000000000000000, 0.2500000000000000000, 2.850000000000000089 ) ) ;
#1485 = DIRECTION ( 'NONE',  ( 1.000000000000000000, 0.000000000000000000, -8.673617379884035472E-16 ) ) ;
#1486 = DIRECTION ( 'NONE',  ( 0.000000000000000000, 1.000000000000000000, 0.000000000000000000 ) ) ;
#1487 = ORIENTED_EDGE ( 'NONE', *, *, #1289, .F. ) ;
#1488 = EDGE_LOOP ( 'NONE', ( #485, #546, #1345, #159 ) ) ;
#1489 = DIRECTION ( 'NONE',  ( -0.000000000000000000, -1.000000000000000000, -0.000000000000000000 ) ) ;
#1490 = TOROIDAL_SURFACE ( 'NONE', #689, 0.2500000000000001110, 0.2500000000000000000 ) ;
#1491 = AXIS2_PLACEMENT_3D ( 'NONE', #187, #1611, #1076 ) ;
#1492 = AXIS2_PLACEMENT_3D ( 'NONE', #1228, #289, #183 ) ;
#1493 = DIRECTION ( 'NONE',  ( -1.000000000000000000, 0.000000000000000000, 0.000000000000000000 ) ) ;
#1494 = EDGE_CURVE ( 'NONE', #163, #529, #1220, .T. ) ;
#1495 = CYLINDRICAL_SURFACE ( 'NONE', #57, 0.2500000000000002220 ) ;
#1496 = AXIS2_PLACEMENT_3D ( 'NONE', #383, #1575, #2 ) ;
#1497 = CIRCLE ( 'NONE', #148, 0.2500000000000000000 ) ;
#1498 = EDGE_CURVE ( 'NONE', #1069, #63, #746, .T. ) ;
#1499 = DIRECTION ( 'NONE',  ( 0.000000000000000000, 1.000000000000000000, 0.000000000000000000 ) ) ;
#1500 = EDGE_CURVE ( 'NONE', #1674, #952, #978, .T. ) ;
#1501 = VERTEX_POINT ( 'NONE', #1211 ) ;
#1502 = CARTESIAN_POINT ( 'NONE',  ( -2.850000000000000089, 10.00000000000000000, -1.350000000000000089 ) ) ;
#1503 = CARTESIAN_POINT ( 'NONE',  ( -2.600000000000000089, 0.000000000000000000, -1.350000000000000089 ) ) ;
#1504 = EDGE_CURVE ( 'NONE', #345, #992, #672, .T. ) ;
#1505 = EDGE_LOOP ( 'NONE', ( #1062, #122, #173, #1693 ) ) ;
#1506 = DIRECTION ( 'NONE',  ( -0.000000000000000000, -1.000000000000000000, -0.000000000000000000 ) ) ;
#1507 = DIRECTION ( 'NONE',  ( 0.000000000000000000, 0.000000000000000000, -1.000000000000000000 ) ) ;
#1508 = CARTESIAN_POINT ( 'NONE',  ( 2.850000000000000089, 10.00000000000000000, -1.349999999999999867 ) ) ;
#1509 = DIRECTION ( 'NONE',  ( -1.000000000000000000, 0.000000000000000000, 1.971276677246371519E-16 ) ) ;
#1510 = ORIENTED_EDGE ( 'NONE', *, *, #1599, .F. ) ;
#1511 = CARTESIAN_POINT ( 'NONE',  ( -2.599999999999999201, 0.2500000000000002220, 1.100000000000000089 ) ) ;
#1512 = ORIENTED_EDGE ( 'NONE', *, *, #1319, .F. ) ;
#1513 = VECTOR ( 'NONE', #613, 1000.000000000000000 ) ;
#1514 = CARTESIAN_POINT ( 'NONE',  ( 1.600000000000000089, 0.000000000000000000, -1.350000000000000089 ) ) ;
#1515 = AXIS2_PLACEMENT_3D ( 'NONE', #180, #1341, #46 ) ;
#1516 = VECTOR ( 'NONE', #1417, 1000.000000000000000 ) ;
#1517 = ORIENTED_EDGE ( 'NONE', *, *, #1198, .F. ) ;
#1518 = AXIS2_PLACEMENT_3D ( 'NONE', #1015, #491, #476 ) ;
#1519 = DIRECTION ( 'NONE',  ( -1.000000000000000000, 0.000000000000000000, 0.000000000000000000 ) ) ;
#1520 = FACE_OUTER_BOUND ( 'NONE', #737, .T. ) ;
#1521 = DIRECTION ( 'NONE',  ( 0.000000000000000000, 0.000000000000000000, 1.000000000000000000 ) ) ;
#1522 = VECTOR ( 'NONE', #1153, 1000.000000000000000 ) ;
#1523 = ORIENTED_EDGE ( 'NONE', *, *, #656, .T. ) ;
#1524 = EDGE_CURVE ( 'NONE', #525, #1685, #470, .T. ) ;
#1525 = CARTESIAN_POINT ( 'NONE',  ( 4.286263797015735609E-16, 3.500000000000000444, -3.500000000000000000 ) ) ;
#1526 = EDGE_CURVE ( 'NONE', #816, #507, #5, .T. ) ;
#1527 = FACE_OUTER_BOUND ( 'NONE', #1080, .T. ) ;
#1528 = ORIENTED_EDGE ( 'NONE', *, *, #797, .T. ) ;
#1529 = CARTESIAN_POINT ( 'NONE',  ( 1.099999999999999867, 10.00000000000000000, -2.600000000000000089 ) ) ;
#1530 = CARTESIAN_POINT ( 'NONE',  ( 2.600000000000000089, 10.00000000000000000, -1.099999999999999867 ) ) ;
#1531 = EDGE_LOOP ( 'NONE', ( #1385, #889, #767, #1193 ) ) ;
#1532 = CARTESIAN_POINT ( 'NONE',  ( 1.350000000000000311, 10.00000000000000000, 1.600000000000000089 ) ) ;
#1533 = DIRECTION ( 'NONE',  ( 0.000000000000000000, 1.000000000000000000, 0.000000000000000000 ) ) ;
#1534 = EDGE_CURVE ( 'NONE', #641, #590, #551, .T. ) ;
#1535 = ORIENTED_EDGE ( 'NONE', *, *, #208, .T. ) ;
#1536 = CARTESIAN_POINT ( 'NONE',  ( 1.600000000000000311, 10.00000000000000000, 1.350000000000000089 ) ) ;
#1537 = LINE ( 'NONE', #87, #115 ) ;
#1538 = CARTESIAN_POINT ( 'NONE',  ( 2.850000000000000533, 10.00000000000000000, 1.350000000000000311 ) ) ;
#1539 = ORIENTED_EDGE ( 'NONE', *, *, #244, .F. ) ;
#1540 = DIRECTION ( 'NONE',  ( -0.000000000000000000, -1.000000000000000000, -0.000000000000000000 ) ) ;
#1541 = CARTESIAN_POINT ( 'NONE',  ( 2.703553390593274042, 2.690180571838950951E-17, -1.203553390593273376 ) ) ;
#1542 = ORIENTED_EDGE ( 'NONE', *, *, #1429, .F. ) ;
#1543 = ADVANCED_FACE ( 'NONE', ( #1092, #327 ), #1112, .F. ) ;
#1544 = CARTESIAN_POINT ( 'NONE',  ( -1.349999999999999423, 0.000000000000000000, 2.600000000000000089 ) ) ;
#1545 = CARTESIAN_POINT ( 'NONE',  ( 1.600000000000000089, 10.00000000000000000, -1.350000000000000089 ) ) ;
#1546 = AXIS2_PLACEMENT_3D ( 'NONE', #573, #190, #64 ) ;
#1547 = CIRCLE ( 'NONE', #280, 0.2500000000000000000 ) ;
#1548 = AXIS2_PLACEMENT_3D ( 'NONE', #203, #96, #226 ) ;
#1549 = EDGE_CURVE ( 'NONE', #98, #513, #416, .T. ) ;
#1550 = CARTESIAN_POINT ( 'NONE',  ( -2.599999999999999201, 9.750000000000000000, 1.100000000000000089 ) ) ;
#1551 = ADVANCED_FACE ( 'NONE', ( #749 ), #728, .T. ) ;
#1552 = CIRCLE ( 'NONE', #8, 0.2500000000000000000 ) ;
#1553 = EDGE_LOOP ( 'NONE', ( #717, #1127, #701, #420 ) ) ;
#1554 = DIRECTION ( 'NONE',  ( 0.000000000000000000, 0.000000000000000000, 1.000000000000000000 ) ) ;
#1555 = DIRECTION ( 'NONE',  ( -1.000000000000000000, 0.000000000000000000, 0.000000000000000000 ) ) ;
#1556 = ORIENTED_EDGE ( 'NONE', *, *, #1096, .F. ) ;
#1557 = DIRECTION ( 'NONE',  ( 0.000000000000000000, 0.000000000000000000, 1.000000000000000000 ) ) ;
#1558 = LINE ( 'NONE', #1692, #29 ) ;
#1559 = EDGE_CURVE ( 'NONE', #571, #1622, #1104, .T. ) ;
#1560 = VERTEX_POINT ( 'NONE', #1374 ) ;
#1561 = CARTESIAN_POINT ( 'NONE',  ( -2.599999999999999201, 9.750000000000000000, 1.350000000000000089 ) ) ;
#1562 = ORIENTED_EDGE ( 'NONE', *, *, #1145, .F. ) ;
#1563 = DIRECTION ( 'NONE',  ( -1.000000000000000000, 0.000000000000000000, 0.000000000000000000 ) ) ;
#1564 = DIRECTION ( 'NONE',  ( 1.000000000000000000, 0.000000000000000000, -0.000000000000000000 ) ) ;
#1565 = DIRECTION ( 'NONE',  ( -0.000000000000000000, -1.000000000000000000, -0.000000000000000000 ) ) ;
#1566 = ORIENTED_EDGE ( 'NONE', *, *, #227, .T. ) ;
#1567 = ORIENTED_EDGE ( 'NONE', *, *, #201, .T. ) ;
#1568 = ADVANCED_FACE ( 'NONE', ( #598 ), #1323, .T. ) ;
#1569 = CYLINDRICAL_SURFACE ( 'NONE', #305, 0.2499999999999997780 ) ;
#1570 =( BOUNDED_CURVE ( )  B_SPLINE_CURVE ( 3, ( #922, #800, #1470, #147 ),
 .UNSPECIFIED., .F., .T. ) 
 B_SPLINE_CURVE_WITH_KNOTS ( ( 4, 4 ),
 ( 1.570796326794896558, 3.141592653589794004 ),
 .UNSPECIFIED. ) 
 CURVE ( )  GEOMETRIC_REPRESENTATION_ITEM ( )  RATIONAL_B_SPLINE_CURVE ( ( 1.000000000000000000, 0.8047378541243648264, 0.8047378541243648264, 1.000000000000000000 ) ) 
 REPRESENTATION_ITEM ( '' )  );
#1571 = CARTESIAN_POINT ( 'NONE',  ( 2.600000000000000089, 9.750000000000000000, -1.099999999999999867 ) ) ;
#1572 = EDGE_CURVE ( 'NONE', #1478, #1032, #1687, .T. ) ;
#1573 = ORIENTED_EDGE ( 'NONE', *, *, #1031, .T. ) ;
#1574 = CARTESIAN_POINT ( 'NONE',  ( -1.350000000000000311, 0.2500000000000000000, 0.000000000000000000 ) ) ;
#1575 = DIRECTION ( 'NONE',  ( -0.000000000000000000, -1.000000000000000000, -0.000000000000000000 ) ) ;
#1576 = AXIS2_PLACEMENT_3D ( 'NONE', #371, #1276, #97 ) ;
#1577 = CARTESIAN_POINT ( 'NONE',  ( -1.350000000000000311, 0.000000000000000000, -1.600000000000000089 ) ) ;
#1578 = AXIS2_PLACEMENT_3D ( 'NONE', #1066, #562, #25 ) ;
#1579 = AXIS2_PLACEMENT_3D ( 'NONE', #303, #974, #570 ) ;
#1580 = ORIENTED_EDGE ( 'NONE', *, *, #699, .T. ) ;
#1581 = CARTESIAN_POINT ( 'NONE',  ( -1.350000000000000311, 10.00000000000000000, -1.600000000000000089 ) ) ;
#1582 = EDGE_CURVE ( 'NONE', #1706, #571, #984, .T. ) ;
#1583 = VECTOR ( 'NONE', #287, 1000.000000000000000 ) ;
#1584 = DIRECTION ( 'NONE',  ( 0.000000000000000000, 0.000000000000000000, -1.000000000000000000 ) ) ;
#1585 = PLANE ( 'NONE',  #909 ) ;
#1586 = CIRCLE ( 'NONE', #719, 4.375000000000003553 ) ;
#1587 = CARTESIAN_POINT ( 'NONE',  ( 1.600000000000000089, 0.2500000000000002220, -1.600000000000000089 ) ) ;
#1588 = CARTESIAN_POINT ( 'NONE',  ( -2.599999999999999201, 9.896446609406725159, -1.100000000000000089 ) ) ;
#1589 = ORIENTED_EDGE ( 'NONE', *, *, #1056, .T. ) ;
#1590 = ORIENTED_EDGE ( 'NONE', *, *, #26, .T. ) ;
#1591 = EDGE_CURVE ( 'NONE', #1155, #395, #1547, .T. ) ;
#1592 = DIRECTION ( 'NONE',  ( -1.000000000000000000, 0.000000000000000000, 0.000000000000000000 ) ) ;
#1593 = CARTESIAN_POINT ( 'NONE',  ( -1.203553390593274042, 10.00000000000000000, -2.703553390593273598 ) ) ;
#1594 = ORIENTED_EDGE ( 'NONE', *, *, #1226, .T. ) ;
#1595 = EDGE_LOOP ( 'NONE', ( #1068, #539, #74, #1320 ) ) ;
#1596 = VERTEX_POINT ( 'NONE', #1139 ) ;
#1597 = DIRECTION ( 'NONE',  ( 1.000000000000000000, 0.000000000000000000, 0.000000000000000000 ) ) ;
#1598 = CARTESIAN_POINT ( 'NONE',  ( 0.000000000000000000, 3.500000000000000444, 3.500000000000000000 ) ) ;
#1599 = EDGE_CURVE ( 'NONE', #548, #1146, #337, .T. ) ;
#1600 = CARTESIAN_POINT ( 'NONE',  ( -2.600000000000000089, 9.750000000000000000, -1.100000000000000089 ) ) ;
#1601 = ADVANCED_FACE ( 'NONE', ( #339 ), #1676, .T. ) ;
#1602 = ORIENTED_EDGE ( 'NONE', *, *, #558, .T. ) ;
#1603 = ORIENTED_EDGE ( 'NONE', *, *, #765, .T. ) ;
#1604 = EDGE_CURVE ( 'NONE', #1020, #197, #487, .T. ) ;
#1605 = DIRECTION ( 'NONE',  ( -0.000000000000000000, -1.000000000000000000, -0.000000000000000000 ) ) ;
#1606 = AXIS2_PLACEMENT_3D ( 'NONE', #130, #101, #1584 ) ;
#1607 = CIRCLE ( 'NONE', #1046, 0.5000000000000002220 ) ;
#1608 = AXIS2_PLACEMENT_3D ( 'NONE', #1326, #16, #24 ) ;
#1609 = CARTESIAN_POINT ( 'NONE',  ( 0.000000000000000000, 10.00000000000000000, -1.350000000000000089 ) ) ;
#1610 = CARTESIAN_POINT ( 'NONE',  ( 2.600000000000000533, 10.00000000000000000, 1.100000000000000311 ) ) ;
#1611 = DIRECTION ( 'NONE',  ( -0.000000000000000000, -1.000000000000000000, -0.000000000000000000 ) ) ;
#1612 = CARTESIAN_POINT ( 'NONE',  ( -1.099999999999999423, 10.00000000000000000, 2.600000000000000089 ) ) ;
#1613 = ORIENTED_EDGE ( 'NONE', *, *, #990, .T. ) ;
#1614 = ORIENTED_EDGE ( 'NONE', *, *, #1096, .T. ) ;
#1615 = DIRECTION ( 'NONE',  ( -0.000000000000000000, 1.000000000000000000, -0.000000000000000000 ) ) ;
#1616 = ADVANCED_FACE ( 'NONE', ( #720 ), #66, .T. ) ;
#1617 = VERTEX_POINT ( 'NONE', #888 ) ;
#1618 = CARTESIAN_POINT ( 'NONE',  ( 1.099999999999999867, 10.00000000000000000, -1.600000000000000089 ) ) ;
#1619 = DIRECTION ( 'NONE',  ( -0.000000000000000000, -1.000000000000000000, -0.000000000000000000 ) ) ;
#1620 = DIRECTION ( 'NONE',  ( 0.000000000000000000, 0.000000000000000000, 1.000000000000000000 ) ) ;
#1621 = ORIENTED_EDGE ( 'NONE', *, *, #1232, .F. ) ;
#1622 = VERTEX_POINT ( 'NONE', #473 ) ;
#1623 = CYLINDRICAL_SURFACE ( 'NONE', #1406, 3.500000000000000000 ) ;
#1624 = PRODUCT_CONTEXT ( 'NONE', #1344, 'mechanical' ) ;
#1625 = DIRECTION ( 'NONE',  ( 0.000000000000000000, 0.000000000000000000, 1.000000000000000000 ) ) ;
#1626 = EDGE_CURVE ( 'NONE', #197, #395, #803, .T. ) ;
#1627 = DIRECTION ( 'NONE',  ( 1.000000000000000000, -0.000000000000000000, 2.168404344971009361E-16 ) ) ;
#1628 = DIRECTION ( 'NONE',  ( -0.000000000000000000, -1.000000000000000000, -0.000000000000000000 ) ) ;
#1629 = ORIENTED_EDGE ( 'NONE', *, *, #1303, .T. ) ;
#1630 = ORIENTED_EDGE ( 'NONE', *, *, #1103, .T. ) ;
#1631 = AXIS2_PLACEMENT_3D ( 'NONE', #1529, #1519, #593 ) ;
#1632 = DIRECTION ( 'NONE',  ( 0.000000000000000000, 0.000000000000000000, 1.000000000000000000 ) ) ;
#1633 = VECTOR ( 'NONE', #475, 1000.000000000000000 ) ;
#1634 = AXIS2_PLACEMENT_3D ( 'NONE', #1038, #1689, #1697 ) ;
#1635 = AXIS2_PLACEMENT_3D ( 'NONE', #1011, #1540, #14 ) ;
#1636 = ADVANCED_FACE ( 'NONE', ( #1527 ), #348, .T. ) ;
#1637 = AXIS2_PLACEMENT_3D ( 'NONE', #73, #866, #1393 ) ;
#1638 = VECTOR ( 'NONE', #261, 1000.000000000000000 ) ;
#1639 = CARTESIAN_POINT ( 'NONE',  ( 0.000000000000000000, 0.2500000000000000000, -2.850000000000000089 ) ) ;
#1640 = CARTESIAN_POINT ( 'NONE',  ( 0.000000000000000000, 3.250000000000000444, -4.375000000000003553 ) ) ;
#1641 = ORIENTED_EDGE ( 'NONE', *, *, #917, .T. ) ;
#1642 = AXIS2_PLACEMENT_3D ( 'NONE', #112, #890, #1686 ) ;
#1643 = CARTESIAN_POINT ( 'NONE',  ( 0.000000000000000000, 0.2500000000000002220, 0.000000000000000000 ) ) ;
#1644 = DIRECTION ( 'NONE',  ( 4.336808689942018722E-16, -0.000000000000000000, 1.000000000000000000 ) ) ;
#1645 = LINE ( 'NONE', #722, #1457 ) ;
#1646 = PLANE ( 'NONE',  #338 ) ;
#1647 = ORIENTED_EDGE ( 'NONE', *, *, #58, .F. ) ;
#1648 = LINE ( 'NONE', #1102, #221 ) ;
#1649 = DIRECTION ( 'NONE',  ( -0.000000000000000000, -1.000000000000000000, -0.000000000000000000 ) ) ;
#1650 = DIRECTION ( 'NONE',  ( 0.000000000000000000, 1.000000000000000000, 0.000000000000000000 ) ) ;
#1651 = DIRECTION ( 'NONE',  ( -3.942553354492743038E-16, 0.000000000000000000, -1.000000000000000000 ) ) ;
#1652 = EDGE_CURVE ( 'NONE', #128, #41, #214, .T. ) ;
#1653 = CARTESIAN_POINT ( 'NONE',  ( -2.850000000000000089, 9.750000000000000000, -1.100000000000000089 ) ) ;
#1654 = ORIENTED_EDGE ( 'NONE', *, *, #442, .T. ) ;
#1655 = EDGE_CURVE ( 'NONE', #675, #372, #1435, .T. ) ;
#1656 = CARTESIAN_POINT ( 'NONE',  ( -1.599999999999999867, 10.00000000000000000, 1.600000000000000089 ) ) ;
#1657 = VECTOR ( 'NONE', #1615, 1000.000000000000000 ) ;
#1658 = CARTESIAN_POINT ( 'NONE',  ( -1.100000000000000311, 9.750000000000000000, -2.850000000000000089 ) ) ;
#1659 = CIRCLE ( 'NONE', #281, 0.2500000000000000000 ) ;
#1660 = ORIENTED_EDGE ( 'NONE', *, *, #1145, .T. ) ;
#1661 = CARTESIAN_POINT ( 'NONE',  ( -1.600000000000000089, 0.2500000000000002220, -1.600000000000000089 ) ) ;
#1662 = DIRECTION ( 'NONE',  ( 0.000000000000000000, 0.000000000000000000, 1.000000000000000000 ) ) ;
#1663 = AXIS2_PLACEMENT_3D ( 'NONE', #678, #1210, #1065 ) ;
#1664 = CARTESIAN_POINT ( 'NONE',  ( 2.703553390593274930, 2.690180571838950951E-17, 1.203553390593273598 ) ) ;
#1665 = ORIENTED_EDGE ( 'NONE', *, *, #1591, .T. ) ;
#1666 = AXIS2_PLACEMENT_3D ( 'NONE', #1250, #1219, #812 ) ;
#1667 = EDGE_CURVE ( 'NONE', #357, #98, #1375, .T. ) ;
#1668 = LINE ( 'NONE', #1525, #882 ) ;
#1669 = DIRECTION ( 'NONE',  ( 1.000000000000000000, 0.000000000000000000, 0.000000000000000000 ) ) ;
#1670 = ORIENTED_EDGE ( 'NONE', *, *, #1180, .T. ) ;
#1671 = CARTESIAN_POINT ( 'NONE',  ( 2.703553390593273598, 10.00000000000000000, -1.203553390593273598 ) ) ;
#1672 = LINE ( 'NONE', #1405, #449 ) ;
#1673 = FACE_OUTER_BOUND ( 'NONE', #1074, .T. ) ;
#1674 = VERTEX_POINT ( 'NONE', #1164 ) ;
#1675 = FACE_OUTER_BOUND ( 'NONE', #1224, .T. ) ;
#1676 = CYLINDRICAL_SURFACE ( 'NONE', #1266, 0.4999999999999997780 ) ;
#1677 = ORIENTED_EDGE ( 'NONE', *, *, #1678, .F. ) ;
#1678 = EDGE_CURVE ( 'NONE', #1450, #1501, #510, .T. ) ;
#1679 = DIRECTION ( 'NONE',  ( 0.000000000000000000, 1.000000000000000000, 0.000000000000000000 ) ) ;
#1680 = CARTESIAN_POINT ( 'NONE',  ( -1.350000000000000311, 10.00000000000000000, 0.000000000000000000 ) ) ;
#1681 = ORIENTED_EDGE ( 'NONE', *, *, #1200, .T. ) ;
#1682 =( BOUNDED_CURVE ( )  B_SPLINE_CURVE ( 3, ( #748, #1683, #505, #902 ),
 .UNSPECIFIED., .F., .F. ) 
 B_SPLINE_CURVE_WITH_KNOTS ( ( 4, 4 ),
 ( 1.570796326794896558, 3.141592653589793116 ),
 .UNSPECIFIED. ) 
 CURVE ( )  GEOMETRIC_REPRESENTATION_ITEM ( )  RATIONAL_B_SPLINE_CURVE ( ( 1.000000000000000000, 0.8047378541243649375, 0.8047378541243649375, 1.000000000000000000 ) ) 
 REPRESENTATION_ITEM ( '' )  );
#1683 = CARTESIAN_POINT ( 'NONE',  ( -2.703553390593272265, 10.00000000000000000, 1.203553390593273820 ) ) ;
#1684 = ADVANCED_FACE ( 'NONE', ( #522 ), #1154, .T. ) ;
#1685 = VERTEX_POINT ( 'NONE', #398 ) ;
#1686 = DIRECTION ( 'NONE',  ( 0.000000000000000000, 0.000000000000000000, 1.000000000000000000 ) ) ;
#1687 = CIRCLE ( 'NONE', #582, 4.125000000000003553 ) ;
#1688 = EDGE_CURVE ( 'NONE', #694, #1674, #506, .T. ) ;
#1689 = DIRECTION ( 'NONE',  ( 0.000000000000000000, -0.000000000000000000, 1.000000000000000000 ) ) ;
#1690 = AXIS2_PLACEMENT_3D ( 'NONE', #1034, #938, #520 ) ;
#1691 = AXIS2_PLACEMENT_3D ( 'NONE', #194, #1499, #1620 ) ;
#1692 = CARTESIAN_POINT ( 'NONE',  ( -1.350000000000000311, 0.000000000000000000, -1.600000000000000089 ) ) ;
#1693 = ORIENTED_EDGE ( 'NONE', *, *, #279, .F. ) ;
#1694 = AXIS2_PLACEMENT_3D ( 'NONE', #943, #1197, #1332 ) ;
#1695 = ORIENTED_EDGE ( 'NONE', *, *, #707, .T. ) ;
#1696 = CARTESIAN_POINT ( 'NONE',  ( -1.100000000000000311, 10.00000000000000000, -2.600000000000000089 ) ) ;
#1697 = DIRECTION ( 'NONE',  ( 1.000000000000000000, 0.000000000000000000, 0.000000000000000000 ) ) ;
#1698 = CARTESIAN_POINT ( 'NONE',  ( -2.850000000000000089, 0.000000000000000000, -1.350000000000000089 ) ) ;
#1699 = ORIENTED_EDGE ( 'NONE', *, *, #585, .F. ) ;
#1700 = CARTESIAN_POINT ( 'NONE',  ( 1.203553390593273376, 10.00000000000000000, -2.703553390593273598 ) ) ;
#1701 = ORIENTED_EDGE ( 'NONE', *, *, #1604, .T. ) ;
#1702 = FACE_OUTER_BOUND ( 'NONE', #564, .T. ) ;
#1703 = CARTESIAN_POINT ( 'NONE',  ( -2.599999999999999645, 0.1035533905932738835, 1.099999999999999867 ) ) ;
#1704 = LINE ( 'NONE', #807, #914 ) ;
#1705 = ADVANCED_FACE ( 'NONE', ( #923 ), #1443, .T. ) ;
#1706 = VERTEX_POINT ( 'NONE', #644 ) ;
#1707 = VERTEX_POINT ( 'NONE', #915 ) ;
#1708 = PLANE ( 'NONE',  #141 ) ;
#1709 = CARTESIAN_POINT ( 'NONE',  ( -1.099999999999999201, 0.1035533905932738835, 2.600000000000000977 ) ) ;
ENDSEC;
END-ISO-10303-21;
