ISO-10303-21;
HEADER;
FILE_DESCRIPTION (( 'STEP AP214' ),
    '1' );
FILE_NAME ('RODILLO TENSOR.STEP',
    '2026-07-08T20:18:15',
    ( '' ),
    ( '' ),
    'SwSTEP 2.0',
    'SolidWorks 2026',
    '' );
FILE_SCHEMA (( 'AUTOMOTIVE_DESIGN' ));
ENDSEC;

DATA;
#1 = EDGE_LOOP ( 'NONE', ( #1400, #1476, #239, #1222 ) ) ;
#2 = DIRECTION ( 'NONE',  ( -0.000000000000000000, -1.000000000000000000, -0.000000000000000000 ) ) ;
#3 = EDGE_LOOP ( 'NONE', ( #593, #308, #1466, #657 ) ) ;
#4 = EDGE_CURVE ( 'NONE', #362, #1025, #547, .T. ) ;
#5 = FACE_OUTER_BOUND ( 'NONE', #800, .T. ) ;
#6 = FACE_OUTER_BOUND ( 'NONE', #556, .T. ) ;
#7 = ORIENTED_EDGE ( 'NONE', *, *, #692, .T. ) ;
#8 = EDGE_CURVE ( 'NONE', #894, #1201, #662, .T. ) ;
#9 = ORIENTED_EDGE ( 'NONE', *, *, #936, .F. ) ;
#10 = DIRECTION ( 'NONE',  ( 0.000000000000000000, 0.000000000000000000, -1.000000000000000000 ) ) ;
#11 = EDGE_LOOP ( 'NONE', ( #1112, #1139, #1253, #821 ) ) ;
#12 = CYLINDRICAL_SURFACE ( 'NONE', #577, 3.750000000000000000 ) ;
#13 = DIRECTION ( 'NONE',  ( 0.000000000000000000, 1.000000000000000000, 0.000000000000000000 ) ) ;
#14 = DIRECTION ( 'NONE',  ( 0.000000000000000000, 0.000000000000000000, -1.000000000000000000 ) ) ;
#15 = ORIENTED_EDGE ( 'NONE', *, *, #815, .T. ) ;
#16 = DIRECTION ( 'NONE',  ( 0.000000000000000000, -1.000000000000000000, 0.000000000000000000 ) ) ;
#17 = EDGE_CURVE ( 'NONE', #839, #565, #505, .T. ) ;
#18 = DIRECTION ( 'NONE',  ( 0.000000000000000000, 0.000000000000000000, 1.000000000000000000 ) ) ;
#19 = ORIENTED_EDGE ( 'NONE', *, *, #4, .F. ) ;
#20 = CARTESIAN_POINT ( 'NONE',  ( 0.000000000000000000, -8.250000000000000000, 0.000000000000000000 ) ) ;
#21 = DIRECTION ( 'NONE',  ( 0.000000000000000000, 1.000000000000000000, 0.000000000000000000 ) ) ;
#22 = AXIS2_PLACEMENT_3D ( 'NONE', #1246, #827, #226 ) ;
#23 = CIRCLE ( 'NONE', #596, 0.2500000000000002220 ) ;
#24 = EDGE_LOOP ( 'NONE', ( #1430, #232 ) ) ;
#25 = VECTOR ( 'NONE', #1384, 1000.000000000000000 ) ;
#26 = AXIS2_PLACEMENT_3D ( 'NONE', #309, #171, #1091 ) ;
#27 = EDGE_CURVE ( 'NONE', #900, #1360, #863, .T. ) ;
#28 = APPLICATION_CONTEXT ( 'automotive_design' ) ;
#29 = DIRECTION ( 'NONE',  ( 0.000000000000000000, -0.000000000000000000, -1.000000000000000000 ) ) ;
#30 = CARTESIAN_POINT ( 'NONE',  ( 8.266365894244634333E-16, -6.999999999999999112, -6.750000000000000000 ) ) ;
#31 = ADVANCED_FACE ( 'NONE', ( #6 ), #319, .T. ) ;
#32 = FACE_OUTER_BOUND ( 'NONE', #1116, .T. ) ;
#33 = DIRECTION ( 'NONE',  ( 0.000000000000000000, 0.000000000000000000, 1.000000000000000000 ) ) ;
#34 = ADVANCED_FACE ( 'NONE', ( #1035 ), #1250, .T. ) ;
#35 = ORIENTED_EDGE ( 'NONE', *, *, #130, .T. ) ;
#36 = CARTESIAN_POINT ( 'NONE',  ( 0.000000000000000000, 5.500000000000000000, 0.000000000000000000 ) ) ;
#37 = DIRECTION ( 'NONE',  ( 1.224646799147351482E-16, 0.000000000000000000, -1.000000000000000000 ) ) ;
#38 = CARTESIAN_POINT ( 'NONE',  ( 0.000000000000000000, -5.249999999999999112, 12.00000000000000000 ) ) ;
#39 = FACE_BOUND ( 'NONE', #197, .T. ) ;
#40 = CARTESIAN_POINT ( 'NONE',  ( 0.000000000000000000, -7.249999999999999112, 0.000000000000000000 ) ) ;
#41 = DIRECTION ( 'NONE',  ( 0.000000000000000000, 0.000000000000000000, 1.000000000000000000 ) ) ;
#42 = ORIENTED_EDGE ( 'NONE', *, *, #112, .T. ) ;
#43 = DIRECTION ( 'NONE',  ( 0.000000000000000000, 0.000000000000000000, -1.000000000000000000 ) ) ;
#44 = EDGE_CURVE ( 'NONE', #565, #911, #682, .T. ) ;
#45 = DIRECTION ( 'NONE',  ( -0.000000000000000000, -1.000000000000000000, -0.000000000000000000 ) ) ;
#46 = AXIS2_PLACEMENT_3D ( 'NONE', #738, #1084, #983 ) ;
#47 = CARTESIAN_POINT ( 'NONE',  ( 0.000000000000000000, -7.249999999999999112, 0.000000000000000000 ) ) ;
#48 = COLOUR_RGB ( '',0.7921568627450980005, 0.8196078431372548767, 0.9333333333333333481 ) ;
#49 = CONICAL_SURFACE ( 'NONE', #1184, 8.000000000000000000, 1.439896632895324879 ) ;
#50 = AXIS2_PLACEMENT_3D ( 'NONE', #424, #1439, #301 ) ;
#51 = AXIS2_PLACEMENT_3D ( 'NONE', #365, #1264, #243 ) ;
#52 = VERTEX_POINT ( 'NONE', #117 ) ;
#53 = CARTESIAN_POINT ( 'NONE',  ( 0.000000000000000000, 6.114201608510377639, 0.000000000000000000 ) ) ;
#54 = CIRCLE ( 'NONE', #252, 3.750000000000000000 ) ;
#55 = CARTESIAN_POINT ( 'NONE',  ( 0.000000000000000000, -11.25000000000000000, 0.000000000000000000 ) ) ;
#56 = EDGE_CURVE ( 'NONE', #185, #636, #1320, .T. ) ;
#57 = CYLINDRICAL_SURFACE ( 'NONE', #958, 7.000000000000000000 ) ;
#58 = ORIENTED_EDGE ( 'NONE', *, *, #233, .T. ) ;
#59 = CARTESIAN_POINT ( 'NONE',  ( 0.000000000000000000, 0.000000000000000000, -5.000000000000000000 ) ) ;
#60 = CARTESIAN_POINT ( 'NONE',  ( 0.000000000000000000, 7.750000000000000000, -8.000000000000000000 ) ) ;
#61 = ORIENTED_EDGE ( 'NONE', *, *, #1144, .T. ) ;
#62 = VERTEX_POINT ( 'NONE', #1369 ) ;
#63 = DIRECTION ( 'NONE',  ( -0.000000000000000000, -1.000000000000000000, -0.000000000000000000 ) ) ;
#64 = CYLINDRICAL_SURFACE ( 'NONE', #1191, 1.425000000000000044 ) ;
#65 = ORIENTED_EDGE ( 'NONE', *, *, #1210, .F. ) ;
#66 =( NAMED_UNIT ( * ) SI_UNIT ( $, .STERADIAN. ) SOLID_ANGLE_UNIT ( ) );
#67 = AXIS2_PLACEMENT_3D ( 'NONE', #1131, #13, #470 ) ;
#68 = EDGE_CURVE ( 'NONE', #779, #877, #1205, .T. ) ;
#69 = CIRCLE ( 'NONE', #760, 4.000000000000000000 ) ;
#70 = AXIS2_PLACEMENT_3D ( 'NONE', #1156, #592, #1143 ) ;
#71 = ORIENTED_EDGE ( 'NONE', *, *, #1062, .T. ) ;
#72 = CARTESIAN_POINT ( 'NONE',  ( 0.000000000000000000, -7.249999999999999112, 0.000000000000000000 ) ) ;
#73 = ORIENTED_EDGE ( 'NONE', *, *, #984, .F. ) ;
#74 = DIRECTION ( 'NONE',  ( 0.000000000000000000, -1.000000000000000000, 0.000000000000000000 ) ) ;
#75 = TOROIDAL_SURFACE ( 'NONE', #549, 4.000000000000000000, 0.2500000000000000000 ) ;
#76 = DIRECTION ( 'NONE',  ( -0.000000000000000000, 1.000000000000000000, -0.000000000000000000 ) ) ;
#77 = CARTESIAN_POINT ( 'NONE',  ( 9.797174393178825657E-16, -0.6142016085103779721, -8.000000000000000000 ) ) ;
#78 = CIRCLE ( 'NONE', #158, 0.2500000000000002220 ) ;
#79 = DIRECTION ( 'NONE',  ( 0.000000000000000000, 0.000000000000000000, 1.000000000000000000 ) ) ;
#80 = EDGE_LOOP ( 'NONE', ( #1397, #303, #42, #186 ) ) ;
#81 = ORIENTED_EDGE ( 'NONE', *, *, #467, .F. ) ;
#82 = ORIENTED_EDGE ( 'NONE', *, *, #143, .F. ) ;
#83 = DIRECTION ( 'NONE',  ( 0.000000000000000000, 0.000000000000000000, 1.000000000000000000 ) ) ;
#84 = CARTESIAN_POINT ( 'NONE',  ( 0.000000000000000000, 5.866340393166920464, 7.782631548054975035 ) ) ;
#85 = CARTESIAN_POINT ( 'NONE',  ( 0.000000000000000000, -7.249999999999999112, 0.000000000000000000 ) ) ;
#86 = ORIENTED_EDGE ( 'NONE', *, *, #4, .T. ) ;
#87 = VERTEX_POINT ( 'NONE', #814 ) ;
#88 = DIRECTION ( 'NONE',  ( -0.000000000000000000, 1.000000000000000000, -0.000000000000000000 ) ) ;
#89 = EDGE_CURVE ( 'NONE', #1221, #52, #646, .T. ) ;
#90 = DIRECTION ( 'NONE',  ( -0.000000000000000000, 1.000000000000000000, -0.000000000000000000 ) ) ;
#91 = CARTESIAN_POINT ( 'NONE',  ( 0.000000000000000000, 8.500000000000000000, 0.000000000000000000 ) ) ;
#92 = EDGE_LOOP ( 'NONE', ( #328, #459, #93, #1272 ) ) ;
#93 = ORIENTED_EDGE ( 'NONE', *, *, #892, .T. ) ;
#94 = AXIS2_PLACEMENT_3D ( 'NONE', #478, #934, #1375 ) ;
#95 = AXIS2_PLACEMENT_3D ( 'NONE', #837, #1383, #493 ) ;
#96 = VECTOR ( 'NONE', #206, 1000.000000000000000 ) ;
#97 = FACE_OUTER_BOUND ( 'NONE', #1119, .T. ) ;
#98 = CIRCLE ( 'NONE', #1085, 3.499999999999999556 ) ;
#99 = CARTESIAN_POINT ( 'NONE',  ( 0.000000000000000000, 7.750000000000000000, 0.000000000000000000 ) ) ;
#100 = ADVANCED_FACE ( 'NONE', ( #483 ), #1162, .F. ) ;
#101 = CARTESIAN_POINT ( 'NONE',  ( 9.797174393178825657E-16, 5.894957492762188167, -8.000000000000000000 ) ) ;
#102 = TOROIDAL_SURFACE ( 'NONE', #67, 7.750000000000000000, 0.2500000000000000000 ) ;
#103 = CARTESIAN_POINT ( 'NONE',  ( 0.000000000000000000, -8.250000000000000000, 0.000000000000000000 ) ) ;
#104 = ORIENTED_EDGE ( 'NONE', *, *, #1150, .T. ) ;
#105 = ORIENTED_EDGE ( 'NONE', *, *, #27, .T. ) ;
#106 = ORIENTED_EDGE ( 'NONE', *, *, #1195, .T. ) ;
#107 = CARTESIAN_POINT ( 'NONE',  ( 0.000000000000000000, -11.25000000000000000, 0.000000000000000000 ) ) ;
#108 = CARTESIAN_POINT ( 'NONE',  ( 0.000000000000000000, 5.500000000000000000, 0.000000000000000000 ) ) ;
#109 = CARTESIAN_POINT ( 'NONE',  ( 0.000000000000000000, 0.000000000000000000, 0.000000000000000000 ) ) ;
#110 =( NAMED_UNIT ( * ) PLANE_ANGLE_UNIT ( ) SI_UNIT ( $, .RADIAN. ) );
#111 = ORIENTED_EDGE ( 'NONE', *, *, #169, .T. ) ;
#112 = EDGE_CURVE ( 'NONE', #52, #1221, #179, .T. ) ;
#113 = ORIENTED_EDGE ( 'NONE', *, *, #1355, .T. ) ;
#114 = DIRECTION ( 'NONE',  ( 0.000000000000000000, 1.000000000000000000, 0.000000000000000000 ) ) ;
#115 = EDGE_LOOP ( 'NONE', ( #65, #1177, #284, #1011 ) ) ;
#116 = DIRECTION ( 'NONE',  ( 0.000000000000000000, 1.000000000000000000, 0.000000000000000000 ) ) ;
#117 = CARTESIAN_POINT ( 'NONE',  ( 8.572527594031473190E-16, -5.249999999999999112, -7.000000000000000000 ) ) ;
#118 = PRESENTATION_STYLE_ASSIGNMENT (( #1251 ) ) ;
#119 = ORIENTED_EDGE ( 'NONE', *, *, #1388, .T. ) ;
#120 = EDGE_LOOP ( 'NONE', ( #183, #564, #450, #1333 ) ) ;
#121 = EDGE_CURVE ( 'NONE', #1360, #900, #1496, .T. ) ;
#122 = CARTESIAN_POINT ( 'NONE',  ( 2.051283388571816641E-16, 11.50000000000000000, -1.675000000000000044 ) ) ;
#123 = VECTOR ( 'NONE', #963, 1000.000000000000000 ) ;
#124 = ORIENTED_EDGE ( 'NONE', *, *, #892, .F. ) ;
#125 = CIRCLE ( 'NONE', #1204, 1.425000000000000044 ) ;
#126 = FACE_OUTER_BOUND ( 'NONE', #600, .T. ) ;
#127 = VECTOR ( 'NONE', #703, 1000.000000000000000 ) ;
#128 = DIRECTION ( 'NONE',  ( 0.000000000000000000, 0.000000000000000000, 1.000000000000000000 ) ) ;
#129 = AXIS2_PLACEMENT_3D ( 'NONE', #208, #767, #1324 ) ;
#130 = EDGE_CURVE ( 'NONE', #1038, #944, #1442, .T. ) ;
#131 = CIRCLE ( 'NONE', #1109, 1.675000000000000044 ) ;
#132 = VERTEX_POINT ( 'NONE', #718 ) ;
#133 = DIRECTION ( 'NONE',  ( 0.000000000000000000, 0.000000000000000000, 1.000000000000000000 ) ) ;
#134 = CARTESIAN_POINT ( 'NONE',  ( 0.000000000000000000, 11.50000000000000000, 0.000000000000000000 ) ) ;
#135 = DIRECTION ( 'NONE',  ( 1.224646799147349509E-16, 0.000000000000000000, -1.000000000000000000 ) ) ;
#136 = EDGE_CURVE ( 'NONE', #1154, #1158, #1045, .T. ) ;
#137 = CARTESIAN_POINT ( 'NONE',  ( 0.000000000000000000, -11.00000000000000000, 0.000000000000000000 ) ) ;
#138 = VERTEX_POINT ( 'NONE', #634 ) ;
#139 = DIRECTION ( 'NONE',  ( 0.000000000000000000, 0.000000000000000000, 1.000000000000000000 ) ) ;
#140 = DIRECTION ( 'NONE',  ( 1.000000000000000000, -0.000000000000000000, 1.224646799147353207E-16 ) ) ;
#141 = CARTESIAN_POINT ( 'NONE',  ( 9.530974814268735661E-16, 5.866340393166920464, -7.782631548054975035 ) ) ;
#142 = CARTESIAN_POINT ( 'NONE',  ( 0.000000000000000000, 7.500000000000000000, 0.000000000000000000 ) ) ;
#143 = EDGE_CURVE ( 'NONE', #219, #355, #203, .T. ) ;
#144 = ORIENTED_EDGE ( 'NONE', *, *, #1022, .T. ) ;
#145 = DIRECTION ( 'NONE',  ( 0.000000000000000000, 1.000000000000000000, 0.000000000000000000 ) ) ;
#146 = FACE_OUTER_BOUND ( 'NONE', #897, .T. ) ;
#147 = CARTESIAN_POINT ( 'NONE',  ( 9.530974814268781021E-16, -0.3663403931669250713, 7.782631548055012338 ) ) ;
#148 = AXIS2_PLACEMENT_3D ( 'NONE', #818, #1262, #241 ) ;
#149 = CIRCLE ( 'NONE', #1316, 3.750000000000000000 ) ;
#150 = DIRECTION ( 'NONE',  ( 1.000000000000000000, 0.000000000000000000, 1.224646799147353207E-16 ) ) ;
#151 = CIRCLE ( 'NONE', #927, 3.750000000000000000 ) ;
#152 = EDGE_CURVE ( 'NONE', #138, #967, #279, .T. ) ;
#153 = CIRCLE ( 'NONE', #762, 8.000000000000000000 ) ;
#154 = CARTESIAN_POINT ( 'NONE',  ( 2.051283388571816641E-16, 11.75000000000000000, -1.675000000000000044 ) ) ;
#155 = ORIENTED_EDGE ( 'NONE', *, *, #755, .F. ) ;
#156 = AXIS2_PLACEMENT_3D ( 'NONE', #289, #1106, #188 ) ;
#157 = DIRECTION ( 'NONE',  ( 0.000000000000000000, 0.000000000000000000, -1.000000000000000000 ) ) ;
#158 = AXIS2_PLACEMENT_3D ( 'NONE', #1347, #1438, #659 ) ;
#159 = DIRECTION ( 'NONE',  ( 0.000000000000000000, 1.000000000000000000, 0.000000000000000000 ) ) ;
#160 = DIRECTION ( 'NONE',  ( -0.000000000000000000, 1.000000000000000000, -0.000000000000000000 ) ) ;
#161 = EDGE_CURVE ( 'NONE', #793, #832, #833, .T. ) ;
#162 = ADVANCED_FACE ( 'NONE', ( #1304, #39 ), #506, .T. ) ;
#163 = DIRECTION ( 'NONE',  ( 0.000000000000000000, -1.000000000000000000, 0.000000000000000000 ) ) ;
#164 = DIRECTION ( 'NONE',  ( 0.000000000000000000, 1.000000000000000000, 0.000000000000000000 ) ) ;
#165 = DIRECTION ( 'NONE',  ( 0.000000000000000000, 0.000000000000000000, 1.000000000000000000 ) ) ;
#166 = PRODUCT ( 'RODILLO TENSOR', 'RODILLO TENSOR', '', ( #1331 ) ) ;
#167 = DIRECTION ( 'NONE',  ( 0.000000000000000000, -0.000000000000000000, 1.000000000000000000 ) ) ;
#168 = DIRECTION ( 'NONE',  ( 1.224646799147353454E-16, 0.000000000000000000, -1.000000000000000000 ) ) ;
#169 = EDGE_CURVE ( 'NONE', #334, #694, #270, .T. ) ;
#170 = EDGE_LOOP ( 'NONE', ( #295, #215, #373, #336 ) ) ;
#171 = DIRECTION ( 'NONE',  ( 1.000000000000000000, -0.000000000000000000, 1.224646799147353207E-16 ) ) ;
#172 = CARTESIAN_POINT ( 'NONE',  ( 0.000000000000000000, -2.167792998515511549, -7.750000000000000000 ) ) ;
#173 = DIRECTION ( 'NONE',  ( 0.000000000000000000, 1.000000000000000000, 0.000000000000000000 ) ) ;
#174 = EDGE_CURVE ( 'NONE', #944, #87, #1308, .T. ) ;
#175 = ORIENTED_EDGE ( 'NONE', *, *, #563, .T. ) ;
#176 = AXIS2_PLACEMENT_3D ( 'NONE', #759, #74, #1117 ) ;
#177 = FACE_OUTER_BOUND ( 'NONE', #11, .T. ) ;
#178 = AXIS2_PLACEMENT_3D ( 'NONE', #1196, #855, #1284 ) ;
#179 = CIRCLE ( 'NONE', #688, 7.000000000000000000 ) ;
#180 = AXIS2_PLACEMENT_3D ( 'NONE', #516, #1408, #388 ) ;
#181 = ORIENTED_EDGE ( 'NONE', *, *, #1332, .T. ) ;
#182 = VERTEX_POINT ( 'NONE', #391 ) ;
#183 = ORIENTED_EDGE ( 'NONE', *, *, #776, .F. ) ;
#184 = LINE ( 'NONE', #998, #735 ) ;
#185 = VERTEX_POINT ( 'NONE', #1190 ) ;
#186 = ORIENTED_EDGE ( 'NONE', *, *, #1195, .F. ) ;
#187 = DIRECTION ( 'NONE',  ( 0.000000000000000000, -0.000000000000000000, 1.000000000000000000 ) ) ;
#188 = DIRECTION ( 'NONE',  ( 0.000000000000000000, 0.000000000000000000, 1.000000000000000000 ) ) ;
#189 = FACE_OUTER_BOUND ( 'NONE', #726, .T. ) ;
#190 = EDGE_CURVE ( 'NONE', #1290, #62, #402, .T. ) ;
#191 = EDGE_LOOP ( 'NONE', ( #1037, #58, #327, #1462 ) ) ;
#192 = CARTESIAN_POINT ( 'NONE',  ( 0.000000000000000000, 7.750000000000000000, 0.000000000000000000 ) ) ;
#193 = FACE_OUTER_BOUND ( 'NONE', #704, .T. ) ;
#194 = CARTESIAN_POINT ( 'NONE',  ( 6.123233995736766282E-16, 5.500000000000000000, 5.000000000000000000 ) ) ;
#195 = ORIENTED_EDGE ( 'NONE', *, *, #625, .F. ) ;
#196 = DIRECTION ( 'NONE',  ( -0.000000000000000000, 1.000000000000000000, -0.000000000000000000 ) ) ;
#197 = EDGE_LOOP ( 'NONE', ( #923, #405 ) ) ;
#198 = ADVANCED_FACE ( 'NONE', ( #32 ), #1276, .F. ) ;
#199 = TOROIDAL_SURFACE ( 'NONE', #1157, 2.850000000000000089, 0.2500000000000000000 ) ;
#200 = AXIS2_PLACEMENT_3D ( 'NONE', #626, #1077, #331 ) ;
#201 = ORIENTED_EDGE ( 'NONE', *, *, #1258, .T. ) ;
#202 = AXIS2_PLACEMENT_3D ( 'NONE', #1351, #824, #222 ) ;
#203 = CIRCLE ( 'NONE', #575, 8.000000000000000000 ) ;
#204 = EDGE_LOOP ( 'NONE', ( #19, #1126, #205, #933 ) ) ;
#205 = ORIENTED_EDGE ( 'NONE', *, *, #984, .T. ) ;
#206 = DIRECTION ( 'NONE',  ( -0.000000000000000000, -1.000000000000000000, -0.000000000000000000 ) ) ;
#207 = TOROIDAL_SURFACE ( 'NONE', #404, 3.499999999999999556, 0.2500000000000000000 ) ;
#208 = CARTESIAN_POINT ( 'NONE',  ( 0.000000000000000000, -0.6142016085103779721, 0.000000000000000000 ) ) ;
#209 = DIRECTION ( 'NONE',  ( 0.000000000000000000, 0.000000000000000000, 1.000000000000000000 ) ) ;
#210 = EDGE_LOOP ( 'NONE', ( #386, #1354 ) ) ;
#211 = EDGE_CURVE ( 'NONE', #1012, #489, #1107, .T. ) ;
#212 = CARTESIAN_POINT ( 'NONE',  ( 0.000000000000000000, -8.250000000000000000, 3.750000000000000000 ) ) ;
#213 = DIRECTION ( 'NONE',  ( 0.000000000000000000, 0.000000000000000000, -1.000000000000000000 ) ) ;
#214 = ORIENTED_EDGE ( 'NONE', *, *, #856, .F. ) ;
#215 = ORIENTED_EDGE ( 'NONE', *, *, #1420, .T. ) ;
#216 = DIRECTION ( 'NONE',  ( 0.000000000000000000, 0.000000000000000000, -1.000000000000000000 ) ) ;
#217 = ADVANCED_FACE ( 'NONE', ( #623 ), #1024, .T. ) ;
#218 = CARTESIAN_POINT ( 'NONE',  ( 3.490243377569956554E-16, 11.50000000000000000, -2.850000000000000089 ) ) ;
#219 = VERTEX_POINT ( 'NONE', #1392 ) ;
#220 = ORIENTED_EDGE ( 'NONE', *, *, #1124, .F. ) ;
#221 = CIRCLE ( 'NONE', #423, 2.850000000000000089 ) ;
#222 = DIRECTION ( 'NONE',  ( 0.000000000000000000, 0.000000000000000000, 1.000000000000000000 ) ) ;
#223 = TOROIDAL_SURFACE ( 'NONE', #1273, 2.850000000000000089, 0.2500000000000000000 ) ;
#224 = VECTOR ( 'NONE', #408, 1000.000000000000000 ) ;
#225 = CIRCLE ( 'NONE', #156, 0.2500000000000002220 ) ;
#226 = DIRECTION ( 'NONE',  ( 0.000000000000000000, 0.000000000000000000, 1.000000000000000000 ) ) ;
#227 = CARTESIAN_POINT ( 'NONE',  ( 0.000000000000000000, 5.500000000000000000, 0.000000000000000000 ) ) ;
#228 = EDGE_CURVE ( 'NONE', #877, #779, #153, .T. ) ;
#229 = CIRCLE ( 'NONE', #812, 6.750000000000000000 ) ;
#230 = AXIS2_PLACEMENT_3D ( 'NONE', #447, #299, #1211 ) ;
#231 =( LENGTH_UNIT ( ) NAMED_UNIT ( * ) SI_UNIT ( .MILLI., .METRE. ) );
#232 = ORIENTED_EDGE ( 'NONE', *, *, #587, .T. ) ;
#233 = EDGE_CURVE ( 'NONE', #636, #87, #1001, .T. ) ;
#234 = FACE_OUTER_BOUND ( 'NONE', #1031, .T. ) ;
#235 = DIRECTION ( 'NONE',  ( 0.000000000000000000, 1.000000000000000000, 0.000000000000000000 ) ) ;
#236 = EDGE_CURVE ( 'NONE', #313, #911, #480, .T. ) ;
#237 = DIRECTION ( 'NONE',  ( 1.000000000000000000, -0.000000000000000000, 1.224646799147353207E-16 ) ) ;
#238 = VERTEX_POINT ( 'NONE', #305 ) ;
#239 = ORIENTED_EDGE ( 'NONE', *, *, #1266, .F. ) ;
#240 = ORIENTED_EDGE ( 'NONE', *, *, #56, .F. ) ;
#241 = DIRECTION ( 'NONE',  ( 0.000000000000000000, 0.000000000000000000, 1.000000000000000000 ) ) ;
#242 = DIRECTION ( 'NONE',  ( 0.000000000000000000, 0.000000000000000000, -1.000000000000000000 ) ) ;
#243 = DIRECTION ( 'NONE',  ( 0.000000000000000000, 0.000000000000000000, 1.000000000000000000 ) ) ;
#244 = ORIENTED_EDGE ( 'NONE', *, *, #889, .T. ) ;
#245 = DIRECTION ( 'NONE',  ( 0.000000000000000000, 0.000000000000000000, -1.000000000000000000 ) ) ;
#246 = AXIS2_PLACEMENT_3D ( 'NONE', #611, #1412, #834 ) ;
#247 = CARTESIAN_POINT ( 'NONE',  ( 4.439344646909155037E-16, 8.750000000000000000, -3.499999999999999556 ) ) ;
#248 = AXIS2_PLACEMENT_3D ( 'NONE', #650, #1451, #187 ) ;
#249 = CARTESIAN_POINT ( 'NONE',  ( 0.000000000000000000, -7.500000000000000000, 0.000000000000000000 ) ) ;
#250 = AXIS2_PLACEMENT_3D ( 'NONE', #798, #487, #471 ) ;
#251 = FILL_AREA_STYLE_COLOUR ( '', #48 ) ;
#252 = AXIS2_PLACEMENT_3D ( 'NONE', #1471, #775, #209 ) ;
#253 = ORIENTED_EDGE ( 'NONE', *, *, #1075, .T. ) ;
#254 = CYLINDRICAL_SURFACE ( 'NONE', #1130, 3.100000000000000089 ) ;
#255 = EDGE_CURVE ( 'NONE', #922, #1223, #98, .T. ) ;
#256 = ORIENTED_EDGE ( 'NONE', *, *, #297, .T. ) ;
#257 = DIRECTION ( 'NONE',  ( 1.224646799147352961E-16, 0.000000000000000000, -1.000000000000000000 ) ) ;
#258 = DIRECTION ( 'NONE',  ( -1.000000000000000000, 0.000000000000000000, 0.000000000000000000 ) ) ;
#259 = CARTESIAN_POINT ( 'NONE',  ( 4.898587196589412829E-16, 8.000000000000000000, -4.000000000000000000 ) ) ;
#260 = ORIENTED_EDGE ( 'NONE', *, *, #68, .F. ) ;
#261 = DIRECTION ( 'NONE',  ( 0.000000000000000000, 1.000000000000000000, 0.000000000000000000 ) ) ;
#262 = CARTESIAN_POINT ( 'NONE',  ( 0.000000000000000000, 11.75000000000000000, 0.000000000000000000 ) ) ;
#263 = EDGE_CURVE ( 'NONE', #332, #182, #1422, .T. ) ;
#264 = DIRECTION ( 'NONE',  ( -1.000000000000000000, -0.000000000000000000, -0.000000000000000000 ) ) ;
#265 = DIRECTION ( 'NONE',  ( 0.000000000000000000, 0.000000000000000000, 1.000000000000000000 ) ) ;
#266 = ORIENTED_EDGE ( 'NONE', *, *, #536, .F. ) ;
#267 = DIRECTION ( 'NONE',  ( 0.000000000000000000, 0.000000000000000000, 1.000000000000000000 ) ) ;
#268 = ORIENTED_EDGE ( 'NONE', *, *, #400, .F. ) ;
#269 = CARTESIAN_POINT ( 'NONE',  ( 0.000000000000000000, -11.25000000000000000, 0.000000000000000000 ) ) ;
#270 = LINE ( 'NONE', #1170, #1393 ) ;
#271 = CIRCLE ( 'NONE', #661, 7.750000000000000000 ) ;
#272 = CIRCLE ( 'NONE', #1368, 0.2500000000000002220 ) ;
#273 = AXIS2_PLACEMENT_3D ( 'NONE', #1181, #1289, #1425 ) ;
#274 = ADVANCED_FACE ( 'NONE', ( #1216 ), #960, .T. ) ;
#275 = CARTESIAN_POINT ( 'NONE',  ( 9.491012693391987787E-16, -2.167792998515511549, 7.750000000000000000 ) ) ;
#276 = CIRCLE ( 'NONE', #180, 0.2500000000000002220 ) ;
#277 = CARTESIAN_POINT ( 'NONE',  ( 0.000000000000000000, 8.750000000000000000, -3.100000000000000089 ) ) ;
#278 = CARTESIAN_POINT ( 'NONE',  ( 0.000000000000000000, 11.75000000000000000, 0.000000000000000000 ) ) ;
#279 = LINE ( 'NONE', #1410, #224 ) ;
#280 = DIRECTION ( 'NONE',  ( 0.000000000000000000, 0.000000000000000000, -1.000000000000000000 ) ) ;
#281 = ADVANCED_FACE ( 'NONE', ( #193 ), #375, .T. ) ;
#282 = CARTESIAN_POINT ( 'NONE',  ( 9.738857878933713119E-16, -2.314564760490961159, -7.952380952380951662 ) ) ;
#283 = CARTESIAN_POINT ( 'NONE',  ( 0.000000000000000000, -6.999999999999999112, 0.000000000000000000 ) ) ;
#284 = ORIENTED_EDGE ( 'NONE', *, *, #1111, .T. ) ;
#285 = ORIENTED_EDGE ( 'NONE', *, *, #1166, .F. ) ;
#286 = LINE ( 'NONE', #538, #481 ) ;
#287 = EDGE_LOOP ( 'NONE', ( #195, #266, #244, #874 ) ) ;
#288 = CARTESIAN_POINT ( 'NONE',  ( 1.745121688784978277E-16, -11.00000000000000000, 1.425000000000000044 ) ) ;
#289 = CARTESIAN_POINT ( 'NONE',  ( 0.000000000000000000, -11.00000000000000000, -2.850000000000000089 ) ) ;
#290 = AXIS2_PLACEMENT_3D ( 'NONE', #498, #163, #41 ) ;
#291 = AXIS2_PLACEMENT_3D ( 'NONE', #1215, #439, #1313 ) ;
#292 = CARTESIAN_POINT ( 'NONE',  ( 0.000000000000000000, -11.00000000000000000, 0.000000000000000000 ) ) ;
#293 = AXIS2_PLACEMENT_3D ( 'NONE', #667, #173, #1000 ) ;
#294 = AXIS2_PLACEMENT_3D ( 'NONE', #1010, #567, #1108 ) ;
#295 = ORIENTED_EDGE ( 'NONE', *, *, #815, .F. ) ;
#296 = DIRECTION ( 'NONE',  ( -0.000000000000000000, 1.000000000000000000, -0.000000000000000000 ) ) ;
#297 = EDGE_CURVE ( 'NONE', #354, #1213, #225, .T. ) ;
#298 = CIRCLE ( 'NONE', #887, 0.2500000000000000000 ) ;
#299 = DIRECTION ( 'NONE',  ( 1.000000000000000000, 0.000000000000000000, -1.224646799147353207E-16 ) ) ;
#300 = ORIENTED_EDGE ( 'NONE', *, *, #174, .F. ) ;
#301 = DIRECTION ( 'NONE',  ( 0.000000000000000000, 0.000000000000000000, -1.000000000000000000 ) ) ;
#302 = ORIENTED_EDGE ( 'NONE', *, *, #440, .F. ) ;
#303 = ORIENTED_EDGE ( 'NONE', *, *, #872, .T. ) ;
#304 = DIRECTION ( 'NONE',  ( 1.214169776012528715E-16, -0.1305261922200484648, 0.9914448613738108262 ) ) ;
#305 = CARTESIAN_POINT ( 'NONE',  ( 0.000000000000000000, -7.249999999999999112, 6.750000000000000000 ) ) ;
#306 = EDGE_CURVE ( 'NONE', #362, #908, #1371, .T. ) ;
#307 = PLANE ( 'NONE',  #1277 ) ;
#308 = ORIENTED_EDGE ( 'NONE', *, *, #350, .T. ) ;
#309 = CARTESIAN_POINT ( 'NONE',  ( 4.898587196589412829E-16, -7.500000000000000000, -4.000000000000000000 ) ) ;
#310 = ORIENTED_EDGE ( 'NONE', *, *, #822, .F. ) ;
#311 = FACE_OUTER_BOUND ( 'NONE', #617, .T. ) ;
#312 = DIRECTION ( 'NONE',  ( 0.000000000000000000, -1.000000000000000000, 0.000000000000000000 ) ) ;
#313 = VERTEX_POINT ( 'NONE', #84 ) ;
#314 = CIRCLE ( 'NONE', #290, 8.000000000000000000 ) ;
#315 = ADVANCED_FACE ( 'NONE', ( #446 ), #1423, .T. ) ;
#316 = CIRCLE ( 'NONE', #523, 3.100000000000000089 ) ;
#317 = VERTEX_POINT ( 'NONE', #752 ) ;
#318 = VECTOR ( 'NONE', #1483, 1000.000000000000000 ) ;
#319 = CONICAL_SURFACE ( 'NONE', #250, 4.999999999999924505, 1.439896632895325101 ) ;
#320 = FACE_BOUND ( 'NONE', #442, .T. ) ;
#321 = AXIS2_PLACEMENT_3D ( 'NONE', #674, #312, #213 ) ;
#322 = CARTESIAN_POINT ( 'NONE',  ( 0.000000000000000000, 11.75000000000000000, 1.675000000000000044 ) ) ;
#323 = ORIENTED_EDGE ( 'NONE', *, *, #228, .T. ) ;
#324 = DIRECTION ( 'NONE',  ( 0.000000000000000000, 0.000000000000000000, 1.000000000000000000 ) ) ;
#325 = ORIENTED_EDGE ( 'NONE', *, *, #8, .T. ) ;
#326 = EDGE_CURVE ( 'NONE', #87, #843, #1301, .T. ) ;
#327 = ORIENTED_EDGE ( 'NONE', *, *, #749, .F. ) ;
#328 = ORIENTED_EDGE ( 'NONE', *, *, #947, .F. ) ;
#329 = DIRECTION ( 'NONE',  ( 1.000000000000000000, -0.000000000000000000, 1.224646799147353207E-16 ) ) ;
#330 = DIRECTION ( 'NONE',  ( -0.000000000000000000, -1.000000000000000000, -0.000000000000000000 ) ) ;
#331 = DIRECTION ( 'NONE',  ( 0.000000000000000000, 0.000000000000000000, -1.000000000000000000 ) ) ;
#332 = VERTEX_POINT ( 'NONE', #1314 ) ;
#333 = ORIENTED_EDGE ( 'NONE', *, *, #479, .F. ) ;
#334 = VERTEX_POINT ( 'NONE', #457 ) ;
#335 = CARTESIAN_POINT ( 'NONE',  ( 0.000000000000000000, 11.50000000000000000, 0.000000000000000000 ) ) ;
#336 = ORIENTED_EDGE ( 'NONE', *, *, #968, .T. ) ;
#337 = CARTESIAN_POINT ( 'NONE',  ( 0.000000000000000000, -7.500000000000000000, 0.000000000000000000 ) ) ;
#338 = ADVANCED_FACE ( 'NONE', ( #935, #1376 ), #1282, .T. ) ;
#339 = DIRECTION ( 'NONE',  ( 0.000000000000000000, 0.000000000000000000, 1.000000000000000000 ) ) ;
#340 = DIRECTION ( 'NONE',  ( 0.000000000000000000, 0.000000000000000000, -1.000000000000000000 ) ) ;
#341 = ORIENTED_EDGE ( 'NONE', *, *, #263, .F. ) ;
#342 = AXIS2_PLACEMENT_3D ( 'NONE', #108, #585, #1034 ) ;
#343 = AXIS2_PLACEMENT_3D ( 'NONE', #841, #1280, #743 ) ;
#344 = AXIS2_PLACEMENT_3D ( 'NONE', #53, #1188, #746 ) ;
#345 = EDGE_LOOP ( 'NONE', ( #1088, #618, #325, #124 ) ) ;
#346 = FACE_OUTER_BOUND ( 'NONE', #120, .T. ) ;
#347 = CIRCLE ( 'NONE', #1185, 7.782631548055011450 ) ;
#348 = AXIS2_PLACEMENT_3D ( 'NONE', #518, #150, #135 ) ;
#349 = CIRCLE ( 'NONE', #1187, 0.2500000000000002220 ) ;
#350 = EDGE_CURVE ( 'NONE', #900, #52, #1026, .T. ) ;
#351 = CARTESIAN_POINT ( 'NONE',  ( 0.000000000000000000, 11.75000000000000000, 0.000000000000000000 ) ) ;
#352 = CARTESIAN_POINT ( 'NONE',  ( 0.000000000000000000, -5.249999999999999112, 0.000000000000000000 ) ) ;
#353 = FACE_OUTER_BOUND ( 'NONE', #1121, .T. ) ;
#354 = VERTEX_POINT ( 'NONE', #512 ) ;
#355 = VERTEX_POINT ( 'NONE', #722 ) ;
#356 = CARTESIAN_POINT ( 'NONE',  ( 0.000000000000000000, -11.25000000000000000, 0.000000000000000000 ) ) ;
#357 = CARTESIAN_POINT ( 'NONE',  ( 0.000000000000000000, 5.500000000000000000, -5.000000000000000000 ) ) ;
#358 = DIRECTION ( 'NONE',  ( 0.000000000000000000, -1.000000000000000000, 0.000000000000000000 ) ) ;
#359 = VERTEX_POINT ( 'NONE', #521 ) ;
#360 = EDGE_LOOP ( 'NONE', ( #578, #395, #104, #366 ) ) ;
#361 = DIRECTION ( 'NONE',  ( -0.000000000000000000, 1.000000000000000000, -0.000000000000000000 ) ) ;
#362 = VERTEX_POINT ( 'NONE', #1168 ) ;
#363 = DIRECTION ( 'NONE',  ( -0.000000000000000000, -1.000000000000000000, -0.000000000000000000 ) ) ;
#364 = DIRECTION ( 'NONE',  ( 0.000000000000000000, 0.000000000000000000, 1.000000000000000000 ) ) ;
#365 = CARTESIAN_POINT ( 'NONE',  ( 0.000000000000000000, -0.6142016085103779721, 0.000000000000000000 ) ) ;
#366 = ORIENTED_EDGE ( 'NONE', *, *, #190, .F. ) ;
#367 = FACE_OUTER_BOUND ( 'NONE', #170, .T. ) ;
#368 = EDGE_CURVE ( 'NONE', #604, #757, #740, .T. ) ;
#369 = AXIS2_PLACEMENT_3D ( 'NONE', #1478, #374, #462 ) ;
#370 = DIRECTION ( 'NONE',  ( 0.000000000000000000, 1.000000000000000000, 0.000000000000000000 ) ) ;
#371 = CIRCLE ( 'NONE', #499, 5.000000000000000000 ) ;
#372 = TOROIDAL_SURFACE ( 'NONE', #344, 7.750000000000000000, 0.2500000000000000000 ) ;
#373 = ORIENTED_EDGE ( 'NONE', *, *, #1114, .T. ) ;
#374 = DIRECTION ( 'NONE',  ( -0.000000000000000000, -1.000000000000000000, -0.000000000000000000 ) ) ;
#375 = TOROIDAL_SURFACE ( 'NONE', #293, 7.750000000000000000, 0.2500000000000000000 ) ;
#376 = DIRECTION ( 'NONE',  ( -0.000000000000000000, 1.000000000000000000, -0.000000000000000000 ) ) ;
#377 = AXIS2_PLACEMENT_3D ( 'NONE', #1080, #363, #1287 ) ;
#378 = ORIENTED_EDGE ( 'NONE', *, *, #1491, .F. ) ;
#379 = DIRECTION ( 'NONE',  ( 0.000000000000000000, 0.000000000000000000, 1.000000000000000000 ) ) ;
#380 = ORIENTED_EDGE ( 'NONE', *, *, #1452, .T. ) ;
#381 = EDGE_CURVE ( 'NONE', #602, #1342, #349, .T. ) ;
#382 = DIRECTION ( 'NONE',  ( 0.000000000000000000, 0.000000000000000000, 1.000000000000000000 ) ) ;
#383 = LINE ( 'NONE', #1294, #1163 ) ;
#384 = DIRECTION ( 'NONE',  ( -1.000000000000000000, -0.000000000000000000, -0.000000000000000000 ) ) ;
#385 = DIRECTION ( 'NONE',  ( 0.000000000000000000, -1.000000000000000000, 0.000000000000000000 ) ) ;
#386 = ORIENTED_EDGE ( 'NONE', *, *, #255, .T. ) ;
#387 = DIRECTION ( 'NONE',  ( 0.000000000000000000, 0.000000000000000000, 1.000000000000000000 ) ) ;
#388 = DIRECTION ( 'NONE',  ( -1.224646799147349509E-16, 0.000000000000000000, -1.000000000000000000 ) ) ;
#389 = DIRECTION ( 'NONE',  ( -0.000000000000000000, -1.000000000000000000, -0.000000000000000000 ) ) ;
#390 = ADVANCED_FACE ( 'NONE', ( #612 ), #75, .F. ) ;
#391 = CARTESIAN_POINT ( 'NONE',  ( 0.000000000000000000, -2.167792998515511549, 8.000000000000000000 ) ) ;
#392 = EDGE_CURVE ( 'NONE', #219, #313, #276, .T. ) ;
#393 = DIRECTION ( 'NONE',  ( -0.000000000000000000, 1.000000000000000000, -0.000000000000000000 ) ) ;
#394 = CARTESIAN_POINT ( 'NONE',  ( 0.000000000000000000, -7.249999999999999112, 7.000000000000000000 ) ) ;
#395 = ORIENTED_EDGE ( 'NONE', *, *, #448, .F. ) ;
#396 = CARTESIAN_POINT ( 'NONE',  ( 0.000000000000000000, -11.25000000000000000, 0.000000000000000000 ) ) ;
#397 = FACE_OUTER_BOUND ( 'NONE', #588, .T. ) ;
#398 = AXIS2_PLACEMENT_3D ( 'NONE', #721, #520, #139 ) ;
#399 = AXIS2_PLACEMENT_3D ( 'NONE', #103, #945, #954 ) ;
#400 = EDGE_CURVE ( 'NONE', #604, #334, #428, .T. ) ;
#401 = AXIS2_PLACEMENT_3D ( 'NONE', #269, #621, #407 ) ;
#402 = CIRCLE ( 'NONE', #1067, 7.000000000000000000 ) ;
#403 = DIRECTION ( 'NONE',  ( 0.000000000000000000, 0.000000000000000000, 1.000000000000000000 ) ) ;
#404 = AXIS2_PLACEMENT_3D ( 'NONE', #1453, #1329, #885 ) ;
#405 = ORIENTED_EDGE ( 'NONE', *, *, #8, .F. ) ;
#406 = EDGE_CURVE ( 'NONE', #877, #219, #383, .T. ) ;
#407 = DIRECTION ( 'NONE',  ( 0.000000000000000000, 0.000000000000000000, -1.000000000000000000 ) ) ;
#408 = DIRECTION ( 'NONE',  ( -0.000000000000000000, 1.000000000000000000, -0.000000000000000000 ) ) ;
#409 = CARTESIAN_POINT ( 'NONE',  ( 0.000000000000000000, -2.250000000000000000, 0.000000000000000000 ) ) ;
#410 = ADVANCED_FACE ( 'NONE', ( #852 ), #1414, .T. ) ;
#411 = ORIENTED_EDGE ( 'NONE', *, *, #44, .F. ) ;
#412 = ORIENTED_EDGE ( 'NONE', *, *, #1319, .T. ) ;
#413 = DIRECTION ( 'NONE',  ( 0.000000000000000000, 0.000000000000000000, 1.000000000000000000 ) ) ;
#414 = DIRECTION ( 'NONE',  ( 0.000000000000000000, 0.000000000000000000, 1.000000000000000000 ) ) ;
#415 = ORIENTED_EDGE ( 'NONE', *, *, #392, .F. ) ;
#416 = CARTESIAN_POINT ( 'NONE',  ( 0.000000000000000000, -7.500000000000000000, 0.000000000000000000 ) ) ;
#417 = EDGE_CURVE ( 'NONE', #630, #1381, #131, .T. ) ;
#418 = EDGE_LOOP ( 'NONE', ( #1137, #1286 ) ) ;
#419 = LINE ( 'NONE', #880, #127 ) ;
#420 = DIRECTION ( 'NONE',  ( 0.000000000000000000, 0.000000000000000000, -1.000000000000000000 ) ) ;
#421 = TOROIDAL_SURFACE ( 'NONE', #148, 12.00000000000000000, 5.000000000000000000 ) ;
#422 = FACE_BOUND ( 'NONE', #1306, .T. ) ;
#423 = AXIS2_PLACEMENT_3D ( 'NONE', #107, #584, #245 ) ;
#424 = CARTESIAN_POINT ( 'NONE',  ( 0.000000000000000000, -8.250000000000000000, 0.000000000000000000 ) ) ;
#425 = TOROIDAL_SURFACE ( 'NONE', #1492, 7.750000000000000000, 0.2500000000000000000 ) ;
#426 = AXIS2_PLACEMENT_3D ( 'NONE', #227, #693, #1485 ) ;
#427 = AXIS2_PLACEMENT_3D ( 'NONE', #1448, #79, #778 ) ;
#428 = CIRCLE ( 'NONE', #377, 3.750000000000000000 ) ;
#429 = ADVANCED_FACE ( 'NONE', ( #728 ), #12, .T. ) ;
#430 = ORIENTED_EDGE ( 'NONE', *, *, #89, .T. ) ;
#431 = FACE_OUTER_BOUND ( 'NONE', #1146, .T. ) ;
#432 = AXIS2_PLACEMENT_3D ( 'NONE', #99, #591, #813 ) ;
#433 = FACE_OUTER_BOUND ( 'NONE', #773, .T. ) ;
#434 = ORIENTED_EDGE ( 'NONE', *, *, #1443, .T. ) ;
#435 = CARTESIAN_POINT ( 'NONE',  ( 0.000000000000000000, -2.250000000000000000, 8.000000000000000000 ) ) ;
#436 = ORIENTED_EDGE ( 'NONE', *, *, #599, .F. ) ;
#437 = ORIENTED_EDGE ( 'NONE', *, *, #1007, .T. ) ;
#438 = EDGE_CURVE ( 'NONE', #1201, #894, #1087, .T. ) ;
#439 = DIRECTION ( 'NONE',  ( -1.000000000000000000, -0.000000000000000000, -0.000000000000000000 ) ) ;
#440 = EDGE_CURVE ( 'NONE', #604, #1046, #286, .T. ) ;
#441 = LINE ( 'NONE', #783, #1231 ) ;
#442 = EDGE_LOOP ( 'NONE', ( #1330, #557 ) ) ;
#443 = DIRECTION ( 'NONE',  ( 0.000000000000000000, 0.000000000000000000, 1.000000000000000000 ) ) ;
#444 = ORIENTED_EDGE ( 'NONE', *, *, #1332, .F. ) ;
#445 = FACE_OUTER_BOUND ( 'NONE', #1090, .T. ) ;
#446 = FACE_OUTER_BOUND ( 'NONE', #1434, .T. ) ;
#447 = CARTESIAN_POINT ( 'NONE',  ( 4.286263797015736102E-16, -8.000000000000000000, 3.499999999999999556 ) ) ;
#448 = EDGE_CURVE ( 'NONE', #238, #1055, #456, .T. ) ;
#449 = CARTESIAN_POINT ( 'NONE',  ( 0.000000000000000000, 7.750000000000000000, 4.000000000000000000 ) ) ;
#450 = ORIENTED_EDGE ( 'NONE', *, *, #27, .F. ) ;
#451 = AXIS2_PLACEMENT_3D ( 'NONE', #1047, #912, #461 ) ;
#452 = TOROIDAL_SURFACE ( 'NONE', #713, 4.000000000000000000, 0.2500000000000000000 ) ;
#453 = AXIS2_PLACEMENT_3D ( 'NONE', #993, #782, #420 ) ;
#454 = ADVANCED_FACE ( 'NONE', ( #1009, #758 ), #750, .F. ) ;
#455 = DIRECTION ( 'NONE',  ( -0.000000000000000000, -1.000000000000000000, -0.000000000000000000 ) ) ;
#456 = CIRCLE ( 'NONE', #663, 6.750000000000000000 ) ;
#457 = CARTESIAN_POINT ( 'NONE',  ( 4.592425496802573972E-16, 8.500000000000000000, 3.750000000000000000 ) ) ;
#458 = CARTESIAN_POINT ( 'NONE',  ( 0.000000000000000000, 5.500000000000000000, -5.000000000000000000 ) ) ;
#459 = ORIENTED_EDGE ( 'NONE', *, *, #1138, .T. ) ;
#460 = ORIENTED_EDGE ( 'NONE', *, *, #297, .F. ) ;
#461 = DIRECTION ( 'NONE',  ( 0.000000000000000000, 0.000000000000000000, 1.000000000000000000 ) ) ;
#462 = DIRECTION ( 'NONE',  ( 0.000000000000000000, 0.000000000000000000, -1.000000000000000000 ) ) ;
#463 = CARTESIAN_POINT ( 'NONE',  ( 0.000000000000000000, 7.500000000000000000, 0.000000000000000000 ) ) ;
#464 = SURFACE_STYLE_FILL_AREA ( #496 ) ;
#465 = ORIENTED_EDGE ( 'NONE', *, *, #599, .T. ) ;
#466 = ORIENTED_EDGE ( 'NONE', *, *, #1258, .F. ) ;
#467 = EDGE_CURVE ( 'NONE', #132, #1016, #1395, .T. ) ;
#468 = ORIENTED_EDGE ( 'NONE', *, *, #795, .F. ) ;
#469 = CARTESIAN_POINT ( 'NONE',  ( 0.000000000000000000, 5.500000000000000000, 0.000000000000000000 ) ) ;
#470 = DIRECTION ( 'NONE',  ( 0.000000000000000000, 0.000000000000000000, 1.000000000000000000 ) ) ;
#471 = DIRECTION ( 'NONE',  ( 0.000000000000000000, 0.000000000000000000, -1.000000000000000000 ) ) ;
#472 = DIRECTION ( 'NONE',  ( 0.000000000000000000, 1.000000000000000000, 0.000000000000000000 ) ) ;
#473 = ORIENTED_EDGE ( 'NONE', *, *, #236, .T. ) ;
#474 = AXIS2_PLACEMENT_3D ( 'NONE', #278, #389, #1198 ) ;
#475 = AXIS2_PLACEMENT_3D ( 'NONE', #980, #754, #1183 ) ;
#476 = EDGE_LOOP ( 'NONE', ( #1481, #1076, #1239, #155 ) ) ;
#477 = CIRCLE ( 'NONE', #544, 3.750000000000000000 ) ;
#478 = CARTESIAN_POINT ( 'NONE',  ( 0.000000000000000000, 11.50000000000000000, 0.000000000000000000 ) ) ;
#479 = EDGE_CURVE ( 'NONE', #359, #757, #763, .T. ) ;
#480 = CIRCLE ( 'NONE', #809, 7.782631548055011450 ) ;
#481 = VECTOR ( 'NONE', #1101, 1000.000000000000000 ) ;
#482 = CARTESIAN_POINT ( 'NONE',  ( 3.796405077356794918E-16, -8.250000000000000000, -3.100000000000000089 ) ) ;
#483 = FACE_OUTER_BOUND ( 'NONE', #509, .T. ) ;
#484 = ORIENTED_EDGE ( 'NONE', *, *, #56, .T. ) ;
#485 = DIRECTION ( 'NONE',  ( 0.000000000000000000, 0.000000000000000000, 1.000000000000000000 ) ) ;
#486 = DIRECTION ( 'NONE',  ( 0.000000000000000000, 0.000000000000000000, -1.000000000000000000 ) ) ;
#487 = DIRECTION ( 'NONE',  ( 0.000000000000000000, -1.000000000000000000, 0.000000000000000000 ) ) ;
#488 = ADVANCED_FACE ( 'NONE', ( #986 ), #207, .T. ) ;
#489 = VERTEX_POINT ( 'NONE', #654 ) ;
#490 = ORIENTED_EDGE ( 'NONE', *, *, #233, .F. ) ;
#491 = ORIENTED_EDGE ( 'NONE', *, *, #581, .F. ) ;
#492 = CARTESIAN_POINT ( 'NONE',  ( 0.000000000000000000, 8.750000000000000000, 0.000000000000000000 ) ) ;
#493 = DIRECTION ( 'NONE',  ( 0.000000000000000000, 0.000000000000000000, 1.000000000000000000 ) ) ;
#494 = DIRECTION ( 'NONE',  ( 0.000000000000000000, 0.000000000000000000, 1.000000000000000000 ) ) ;
#495 = EDGE_CURVE ( 'NONE', #138, #1152, #962, .T. ) ;
#496 = FILL_AREA_STYLE ('',( #251 ) ) ;
#497 = EDGE_LOOP ( 'NONE', ( #1254, #1261, #562, #220 ) ) ;
#498 = CARTESIAN_POINT ( 'NONE',  ( 0.000000000000000000, -0.6142016085103779721, 0.000000000000000000 ) ) ;
#499 = AXIS2_PLACEMENT_3D ( 'NONE', #1172, #1056, #18 ) ;
#500 = AXIS2_PLACEMENT_3D ( 'NONE', #1241, #597, #10 ) ;
#501 = ORIENTED_EDGE ( 'NONE', *, *, #866, .T. ) ;
#502 = DIRECTION ( 'NONE',  ( 0.000000000000000000, 0.000000000000000000, -1.000000000000000000 ) ) ;
#503 = TOROIDAL_SURFACE ( 'NONE', #1468, 4.000000000000000000, 0.2500000000000000000 ) ;
#504 = DIRECTION ( 'NONE',  ( 0.000000000000000000, 0.000000000000000000, 1.000000000000000000 ) ) ;
#505 = CIRCLE ( 'NONE', #426, 5.000000000000000000 ) ;
#506 = PLANE ( 'NONE',  #931 ) ;
#507 = AXIS2_PLACEMENT_3D ( 'NONE', #1179, #619, #1071 ) ;
#508 = DIRECTION ( 'NONE',  ( 0.000000000000000000, 1.000000000000000000, 0.000000000000000000 ) ) ;
#509 = EDGE_LOOP ( 'NONE', ( #81, #959, #605, #615 ) ) ;
#510 = ADVANCED_FACE ( 'NONE', ( #1015 ), #1229, .T. ) ;
#511 = CYLINDRICAL_SURFACE ( 'NONE', #1318, 5.000000000000000000 ) ;
#512 = CARTESIAN_POINT ( 'NONE',  ( 3.796405077356794918E-16, -11.00000000000000000, -3.100000000000000089 ) ) ;
#513 = DIRECTION ( 'NONE',  ( 0.000000000000000000, 0.000000000000000000, 1.000000000000000000 ) ) ;
#514 = CARTESIAN_POINT ( 'NONE',  ( 0.000000000000000000, -5.249999999999999112, 7.000000000000000000 ) ) ;
#515 = ADVANCED_FACE ( 'NONE', ( #422, #433 ), #307, .T. ) ;
#516 = CARTESIAN_POINT ( 'NONE',  ( 9.491012693391987787E-16, 6.114201608510377639, 7.750000000000000000 ) ) ;
#517 = DIRECTION ( 'NONE',  ( 0.000000000000000000, 0.000000000000000000, 1.000000000000000000 ) ) ;
#518 = CARTESIAN_POINT ( 'NONE',  ( 9.491012693391987787E-16, -0.6142016085103779721, -7.750000000000000000 ) ) ;
#519 = DIRECTION ( 'NONE',  ( 1.000000000000000000, -0.000000000000000000, 1.224646799147353207E-16 ) ) ;
#520 = DIRECTION ( 'NONE',  ( 0.000000000000000000, 1.000000000000000000, 0.000000000000000000 ) ) ;
#521 = CARTESIAN_POINT ( 'NONE',  ( 0.000000000000000000, 8.750000000000000000, 3.499999999999999556 ) ) ;
#522 = CARTESIAN_POINT ( 'NONE',  ( 0.000000000000000000, -8.000000000000000000, -3.499999999999999556 ) ) ;
#523 = AXIS2_PLACEMENT_3D ( 'NONE', #854, #528, #43 ) ;
#524 = CIRCLE ( 'NONE', #1441, 7.000000000000000000 ) ;
#525 = DIRECTION ( 'NONE',  ( 0.000000000000000000, 0.000000000000000000, 1.000000000000000000 ) ) ;
#526 = CIRCLE ( 'NONE', #1440, 5.000000000000000000 ) ;
#527 = AXIS2_PLACEMENT_3D ( 'NONE', #747, #1175, #730 ) ;
#528 = DIRECTION ( 'NONE',  ( -0.000000000000000000, 1.000000000000000000, -0.000000000000000000 ) ) ;
#529 = DIRECTION ( 'NONE',  ( 0.000000000000000000, 0.000000000000000000, -1.000000000000000000 ) ) ;
#530 = EDGE_CURVE ( 'NONE', #1158, #1016, #441, .T. ) ;
#531 = CYLINDRICAL_SURFACE ( 'NONE', #595, 8.000000000000000000 ) ;
#532 = EDGE_LOOP ( 'NONE', ( #1458, #341, #991, #898 ) ) ;
#533 = DIRECTION ( 'NONE',  ( 0.000000000000000000, 0.000000000000000000, 1.000000000000000000 ) ) ;
#534 = CARTESIAN_POINT ( 'NONE',  ( 0.000000000000000000, -8.250000000000000000, 0.000000000000000000 ) ) ;
#535 = DIRECTION ( 'NONE',  ( -0.000000000000000000, -1.000000000000000000, -0.000000000000000000 ) ) ;
#536 = EDGE_CURVE ( 'NONE', #1158, #1154, #838, .T. ) ;
#537 = ORIENTED_EDGE ( 'NONE', *, *, #1138, .F. ) ;
#538 = CARTESIAN_POINT ( 'NONE',  ( 0.000000000000000000, 8.750000000000000000, -3.750000000000000000 ) ) ;
#539 = DIRECTION ( 'NONE',  ( 0.000000000000000000, 0.000000000000000000, 1.000000000000000000 ) ) ;
#540 = CIRCLE ( 'NONE', #568, 0.2500000000000002220 ) ;
#541 = CARTESIAN_POINT ( 'NONE',  ( 0.000000000000000000, -2.250000000000000000, 0.000000000000000000 ) ) ;
#542 = CIRCLE ( 'NONE', #474, 1.675000000000000044 ) ;
#543 = ORIENTED_EDGE ( 'NONE', *, *, #1295, .F. ) ;
#544 = AXIS2_PLACEMENT_3D ( 'NONE', #673, #63, #539 ) ;
#545 = FACE_OUTER_BOUND ( 'NONE', #204, .T. ) ;
#546 = AXIS2_PLACEMENT_3D ( 'NONE', #47, #508, #1427 ) ;
#547 = CIRCLE ( 'NONE', #598, 0.2500000000000000000 ) ;
#548 = PRODUCT_DEFINITION_FORMATION_WITH_SPECIFIED_SOURCE ( 'ANY', '', #166, .NOT_KNOWN. ) ;
#549 = AXIS2_PLACEMENT_3D ( 'NONE', #1058, #164, #133 ) ;
#550 = ORIENTED_EDGE ( 'NONE', *, *, #1363, .T. ) ;
#551 = EDGE_CURVE ( 'NONE', #332, #636, #913, .T. ) ;
#552 = DIRECTION ( 'NONE',  ( -0.000000000000000000, -1.000000000000000000, -0.000000000000000000 ) ) ;
#553 = ORIENTED_EDGE ( 'NONE', *, *, #656, .F. ) ;
#554 = CARTESIAN_POINT ( 'NONE',  ( 0.000000000000000000, 5.894957492762188167, 0.000000000000000000 ) ) ;
#555 = DIRECTION ( 'NONE',  ( -1.000000000000000000, 0.000000000000000000, 0.000000000000000000 ) ) ;
#556 = EDGE_LOOP ( 'NONE', ( #790, #466, #637, #879 ) ) ;
#557 = ORIENTED_EDGE ( 'NONE', *, *, #795, .T. ) ;
#558 = EDGE_LOOP ( 'NONE', ( #1413, #1066, #106, #430 ) ) ;
#559 = DIRECTION ( 'NONE',  ( -0.000000000000000000, -1.000000000000000000, -0.000000000000000000 ) ) ;
#560 = ADVANCED_FACE ( 'NONE', ( #1228 ), #903, .T. ) ;
#561 = DIRECTION ( 'NONE',  ( 0.000000000000000000, 0.000000000000000000, 1.000000000000000000 ) ) ;
#562 = ORIENTED_EDGE ( 'NONE', *, *, #1166, .T. ) ;
#563 = EDGE_CURVE ( 'NONE', #694, #1046, #54, .T. ) ;
#564 = ORIENTED_EDGE ( 'NONE', *, *, #1433, .T. ) ;
#565 = VERTEX_POINT ( 'NONE', #458 ) ;
#566 = CARTESIAN_POINT ( 'NONE',  ( 0.000000000000000000, 7.750000000000000000, 0.000000000000000000 ) ) ;
#567 = DIRECTION ( 'NONE',  ( 1.000000000000000000, 0.000000000000000000, -1.224646799147353207E-16 ) ) ;
#568 = AXIS2_PLACEMENT_3D ( 'NONE', #1033, #1362, #712 ) ;
#569 = CARTESIAN_POINT ( 'NONE',  ( 0.000000000000000000, -8.000000000000000000, 0.000000000000000000 ) ) ;
#570 = TOROIDAL_SURFACE ( 'NONE', #95, 1.675000000000000044, 0.2500000000000000000 ) ;
#571 = CIRCLE ( 'NONE', #1494, 7.750000000000000000 ) ;
#572 = STYLED_ITEM ( 'NONE', ( #118 ), #1345 ) ;
#573 = ORIENTED_EDGE ( 'NONE', *, *, #536, .T. ) ;
#574 = EDGE_CURVE ( 'NONE', #355, #911, #1399, .T. ) ;
#575 = AXIS2_PLACEMENT_3D ( 'NONE', #1060, #724, #971 ) ;
#576 = CIRCLE ( 'NONE', #50, 3.499999999999999556 ) ;
#577 = AXIS2_PLACEMENT_3D ( 'NONE', #492, #950, #502 ) ;
#578 = ORIENTED_EDGE ( 'NONE', *, *, #899, .F. ) ;
#579 = CARTESIAN_POINT ( 'NONE',  ( 0.000000000000000000, 7.750000000000000000, 7.750000000000000000 ) ) ;
#580 = DIRECTION ( 'NONE',  ( 0.000000000000000000, -1.000000000000000000, 0.000000000000000000 ) ) ;
#581 = EDGE_CURVE ( 'NONE', #839, #1038, #1447, .T. ) ;
#582 = ORIENTED_EDGE ( 'NONE', *, *, #152, .F. ) ;
#583 = EDGE_LOOP ( 'NONE', ( #655, #1237, #35, #1463 ) ) ;
#584 = DIRECTION ( 'NONE',  ( 0.000000000000000000, -1.000000000000000000, 0.000000000000000000 ) ) ;
#585 = DIRECTION ( 'NONE',  ( -0.000000000000000000, -1.000000000000000000, -0.000000000000000000 ) ) ;
#586 = DIRECTION ( 'NONE',  ( -0.000000000000000000, 1.000000000000000000, -0.000000000000000000 ) ) ;
#587 = EDGE_CURVE ( 'NONE', #1055, #238, #229, .T. ) ;
#588 = EDGE_LOOP ( 'NONE', ( #82, #700, #848, #1454 ) ) ;
#589 = ORIENTED_EDGE ( 'NONE', *, *, #968, .F. ) ;
#590 = CARTESIAN_POINT ( 'NONE',  ( 0.000000000000000000, -6.999999999999999112, 6.750000000000000000 ) ) ;
#591 = DIRECTION ( 'NONE',  ( -0.000000000000000000, -1.000000000000000000, -0.000000000000000000 ) ) ;
#592 = DIRECTION ( 'NONE',  ( 0.000000000000000000, -1.000000000000000000, 0.000000000000000000 ) ) ;
#593 = ORIENTED_EDGE ( 'NONE', *, *, #121, .T. ) ;
#594 = CIRCLE ( 'NONE', #1364, 8.000000000000000000 ) ;
#595 = AXIS2_PLACEMENT_3D ( 'NONE', #409, #748, #732 ) ;
#596 = AXIS2_PLACEMENT_3D ( 'NONE', #30, #1307, #970 ) ;
#597 = DIRECTION ( 'NONE',  ( 0.000000000000000000, -1.000000000000000000, 0.000000000000000000 ) ) ;
#598 = AXIS2_PLACEMENT_3D ( 'NONE', #938, #1023, #1378 ) ;
#599 = EDGE_CURVE ( 'NONE', #779, #355, #797, .T. ) ;
#600 = EDGE_LOOP ( 'NONE', ( #1113, #323, #465, #61 ) ) ;
#601 = DIRECTION ( 'NONE',  ( -0.000000000000000000, -1.000000000000000000, -0.000000000000000000 ) ) ;
#602 = VERTEX_POINT ( 'NONE', #994 ) ;
#603 = CARTESIAN_POINT ( 'NONE',  ( 4.898587196589412829E-16, 7.750000000000000000, -4.000000000000000000 ) ) ;
#604 = VERTEX_POINT ( 'NONE', #890 ) ;
#605 = ORIENTED_EDGE ( 'NONE', *, *, #381, .T. ) ;
#606 = CARTESIAN_POINT ( 'NONE',  ( 0.000000000000000000, -2.167792998515511549, 0.000000000000000000 ) ) ;
#607 = DIRECTION ( 'NONE',  ( -0.000000000000000000, -1.000000000000000000, -0.000000000000000000 ) ) ;
#608 = EDGE_CURVE ( 'NONE', #185, #843, #78, .T. ) ;
#609 = CARTESIAN_POINT ( 'NONE',  ( 0.000000000000000000, -2.167792998515511549, 0.000000000000000000 ) ) ;
#610 = EDGE_LOOP ( 'NONE', ( #468, #1350, #1373, #1407 ) ) ;
#611 = CARTESIAN_POINT ( 'NONE',  ( 0.000000000000000000, -11.25000000000000000, 0.000000000000000000 ) ) ;
#612 = FACE_OUTER_BOUND ( 'NONE', #1359, .T. ) ;
#613 = CARTESIAN_POINT ( 'NONE',  ( 0.000000000000000000, 7.750000000000000000, 0.000000000000000000 ) ) ;
#614 = DIRECTION ( 'NONE',  ( 0.000000000000000000, 0.000000000000000000, 1.000000000000000000 ) ) ;
#615 = ORIENTED_EDGE ( 'NONE', *, *, #974, .F. ) ;
#616 = DIRECTION ( 'NONE',  ( 1.000000000000000000, 0.000000000000000000, -1.224646799147353207E-16 ) ) ;
#617 = EDGE_LOOP ( 'NONE', ( #649, #1311 ) ) ;
#618 = ORIENTED_EDGE ( 'NONE', *, *, #947, .T. ) ;
#619 = DIRECTION ( 'NONE',  ( 0.000000000000000000, 1.000000000000000000, 0.000000000000000000 ) ) ;
#620 = AXIS2_PLACEMENT_3D ( 'NONE', #275, #616, #867 ) ;
#621 = DIRECTION ( 'NONE',  ( 0.000000000000000000, -1.000000000000000000, 0.000000000000000000 ) ) ;
#622 = AXIS2_PLACEMENT_3D ( 'NONE', #979, #376, #265 ) ;
#623 = FACE_OUTER_BOUND ( 'NONE', #532, .T. ) ;
#624 = FACE_OUTER_BOUND ( 'NONE', #1459, .T. ) ;
#625 = EDGE_CURVE ( 'NONE', #1154, #1223, #1449, .T. ) ;
#626 = CARTESIAN_POINT ( 'NONE',  ( 0.000000000000000000, -8.250000000000000000, 0.000000000000000000 ) ) ;
#627 = FACE_OUTER_BOUND ( 'NONE', #1006, .T. ) ;
#628 = DIRECTION ( 'NONE',  ( 0.000000000000000000, -1.000000000000000000, 0.000000000000000000 ) ) ;
#629 = FACE_OUTER_BOUND ( 'NONE', #801, .T. ) ;
#630 = VERTEX_POINT ( 'NONE', #322 ) ;
#631 = CARTESIAN_POINT ( 'NONE',  ( 4.439344646909155037E-16, -8.250000000000000000, 3.499999999999999556 ) ) ;
#632 = ORIENTED_EDGE ( 'NONE', *, *, #936, .T. ) ;
#633 = CARTESIAN_POINT ( 'NONE',  ( 8.572527594031473190E-16, -7.249999999999999112, -7.000000000000000000 ) ) ;
#634 = CARTESIAN_POINT ( 'NONE',  ( 0.000000000000000000, -11.00000000000000000, 3.100000000000000089 ) ) ;
#635 = PRODUCT_RELATED_PRODUCT_CATEGORY ( 'part', '', ( #166 ) ) ;
#636 = VERTEX_POINT ( 'NONE', #77 ) ;
#637 = ORIENTED_EDGE ( 'NONE', *, *, #174, .T. ) ;
#638 = AXIS2_PLACEMENT_3D ( 'NONE', #1194, #875, #751 ) ;
#639 = CARTESIAN_POINT ( 'NONE',  ( 3.796405077356794918E-16, 11.50000000000000000, 3.100000000000000089 ) ) ;
#640 = CIRCLE ( 'NONE', #398, 2.850000000000000089 ) ;
#641 = EDGE_CURVE ( 'NONE', #630, #665, #298, .T. ) ;
#642 = AXIS2_PLACEMENT_3D ( 'NONE', #802, #361, #941 ) ;
#643 = AXIS2_PLACEMENT_3D ( 'NONE', #1394, #725, #1089 ) ;
#644 = DIRECTION ( 'NONE',  ( 0.000000000000000000, 0.000000000000000000, -1.000000000000000000 ) ) ;
#645 = TOROIDAL_SURFACE ( 'NONE', #957, 6.750000000000000000, 0.2500000000000000000 ) ;
#646 = CIRCLE ( 'NONE', #1298, 7.000000000000000000 ) ;
#647 = CYLINDRICAL_SURFACE ( 'NONE', #178, 3.100000000000000089 ) ;
#648 = AXIS2_PLACEMENT_3D ( 'NONE', #55, #76, #761 ) ;
#649 = ORIENTED_EDGE ( 'NONE', *, *, #211, .T. ) ;
#650 = CARTESIAN_POINT ( 'NONE',  ( 0.000000000000000000, 11.75000000000000000, 0.000000000000000000 ) ) ;
#651 = ADVANCED_FACE ( 'NONE', ( #189 ), #64, .F. ) ;
#652 = EDGE_LOOP ( 'NONE', ( #695, #437, #946, #972 ) ) ;
#653 = DIRECTION ( 'NONE',  ( 0.000000000000000000, 0.000000000000000000, 1.000000000000000000 ) ) ;
#654 = CARTESIAN_POINT ( 'NONE',  ( 3.643324227463375982E-16, 11.75000000000000000, -2.850000000000000089 ) ) ;
#655 = ORIENTED_EDGE ( 'NONE', *, *, #17, .F. ) ;
#656 = EDGE_CURVE ( 'NONE', #1321, #1475, #1374, .T. ) ;
#657 = ORIENTED_EDGE ( 'NONE', *, *, #866, .F. ) ;
#658 = CARTESIAN_POINT ( 'NONE',  ( 3.796405077356794918E-16, 11.75000000000000000, 3.100000000000000089 ) ) ;
#659 = DIRECTION ( 'NONE',  ( 0.000000000000000000, 0.000000000000000000, 1.000000000000000000 ) ) ;
#660 = CIRCLE ( 'NONE', #475, 0.2500000000000002220 ) ;
#661 = AXIS2_PLACEMENT_3D ( 'NONE', #566, #1343, #888 ) ;
#662 = CIRCLE ( 'NONE', #788, 3.100000000000000089 ) ;
#663 = AXIS2_PLACEMENT_3D ( 'NONE', #72, #552, #1115 ) ;
#664 = ADVANCED_FACE ( 'NONE', ( #819 ), #1255, .T. ) ;
#665 = VERTEX_POINT ( 'NONE', #937 ) ;
#666 = DIRECTION ( 'NONE',  ( 0.000000000000000000, 1.000000000000000000, 0.000000000000000000 ) ) ;
#667 = CARTESIAN_POINT ( 'NONE',  ( 0.000000000000000000, 7.500000000000000000, 0.000000000000000000 ) ) ;
#668 = DIRECTION ( 'NONE',  ( -0.000000000000000000, -1.000000000000000000, -0.000000000000000000 ) ) ;
#669 = EDGE_CURVE ( 'NONE', #354, #138, #742, .T. ) ;
#670 = ORIENTED_EDGE ( 'NONE', *, *, #1200, .F. ) ;
#671 = VERTEX_POINT ( 'NONE', #482 ) ;
#672 = ORIENTED_EDGE ( 'NONE', *, *, #940, .T. ) ;
#673 = CARTESIAN_POINT ( 'NONE',  ( 0.000000000000000000, 8.500000000000000000, 0.000000000000000000 ) ) ;
#674 = CARTESIAN_POINT ( 'NONE',  ( 0.000000000000000000, 0.000000000000000000, 0.000000000000000000 ) ) ;
#675 = UNCERTAINTY_MEASURE_WITH_UNIT (LENGTH_MEASURE( 1.000000000000000082E-05 ), #231, 'distance_accuracy_value', 'NONE');
#676 = ADVANCED_FACE ( 'NONE', ( #126 ), #1270, .T. ) ;
#677 = ORIENTED_EDGE ( 'NONE', *, *, #143, .T. ) ;
#678 = EDGE_LOOP ( 'NONE', ( #268, #720, #333, #285 ) ) ;
#679 = DIRECTION ( 'NONE',  ( -0.000000000000000000, 1.000000000000000000, -0.000000000000000000 ) ) ;
#680 = ADVANCED_FACE ( 'NONE', ( #1169 ), #102, .T. ) ;
#681 = CARTESIAN_POINT ( 'NONE',  ( 4.592425496802573972E-16, 8.000000000000000000, 3.750000000000000000 ) ) ;
#682 = LINE ( 'NONE', #101, #25 ) ;
#683 = CIRCLE ( 'NONE', #22, 7.782631548055011450 ) ;
#684 = CIRCLE ( 'NONE', #881, 0.2500000000000002220 ) ;
#685 = FACE_OUTER_BOUND ( 'NONE', #210, .T. ) ;
#686 = CIRCLE ( 'NONE', #737, 4.000000000000000000 ) ;
#687 = ORIENTED_EDGE ( 'NONE', *, *, #551, .T. ) ;
#688 = AXIS2_PLACEMENT_3D ( 'NONE', #805, #1259, #1249 ) ;
#689 = CARTESIAN_POINT ( 'NONE',  ( 0.000000000000000000, 11.75000000000000000, -1.425000000000000044 ) ) ;
#690 = AXIS2_PLACEMENT_3D ( 'NONE', #1002, #1093, #1098 ) ;
#691 = DIRECTION ( 'NONE',  ( 0.000000000000000000, 0.000000000000000000, 1.000000000000000000 ) ) ;
#692 = EDGE_CURVE ( 'NONE', #565, #944, #1377, .T. ) ;
#693 = DIRECTION ( 'NONE',  ( 0.000000000000000000, 1.000000000000000000, 0.000000000000000000 ) ) ;
#694 = VERTEX_POINT ( 'NONE', #681 ) ;
#695 = ORIENTED_EDGE ( 'NONE', *, *, #169, .F. ) ;
#696 = ORIENTED_EDGE ( 'NONE', *, *, #136, .T. ) ;
#697 = CARTESIAN_POINT ( 'NONE',  ( 0.000000000000000000, -2.167792998515511549, 0.000000000000000000 ) ) ;
#698 = CARTESIAN_POINT ( 'NONE',  ( 0.000000000000000000, 8.750000000000000000, 0.000000000000000000 ) ) ;
#699 = PLANE ( 'NONE',  #399 ) ;
#700 = ORIENTED_EDGE ( 'NONE', *, *, #392, .T. ) ;
#701 = ADVANCED_FACE ( 'NONE', ( #5 ), #1049, .T. ) ;
#702 = ORIENTED_EDGE ( 'NONE', *, *, #755, .T. ) ;
#703 = DIRECTION ( 'NONE',  ( 0.000000000000000000, 0.1305261922200486036, 0.9914448613738108262 ) ) ;
#704 = EDGE_LOOP ( 'NONE', ( #260, #1361, #1243, #1214 ) ) ;
#705 = FACE_OUTER_BOUND ( 'NONE', #476, .T. ) ;
#706 = DIRECTION ( 'NONE',  ( 0.000000000000000000, -1.000000000000000000, 0.000000000000000000 ) ) ;
#707 = ORIENTED_EDGE ( 'NONE', *, *, #17, .T. ) ;
#708 = AXIS2_PLACEMENT_3D ( 'NONE', #218, #237, #928 ) ;
#709 = ORIENTED_EDGE ( 'NONE', *, *, #656, .T. ) ;
#710 = ADVANCED_FACE ( 'NONE', ( #1366 ), #1028, .T. ) ;
#711 = CIRCLE ( 'NONE', #202, 0.2500000000000002220 ) ;
#712 = DIRECTION ( 'NONE',  ( 0.000000000000000000, 0.000000000000000000, 1.000000000000000000 ) ) ;
#713 = AXIS2_PLACEMENT_3D ( 'NONE', #416, #876, #443 ) ;
#714 = AXIS2_PLACEMENT_3D ( 'NONE', #91, #820, #914 ) ;
#715 = DIRECTION ( 'NONE',  ( 0.000000000000000000, -1.000000000000000000, 0.000000000000000000 ) ) ;
#716 = AXIS2_PLACEMENT_3D ( 'NONE', #988, #1432, #414 ) ;
#717 = FACE_OUTER_BOUND ( 'NONE', #583, .T. ) ;
#718 = CARTESIAN_POINT ( 'NONE',  ( 4.898587196589412829E-16, -7.249999999999999112, -4.000000000000000000 ) ) ;
#719 = APPLICATION_CONTEXT ( 'automotive_design' ) ;
#720 = ORIENTED_EDGE ( 'NONE', *, *, #368, .T. ) ;
#721 = CARTESIAN_POINT ( 'NONE',  ( 0.000000000000000000, 11.75000000000000000, 0.000000000000000000 ) ) ;
#722 = CARTESIAN_POINT ( 'NONE',  ( 0.000000000000000000, 6.114201608510377639, -8.000000000000000000 ) ) ;
#723 = CARTESIAN_POINT ( 'NONE',  ( 0.000000000000000000, -11.25000000000000000, -1.675000000000000044 ) ) ;
#724 = DIRECTION ( 'NONE',  ( -0.000000000000000000, 1.000000000000000000, -0.000000000000000000 ) ) ;
#725 = DIRECTION ( 'NONE',  ( 0.000000000000000000, -1.000000000000000000, 0.000000000000000000 ) ) ;
#726 = EDGE_LOOP ( 'NONE', ( #702, #15, #412, #1281 ) ) ;
#727 = CARTESIAN_POINT ( 'NONE',  ( 8.572527594031473190E-16, -6.999999999999999112, -7.000000000000000000 ) ) ;
#728 = FACE_OUTER_BOUND ( 'NONE', #849, .T. ) ;
#729 = CARTESIAN_POINT ( 'NONE',  ( 1.745121688784978277E-16, 11.75000000000000000, 1.425000000000000044 ) ) ;
#730 = DIRECTION ( 'NONE',  ( 0.000000000000000000, 0.000000000000000000, 1.000000000000000000 ) ) ;
#731 = ADVANCED_FACE ( 'NONE', ( #705 ), #570, .T. ) ;
#732 = DIRECTION ( 'NONE',  ( 0.000000000000000000, 0.000000000000000000, 1.000000000000000000 ) ) ;
#733 = DIRECTION ( 'NONE',  ( 0.000000000000000000, 0.000000000000000000, -1.000000000000000000 ) ) ;
#734 = AXIS2_PLACEMENT_3D ( 'NONE', #1405, #857, #387 ) ;
#735 = VECTOR ( 'NONE', #304, 1000.000000000000000 ) ;
#736 = DIRECTION ( 'NONE',  ( 1.000000000000000000, 0.000000000000000000, 1.224646799147353207E-16 ) ) ;
#737 = AXIS2_PLACEMENT_3D ( 'NONE', #1260, #472, #1160 ) ;
#738 = CARTESIAN_POINT ( 'NONE',  ( 0.000000000000000000, 6.114201608510377639, 0.000000000000000000 ) ) ;
#739 = DIRECTION ( 'NONE',  ( 0.000000000000000000, -0.1305261922200484648, -0.9914448613738108262 ) ) ;
#740 = CIRCLE ( 'NONE', #789, 0.2500000000000002220 ) ;
#741 = EDGE_CURVE ( 'NONE', #1342, #1016, #149, .T. ) ;
#742 = CIRCLE ( 'NONE', #765, 3.100000000000000089 ) ;
#743 = DIRECTION ( 'NONE',  ( 1.224646799147349509E-16, 0.000000000000000000, -1.000000000000000000 ) ) ;
#744 = ORIENTED_EDGE ( 'NONE', *, *, #1155, .F. ) ;
#745 = CARTESIAN_POINT ( 'NONE',  ( 0.000000000000000000, -7.500000000000000000, 4.000000000000000000 ) ) ;
#746 = DIRECTION ( 'NONE',  ( 0.000000000000000000, 0.000000000000000000, -1.000000000000000000 ) ) ;
#747 = CARTESIAN_POINT ( 'NONE',  ( 0.000000000000000000, 11.75000000000000000, 0.000000000000000000 ) ) ;
#748 = DIRECTION ( 'NONE',  ( -0.000000000000000000, 1.000000000000000000, -0.000000000000000000 ) ) ;
#749 = EDGE_CURVE ( 'NONE', #843, #87, #683, .T. ) ;
#750 = PLANE ( 'NONE',  #1497 ) ;
#751 = DIRECTION ( 'NONE',  ( 0.000000000000000000, 0.000000000000000000, 1.000000000000000000 ) ) ;
#752 = CARTESIAN_POINT ( 'NONE',  ( 9.644093543285406722E-16, 7.750000000000000000, -7.750000000000000000 ) ) ;
#753 = ORIENTED_EDGE ( 'NONE', *, *, #44, .T. ) ;
#754 = DIRECTION ( 'NONE',  ( -1.000000000000000000, 0.000000000000000000, 0.000000000000000000 ) ) ;
#755 = EDGE_CURVE ( 'NONE', #1151, #665, #878, .T. ) ;
#756 = TOROIDAL_SURFACE ( 'NONE', #94, 2.850000000000000089, 0.2500000000000000000 ) ;
#757 = VERTEX_POINT ( 'NONE', #247 ) ;
#758 = FACE_OUTER_BOUND ( 'NONE', #24, .T. ) ;
#759 = CARTESIAN_POINT ( 'NONE',  ( 0.000000000000000000, -11.00000000000000000, 0.000000000000000000 ) ) ;
#760 = AXIS2_PLACEMENT_3D ( 'NONE', #192, #1207, #83 ) ;
#761 = DIRECTION ( 'NONE',  ( 0.000000000000000000, 0.000000000000000000, -1.000000000000000000 ) ) ;
#762 = AXIS2_PLACEMENT_3D ( 'NONE', #142, #45, #525 ) ;
#763 = CIRCLE ( 'NONE', #865, 3.499999999999999556 ) ;
#764 = ORIENTED_EDGE ( 'NONE', *, *, #350, .F. ) ;
#765 = AXIS2_PLACEMENT_3D ( 'NONE', #918, #1051, #1493 ) ;
#766 = DIRECTION ( 'NONE',  ( 0.000000000000000000, 0.000000000000000000, 1.000000000000000000 ) ) ;
#767 = DIRECTION ( 'NONE',  ( -0.000000000000000000, 1.000000000000000000, -0.000000000000000000 ) ) ;
#768 = ADVANCED_FACE ( 'NONE', ( #717 ), #1142, .T. ) ;
#769 = DIRECTION ( 'NONE',  ( 0.000000000000000000, 0.000000000000000000, 1.000000000000000000 ) ) ;
#770 = CARTESIAN_POINT ( 'NONE',  ( 0.000000000000000000, -11.00000000000000000, -1.425000000000000044 ) ) ;
#771 = ADVANCED_FACE ( 'NONE', ( #1257 ), #199, .T. ) ;
#772 = ORIENTED_EDGE ( 'NONE', *, *, #1079, .T. ) ;
#773 = EDGE_LOOP ( 'NONE', ( #817, #975 ) ) ;
#774 = PLANE ( 'NONE',  #248 ) ;
#775 = DIRECTION ( 'NONE',  ( 0.000000000000000000, 1.000000000000000000, 0.000000000000000000 ) ) ;
#776 = EDGE_CURVE ( 'NONE', #182, #332, #594, .T. ) ;
#777 = EDGE_LOOP ( 'NONE', ( #1238, #1008, #823, #484 ) ) ;
#778 = DIRECTION ( 'NONE',  ( 1.000000000000000000, 0.000000000000000000, 0.000000000000000000 ) ) ;
#779 = VERTEX_POINT ( 'NONE', #1174 ) ;
#780 = DIRECTION ( 'NONE',  ( 0.000000000000000000, 1.000000000000000000, 0.000000000000000000 ) ) ;
#781 = CARTESIAN_POINT ( 'NONE',  ( 0.000000000000000000, 11.75000000000000000, 2.850000000000000089 ) ) ;
#782 = DIRECTION ( 'NONE',  ( -0.000000000000000000, 1.000000000000000000, -0.000000000000000000 ) ) ;
#783 = CARTESIAN_POINT ( 'NONE',  ( 4.592425496802573972E-16, -8.250000000000000000, -3.750000000000000000 ) ) ;
#784 = AXIS2_PLACEMENT_3D ( 'NONE', #172, #384, #1416 ) ;
#785 = MECHANICAL_DESIGN_GEOMETRIC_PRESENTATION_REPRESENTATION (  '', ( #572 ), #1103 ) ;
#786 = AXIS2_PLACEMENT_3D ( 'NONE', #1467, #1092, #533 ) ;
#787 = AXIS2_PLACEMENT_3D ( 'NONE', #292, #886, #1455 ) ;
#788 = AXIS2_PLACEMENT_3D ( 'NONE', #698, #1042, #1479 ) ;
#789 = AXIS2_PLACEMENT_3D ( 'NONE', #1401, #140, #37 ) ;
#790 = ORIENTED_EDGE ( 'NONE', *, *, #1022, .F. ) ;
#791 = CARTESIAN_POINT ( 'NONE',  ( 0.000000000000000000, 11.75000000000000000, 0.000000000000000000 ) ) ;
#792 = CARTESIAN_POINT ( 'NONE',  ( 0.000000000000000000, 11.50000000000000000, 1.675000000000000044 ) ) ;
#793 = VERTEX_POINT ( 'NONE', #1302 ) ;
#794 = ORIENTED_EDGE ( 'NONE', *, *, #1388, .F. ) ;
#795 = EDGE_CURVE ( 'NONE', #1381, #630, #542, .T. ) ;
#796 = CARTESIAN_POINT ( 'NONE',  ( 3.796405077356794918E-16, -11.25000000000000000, -3.100000000000000089 ) ) ;
#797 = LINE ( 'NONE', #60, #1189 ) ;
#798 = CARTESIAN_POINT ( 'NONE',  ( 0.000000000000000000, 0.000000000000000000, 0.000000000000000000 ) ) ;
#799 = CYLINDRICAL_SURFACE ( 'NONE', #1225, 1.425000000000000044 ) ;
#800 = EDGE_LOOP ( 'NONE', ( #948, #1029, #677, #436 ) ) ;
#801 = EDGE_LOOP ( 'NONE', ( #1278, #953, #1027, #891 ) ) ;
#802 = CARTESIAN_POINT ( 'NONE',  ( 0.000000000000000000, 6.114201608510377639, 0.000000000000000000 ) ) ;
#803 = EDGE_CURVE ( 'NONE', #332, #900, #1417, .T. ) ;
#804 = DIRECTION ( 'NONE',  ( -0.000000000000000000, -1.000000000000000000, -0.000000000000000000 ) ) ;
#805 = CARTESIAN_POINT ( 'NONE',  ( 0.000000000000000000, -5.249999999999999112, 0.000000000000000000 ) ) ;
#806 = CIRCLE ( 'NONE', #1317, 3.100000000000000089 ) ;
#807 = CIRCLE ( 'NONE', #546, 4.000000000000000000 ) ;
#808 = EDGE_LOOP ( 'NONE', ( #444, #537, #550, #670 ) ) ;
#809 = AXIS2_PLACEMENT_3D ( 'NONE', #1052, #1283, #614 ) ;
#810 = ORIENTED_EDGE ( 'NONE', *, *, #306, .F. ) ;
#811 = DIRECTION ( 'NONE',  ( 1.224646799147352468E-16, 0.000000000000000000, -1.000000000000000000 ) ) ;
#812 = AXIS2_PLACEMENT_3D ( 'NONE', #85, #330, #561 ) ;
#813 = DIRECTION ( 'NONE',  ( 0.000000000000000000, 0.000000000000000000, 1.000000000000000000 ) ) ;
#814 = CARTESIAN_POINT ( 'NONE',  ( 0.000000000000000000, -0.3663403931669250713, -7.782631548055012338 ) ) ;
#815 = EDGE_CURVE ( 'NONE', #665, #1025, #987, .T. ) ;
#816 = FACE_BOUND ( 'NONE', #1206, .T. ) ;
#817 = ORIENTED_EDGE ( 'NONE', *, *, #1014, .T. ) ;
#818 = CARTESIAN_POINT ( 'NONE',  ( 0.000000000000000000, -5.249999999999999112, 0.000000000000000000 ) ) ;
#819 = FACE_OUTER_BOUND ( 'NONE', #287, .T. ) ;
#820 = DIRECTION ( 'NONE',  ( 0.000000000000000000, 1.000000000000000000, 0.000000000000000000 ) ) ;
#821 = ORIENTED_EDGE ( 'NONE', *, *, #1295, .T. ) ;
#822 = EDGE_CURVE ( 'NONE', #138, #354, #316, .T. ) ;
#823 = ORIENTED_EDGE ( 'NONE', *, *, #1464, .T. ) ;
#824 = DIRECTION ( 'NONE',  ( -1.000000000000000000, 0.000000000000000000, 0.000000000000000000 ) ) ;
#825 = EDGE_LOOP ( 'NONE', ( #1411, #71, #380, #582 ) ) ;
#826 = DIRECTION ( 'NONE',  ( -0.000000000000000000, 1.000000000000000000, -0.000000000000000000 ) ) ;
#827 = DIRECTION ( 'NONE',  ( -0.000000000000000000, 1.000000000000000000, -0.000000000000000000 ) ) ;
#828 = DIRECTION ( 'NONE',  ( 0.000000000000000000, 0.000000000000000000, 1.000000000000000000 ) ) ;
#829 = CIRCLE ( 'NONE', #343, 0.2500000000000002220 ) ;
#830 = CIRCLE ( 'NONE', #451, 3.499999999999999556 ) ;
#831 = CIRCLE ( 'NONE', #929, 1.425000000000000044 ) ;
#832 = VERTEX_POINT ( 'NONE', #639 ) ;
#833 = CIRCLE ( 'NONE', #273, 3.100000000000000089 ) ;
#834 = DIRECTION ( 'NONE',  ( 0.000000000000000000, 0.000000000000000000, 1.000000000000000000 ) ) ;
#835 = PRODUCT_DEFINITION_SHAPE ( 'NONE', 'NONE',  #883 ) ;
#836 = AXIS2_PLACEMENT_3D ( 'NONE', #463, #919, #828 ) ;
#837 = CARTESIAN_POINT ( 'NONE',  ( 0.000000000000000000, 11.50000000000000000, 0.000000000000000000 ) ) ;
#838 = CIRCLE ( 'NONE', #690, 3.750000000000000000 ) ;
#839 = VERTEX_POINT ( 'NONE', #1431 ) ;
#840 = ORIENTED_EDGE ( 'NONE', *, *, #563, .F. ) ;
#841 = CARTESIAN_POINT ( 'NONE',  ( 9.491012693391987787E-16, 7.500000000000000000, -7.750000000000000000 ) ) ;
#842 = ADVANCED_FACE ( 'NONE', ( #627 ), #1341, .T. ) ;
#843 = VERTEX_POINT ( 'NONE', #147 ) ;
#844 = DIRECTION ( 'NONE',  ( -1.000000000000000000, 0.000000000000000000, 0.000000000000000000 ) ) ;
#845 = CARTESIAN_POINT ( 'NONE',  ( 0.000000000000000000, -8.250000000000000000, -3.499999999999999556 ) ) ;
#846 = DIRECTION ( 'NONE',  ( -0.000000000000000000, -1.000000000000000000, -0.000000000000000000 ) ) ;
#847 = CYLINDRICAL_SURFACE ( 'NONE', #1419, 3.750000000000000000 ) ;
#848 = ORIENTED_EDGE ( 'NONE', *, *, #1355, .F. ) ;
#849 = EDGE_LOOP ( 'NONE', ( #1488, #111, #175, #302 ) ) ;
#850 = FACE_OUTER_BOUND ( 'NONE', #1456, .T. ) ;
#851 = ORIENTED_EDGE ( 'NONE', *, *, #1053, .T. ) ;
#852 = FACE_OUTER_BOUND ( 'NONE', #905, .T. ) ;
#853 = EDGE_CURVE ( 'NONE', #694, #1475, #1082, .T. ) ;
#854 = CARTESIAN_POINT ( 'NONE',  ( 0.000000000000000000, -11.00000000000000000, 0.000000000000000000 ) ) ;
#855 = DIRECTION ( 'NONE',  ( -0.000000000000000000, 1.000000000000000000, -0.000000000000000000 ) ) ;
#856 = EDGE_CURVE ( 'NONE', #1152, #1213, #1391, .T. ) ;
#857 = DIRECTION ( 'NONE',  ( 0.000000000000000000, 1.000000000000000000, 0.000000000000000000 ) ) ;
#858 = CIRCLE ( 'NONE', #982, 3.100000000000000089 ) ;
#859 = TOROIDAL_SURFACE ( 'NONE', #500, 2.850000000000000089, 0.2500000000000000000 ) ;
#860 = ORIENTED_EDGE ( 'NONE', *, *, #1452, .F. ) ;
#861 = CARTESIAN_POINT ( 'NONE',  ( 1.469576158976823947E-15, -5.249999999999999112, -12.00000000000000000 ) ) ;
#862 = DIRECTION ( 'NONE',  ( 0.000000000000000000, 0.000000000000000000, -1.000000000000000000 ) ) ;
#863 = CIRCLE ( 'NONE', #1370, 7.952380952380950774 ) ;
#864 = ADVANCED_FACE ( 'NONE', ( #397 ), #372, .T. ) ;
#865 = AXIS2_PLACEMENT_3D ( 'NONE', #1197, #1435, #1429 ) ;
#866 = EDGE_CURVE ( 'NONE', #1360, #1221, #1247, .T. ) ;
#867 = DIRECTION ( 'NONE',  ( -1.224646799147349509E-16, 0.000000000000000000, -1.000000000000000000 ) ) ;
#868 = ORIENTED_EDGE ( 'NONE', *, *, #495, .T. ) ;
#869 = CARTESIAN_POINT ( 'NONE',  ( 3.796405077356794918E-16, 8.750000000000000000, 3.100000000000000089 ) ) ;
#870 = CARTESIAN_POINT ( 'NONE',  ( 0.000000000000000000, 0.000000000000000000, -4.999999999999924505 ) ) ;
#871 = FACE_OUTER_BOUND ( 'NONE', #1339, .T. ) ;
#872 = EDGE_CURVE ( 'NONE', #1290, #52, #1402, .T. ) ;
#873 = ORIENTED_EDGE ( 'NONE', *, *, #530, .F. ) ;
#874 = ORIENTED_EDGE ( 'NONE', *, *, #1480, .F. ) ;
#875 = DIRECTION ( 'NONE',  ( -1.000000000000000000, 0.000000000000000000, 0.000000000000000000 ) ) ;
#876 = DIRECTION ( 'NONE',  ( 0.000000000000000000, 1.000000000000000000, 0.000000000000000000 ) ) ;
#877 = VERTEX_POINT ( 'NONE', #1081 ) ;
#878 = CIRCLE ( 'NONE', #997, 1.425000000000000044 ) ;
#879 = ORIENTED_EDGE ( 'NONE', *, *, #326, .T. ) ;
#880 = CARTESIAN_POINT ( 'NONE',  ( 0.000000000000000000, 5.894957492762188167, 8.000000000000000000 ) ) ;
#881 = AXIS2_PLACEMENT_3D ( 'NONE', #590, #1141, #1040 ) ;
#882 = CIRCLE ( 'NONE', #708, 0.2500000000000002220 ) ;
#883 = PRODUCT_DEFINITION ( 'UNKNOWN', '', #548, #1326 ) ;
#884 = AXIS2_PLACEMENT_3D ( 'NONE', #569, #586, #14 ) ;
#885 = DIRECTION ( 'NONE',  ( 0.000000000000000000, 0.000000000000000000, 1.000000000000000000 ) ) ;
#886 = DIRECTION ( 'NONE',  ( 0.000000000000000000, -1.000000000000000000, 0.000000000000000000 ) ) ;
#887 = AXIS2_PLACEMENT_3D ( 'NONE', #792, #555, #769 ) ;
#888 = DIRECTION ( 'NONE',  ( 0.000000000000000000, 0.000000000000000000, 1.000000000000000000 ) ) ;
#889 = EDGE_CURVE ( 'NONE', #1158, #922, #1021, .T. ) ;
#890 = CARTESIAN_POINT ( 'NONE',  ( 0.000000000000000000, 8.500000000000000000, -3.750000000000000000 ) ) ;
#891 = ORIENTED_EDGE ( 'NONE', *, *, #889, .F. ) ;
#892 = EDGE_CURVE ( 'NONE', #793, #1201, #1059, .T. ) ;
#893 = CARTESIAN_POINT ( 'NONE',  ( 0.000000000000000000, -7.249999999999999112, 0.000000000000000000 ) ) ;
#894 = VERTEX_POINT ( 'NONE', #869 ) ;
#895 = FACE_OUTER_BOUND ( 'NONE', #80, .T. ) ;
#896 = DIRECTION ( 'NONE',  ( 0.000000000000000000, 0.000000000000000000, 1.000000000000000000 ) ) ;
#897 = EDGE_LOOP ( 'NONE', ( #491, #1396, #7, #201 ) ) ;
#898 = ORIENTED_EDGE ( 'NONE', *, *, #121, .F. ) ;
#899 = EDGE_CURVE ( 'NONE', #1055, #1290, #23, .T. ) ;
#900 = VERTEX_POINT ( 'NONE', #282 ) ;
#901 = DIRECTION ( 'NONE',  ( 0.000000000000000000, 0.000000000000000000, 1.000000000000000000 ) ) ;
#902 = TOROIDAL_SURFACE ( 'NONE', #1271, 1.675000000000000044, 0.2500000000000000000 ) ;
#903 = CYLINDRICAL_SURFACE ( 'NONE', #1348, 8.000000000000000000 ) ;
#904 = PRESENTATION_LAYER_ASSIGNMENT (  '', '', ( #572 ) ) ;
#905 = EDGE_LOOP ( 'NONE', ( #696, #942, #1240, #1095 ) ) ;
#906 = VECTOR ( 'NONE', #1424, 1000.000000000000000 ) ;
#907 =( LENGTH_UNIT ( ) NAMED_UNIT ( * ) SI_UNIT ( .MILLI., .METRE. ) );
#908 = VERTEX_POINT ( 'NONE', #723 ) ;
#909 = AXIS2_PLACEMENT_3D ( 'NONE', #109, #1495, #128 ) ;
#910 = AXIS2_PLACEMENT_3D ( 'NONE', #20, #826, #1269 ) ;
#911 = VERTEX_POINT ( 'NONE', #141 ) ;
#912 = DIRECTION ( 'NONE',  ( 0.000000000000000000, 1.000000000000000000, 0.000000000000000000 ) ) ;
#913 = LINE ( 'NONE', #1020, #1252 ) ;
#914 = DIRECTION ( 'NONE',  ( 0.000000000000000000, 0.000000000000000000, 1.000000000000000000 ) ) ;
#915 = EDGE_CURVE ( 'NONE', #317, #1054, #571, .T. ) ;
#916 = ORIENTED_EDGE ( 'NONE', *, *, #1053, .F. ) ;
#917 = LINE ( 'NONE', #689, #1043 ) ;
#918 = CARTESIAN_POINT ( 'NONE',  ( 0.000000000000000000, -11.00000000000000000, 0.000000000000000000 ) ) ;
#919 = DIRECTION ( 'NONE',  ( -0.000000000000000000, -1.000000000000000000, -0.000000000000000000 ) ) ;
#920 = SURFACE_SIDE_STYLE ('',( #464 ) ) ;
#921 = EDGE_LOOP ( 'NONE', ( #434, #1436 ) ) ;
#922 = VERTEX_POINT ( 'NONE', #845 ) ;
#923 = ORIENTED_EDGE ( 'NONE', *, *, #438, .F. ) ;
#924 = CARTESIAN_POINT ( 'NONE',  ( 0.000000000000000000, 11.50000000000000000, -1.425000000000000044 ) ) ;
#925 = ADVANCED_FACE ( 'NONE', ( #1288 ), #1445, .T. ) ;
#926 = DIRECTION ( 'NONE',  ( 0.000000000000000000, 0.000000000000000000, -1.000000000000000000 ) ) ;
#927 = AXIS2_PLACEMENT_3D ( 'NONE', #1209, #455, #766 ) ;
#928 = DIRECTION ( 'NONE',  ( 1.224646799147351482E-16, 0.000000000000000000, -1.000000000000000000 ) ) ;
#929 = AXIS2_PLACEMENT_3D ( 'NONE', #1136, #939, #340 ) ;
#930 = ORIENTED_EDGE ( 'NONE', *, *, #130, .F. ) ;
#931 = AXIS2_PLACEMENT_3D ( 'NONE', #1073, #1403, #167 ) ;
#932 = ORIENTED_EDGE ( 'NONE', *, *, #479, .T. ) ;
#933 = ORIENTED_EDGE ( 'NONE', *, *, #1319, .F. ) ;
#934 = DIRECTION ( 'NONE',  ( 0.000000000000000000, 1.000000000000000000, 0.000000000000000000 ) ) ;
#935 = FACE_OUTER_BOUND ( 'NONE', #418, .T. ) ;
#936 = EDGE_CURVE ( 'NONE', #1475, #1321, #69, .T. ) ;
#937 = CARTESIAN_POINT ( 'NONE',  ( 1.745121688784978277E-16, 11.50000000000000000, 1.425000000000000044 ) ) ;
#938 = CARTESIAN_POINT ( 'NONE',  ( 2.051283388571816641E-16, -11.00000000000000000, 1.675000000000000044 ) ) ;
#939 = DIRECTION ( 'NONE',  ( 0.000000000000000000, -1.000000000000000000, 0.000000000000000000 ) ) ;
#940 = EDGE_CURVE ( 'NONE', #1154, #1342, #1234, .T. ) ;
#941 = DIRECTION ( 'NONE',  ( 0.000000000000000000, 0.000000000000000000, -1.000000000000000000 ) ) ;
#942 = ORIENTED_EDGE ( 'NONE', *, *, #530, .T. ) ;
#943 = DIRECTION ( 'NONE',  ( 0.000000000000000000, 0.000000000000000000, -1.000000000000000000 ) ) ;
#944 = VERTEX_POINT ( 'NONE', #59 ) ;
#945 = DIRECTION ( 'NONE',  ( 0.000000000000000000, -1.000000000000000000, 0.000000000000000000 ) ) ;
#946 = ORIENTED_EDGE ( 'NONE', *, *, #440, .T. ) ;
#947 = EDGE_CURVE ( 'NONE', #832, #894, #1102, .T. ) ;
#948 = ORIENTED_EDGE ( 'NONE', *, *, #68, .T. ) ;
#949 = FACE_OUTER_BOUND ( 'NONE', #610, .T. ) ;
#950 = DIRECTION ( 'NONE',  ( -0.000000000000000000, -1.000000000000000000, -0.000000000000000000 ) ) ;
#951 = DIRECTION ( 'NONE',  ( -0.000000000000000000, -1.000000000000000000, -0.000000000000000000 ) ) ;
#952 = DIRECTION ( 'NONE',  ( 0.000000000000000000, 0.000000000000000000, -1.000000000000000000 ) ) ;
#953 = ORIENTED_EDGE ( 'NONE', *, *, #625, .T. ) ;
#954 = DIRECTION ( 'NONE',  ( 0.000000000000000000, -0.000000000000000000, -1.000000000000000000 ) ) ;
#955 = VECTOR ( 'NONE', #370, 1000.000000000000000 ) ;
#956 = ADVANCED_FACE ( 'NONE', ( #431 ), #49, .T. ) ;
#957 = AXIS2_PLACEMENT_3D ( 'NONE', #1123, #666, #653 ) ;
#958 = AXIS2_PLACEMENT_3D ( 'NONE', #40, #1074, #513 ) ;
#959 = ORIENTED_EDGE ( 'NONE', *, *, #1443, .F. ) ;
#960 = TOROIDAL_SURFACE ( 'NONE', #129, 7.750000000000000000, 0.2500000000000000000 ) ;
#961 = FACE_OUTER_BOUND ( 'NONE', #1, .T. ) ;
#962 = CIRCLE ( 'NONE', #294, 0.2500000000000002220 ) ;
#963 = DIRECTION ( 'NONE',  ( -0.000000000000000000, -1.000000000000000000, -0.000000000000000000 ) ) ;
#964 = VECTOR ( 'NONE', #668, 1000.000000000000000 ) ;
#965 = AXIS2_PLACEMENT_3D ( 'NONE', #1041, #580, #943 ) ;
#966 = DIRECTION ( 'NONE',  ( 0.000000000000000000, -1.000000000000000000, 0.000000000000000000 ) ) ;
#967 = VERTEX_POINT ( 'NONE', #1323 ) ;
#968 = EDGE_CURVE ( 'NONE', #1482, #1025, #1159, .T. ) ;
#969 = CARTESIAN_POINT ( 'NONE',  ( 0.000000000000000000, -11.25000000000000000, -2.850000000000000089 ) ) ;
#970 = DIRECTION ( 'NONE',  ( 1.224646799147353454E-16, 0.000000000000000000, -1.000000000000000000 ) ) ;
#971 = DIRECTION ( 'NONE',  ( 0.000000000000000000, 0.000000000000000000, -1.000000000000000000 ) ) ;
#972 = ORIENTED_EDGE ( 'NONE', *, *, #1491, .T. ) ;
#973 = CARTESIAN_POINT ( 'NONE',  ( 0.000000000000000000, 8.000000000000000000, 0.000000000000000000 ) ) ;
#974 = EDGE_CURVE ( 'NONE', #1016, #1342, #151, .T. ) ;
#975 = ORIENTED_EDGE ( 'NONE', *, *, #915, .T. ) ;
#976 = DIRECTION ( 'NONE',  ( -0.000000000000000000, -1.000000000000000000, -0.000000000000000000 ) ) ;
#977 = CARTESIAN_POINT ( 'NONE',  ( 0.000000000000000000, 11.75000000000000000, -3.100000000000000089 ) ) ;
#978 = ADVANCED_FACE ( 'NONE', ( #311, #320 ), #774, .T. ) ;
#979 = CARTESIAN_POINT ( 'NONE',  ( 0.000000000000000000, -5.249999999999999112, 0.000000000000000000 ) ) ;
#980 = CARTESIAN_POINT ( 'NONE',  ( 0.000000000000000000, 11.50000000000000000, 2.850000000000000089 ) ) ;
#981 = FACE_OUTER_BOUND ( 'NONE', #345, .T. ) ;
#982 = AXIS2_PLACEMENT_3D ( 'NONE', #1063, #966, #1404 ) ;
#983 = DIRECTION ( 'NONE',  ( 0.000000000000000000, 0.000000000000000000, -1.000000000000000000 ) ) ;
#984 = EDGE_CURVE ( 'NONE', #908, #1482, #1344, .T. ) ;
#985 = CARTESIAN_POINT ( 'NONE',  ( 0.000000000000000000, -2.314564760490961159, 7.952380952380951662 ) ) ;
#986 = FACE_OUTER_BOUND ( 'NONE', #497, .T. ) ;
#987 = LINE ( 'NONE', #729, #123 ) ;
#988 = CARTESIAN_POINT ( 'NONE',  ( 0.000000000000000000, -0.3663403931669250713, 0.000000000000000000 ) ) ;
#989 = ADVANCED_BREP_SHAPE_REPRESENTATION ( 'RODILLO TENSOR', ( #1345, #427 ), #1069 ) ;
#990 = ORIENTED_EDGE ( 'NONE', *, *, #1363, .F. ) ;
#991 = ORIENTED_EDGE ( 'NONE', *, *, #803, .T. ) ;
#992 = CARTESIAN_POINT ( 'NONE',  ( 0.000000000000000000, 8.000000000000000000, -3.750000000000000000 ) ) ;
#993 = CARTESIAN_POINT ( 'NONE',  ( 0.000000000000000000, -2.167792998515511549, 0.000000000000000000 ) ) ;
#994 = CARTESIAN_POINT ( 'NONE',  ( 0.000000000000000000, -7.249999999999999112, 4.000000000000000000 ) ) ;
#995 = ADVANCED_FACE ( 'NONE', ( #1328 ), #645, .T. ) ;
#996 = ORIENTED_EDGE ( 'NONE', *, *, #381, .F. ) ;
#997 = AXIS2_PLACEMENT_3D ( 'NONE', #134, #116, #691 ) ;
#998 = CARTESIAN_POINT ( 'NONE',  ( 6.123233995736673591E-16, 0.000000000000000000, 4.999999999999924505 ) ) ;
#999 = CONICAL_SURFACE ( 'NONE', #786, 8.000000000000000000, 1.439896632895324879 ) ;
#1000 = DIRECTION ( 'NONE',  ( 0.000000000000000000, 0.000000000000000000, 1.000000000000000000 ) ) ;
#1001 = CIRCLE ( 'NONE', #348, 0.2500000000000002220 ) ;
#1002 = CARTESIAN_POINT ( 'NONE',  ( 0.000000000000000000, -8.000000000000000000, 0.000000000000000000 ) ) ;
#1003 = ADVANCED_FACE ( 'NONE', ( #895 ), #1097, .T. ) ;
#1004 = AXIS2_PLACEMENT_3D ( 'NONE', #1199, #1086, #529 ) ;
#1005 = APPLICATION_PROTOCOL_DEFINITION ( 'draft international standard', 'automotive_design', 1998, #719 ) ;
#1006 = EDGE_LOOP ( 'NONE', ( #415, #1327, #1428, #1061 ) ) ;
#1007 = EDGE_CURVE ( 'NONE', #334, #604, #477, .T. ) ;
#1008 = ORIENTED_EDGE ( 'NONE', *, *, #263, .T. ) ;
#1009 = FACE_BOUND ( 'NONE', #921, .T. ) ;
#1010 = CARTESIAN_POINT ( 'NONE',  ( 3.490243377569956554E-16, -11.00000000000000000, 2.850000000000000089 ) ) ;
#1011 = ORIENTED_EDGE ( 'NONE', *, *, #915, .F. ) ;
#1012 = VERTEX_POINT ( 'NONE', #781 ) ;
#1013 = DIRECTION ( 'NONE',  ( 0.000000000000000000, 1.000000000000000000, 0.000000000000000000 ) ) ;
#1014 = EDGE_CURVE ( 'NONE', #1054, #317, #271, .T. ) ;
#1015 = FACE_OUTER_BOUND ( 'NONE', #1057, .T. ) ;
#1016 = VERTEX_POINT ( 'NONE', #1019 ) ;
#1017 = SHAPE_DEFINITION_REPRESENTATION ( #835, #989 ) ;
#1018 = ORIENTED_EDGE ( 'NONE', *, *, #853, .T. ) ;
#1019 = CARTESIAN_POINT ( 'NONE',  ( 4.592425496802573972E-16, -7.500000000000000000, -3.750000000000000000 ) ) ;
#1020 = CARTESIAN_POINT ( 'NONE',  ( 9.797174393178825657E-16, -2.250000000000000000, -8.000000000000000000 ) ) ;
#1021 = CIRCLE ( 'NONE', #1226, 0.2500000000000002220 ) ;
#1022 = EDGE_CURVE ( 'NONE', #1038, #843, #184, .T. ) ;
#1023 = DIRECTION ( 'NONE',  ( 1.000000000000000000, 0.000000000000000000, -1.224646799147353207E-16 ) ) ;
#1024 = TOROIDAL_SURFACE ( 'NONE', #1346, 7.750000000000000000, 0.2500000000000000000 ) ;
#1025 = VERTEX_POINT ( 'NONE', #288 ) ;
#1026 = CIRCLE ( 'NONE', #1135, 5.000000000000000888 ) ;
#1027 = ORIENTED_EDGE ( 'NONE', *, *, #255, .F. ) ;
#1028 = CYLINDRICAL_SURFACE ( 'NONE', #369, 3.750000000000000000 ) ;
#1029 = ORIENTED_EDGE ( 'NONE', *, *, #406, .T. ) ;
#1030 = CARTESIAN_POINT ( 'NONE',  ( 0.000000000000000000, -7.500000000000000000, 3.750000000000000000 ) ) ;
#1031 = EDGE_LOOP ( 'NONE', ( #1487, #181, #1489, #990 ) ) ;
#1032 = EDGE_LOOP ( 'NONE', ( #490, #240, #1349, #1070 ) ) ;
#1033 = CARTESIAN_POINT ( 'NONE',  ( 0.000000000000000000, 8.500000000000000000, 3.499999999999999556 ) ) ;
#1034 = DIRECTION ( 'NONE',  ( 0.000000000000000000, 0.000000000000000000, -1.000000000000000000 ) ) ;
#1035 = FACE_OUTER_BOUND ( 'NONE', #678, .T. ) ;
#1036 = DIRECTION ( 'NONE',  ( 0.000000000000000000, 0.000000000000000000, -1.000000000000000000 ) ) ;
#1037 = ORIENTED_EDGE ( 'NONE', *, *, #1208, .F. ) ;
#1038 = VERTEX_POINT ( 'NONE', #1460 ) ;
#1039 = ADVANCED_FACE ( 'NONE', ( #445 ), #999, .T. ) ;
#1040 = DIRECTION ( 'NONE',  ( 0.000000000000000000, 0.000000000000000000, 1.000000000000000000 ) ) ;
#1041 = CARTESIAN_POINT ( 'NONE',  ( 0.000000000000000000, -8.000000000000000000, 0.000000000000000000 ) ) ;
#1042 = DIRECTION ( 'NONE',  ( 0.000000000000000000, 1.000000000000000000, 0.000000000000000000 ) ) ;
#1043 = VECTOR ( 'NONE', #1477, 1000.000000000000000 ) ;
#1044 = AXIS2_PLACEMENT_3D ( 'NONE', #1120, #1212, #324 ) ;
#1045 = CIRCLE ( 'NONE', #884, 3.750000000000000000 ) ;
#1046 = VERTEX_POINT ( 'NONE', #992 ) ;
#1047 = CARTESIAN_POINT ( 'NONE',  ( 0.000000000000000000, 8.750000000000000000, 0.000000000000000000 ) ) ;
#1048 = ORIENTED_EDGE ( 'NONE', *, *, #467, .T. ) ;
#1049 = CYLINDRICAL_SURFACE ( 'NONE', #1245, 8.000000000000000000 ) ;
#1050 = DIRECTION ( 'NONE',  ( 0.000000000000000000, 0.000000000000000000, 1.000000000000000000 ) ) ;
#1051 = DIRECTION ( 'NONE',  ( -0.000000000000000000, 1.000000000000000000, -0.000000000000000000 ) ) ;
#1052 = CARTESIAN_POINT ( 'NONE',  ( 0.000000000000000000, 5.866340393166920464, 0.000000000000000000 ) ) ;
#1053 = EDGE_CURVE ( 'NONE', #839, #313, #419, .T. ) ;
#1054 = VERTEX_POINT ( 'NONE', #579 ) ;
#1055 = VERTEX_POINT ( 'NONE', #1356 ) ;
#1056 = DIRECTION ( 'NONE',  ( 0.000000000000000000, 1.000000000000000000, 0.000000000000000000 ) ) ;
#1057 = EDGE_LOOP ( 'NONE', ( #930, #144, #1171, #300 ) ) ;
#1058 = CARTESIAN_POINT ( 'NONE',  ( 0.000000000000000000, 8.000000000000000000, 0.000000000000000000 ) ) ;
#1059 = LINE ( 'NONE', #977, #906 ) ;
#1060 = CARTESIAN_POINT ( 'NONE',  ( 0.000000000000000000, 6.114201608510377639, 0.000000000000000000 ) ) ;
#1061 = ORIENTED_EDGE ( 'NONE', *, *, #236, .F. ) ;
#1062 = EDGE_CURVE ( 'NONE', #354, #671, #1129, .T. ) ;
#1063 = CARTESIAN_POINT ( 'NONE',  ( 0.000000000000000000, -8.250000000000000000, 0.000000000000000000 ) ) ;
#1064 = AXIS2_PLACEMENT_3D ( 'NONE', #791, #559, #1224 ) ;
#1065 = TOROIDAL_SURFACE ( 'NONE', #643, 3.499999999999999556, 0.2500000000000000000 ) ;
#1066 = ORIENTED_EDGE ( 'NONE', *, *, #190, .T. ) ;
#1067 = AXIS2_PLACEMENT_3D ( 'NONE', #283, #159, #494 ) ;
#1068 = FACE_OUTER_BOUND ( 'NONE', #825, .T. ) ;
#1069 =( GEOMETRIC_REPRESENTATION_CONTEXT ( 3 ) GLOBAL_UNCERTAINTY_ASSIGNED_CONTEXT ( ( #1218 ) ) GLOBAL_UNIT_ASSIGNED_CONTEXT ( ( #907, #1110, #66 ) ) REPRESENTATION_CONTEXT ( 'NONE', 'WORKASPACE' ) );
#1070 = ORIENTED_EDGE ( 'NONE', *, *, #326, .F. ) ;
#1071 = DIRECTION ( 'NONE',  ( 0.000000000000000000, 0.000000000000000000, 1.000000000000000000 ) ) ;
#1072 = DIRECTION ( 'NONE',  ( 0.000000000000000000, 1.000000000000000000, 0.000000000000000000 ) ) ;
#1073 = CARTESIAN_POINT ( 'NONE',  ( 0.000000000000000000, 8.750000000000000000, 0.000000000000000000 ) ) ;
#1074 = DIRECTION ( 'NONE',  ( 0.000000000000000000, 1.000000000000000000, 0.000000000000000000 ) ) ;
#1075 = EDGE_CURVE ( 'NONE', #565, #839, #526, .T. ) ;
#1076 = ORIENTED_EDGE ( 'NONE', *, *, #417, .F. ) ;
#1077 = DIRECTION ( 'NONE',  ( 0.000000000000000000, -1.000000000000000000, 0.000000000000000000 ) ) ;
#1078 = CARTESIAN_POINT ( 'NONE',  ( 0.000000000000000000, -6.999999999999999112, 0.000000000000000000 ) ) ;
#1079 = EDGE_CURVE ( 'NONE', #908, #362, #1465, .T. ) ;
#1080 = CARTESIAN_POINT ( 'NONE',  ( 0.000000000000000000, 8.500000000000000000, 0.000000000000000000 ) ) ;
#1081 = CARTESIAN_POINT ( 'NONE',  ( 9.797174393178825657E-16, 7.500000000000000000, 8.000000000000000000 ) ) ;
#1082 = CIRCLE ( 'NONE', #638, 0.2500000000000002220 ) ;
#1083 = AXIS2_PLACEMENT_3D ( 'NONE', #122, #329, #811 ) ;
#1084 = DIRECTION ( 'NONE',  ( 0.000000000000000000, -1.000000000000000000, 0.000000000000000000 ) ) ;
#1085 = AXIS2_PLACEMENT_3D ( 'NONE', #534, #1227, #644 ) ;
#1086 = DIRECTION ( 'NONE',  ( 0.000000000000000000, -1.000000000000000000, 0.000000000000000000 ) ) ;
#1087 = CIRCLE ( 'NONE', #507, 3.100000000000000089 ) ;
#1088 = ORIENTED_EDGE ( 'NONE', *, *, #161, .T. ) ;
#1089 = DIRECTION ( 'NONE',  ( 0.000000000000000000, 0.000000000000000000, -1.000000000000000000 ) ) ;
#1090 = EDGE_LOOP ( 'NONE', ( #707, #753, #113, #916 ) ) ;
#1091 = DIRECTION ( 'NONE',  ( 1.224646799147353454E-16, 0.000000000000000000, -1.000000000000000000 ) ) ;
#1092 = DIRECTION ( 'NONE',  ( -0.000000000000000000, 1.000000000000000000, -0.000000000000000000 ) ) ;
#1093 = DIRECTION ( 'NONE',  ( -0.000000000000000000, 1.000000000000000000, -0.000000000000000000 ) ) ;
#1094 = EDGE_CURVE ( 'NONE', #1381, #1151, #1297, .T. ) ;
#1095 = ORIENTED_EDGE ( 'NONE', *, *, #940, .F. ) ;
#1096 = ORIENTED_EDGE ( 'NONE', *, *, #853, .F. ) ;
#1097 = CYLINDRICAL_SURFACE ( 'NONE', #1104, 7.000000000000000000 ) ;
#1098 = DIRECTION ( 'NONE',  ( 0.000000000000000000, 0.000000000000000000, -1.000000000000000000 ) ) ;
#1099 = LINE ( 'NONE', #435, #1300 ) ;
#1100 = ADVANCED_FACE ( 'NONE', ( #97 ), #859, .T. ) ;
#1101 = DIRECTION ( 'NONE',  ( -0.000000000000000000, -1.000000000000000000, -0.000000000000000000 ) ) ;
#1102 = LINE ( 'NONE', #658, #96 ) ;
#1103 =( GEOMETRIC_REPRESENTATION_CONTEXT ( 3 ) GLOBAL_UNCERTAINTY_ASSIGNED_CONTEXT ( ( #675 ) ) GLOBAL_UNIT_ASSIGNED_CONTEXT ( ( #231, #110, #1486 ) ) REPRESENTATION_CONTEXT ( 'NONE', 'WORKASPACE' ) );
#1104 = AXIS2_PLACEMENT_3D ( 'NONE', #1437, #1013, #1335 ) ;
#1105 = CIRCLE ( 'NONE', #200, 3.100000000000000089 ) ;
#1106 = DIRECTION ( 'NONE',  ( -1.000000000000000000, -0.000000000000000000, -0.000000000000000000 ) ) ;
#1107 = CIRCLE ( 'NONE', #527, 2.850000000000000089 ) ;
#1108 = DIRECTION ( 'NONE',  ( -1.224646799147351482E-16, 0.000000000000000000, -1.000000000000000000 ) ) ;
#1109 = AXIS2_PLACEMENT_3D ( 'NONE', #262, #607, #1050 ) ;
#1110 =( NAMED_UNIT ( * ) PLANE_ANGLE_UNIT ( ) SI_UNIT ( $, .RADIAN. ) );
#1111 = EDGE_CURVE ( 'NONE', #877, #1054, #711, .T. ) ;
#1112 = ORIENTED_EDGE ( 'NONE', *, *, #1062, .F. ) ;
#1113 = ORIENTED_EDGE ( 'NONE', *, *, #406, .F. ) ;
#1114 = EDGE_CURVE ( 'NONE', #1151, #1482, #917, .T. ) ;
#1115 = DIRECTION ( 'NONE',  ( 0.000000000000000000, 0.000000000000000000, 1.000000000000000000 ) ) ;
#1116 = EDGE_LOOP ( 'NONE', ( #764, #105, #501, #1474 ) ) ;
#1117 = DIRECTION ( 'NONE',  ( 0.000000000000000000, 0.000000000000000000, -1.000000000000000000 ) ) ;
#1118 = CARTESIAN_POINT ( 'NONE',  ( 0.000000000000000000, 7.750000000000000000, 0.000000000000000000 ) ) ;
#1119 = EDGE_LOOP ( 'NONE', ( #1450, #1167, #256, #214 ) ) ;
#1120 = CARTESIAN_POINT ( 'NONE',  ( 0.000000000000000000, 8.000000000000000000, 0.000000000000000000 ) ) ;
#1121 = EDGE_LOOP ( 'NONE', ( #310, #868, #744, #460 ) ) ;
#1122 = ORIENTED_EDGE ( 'NONE', *, *, #1310, .F. ) ;
#1123 = CARTESIAN_POINT ( 'NONE',  ( 0.000000000000000000, -6.999999999999999112, 0.000000000000000000 ) ) ;
#1124 = EDGE_CURVE ( 'NONE', #757, #359, #830, .T. ) ;
#1125 = DIRECTION ( 'NONE',  ( -0.000000000000000000, 1.000000000000000000, -0.000000000000000000 ) ) ;
#1126 = ORIENTED_EDGE ( 'NONE', *, *, #1079, .F. ) ;
#1127 = ORIENTED_EDGE ( 'NONE', *, *, #776, .T. ) ;
#1128 = EDGE_LOOP ( 'NONE', ( #772, #1267 ) ) ;
#1129 = LINE ( 'NONE', #796, #318 ) ;
#1130 = AXIS2_PLACEMENT_3D ( 'NONE', #1193, #1178, #733 ) ;
#1131 = CARTESIAN_POINT ( 'NONE',  ( 0.000000000000000000, 7.500000000000000000, 0.000000000000000000 ) ) ;
#1132 = AXIS2_PLACEMENT_3D ( 'NONE', #356, #679, #216 ) ;
#1133 = DIRECTION ( 'NONE',  ( 0.000000000000000000, 0.000000000000000000, -1.000000000000000000 ) ) ;
#1134 = CLOSED_SHELL ( 'NONE', ( #1232, #1182, #34, #1279, #1406, #1473, #315, #1352, #651, #1220, #410, #1235, #429, #864, #274, #281, #1173, #1219, #1192, #1003, #1039, #510, #1372, #701, #768, #1291, #676, #515, #560, #31, #956, #1415, #454, #198, #995, #217, #680, #1426, #842, #162, #710, #978, #925, #1337, #1386, #338, #1379, #1340, #1100, #1457, #100, #664, #390, #488, #771, #731 ) ) ;
#1135 = AXIS2_PLACEMENT_3D ( 'NONE', #861, #736, #257 ) ;
#1136 = CARTESIAN_POINT ( 'NONE',  ( 0.000000000000000000, -11.00000000000000000, 0.000000000000000000 ) ) ;
#1137 = ORIENTED_EDGE ( 'NONE', *, *, #1155, .T. ) ;
#1138 = EDGE_CURVE ( 'NONE', #832, #793, #806, .T. ) ;
#1139 = ORIENTED_EDGE ( 'NONE', *, *, #669, .T. ) ;
#1140 = AXIS2_PLACEMENT_3D ( 'NONE', #1484, #1389, #486 ) ;
#1141 = DIRECTION ( 'NONE',  ( -1.000000000000000000, 0.000000000000000000, 0.000000000000000000 ) ) ;
#1142 = CYLINDRICAL_SURFACE ( 'NONE', #342, 5.000000000000000000 ) ;
#1143 = DIRECTION ( 'NONE',  ( 0.000000000000000000, 0.000000000000000000, -1.000000000000000000 ) ) ;
#1144 = EDGE_CURVE ( 'NONE', #355, #219, #1274, .T. ) ;
#1145 = ORIENTED_EDGE ( 'NONE', *, *, #741, .F. ) ;
#1146 = EDGE_LOOP ( 'NONE', ( #411, #253, #851, #473 ) ) ;
#1147 = FACE_OUTER_BOUND ( 'NONE', #3, .T. ) ;
#1148 = CARTESIAN_POINT ( 'NONE',  ( 0.000000000000000000, 11.50000000000000000, 0.000000000000000000 ) ) ;
#1149 = DIRECTION ( 'NONE',  ( -0.000000000000000000, -1.000000000000000000, -0.000000000000000000 ) ) ;
#1150 = EDGE_CURVE ( 'NONE', #238, #62, #684, .T. ) ;
#1151 = VERTEX_POINT ( 'NONE', #924 ) ;
#1152 = VERTEX_POINT ( 'NONE', #1244 ) ;
#1153 = DIRECTION ( 'NONE',  ( 0.000000000000000000, 0.000000000000000000, 1.000000000000000000 ) ) ;
#1154 = VERTEX_POINT ( 'NONE', #1380 ) ;
#1155 = EDGE_CURVE ( 'NONE', #1213, #1152, #221, .T. ) ;
#1156 = CARTESIAN_POINT ( 'NONE',  ( 0.000000000000000000, -2.314564760490961159, 0.000000000000000000 ) ) ;
#1157 = AXIS2_PLACEMENT_3D ( 'NONE', #1148, #1180, #517 ) ;
#1158 = VERTEX_POINT ( 'NONE', #1165 ) ;
#1159 = CIRCLE ( 'NONE', #176, 1.425000000000000044 ) ;
#1160 = DIRECTION ( 'NONE',  ( 0.000000000000000000, 0.000000000000000000, 1.000000000000000000 ) ) ;
#1161 = CIRCLE ( 'NONE', #1044, 3.750000000000000000 ) ;
#1162 = TOROIDAL_SURFACE ( 'NONE', #1469, 4.000000000000000000, 0.2500000000000000000 ) ;
#1163 = VECTOR ( 'NONE', #976, 1000.000000000000000 ) ;
#1164 = ORIENTED_EDGE ( 'NONE', *, *, #741, .T. ) ;
#1165 = CARTESIAN_POINT ( 'NONE',  ( 4.592425496802573972E-16, -8.000000000000000000, -3.750000000000000000 ) ) ;
#1166 = EDGE_CURVE ( 'NONE', #334, #359, #540, .T. ) ;
#1167 = ORIENTED_EDGE ( 'NONE', *, *, #669, .F. ) ;
#1168 = CARTESIAN_POINT ( 'NONE',  ( 2.051283388571816641E-16, -11.25000000000000000, 1.675000000000000044 ) ) ;
#1169 = FACE_OUTER_BOUND ( 'NONE', #115, .T. ) ;
#1170 = CARTESIAN_POINT ( 'NONE',  ( 4.592425496802573972E-16, 8.750000000000000000, 3.750000000000000000 ) ) ;
#1171 = ORIENTED_EDGE ( 'NONE', *, *, #749, .T. ) ;
#1172 = CARTESIAN_POINT ( 'NONE',  ( 0.000000000000000000, 0.000000000000000000, 0.000000000000000000 ) ) ;
#1173 = ADVANCED_FACE ( 'NONE', ( #346 ), #1315, .T. ) ;
#1174 = CARTESIAN_POINT ( 'NONE',  ( 0.000000000000000000, 7.500000000000000000, -8.000000000000000000 ) ) ;
#1175 = DIRECTION ( 'NONE',  ( 0.000000000000000000, 1.000000000000000000, 0.000000000000000000 ) ) ;
#1176 = CARTESIAN_POINT ( 'NONE',  ( 0.000000000000000000, -0.6142016085103779721, 0.000000000000000000 ) ) ;
#1177 = ORIENTED_EDGE ( 'NONE', *, *, #228, .F. ) ;
#1178 = DIRECTION ( 'NONE',  ( -0.000000000000000000, -1.000000000000000000, -0.000000000000000000 ) ) ;
#1179 = CARTESIAN_POINT ( 'NONE',  ( 0.000000000000000000, 8.750000000000000000, 0.000000000000000000 ) ) ;
#1180 = DIRECTION ( 'NONE',  ( 0.000000000000000000, 1.000000000000000000, 0.000000000000000000 ) ) ;
#1181 = CARTESIAN_POINT ( 'NONE',  ( 0.000000000000000000, 11.50000000000000000, 0.000000000000000000 ) ) ;
#1182 = ADVANCED_FACE ( 'NONE', ( #234 ), #756, .T. ) ;
#1183 = DIRECTION ( 'NONE',  ( 0.000000000000000000, 0.000000000000000000, 1.000000000000000000 ) ) ;
#1184 = AXIS2_PLACEMENT_3D ( 'NONE', #554, #88, #901 ) ;
#1185 = AXIS2_PLACEMENT_3D ( 'NONE', #1275, #385, #33 ) ;
#1186 = DIRECTION ( 'NONE',  ( -0.000000000000000000, -1.000000000000000000, -0.000000000000000000 ) ) ;
#1187 = AXIS2_PLACEMENT_3D ( 'NONE', #745, #844, #1382 ) ;
#1188 = DIRECTION ( 'NONE',  ( 0.000000000000000000, -1.000000000000000000, 0.000000000000000000 ) ) ;
#1189 = VECTOR ( 'NONE', #535, 1000.000000000000000 ) ;
#1190 = CARTESIAN_POINT ( 'NONE',  ( 0.000000000000000000, -0.6142016085103779721, 8.000000000000000000 ) ) ;
#1191 = AXIS2_PLACEMENT_3D ( 'NONE', #351, #1263, #926 ) ;
#1192 = ADVANCED_FACE ( 'NONE', ( #1147 ), #421, .F. ) ;
#1193 = CARTESIAN_POINT ( 'NONE',  ( 0.000000000000000000, 11.75000000000000000, 0.000000000000000000 ) ) ;
#1194 = CARTESIAN_POINT ( 'NONE',  ( 0.000000000000000000, 8.000000000000000000, 4.000000000000000000 ) ) ;
#1195 = EDGE_CURVE ( 'NONE', #62, #1221, #1268, .T. ) ;
#1196 = CARTESIAN_POINT ( 'NONE',  ( 0.000000000000000000, -11.25000000000000000, 0.000000000000000000 ) ) ;
#1197 = CARTESIAN_POINT ( 'NONE',  ( 0.000000000000000000, 8.750000000000000000, 0.000000000000000000 ) ) ;
#1198 = DIRECTION ( 'NONE',  ( 0.000000000000000000, 0.000000000000000000, 1.000000000000000000 ) ) ;
#1199 = CARTESIAN_POINT ( 'NONE',  ( 0.000000000000000000, -11.00000000000000000, 0.000000000000000000 ) ) ;
#1200 = EDGE_CURVE ( 'NONE', #489, #1012, #640, .T. ) ;
#1201 = VERTEX_POINT ( 'NONE', #277 ) ;
#1202 = VECTOR ( 'NONE', #601, 1000.000000000000000 ) ;
#1203 = AXIS2_PLACEMENT_3D ( 'NONE', #38, #258, #165 ) ;
#1204 = AXIS2_PLACEMENT_3D ( 'NONE', #1309, #145, #379 ) ;
#1205 = CIRCLE ( 'NONE', #836, 8.000000000000000000 ) ;
#1206 = EDGE_LOOP ( 'NONE', ( #543, #860 ) ) ;
#1207 = DIRECTION ( 'NONE',  ( -0.000000000000000000, -1.000000000000000000, -0.000000000000000000 ) ) ;
#1208 = EDGE_CURVE ( 'NONE', #636, #185, #314, .T. ) ;
#1209 = CARTESIAN_POINT ( 'NONE',  ( 0.000000000000000000, -7.500000000000000000, 0.000000000000000000 ) ) ;
#1210 = EDGE_CURVE ( 'NONE', #779, #317, #829, .T. ) ;
#1211 = DIRECTION ( 'NONE',  ( -1.224646799147351482E-16, 0.000000000000000000, -1.000000000000000000 ) ) ;
#1212 = DIRECTION ( 'NONE',  ( 0.000000000000000000, 1.000000000000000000, 0.000000000000000000 ) ) ;
#1213 = VERTEX_POINT ( 'NONE', #969 ) ;
#1214 = ORIENTED_EDGE ( 'NONE', *, *, #1111, .F. ) ;
#1215 = CARTESIAN_POINT ( 'NONE',  ( 0.000000000000000000, -11.00000000000000000, -1.675000000000000044 ) ) ;
#1216 = FACE_OUTER_BOUND ( 'NONE', #191, .T. ) ;
#1217 = DIRECTION ( 'NONE',  ( 0.000000000000000000, 0.000000000000000000, 1.000000000000000000 ) ) ;
#1218 = UNCERTAINTY_MEASURE_WITH_UNIT (LENGTH_MEASURE( 1.000000000000000082E-05 ), #907, 'distance_accuracy_value', 'NONE');
#1219 = ADVANCED_FACE ( 'NONE', ( #961 ), #1365, .T. ) ;
#1220 = ADVANCED_FACE ( 'NONE', ( #1068 ), #1299, .T. ) ;
#1221 = VERTEX_POINT ( 'NONE', #514 ) ;
#1222 = ORIENTED_EDGE ( 'NONE', *, *, #1150, .F. ) ;
#1223 = VERTEX_POINT ( 'NONE', #631 ) ;
#1224 = DIRECTION ( 'NONE',  ( 0.000000000000000000, 0.000000000000000000, -1.000000000000000000 ) ) ;
#1225 = AXIS2_PLACEMENT_3D ( 'NONE', #1265, #1149, #1036 ) ;
#1226 = AXIS2_PLACEMENT_3D ( 'NONE', #522, #264, #413 ) ;
#1227 = DIRECTION ( 'NONE',  ( 0.000000000000000000, -1.000000000000000000, 0.000000000000000000 ) ) ;
#1228 = FACE_OUTER_BOUND ( 'NONE', #777, .T. ) ;
#1229 = CONICAL_SURFACE ( 'NONE', #321, 4.999999999999924505, 1.439896632895325101 ) ;
#1230 = ORIENTED_EDGE ( 'NONE', *, *, #1208, .T. ) ;
#1231 = VECTOR ( 'NONE', #90, 1000.000000000000000 ) ;
#1232 = ADVANCED_FACE ( 'NONE', ( #949 ), #902, .T. ) ;
#1233 = EDGE_LOOP ( 'NONE', ( #932, #1385 ) ) ;
#1234 = LINE ( 'NONE', #212, #1421 ) ;
#1235 = ADVANCED_FACE ( 'NONE', ( #981 ), #254, .T. ) ;
#1236 = APPLICATION_PROTOCOL_DEFINITION ( 'draft international standard', 'automotive_design', 1998, #28 ) ;
#1237 = ORIENTED_EDGE ( 'NONE', *, *, #581, .T. ) ;
#1238 = ORIENTED_EDGE ( 'NONE', *, *, #551, .F. ) ;
#1239 = ORIENTED_EDGE ( 'NONE', *, *, #641, .T. ) ;
#1240 = ORIENTED_EDGE ( 'NONE', *, *, #974, .T. ) ;
#1241 = CARTESIAN_POINT ( 'NONE',  ( 0.000000000000000000, -11.00000000000000000, 0.000000000000000000 ) ) ;
#1242 = DIRECTION ( 'NONE',  ( -1.000000000000000000, -0.000000000000000000, -0.000000000000000000 ) ) ;
#1243 = ORIENTED_EDGE ( 'NONE', *, *, #1014, .F. ) ;
#1244 = CARTESIAN_POINT ( 'NONE',  ( 3.643324227463375982E-16, -11.25000000000000000, 2.850000000000000089 ) ) ;
#1245 = AXIS2_PLACEMENT_3D ( 'NONE', #1357, #951, #242 ) ;
#1246 = CARTESIAN_POINT ( 'NONE',  ( 0.000000000000000000, -0.3663403931669250713, 0.000000000000000000 ) ) ;
#1247 = CIRCLE ( 'NONE', #1203, 5.000000000000000888 ) ;
#1248 = CIRCLE ( 'NONE', #620, 0.2500000000000002220 ) ;
#1249 = DIRECTION ( 'NONE',  ( 0.000000000000000000, 0.000000000000000000, 1.000000000000000000 ) ) ;
#1250 = TOROIDAL_SURFACE ( 'NONE', #714, 3.499999999999999556, 0.2500000000000000000 ) ;
#1251 = SURFACE_STYLE_USAGE ( .BOTH. , #920 ) ;
#1252 = VECTOR ( 'NONE', #1125, 1000.000000000000000 ) ;
#1253 = ORIENTED_EDGE ( 'NONE', *, *, #152, .T. ) ;
#1254 = ORIENTED_EDGE ( 'NONE', *, *, #368, .F. ) ;
#1255 = TOROIDAL_SURFACE ( 'NONE', #965, 3.499999999999999556, 0.2500000000000000000 ) ;
#1256 = DIRECTION ( 'NONE',  ( 0.000000000000000000, 0.000000000000000000, -1.000000000000000000 ) ) ;
#1257 = FACE_OUTER_BOUND ( 'NONE', #808, .T. ) ;
#1258 = EDGE_CURVE ( 'NONE', #944, #1038, #371, .T. ) ;
#1259 = DIRECTION ( 'NONE',  ( 0.000000000000000000, -1.000000000000000000, 0.000000000000000000 ) ) ;
#1260 = CARTESIAN_POINT ( 'NONE',  ( 0.000000000000000000, -7.249999999999999112, 0.000000000000000000 ) ) ;
#1261 = ORIENTED_EDGE ( 'NONE', *, *, #1007, .F. ) ;
#1262 = DIRECTION ( 'NONE',  ( -0.000000000000000000, 1.000000000000000000, -0.000000000000000000 ) ) ;
#1263 = DIRECTION ( 'NONE',  ( -0.000000000000000000, -1.000000000000000000, -0.000000000000000000 ) ) ;
#1264 = DIRECTION ( 'NONE',  ( 0.000000000000000000, -1.000000000000000000, 0.000000000000000000 ) ) ;
#1265 = CARTESIAN_POINT ( 'NONE',  ( 0.000000000000000000, 11.75000000000000000, 0.000000000000000000 ) ) ;
#1266 = EDGE_CURVE ( 'NONE', #62, #1290, #524, .T. ) ;
#1267 = ORIENTED_EDGE ( 'NONE', *, *, #306, .T. ) ;
#1268 = LINE ( 'NONE', #394, #955 ) ;
#1269 = DIRECTION ( 'NONE',  ( 0.000000000000000000, 0.000000000000000000, 1.000000000000000000 ) ) ;
#1270 = CYLINDRICAL_SURFACE ( 'NONE', #1140, 8.000000000000000000 ) ;
#1271 = AXIS2_PLACEMENT_3D ( 'NONE', #1293, #1285, #267 ) ;
#1272 = ORIENTED_EDGE ( 'NONE', *, *, #438, .T. ) ;
#1273 = AXIS2_PLACEMENT_3D ( 'NONE', #137, #16, #280 ) ;
#1274 = CIRCLE ( 'NONE', #642, 8.000000000000000000 ) ;
#1275 = CARTESIAN_POINT ( 'NONE',  ( 0.000000000000000000, 5.866340393166920464, 0.000000000000000000 ) ) ;
#1276 = TOROIDAL_SURFACE ( 'NONE', #622, 12.00000000000000000, 5.000000000000000000 ) ;
#1277 = AXIS2_PLACEMENT_3D ( 'NONE', #1118, #1461, #1325 ) ;
#1278 = ORIENTED_EDGE ( 'NONE', *, *, #136, .F. ) ;
#1279 = ADVANCED_FACE ( 'NONE', ( #850 ), #503, .F. ) ;
#1280 = DIRECTION ( 'NONE',  ( 1.000000000000000000, -0.000000000000000000, 1.224646799147353207E-16 ) ) ;
#1281 = ORIENTED_EDGE ( 'NONE', *, *, #1114, .F. ) ;
#1282 = PLANE ( 'NONE',  #1446 ) ;
#1283 = DIRECTION ( 'NONE',  ( 0.000000000000000000, -1.000000000000000000, 0.000000000000000000 ) ) ;
#1284 = DIRECTION ( 'NONE',  ( 0.000000000000000000, 0.000000000000000000, 1.000000000000000000 ) ) ;
#1285 = DIRECTION ( 'NONE',  ( 0.000000000000000000, 1.000000000000000000, 0.000000000000000000 ) ) ;
#1286 = ORIENTED_EDGE ( 'NONE', *, *, #856, .T. ) ;
#1287 = DIRECTION ( 'NONE',  ( 0.000000000000000000, 0.000000000000000000, 1.000000000000000000 ) ) ;
#1288 = FACE_OUTER_BOUND ( 'NONE', #92, .T. ) ;
#1289 = DIRECTION ( 'NONE',  ( -0.000000000000000000, -1.000000000000000000, -0.000000000000000000 ) ) ;
#1290 = VERTEX_POINT ( 'NONE', #727 ) ;
#1291 = ADVANCED_FACE ( 'NONE', ( #146 ), #511, .T. ) ;
#1292 = DIRECTION ( 'NONE',  ( 0.000000000000000000, 0.000000000000000000, 1.000000000000000000 ) ) ;
#1293 = CARTESIAN_POINT ( 'NONE',  ( 0.000000000000000000, 11.50000000000000000, 0.000000000000000000 ) ) ;
#1294 = CARTESIAN_POINT ( 'NONE',  ( 9.797174393178825657E-16, 7.750000000000000000, 8.000000000000000000 ) ) ;
#1295 = EDGE_CURVE ( 'NONE', #967, #671, #1105, .T. ) ;
#1296 = FACE_OUTER_BOUND ( 'NONE', #558, .T. ) ;
#1297 = CIRCLE ( 'NONE', #1083, 0.2500000000000000000 ) ;
#1298 = AXIS2_PLACEMENT_3D ( 'NONE', #352, #706, #1358 ) ;
#1299 = CYLINDRICAL_SURFACE ( 'NONE', #246, 3.100000000000000089 ) ;
#1300 = VECTOR ( 'NONE', #196, 1000.000000000000000 ) ;
#1301 = CIRCLE ( 'NONE', #716, 7.782631548055011450 ) ;
#1302 = CARTESIAN_POINT ( 'NONE',  ( 0.000000000000000000, 11.50000000000000000, -3.100000000000000089 ) ) ;
#1303 = AXIS2_PLACEMENT_3D ( 'NONE', #1353, #1242, #896 ) ;
#1304 = FACE_OUTER_BOUND ( 'NONE', #1233, .T. ) ;
#1305 = CARTESIAN_POINT ( 'NONE',  ( 0.000000000000000000, -8.250000000000000000, 0.000000000000000000 ) ) ;
#1306 = EDGE_LOOP ( 'NONE', ( #632, #709 ) ) ;
#1307 = DIRECTION ( 'NONE',  ( 1.000000000000000000, -0.000000000000000000, 1.224646799147353207E-16 ) ) ;
#1308 = LINE ( 'NONE', #870, #1470 ) ;
#1309 = CARTESIAN_POINT ( 'NONE',  ( 0.000000000000000000, 11.50000000000000000, 0.000000000000000000 ) ) ;
#1310 = EDGE_CURVE ( 'NONE', #132, #602, #686, .T. ) ;
#1311 = ORIENTED_EDGE ( 'NONE', *, *, #1200, .T. ) ;
#1312 = EDGE_LOOP ( 'NONE', ( #1122, #1048, #1145, #996 ) ) ;
#1313 = DIRECTION ( 'NONE',  ( 0.000000000000000000, 0.000000000000000000, 1.000000000000000000 ) ) ;
#1314 = CARTESIAN_POINT ( 'NONE',  ( 9.797174393178825657E-16, -2.167792998515511549, -8.000000000000000000 ) ) ;
#1315 = TOROIDAL_SURFACE ( 'NONE', #1390, 7.750000000000000000, 0.2500000000000000000 ) ;
#1316 = AXIS2_PLACEMENT_3D ( 'NONE', #337, #804, #364 ) ;
#1317 = AXIS2_PLACEMENT_3D ( 'NONE', #335, #2, #485 ) ;
#1318 = AXIS2_PLACEMENT_3D ( 'NONE', #36, #1186, #157 ) ;
#1319 = EDGE_CURVE ( 'NONE', #1025, #1482, #831, .T. ) ;
#1320 = CIRCLE ( 'NONE', #51, 8.000000000000000000 ) ;
#1321 = VERTEX_POINT ( 'NONE', #603 ) ;
#1322 = ORIENTED_EDGE ( 'NONE', *, *, #1464, .F. ) ;
#1323 = CARTESIAN_POINT ( 'NONE',  ( 0.000000000000000000, -8.250000000000000000, 3.100000000000000089 ) ) ;
#1324 = DIRECTION ( 'NONE',  ( 0.000000000000000000, 0.000000000000000000, 1.000000000000000000 ) ) ;
#1325 = DIRECTION ( 'NONE',  ( 0.000000000000000000, -0.000000000000000000, 1.000000000000000000 ) ) ;
#1326 = PRODUCT_DEFINITION_CONTEXT ( 'detailed design', #28, 'design' ) ;
#1327 = ORIENTED_EDGE ( 'NONE', *, *, #1144, .F. ) ;
#1328 = FACE_OUTER_BOUND ( 'NONE', #360, .T. ) ;
#1329 = DIRECTION ( 'NONE',  ( 0.000000000000000000, 1.000000000000000000, 0.000000000000000000 ) ) ;
#1330 = ORIENTED_EDGE ( 'NONE', *, *, #417, .T. ) ;
#1331 = PRODUCT_CONTEXT ( 'NONE', #719, 'mechanical' ) ;
#1332 = EDGE_CURVE ( 'NONE', #793, #489, #882, .T. ) ;
#1333 = ORIENTED_EDGE ( 'NONE', *, *, #803, .F. ) ;
#1334 = DIRECTION ( 'NONE',  ( 0.000000000000000000, -0.000000000000000000, 1.000000000000000000 ) ) ;
#1335 = DIRECTION ( 'NONE',  ( 0.000000000000000000, 0.000000000000000000, 1.000000000000000000 ) ) ;
#1336 = DIRECTION ( 'NONE',  ( -0.000000000000000000, 1.000000000000000000, -0.000000000000000000 ) ) ;
#1337 = ADVANCED_FACE ( 'NONE', ( #685, #816 ), #699, .T. ) ;
#1338 = FACE_OUTER_BOUND ( 'NONE', #1312, .T. ) ;
#1339 = EDGE_LOOP ( 'NONE', ( #873, #573, #672, #1164 ) ) ;
#1340 = ADVANCED_FACE ( 'NONE', ( #367 ), #799, .F. ) ;
#1341 = TOROIDAL_SURFACE ( 'NONE', #46, 7.750000000000000000, 0.2500000000000000000 ) ;
#1342 = VERTEX_POINT ( 'NONE', #1030 ) ;
#1343 = DIRECTION ( 'NONE',  ( 0.000000000000000000, 1.000000000000000000, 0.000000000000000000 ) ) ;
#1344 = CIRCLE ( 'NONE', #291, 0.2500000000000000000 ) ;
#1345 = MANIFOLD_SOLID_BREP ( 'Redondeo7', #1134 ) ;
#1346 = AXIS2_PLACEMENT_3D ( 'NONE', #609, #628, #952 ) ;
#1347 = CARTESIAN_POINT ( 'NONE',  ( 0.000000000000000000, -0.6142016085103779721, 7.750000000000000000 ) ) ;
#1348 = AXIS2_PLACEMENT_3D ( 'NONE', #541, #1336, #1217 ) ;
#1349 = ORIENTED_EDGE ( 'NONE', *, *, #608, .T. ) ;
#1350 = ORIENTED_EDGE ( 'NONE', *, *, #1094, .T. ) ;
#1351 = CARTESIAN_POINT ( 'NONE',  ( 0.000000000000000000, 7.500000000000000000, 7.750000000000000000 ) ) ;
#1352 = ADVANCED_FACE ( 'NONE', ( #353 ), #223, .T. ) ;
#1353 = CARTESIAN_POINT ( 'NONE',  ( 0.000000000000000000, 6.114201608510377639, -7.750000000000000000 ) ) ;
#1354 = ORIENTED_EDGE ( 'NONE', *, *, #1480, .T. ) ;
#1355 = EDGE_CURVE ( 'NONE', #911, #313, #347, .T. ) ;
#1356 = CARTESIAN_POINT ( 'NONE',  ( 8.419446744138054255E-16, -7.249999999999999112, -6.750000000000000000 ) ) ;
#1357 = CARTESIAN_POINT ( 'NONE',  ( 0.000000000000000000, 7.750000000000000000, 0.000000000000000000 ) ) ;
#1358 = DIRECTION ( 'NONE',  ( 0.000000000000000000, 0.000000000000000000, 1.000000000000000000 ) ) ;
#1359 = EDGE_LOOP ( 'NONE', ( #794, #840, #1018, #553 ) ) ;
#1360 = VERTEX_POINT ( 'NONE', #985 ) ;
#1361 = ORIENTED_EDGE ( 'NONE', *, *, #1210, .T. ) ;
#1362 = DIRECTION ( 'NONE',  ( -1.000000000000000000, 0.000000000000000000, 0.000000000000000000 ) ) ;
#1363 = EDGE_CURVE ( 'NONE', #832, #1012, #660, .T. ) ;
#1364 = AXIS2_PLACEMENT_3D ( 'NONE', #697, #1409, #862 ) ;
#1365 = TOROIDAL_SURFACE ( 'NONE', #734, 6.750000000000000000, 0.2500000000000000000 ) ;
#1366 = FACE_OUTER_BOUND ( 'NONE', #652, .T. ) ;
#1367 = VECTOR ( 'NONE', #1072, 1000.000000000000000 ) ;
#1368 = AXIS2_PLACEMENT_3D ( 'NONE', #259, #519, #168 ) ;
#1369 = CARTESIAN_POINT ( 'NONE',  ( 0.000000000000000000, -6.999999999999999112, 7.000000000000000000 ) ) ;
#1370 = AXIS2_PLACEMENT_3D ( 'NONE', #1472, #358, #1133 ) ;
#1371 = CIRCLE ( 'NONE', #648, 1.675000000000000044 ) ;
#1372 = ADVANCED_FACE ( 'NONE', ( #624 ), #531, .T. ) ;
#1373 = ORIENTED_EDGE ( 'NONE', *, *, #1420, .F. ) ;
#1374 = CIRCLE ( 'NONE', #432, 4.000000000000000000 ) ;
#1375 = DIRECTION ( 'NONE',  ( 0.000000000000000000, 0.000000000000000000, 1.000000000000000000 ) ) ;
#1376 = FACE_BOUND ( 'NONE', #1128, .T. ) ;
#1377 = LINE ( 'NONE', #357, #1202 ) ;
#1378 = DIRECTION ( 'NONE',  ( -1.224646799147353454E-16, 0.000000000000000000, -1.000000000000000000 ) ) ;
#1379 = ADVANCED_FACE ( 'NONE', ( #177 ), #647, .T. ) ;
#1380 = CARTESIAN_POINT ( 'NONE',  ( 0.000000000000000000, -8.000000000000000000, 3.750000000000000000 ) ) ;
#1381 = VERTEX_POINT ( 'NONE', #154 ) ;
#1382 = DIRECTION ( 'NONE',  ( 0.000000000000000000, 0.000000000000000000, 1.000000000000000000 ) ) ;
#1383 = DIRECTION ( 'NONE',  ( 0.000000000000000000, 1.000000000000000000, 0.000000000000000000 ) ) ;
#1384 = DIRECTION ( 'NONE',  ( 1.214169776012528715E-16, 0.1305261922200486036, -0.9914448613738108262 ) ) ;
#1385 = ORIENTED_EDGE ( 'NONE', *, *, #1124, .T. ) ;
#1386 = ADVANCED_FACE ( 'NONE', ( #871 ), #847, .T. ) ;
#1387 = DIRECTION ( 'NONE',  ( 0.000000000000000000, 0.000000000000000000, 1.000000000000000000 ) ) ;
#1388 = EDGE_CURVE ( 'NONE', #1046, #1321, #272, .T. ) ;
#1389 = DIRECTION ( 'NONE',  ( -0.000000000000000000, -1.000000000000000000, -0.000000000000000000 ) ) ;
#1390 = AXIS2_PLACEMENT_3D ( 'NONE', #606, #1490, #1256 ) ;
#1391 = CIRCLE ( 'NONE', #401, 2.850000000000000089 ) ;
#1392 = CARTESIAN_POINT ( 'NONE',  ( 9.797174393178825657E-16, 6.114201608510377639, 8.000000000000000000 ) ) ;
#1393 = VECTOR ( 'NONE', #846, 1000.000000000000000 ) ;
#1394 = CARTESIAN_POINT ( 'NONE',  ( 0.000000000000000000, -8.000000000000000000, 0.000000000000000000 ) ) ;
#1395 = CIRCLE ( 'NONE', #26, 0.2500000000000002220 ) ;
#1396 = ORIENTED_EDGE ( 'NONE', *, *, #1075, .F. ) ;
#1397 = ORIENTED_EDGE ( 'NONE', *, *, #1266, .T. ) ;
#1398 = DIRECTION ( 'NONE',  ( 0.000000000000000000, 1.000000000000000000, 0.000000000000000000 ) ) ;
#1399 = CIRCLE ( 'NONE', #1303, 0.2500000000000002220 ) ;
#1400 = ORIENTED_EDGE ( 'NONE', *, *, #587, .F. ) ;
#1401 = CARTESIAN_POINT ( 'NONE',  ( 4.286263797015736102E-16, 8.500000000000000000, -3.499999999999999556 ) ) ;
#1402 = LINE ( 'NONE', #633, #1367 ) ;
#1403 = DIRECTION ( 'NONE',  ( 0.000000000000000000, 1.000000000000000000, 0.000000000000000000 ) ) ;
#1404 = DIRECTION ( 'NONE',  ( 0.000000000000000000, 0.000000000000000000, -1.000000000000000000 ) ) ;
#1405 = CARTESIAN_POINT ( 'NONE',  ( 0.000000000000000000, -6.999999999999999112, 0.000000000000000000 ) ) ;
#1406 = ADVANCED_FACE ( 'NONE', ( #629 ), #1065, .T. ) ;
#1407 = ORIENTED_EDGE ( 'NONE', *, *, #641, .F. ) ;
#1408 = DIRECTION ( 'NONE',  ( 1.000000000000000000, 0.000000000000000000, -1.224646799147353207E-16 ) ) ;
#1409 = DIRECTION ( 'NONE',  ( -0.000000000000000000, 1.000000000000000000, -0.000000000000000000 ) ) ;
#1410 = CARTESIAN_POINT ( 'NONE',  ( 0.000000000000000000, -11.25000000000000000, 3.100000000000000089 ) ) ;
#1411 = ORIENTED_EDGE ( 'NONE', *, *, #822, .T. ) ;
#1412 = DIRECTION ( 'NONE',  ( -0.000000000000000000, 1.000000000000000000, -0.000000000000000000 ) ) ;
#1413 = ORIENTED_EDGE ( 'NONE', *, *, #872, .F. ) ;
#1414 = CYLINDRICAL_SURFACE ( 'NONE', #910, 3.750000000000000000 ) ;
#1415 = ADVANCED_FACE ( 'NONE', ( #1296 ), #57, .T. ) ;
#1416 = DIRECTION ( 'NONE',  ( 0.000000000000000000, 0.000000000000000000, 1.000000000000000000 ) ) ;
#1417 = CIRCLE ( 'NONE', #784, 0.2500000000000002220 ) ;
#1418 = FACE_OUTER_BOUND ( 'NONE', #1032, .T. ) ;
#1419 = AXIS2_PLACEMENT_3D ( 'NONE', #1305, #160, #1292 ) ;
#1420 = EDGE_CURVE ( 'NONE', #665, #1151, #125, .T. ) ;
#1421 = VECTOR ( 'NONE', #296, 1000.000000000000000 ) ;
#1422 = CIRCLE ( 'NONE', #453, 8.000000000000000000 ) ;
#1423 = TOROIDAL_SURFACE ( 'NONE', #1004, 1.675000000000000044, 0.2500000000000000000 ) ;
#1424 = DIRECTION ( 'NONE',  ( -0.000000000000000000, -1.000000000000000000, -0.000000000000000000 ) ) ;
#1425 = DIRECTION ( 'NONE',  ( 0.000000000000000000, 0.000000000000000000, 1.000000000000000000 ) ) ;
#1426 = ADVANCED_FACE ( 'NONE', ( #1418 ), #425, .T. ) ;
#1427 = DIRECTION ( 'NONE',  ( 0.000000000000000000, 0.000000000000000000, 1.000000000000000000 ) ) ;
#1428 = ORIENTED_EDGE ( 'NONE', *, *, #574, .T. ) ;
#1429 = DIRECTION ( 'NONE',  ( 0.000000000000000000, 0.000000000000000000, 1.000000000000000000 ) ) ;
#1430 = ORIENTED_EDGE ( 'NONE', *, *, #448, .T. ) ;
#1431 = CARTESIAN_POINT ( 'NONE',  ( 6.123233995736766282E-16, 5.500000000000000000, 5.000000000000000000 ) ) ;
#1432 = DIRECTION ( 'NONE',  ( -0.000000000000000000, 1.000000000000000000, -0.000000000000000000 ) ) ;
#1433 = EDGE_CURVE ( 'NONE', #182, #1360, #1248, .T. ) ;
#1434 = EDGE_LOOP ( 'NONE', ( #810, #86, #589, #73 ) ) ;
#1435 = DIRECTION ( 'NONE',  ( 0.000000000000000000, 1.000000000000000000, 0.000000000000000000 ) ) ;
#1436 = ORIENTED_EDGE ( 'NONE', *, *, #1310, .T. ) ;
#1437 = CARTESIAN_POINT ( 'NONE',  ( 0.000000000000000000, -7.249999999999999112, 0.000000000000000000 ) ) ;
#1438 = DIRECTION ( 'NONE',  ( -1.000000000000000000, 0.000000000000000000, 0.000000000000000000 ) ) ;
#1439 = DIRECTION ( 'NONE',  ( 0.000000000000000000, -1.000000000000000000, 0.000000000000000000 ) ) ;
#1440 = AXIS2_PLACEMENT_3D ( 'NONE', #469, #114, #1153 ) ;
#1441 = AXIS2_PLACEMENT_3D ( 'NONE', #1078, #1398, #382 ) ;
#1442 = CIRCLE ( 'NONE', #909, 5.000000000000000000 ) ;
#1443 = EDGE_CURVE ( 'NONE', #602, #132, #807, .T. ) ;
#1444 = TOROIDAL_SURFACE ( 'NONE', #787, 1.675000000000000044, 0.2500000000000000000 ) ;
#1445 = CYLINDRICAL_SURFACE ( 'NONE', #1064, 3.100000000000000089 ) ;
#1446 = AXIS2_PLACEMENT_3D ( 'NONE', #396, #715, #29 ) ;
#1447 = LINE ( 'NONE', #194, #964 ) ;
#1448 = CARTESIAN_POINT ( 'NONE',  ( 0.000000000000000000, 0.000000000000000000, 0.000000000000000000 ) ) ;
#1449 = CIRCLE ( 'NONE', #230, 0.2500000000000002220 ) ;
#1450 = ORIENTED_EDGE ( 'NONE', *, *, #495, .F. ) ;
#1451 = DIRECTION ( 'NONE',  ( 0.000000000000000000, 1.000000000000000000, 0.000000000000000000 ) ) ;
#1452 = EDGE_CURVE ( 'NONE', #671, #967, #858, .T. ) ;
#1453 = CARTESIAN_POINT ( 'NONE',  ( 0.000000000000000000, 8.500000000000000000, 0.000000000000000000 ) ) ;
#1454 = ORIENTED_EDGE ( 'NONE', *, *, #574, .F. ) ;
#1455 = DIRECTION ( 'NONE',  ( 0.000000000000000000, 0.000000000000000000, -1.000000000000000000 ) ) ;
#1456 = EDGE_LOOP ( 'NONE', ( #378, #119, #9, #1096 ) ) ;
#1457 = ADVANCED_FACE ( 'NONE', ( #545 ), #1444, .T. ) ;
#1458 = ORIENTED_EDGE ( 'NONE', *, *, #1433, .F. ) ;
#1459 = EDGE_LOOP ( 'NONE', ( #1127, #687, #1230, #1322 ) ) ;
#1460 = CARTESIAN_POINT ( 'NONE',  ( 6.123233995736766282E-16, 0.000000000000000000, 5.000000000000000000 ) ) ;
#1461 = DIRECTION ( 'NONE',  ( 0.000000000000000000, 1.000000000000000000, 0.000000000000000000 ) ) ;
#1462 = ORIENTED_EDGE ( 'NONE', *, *, #608, .F. ) ;
#1463 = ORIENTED_EDGE ( 'NONE', *, *, #692, .F. ) ;
#1464 = EDGE_CURVE ( 'NONE', #182, #185, #1099, .T. ) ;
#1465 = CIRCLE ( 'NONE', #1132, 1.675000000000000044 ) ;
#1466 = ORIENTED_EDGE ( 'NONE', *, *, #89, .F. ) ;
#1467 = CARTESIAN_POINT ( 'NONE',  ( 0.000000000000000000, 5.894957492762188167, 0.000000000000000000 ) ) ;
#1468 = AXIS2_PLACEMENT_3D ( 'NONE', #973, #261, #1387 ) ;
#1469 = AXIS2_PLACEMENT_3D ( 'NONE', #249, #235, #339 ) ;
#1470 = VECTOR ( 'NONE', #739, 1000.000000000000000 ) ;
#1471 = CARTESIAN_POINT ( 'NONE',  ( 0.000000000000000000, 8.000000000000000000, 0.000000000000000000 ) ) ;
#1472 = CARTESIAN_POINT ( 'NONE',  ( 0.000000000000000000, -2.314564760490961159, 0.000000000000000000 ) ) ;
#1473 = ADVANCED_FACE ( 'NONE', ( #1338 ), #452, .F. ) ;
#1474 = ORIENTED_EDGE ( 'NONE', *, *, #112, .F. ) ;
#1475 = VERTEX_POINT ( 'NONE', #449 ) ;
#1476 = ORIENTED_EDGE ( 'NONE', *, *, #899, .T. ) ;
#1477 = DIRECTION ( 'NONE',  ( -0.000000000000000000, -1.000000000000000000, -0.000000000000000000 ) ) ;
#1478 = CARTESIAN_POINT ( 'NONE',  ( 0.000000000000000000, 8.750000000000000000, 0.000000000000000000 ) ) ;
#1479 = DIRECTION ( 'NONE',  ( 0.000000000000000000, 0.000000000000000000, 1.000000000000000000 ) ) ;
#1480 = EDGE_CURVE ( 'NONE', #1223, #922, #576, .T. ) ;
#1481 = ORIENTED_EDGE ( 'NONE', *, *, #1094, .F. ) ;
#1482 = VERTEX_POINT ( 'NONE', #770 ) ;
#1483 = DIRECTION ( 'NONE',  ( -0.000000000000000000, 1.000000000000000000, -0.000000000000000000 ) ) ;
#1484 = CARTESIAN_POINT ( 'NONE',  ( 0.000000000000000000, 7.750000000000000000, 0.000000000000000000 ) ) ;
#1485 = DIRECTION ( 'NONE',  ( 0.000000000000000000, 0.000000000000000000, 1.000000000000000000 ) ) ;
#1486 =( NAMED_UNIT ( * ) SI_UNIT ( $, .STERADIAN. ) SOLID_ANGLE_UNIT ( ) );
#1487 = ORIENTED_EDGE ( 'NONE', *, *, #161, .F. ) ;
#1488 = ORIENTED_EDGE ( 'NONE', *, *, #400, .T. ) ;
#1489 = ORIENTED_EDGE ( 'NONE', *, *, #211, .F. ) ;
#1490 = DIRECTION ( 'NONE',  ( 0.000000000000000000, -1.000000000000000000, 0.000000000000000000 ) ) ;
#1491 = EDGE_CURVE ( 'NONE', #1046, #694, #1161, .T. ) ;
#1492 = AXIS2_PLACEMENT_3D ( 'NONE', #1176, #393, #403 ) ;
#1493 = DIRECTION ( 'NONE',  ( 0.000000000000000000, 0.000000000000000000, -1.000000000000000000 ) ) ;
#1494 = AXIS2_PLACEMENT_3D ( 'NONE', #613, #21, #504 ) ;
#1495 = DIRECTION ( 'NONE',  ( 0.000000000000000000, 1.000000000000000000, 0.000000000000000000 ) ) ;
#1496 = CIRCLE ( 'NONE', #70, 7.952380952380950774 ) ;
#1497 = AXIS2_PLACEMENT_3D ( 'NONE', #893, #780, #1334 ) ;
ENDSEC;
END-ISO-10303-21;
