ISO-10303-21;
HEADER;
FILE_DESCRIPTION (( 'STEP AP214' ),
    '1' );
FILE_NAME ('aro de fijacion axial de caucho NEW.STEP',
    '2026-07-08T20:32:06',
    ( '' ),
    ( '' ),
    'SwSTEP 2.0',
    'SolidWorks 2026',
    '' );
FILE_SCHEMA (( 'AUTOMOTIVE_DESIGN' ));
ENDSEC;

DATA;
#1 = EDGE_LOOP ( 'NONE', ( #1520, #1629, #1144, #1852 ) ) ;
#2 = CARTESIAN_POINT ( 'NONE',  ( -13.43502884254442620, 0.1250000000000001110, -12.31002884254437824 ) ) ;
#3 = VERTEX_POINT ( 'NONE', #3258 ) ;
#4 = ADVANCED_FACE ( 'NONE', ( #2760 ), #3212, .F. ) ;
#5 = DIRECTION ( 'NONE',  ( 0.000000000000000000, 0.000000000000000000, 1.000000000000000000 ) ) ;
#6 = FACE_OUTER_BOUND ( 'NONE', #869, .T. ) ;
#7 = PRODUCT_DEFINITION_SHAPE ( 'NONE', 'NONE',  #1051 ) ;
#8 = DIRECTION ( 'NONE',  ( 0.000000000000000000, 1.000000000000000000, 0.000000000000000000 ) ) ;
#9 = MANIFOLD_SOLID_BREP ( 'Redondeo4', #2315 ) ;
#10 = ORIENTED_EDGE ( 'NONE', *, *, #1818, .T. ) ;
#11 = CARTESIAN_POINT ( 'NONE',  ( 14.73532153841586378, 2.992225738567159343, -16.14162600752878873 ) ) ;
#12 = DIRECTION ( 'NONE',  ( -0.000000000000000000, -1.000000000000000000, -0.000000000000000000 ) ) ;
#13 = CARTESIAN_POINT ( 'NONE',  ( 0.000000000000000000, 3.000000000000000000, -22.50000000000001421 ) ) ;
#14 = CIRCLE ( 'NONE', #953, 1.125000000000000222 ) ;
#15 = DIRECTION ( 'NONE',  ( 0.000000000000000000, 0.000000000000000000, 1.000000000000000000 ) ) ;
#16 = AXIS2_PLACEMENT_3D ( 'NONE', #665, #944, #2006 ) ;
#17 = ORIENTED_EDGE ( 'NONE', *, *, #3305, .T. ) ;
#18 = ORIENTED_EDGE ( 'NONE', *, *, #3235, .F. ) ;
#19 = CARTESIAN_POINT ( 'NONE',  ( -13.43502884254433027, 2.000000000000000000, 13.43502884254447416 ) ) ;
#20 = EDGE_LOOP ( 'NONE', ( #1453, #2357, #784, #2354 ) ) ;
#21 = DIRECTION ( 'NONE',  ( 0.000000000000000000, 0.000000000000000000, 1.000000000000000000 ) ) ;
#22 = FACE_OUTER_BOUND ( 'NONE', #2342, .T. ) ;
#23 = EDGE_CURVE ( 'NONE', #360, #2180, #524, .T. ) ;
#24 = CARTESIAN_POINT ( 'NONE',  ( 19.00000000000000000, -14.00000000000000533, -1.990144363140586139E-13 ) ) ;
#25 = CARTESIAN_POINT ( 'NONE',  ( -13.43502884254433027, 5.421010862427522170E-17, 12.18502884254447238 ) ) ;
#26 = ORIENTED_EDGE ( 'NONE', *, *, #2533, .T. ) ;
#27 = CIRCLE ( 'NONE', #3113, 2.499999999999998668 ) ;
#28 = CARTESIAN_POINT ( 'NONE',  ( 2.889948863566944393E-15, 1.724999999999999867, 23.59822330470335672 ) ) ;
#29 = ADVANCED_FACE ( 'NONE', ( #2732 ), #1998, .T. ) ;
#30 = CARTESIAN_POINT ( 'NONE',  ( -21.74635761425965086, 3.000000000000000000, -1.233904579245741040 ) ) ;
#31 = VERTEX_POINT ( 'NONE', #945 ) ;
#32 = FACE_OUTER_BOUND ( 'NONE', #352, .T. ) ;
#33 = ORIENTED_EDGE ( 'NONE', *, *, #1204, .T. ) ;
#34 = ADVANCED_FACE ( 'NONE', ( #411 ), #1688, .T. ) ;
#35 = DIRECTION ( 'NONE',  ( 0.000000000000000000, 1.000000000000000000, 0.000000000000000000 ) ) ;
#36 = FACE_BOUND ( 'NONE', #2146, .T. ) ;
#37 = ORIENTED_EDGE ( 'NONE', *, *, #3238, .F. ) ;
#38 = FACE_OUTER_BOUND ( 'NONE', #3146, .T. ) ;
#39 = CARTESIAN_POINT ( 'NONE',  ( 13.43502884254452034, -14.00000000000000533, 12.31002884254428409 ) ) ;
#40 = DIRECTION ( 'NONE',  ( -1.000000000000000000, 0.000000000000000000, 0.000000000000000000 ) ) ;
#41 = EDGE_CURVE ( 'NONE', #2578, #1738, #2610, .T. ) ;
#42 = ORIENTED_EDGE ( 'NONE', *, *, #672, .T. ) ;
#43 = CARTESIAN_POINT ( 'NONE',  ( 13.43502884254452034, 2.499999999999988898, 15.93502884254428409 ) ) ;
#44 = CIRCLE ( 'NONE', #2024, 1.625000000000001332 ) ;
#45 = AXIS2_PLACEMENT_3D ( 'NONE', #2111, #2098, #1593 ) ;
#46 = CARTESIAN_POINT ( 'NONE',  ( -21.97667278882425279, 2.976593186581892869, 0.2509863167370031123 ) ) ;
#47 = EDGE_CURVE ( 'NONE', #1799, #2554, #1351, .T. ) ;
#48 = ORIENTED_EDGE ( 'NONE', *, *, #1354, .T. ) ;
#49 = VECTOR ( 'NONE', #1158, 1000.000000000000000 ) ;
#50 = CARTESIAN_POINT ( 'NONE',  ( -19.00000000000000000, 2.000000000000000000, 2.500000000000066613 ) ) ;
#51 = ORIENTED_EDGE ( 'NONE', *, *, #2128, .T. ) ;
#52 = FACE_OUTER_BOUND ( 'NONE', #1557, .T. ) ;
#53 = CARTESIAN_POINT ( 'NONE',  ( 1.836970198721029589E-15, 3.000000000000000000, 15.00000000000000000 ) ) ;
#54 = DIRECTION ( 'NONE',  ( -0.000000000000000000, -1.000000000000000000, -0.000000000000000000 ) ) ;
#55 = AXIS2_PLACEMENT_3D ( 'NONE', #2940, #860, #98 ) ;
#56 = ORIENTED_EDGE ( 'NONE', *, *, #2143, .T. ) ;
#57 = VERTEX_POINT ( 'NONE', #701 ) ;
#58 = DIRECTION ( 'NONE',  ( 0.000000000000000000, 0.000000000000000000, 1.000000000000000000 ) ) ;
#59 = EDGE_CURVE ( 'NONE', #862, #2270, #241, .T. ) ;
#60 = EDGE_CURVE ( 'NONE', #1842, #1266, #2843, .T. ) ;
#61 = ORIENTED_EDGE ( 'NONE', *, *, #3251, .F. ) ;
#62 = DIRECTION ( 'NONE',  ( -1.224646799147349509E-16, 0.000000000000000000, -1.000000000000000000 ) ) ;
#63 = ORIENTED_EDGE ( 'NONE', *, *, #3305, .F. ) ;
#64 = CARTESIAN_POINT ( 'NONE',  ( 13.43502884254452034, 2.499999999999988898, 15.93502884254428409 ) ) ;
#65 = CIRCLE ( 'NONE', #521, 2.499999999999998668 ) ;
#66 = EDGE_CURVE ( 'NONE', #651, #333, #3170, .T. ) ;
#67 = CARTESIAN_POINT ( 'NONE',  ( -16.14162600752865373, 2.992225738567158455, -14.73532153841602366 ) ) ;
#68 = CIRCLE ( 'NONE', #404, 1.125000000000000888 ) ;
#69 = DIRECTION ( 'NONE',  ( -0.000000000000000000, -1.000000000000000000, -0.000000000000000000 ) ) ;
#70 = ORIENTED_EDGE ( 'NONE', *, *, #3238, .T. ) ;
#71 = LINE ( 'NONE', #2459, #2516 ) ;
#72 = VECTOR ( 'NONE', #1769, 1000.000000000000114 ) ;
#73 = VECTOR ( 'NONE', #3111, 1000.000000000000000 ) ;
#74 = ORIENTED_EDGE ( 'NONE', *, *, #2356, .F. ) ;
#75 = ORIENTED_EDGE ( 'NONE', *, *, #177, .T. ) ;
#76 = AXIS2_PLACEMENT_3D ( 'NONE', #1816, #2349, #818 ) ;
#77 = CARTESIAN_POINT ( 'NONE',  ( 13.43502884254452034, 3.000000000000000000, 13.43502884254428587 ) ) ;
#78 = VECTOR ( 'NONE', #1768, 1000.000000000000000 ) ;
#79 = FACE_BOUND ( 'NONE', #1125, .T. ) ;
#80 = EDGE_LOOP ( 'NONE', ( #3318, #3050, #1426, #1444 ) ) ;
#81 = DIRECTION ( 'NONE',  ( -0.000000000000000000, -1.000000000000000000, -0.000000000000000000 ) ) ;
#82 = DIRECTION ( 'NONE',  ( 0.000000000000000000, 1.000000000000000000, 0.000000000000000000 ) ) ;
#83 = AXIS2_PLACEMENT_3D ( 'NONE', #956, #1994, #2088 ) ;
#84 = ADVANCED_FACE ( 'NONE', ( #1431 ), #1741, .F. ) ;
#85 = ADVANCED_FACE ( 'NONE', ( #1724 ), #2781, .F. ) ;
#86 = DIRECTION ( 'NONE',  ( 0.000000000000000000, 0.000000000000000000, 1.000000000000000000 ) ) ;
#87 = LINE ( 'NONE', #2945, #1532 ) ;
#88 = AXIS2_PLACEMENT_3D ( 'NONE', #2304, #1795, #2577 ) ;
#89 = CARTESIAN_POINT ( 'NONE',  ( 13.43502884254423968, 2.000000000000000000, -15.93502884254456653 ) ) ;
#90 = ORIENTED_EDGE ( 'NONE', *, *, #531, .T. ) ;
#91 = FACE_OUTER_BOUND ( 'NONE', #2503, .T. ) ;
#92 = B_SPLINE_CURVE_WITH_KNOTS ( 'NONE', 3,
 ( #2395, #1389, #2414, #3255, #641, #2741, #1108, #67, #1443, #2474 ),
 .UNSPECIFIED., .F., .F.,
 ( 4, 2, 2, 2, 4 ),
 ( 0.000000000000000000, 0.0007539899247466194969, 0.001507979849493238994, 0.002261969774239858382, 0.003015959698986477987 ),
 .UNSPECIFIED. ) ;
#93 = ORIENTED_EDGE ( 'NONE', *, *, #2887, .F. ) ;
#94 = ADVANCED_FACE ( 'NONE', ( #3273, #2750 ), #2771, .T. ) ;
#95 = ADVANCED_FACE ( 'NONE', ( #1982 ), #355, .T. ) ;
#96 = ORIENTED_EDGE ( 'NONE', *, *, #114, .F. ) ;
#97 = DIRECTION ( 'NONE',  ( 0.000000000000000000, 1.000000000000000000, 0.000000000000000000 ) ) ;
#98 = DIRECTION ( 'NONE',  ( 0.000000000000000000, 0.000000000000000000, 1.000000000000000000 ) ) ;
#99 = VERTEX_POINT ( 'NONE', #2455 ) ;
#100 = ORIENTED_EDGE ( 'NONE', *, *, #998, .F. ) ;
#101 = VECTOR ( 'NONE', #2069, 1000.000000000000114 ) ;
#102 = CARTESIAN_POINT ( 'NONE',  ( -13.43502884254442620, 2.000000000000000000, -15.06002884254436580 ) ) ;
#103 = DIRECTION ( 'NONE',  ( 0.000000000000000000, 0.7071067811865414665, 0.7071067811865536790 ) ) ;
#104 = ORIENTED_EDGE ( 'NONE', *, *, #1627, .T. ) ;
#105 = CIRCLE ( 'NONE', #3351, 1.625000000000001332 ) ;
#106 = CARTESIAN_POINT ( 'NONE',  ( 0.000000000000000000, 0.1250000000000001110, 19.00000000000000000 ) ) ;
#107 = DIRECTION ( 'NONE',  ( -0.000000000000000000, 1.000000000000000000, -0.000000000000000000 ) ) ;
#108 = CARTESIAN_POINT ( 'NONE',  ( 13.43502884254452034, 2.499999999999988898, 13.43502884254428587 ) ) ;
#109 = ORIENTED_EDGE ( 'NONE', *, *, #2092, .T. ) ;
#110 = DIRECTION ( 'NONE',  ( 1.224646799147351482E-16, 0.000000000000000000, -1.000000000000000000 ) ) ;
#111 = DIRECTION ( 'NONE',  ( -0.000000000000000000, 1.000000000000000000, -0.000000000000000000 ) ) ;
#112 = VERTEX_POINT ( 'NONE', #3090 ) ;
#113 = CARTESIAN_POINT ( 'NONE',  ( 0.9947027271891223377, 2.992234320495065880, 21.83319046718764866 ) ) ;
#114 = EDGE_CURVE ( 'NONE', #2337, #317, #471, .T. ) ;
#115 = CONICAL_SURFACE ( 'NONE', #1829, 2.500000000000000444, 0.7853981633974569387 ) ;
#116 = CARTESIAN_POINT ( 'NONE',  ( 0.000000000000000000, 2.000000000000000000, 19.00000000000000000 ) ) ;
#117 = DIRECTION ( 'NONE',  ( 0.000000000000000000, 0.7071067811865456854, 0.7071067811865493491 ) ) ;
#118 = CONICAL_SURFACE ( 'NONE', #2880, 1.625000000000008438, 0.7853981633974509435 ) ;
#119 = TOROIDAL_SURFACE ( 'NONE', #1624, 1.250000000000000222, 0.1250000000000000000 ) ;
#120 = AXIS2_PLACEMENT_3D ( 'NONE', #688, #1788, #1289 ) ;
#121 = EDGE_CURVE ( 'NONE', #1653, #2801, #181, .T. ) ;
#122 = CYLINDRICAL_SURFACE ( 'NONE', #1288, 2.500000000000000444 ) ;
#123 = FACE_BOUND ( 'NONE', #3122, .T. ) ;
#124 = ORIENTED_EDGE ( 'NONE', *, *, #1159, .T. ) ;
#125 = VERTEX_POINT ( 'NONE', #1764 ) ;
#126 = ORIENTED_EDGE ( 'NONE', *, *, #260, .T. ) ;
#127 = EDGE_LOOP ( 'NONE', ( #2689, #3086, #2378, #1130 ) ) ;
#128 = FACE_OUTER_BOUND ( 'NONE', #414, .T. ) ;
#129 = LINE ( 'NONE', #13, #2604 ) ;
#130 = AXIS2_PLACEMENT_3D ( 'NONE', #371, #1887, #316 ) ;
#131 = CARTESIAN_POINT ( 'NONE',  ( 19.00000000000000000, 2.000000000000001776, 1.624999999999788614 ) ) ;
#132 = DIRECTION ( 'NONE',  ( -1.000000000000000000, 0.000000000000000000, 0.000000000000000000 ) ) ;
#133 = ORIENTED_EDGE ( 'NONE', *, *, #1354, .F. ) ;
#134 = AXIS2_PLACEMENT_3D ( 'NONE', #3218, #1968, #1198 ) ;
#135 = DIRECTION ( 'NONE',  ( 0.000000000000000000, 1.000000000000000000, 0.000000000000000000 ) ) ;
#136 = CARTESIAN_POINT ( 'NONE',  ( 0.000000000000000000, 2.000000000000000000, 19.00000000000000000 ) ) ;
#137 = DIRECTION ( 'NONE',  ( 0.000000000000000000, 0.000000000000000000, 1.000000000000000000 ) ) ;
#138 = VECTOR ( 'NONE', #3008, 1000.000000000000000 ) ;
#139 = ORIENTED_EDGE ( 'NONE', *, *, #2674, .T. ) ;
#140 = CARTESIAN_POINT ( 'NONE',  ( 1.852278283710371877E-15, 1.500000000000000000, 15.12500000000000000 ) ) ;
#141 = FACE_OUTER_BOUND ( 'NONE', #127, .T. ) ;
#142 = CARTESIAN_POINT ( 'NONE',  ( -13.43502884254433027, 2.000000000000000000, 11.81002884254448837 ) ) ;
#143 = CIRCLE ( 'NONE', #595, 0.1250000000000001110 ) ;
#144 = LINE ( 'NONE', #339, #2943 ) ;
#145 = CARTESIAN_POINT ( 'NONE',  ( 0.000000000000000000, 1.813388347648322352, -23.68661165235167942 ) ) ;
#146 = ORIENTED_EDGE ( 'NONE', *, *, #599, .F. ) ;
#147 = CARTESIAN_POINT ( 'NONE',  ( -13.43502884254442620, 2.000000000000000000, -10.93502884254438001 ) ) ;
#148 = DIRECTION ( 'NONE',  ( 0.000000000000000000, 0.000000000000000000, 1.000000000000000000 ) ) ;
#149 = DIRECTION ( 'NONE',  ( -0.000000000000000000, 1.000000000000000000, -0.000000000000000000 ) ) ;
#150 = TOROIDAL_SURFACE ( 'NONE', #1047, 1.250000000000000222, 0.1250000000000000000 ) ;
#151 = DIRECTION ( 'NONE',  ( -0.000000000000000000, 1.000000000000000000, -0.000000000000000000 ) ) ;
#152 = DIRECTION ( 'NONE',  ( 0.000000000000000000, 0.000000000000000000, 1.000000000000000000 ) ) ;
#153 = CONICAL_SURFACE ( 'NONE', #508, 2.500000000000000444, 0.7853981633974557175 ) ;
#154 = EDGE_CURVE ( 'NONE', #2191, #1435, #3356, .T. ) ;
#155 = FACE_OUTER_BOUND ( 'NONE', #1866, .T. ) ;
#156 = DIRECTION ( 'NONE',  ( 0.000000000000000000, -1.000000000000000000, 0.000000000000000000 ) ) ;
#157 = AXIS2_PLACEMENT_3D ( 'NONE', #2071, #35, #2888 ) ;
#158 = AXIS2_PLACEMENT_3D ( 'NONE', #1906, #1152, #2970 ) ;
#159 = DIRECTION ( 'NONE',  ( 0.000000000000000000, 1.000000000000000000, 0.000000000000000000 ) ) ;
#160 = ADVANCED_FACE ( 'NONE', ( #2546 ), #2433, .T. ) ;
#161 = LINE ( 'NONE', #1220, #3098 ) ;
#162 = ORIENTED_EDGE ( 'NONE', *, *, #2580, .F. ) ;
#163 = ADVANCED_FACE ( 'NONE', ( #1242 ), #2114, .F. ) ;
#164 = EDGE_LOOP ( 'NONE', ( #1005, #1310, #3160, #1036 ) ) ;
#165 = DIRECTION ( 'NONE',  ( 0.000000000000000000, -1.000000000000000000, 0.000000000000000000 ) ) ;
#166 = ORIENTED_EDGE ( 'NONE', *, *, #1840, .T. ) ;
#167 = DIRECTION ( 'NONE',  ( 0.000000000000000000, 1.000000000000000000, 0.000000000000000000 ) ) ;
#168 = AXIS2_PLACEMENT_3D ( 'NONE', #2462, #2682, #3269 ) ;
#169 = CARTESIAN_POINT ( 'NONE',  ( -19.00000000000000000, 2.000000000000000000, 6.633814543801952113E-14 ) ) ;
#170 = AXIS2_PLACEMENT_3D ( 'NONE', #1259, #2332, #1601 ) ;
#171 = LINE ( 'NONE', #1499, #72 ) ;
#172 = DIRECTION ( 'NONE',  ( 0.000000000000000000, 1.000000000000000000, 0.000000000000000000 ) ) ;
#173 = CIRCLE ( 'NONE', #2599, 2.999999999999999112 ) ;
#174 =( LENGTH_UNIT ( ) NAMED_UNIT ( * ) SI_UNIT ( .MILLI., .METRE. ) );
#175 = ORIENTED_EDGE ( 'NONE', *, *, #1564, .T. ) ;
#176 = CARTESIAN_POINT ( 'NONE',  ( 0.000000000000000000, 2.000000000000000000, -19.00000000000000000 ) ) ;
#177 = EDGE_CURVE ( 'NONE', #3161, #428, #798, .T. ) ;
#178 = ORIENTED_EDGE ( 'NONE', *, *, #2229, .T. ) ;
#179 = CIRCLE ( 'NONE', #1632, 0.1250000000000001110 ) ;
#180 = ORIENTED_EDGE ( 'NONE', *, *, #1552, .F. ) ;
#181 = CIRCLE ( 'NONE', #1787, 1.624999999999985789 ) ;
#182 = EDGE_CURVE ( 'NONE', #1936, #621, #741, .T. ) ;
#183 = CARTESIAN_POINT ( 'NONE',  ( 13.43502884254452034, 2.499999999999988898, 13.43502884254428587 ) ) ;
#184 = ORIENTED_EDGE ( 'NONE', *, *, #1525, .F. ) ;
#185 = PLANE ( 'NONE',  #2233 ) ;
#186 = CIRCLE ( 'NONE', #690, 15.00000000000000000 ) ;
#187 = EDGE_CURVE ( 'NONE', #2299, #1408, #1407, .T. ) ;
#188 = EDGE_CURVE ( 'NONE', #1738, #2578, #2897, .T. ) ;
#189 = CARTESIAN_POINT ( 'NONE',  ( 0.000000000000000000, 1.625000000000000222, -15.00000000000000000 ) ) ;
#190 = VECTOR ( 'NONE', #1881, 1000.000000000000000 ) ;
#191 = CARTESIAN_POINT ( 'NONE',  ( 19.00000000000000000, -14.00000000000000533, 1.124999999999801048 ) ) ;
#192 = AXIS2_PLACEMENT_3D ( 'NONE', #116, #2493, #137 ) ;
#193 = ORIENTED_EDGE ( 'NONE', *, *, #904, .F. ) ;
#194 = EDGE_CURVE ( 'NONE', #683, #1890, #905, .T. ) ;
#195 = CARTESIAN_POINT ( 'NONE',  ( 13.43502884254423968, 3.000000000000000000, -13.43502884254456475 ) ) ;
#196 = VERTEX_POINT ( 'NONE', #1561 ) ;
#197 = ADVANCED_FACE ( 'NONE', ( #36, #2049 ), #2889, .T. ) ;
#198 = ORIENTED_EDGE ( 'NONE', *, *, #421, .T. ) ;
#199 = CARTESIAN_POINT ( 'NONE',  ( 3.061616997868384620E-16, 2.499999999999988898, 16.50000000000000000 ) ) ;
#200 = CARTESIAN_POINT ( 'NONE',  ( -13.43502884254433027, 2.000000000000000000, 10.93502884254447238 ) ) ;
#201 = ORIENTED_EDGE ( 'NONE', *, *, #3297, .F. ) ;
#202 = CARTESIAN_POINT ( 'NONE',  ( 13.43502884254423968, 5.421010862427522170E-17, -14.68502884254456475 ) ) ;
#203 = DIRECTION ( 'NONE',  ( 0.000000000000000000, 1.000000000000000000, 0.000000000000000000 ) ) ;
#204 = AXIS2_PLACEMENT_3D ( 'NONE', #211, #250, #545 ) ;
#205 = ORIENTED_EDGE ( 'NONE', *, *, #2188, .F. ) ;
#206 = AXIS2_PLACEMENT_3D ( 'NONE', #2149, #2707, #2190 ) ;
#207 = DIRECTION ( 'NONE',  ( 0.000000000000000000, 0.000000000000000000, -1.000000000000000000 ) ) ;
#208 = ORIENTED_EDGE ( 'NONE', *, *, #1525, .T. ) ;
#209 = ORIENTED_EDGE ( 'NONE', *, *, #2627, .F. ) ;
#210 = CARTESIAN_POINT ( 'NONE',  ( 0.000000000000000000, 2.500000000000000000, -15.00000000000000000 ) ) ;
#211 = CARTESIAN_POINT ( 'NONE',  ( 13.43502884254452034, 3.000000000000000000, 13.43502884254428587 ) ) ;
#212 = VERTEX_POINT ( 'NONE', #762 ) ;
#213 = CARTESIAN_POINT ( 'NONE',  ( -13.43502884254433027, 2.000000000000000000, 13.43502884254447416 ) ) ;
#214 = DIRECTION ( 'NONE',  ( 0.000000000000000000, 1.000000000000000000, 0.000000000000000000 ) ) ;
#215 = CYLINDRICAL_SURFACE ( 'NONE', #1579, 20.50000000000000000 ) ;
#216 = ADVANCED_FACE ( 'NONE', ( #530 ), #2091, .F. ) ;
#217 = DIRECTION ( 'NONE',  ( -1.000000000000000000, 0.000000000000000000, 0.000000000000000000 ) ) ;
#218 = CARTESIAN_POINT ( 'NONE',  ( 1.990051048614450841E-16, 2.000000000000001776, 17.37499999999999645 ) ) ;
#219 = EDGE_CURVE ( 'NONE', #2096, #2868, #3370, .T. ) ;
#220 = ORIENTED_EDGE ( 'NONE', *, *, #1631, .T. ) ;
#221 = CARTESIAN_POINT ( 'NONE',  ( 16.14336284833962409, 2.992312812373500108, -14.73221872291496837 ) ) ;
#222 = CIRCLE ( 'NONE', #16, 2.500000000000000000 ) ;
#223 = CARTESIAN_POINT ( 'NONE',  ( -19.00000000000000000, 5.421010862427522170E-17, -1.249999999999933831 ) ) ;
#224 = FACE_OUTER_BOUND ( 'NONE', #1953, .T. ) ;
#225 = ORIENTED_EDGE ( 'NONE', *, *, #999, .T. ) ;
#226 = CIRCLE ( 'NONE', #460, 15.50000000000000000 ) ;
#227 = CARTESIAN_POINT ( 'NONE',  ( 0.000000000000000000, 1.475000000000000089, 0.000000000000000000 ) ) ;
#228 = ORIENTED_EDGE ( 'NONE', *, *, #2835, .F. ) ;
#229 = DIRECTION ( 'NONE',  ( 0.000000000000000000, 1.000000000000000000, 0.000000000000000000 ) ) ;
#230 = DIRECTION ( 'NONE',  ( 0.000000000000000000, 1.000000000000000000, 0.000000000000000000 ) ) ;
#231 = AXIS2_PLACEMENT_3D ( 'NONE', #3030, #3303, #1481 ) ;
#232 = ORIENTED_EDGE ( 'NONE', *, *, #306, .T. ) ;
#233 = CARTESIAN_POINT ( 'NONE',  ( 21.74635761425966507, 3.000000000000000000, 1.233904579245589161 ) ) ;
#234 = LINE ( 'NONE', #513, #2003 ) ;
#235 = AXIS2_PLACEMENT_3D ( 'NONE', #136, #1184, #2222 ) ;
#236 = STYLED_ITEM ( 'NONE', ( #666 ), #9 ) ;
#237 = DIRECTION ( 'NONE',  ( -0.7071067811865536790, 0.000000000000000000, -0.7071067811865414665 ) ) ;
#238 = FACE_OUTER_BOUND ( 'NONE', #3199, .T. ) ;
#239 = CARTESIAN_POINT ( 'NONE',  ( 13.43502884254423968, 0.1250000000000001110, -13.43502884254456475 ) ) ;
#240 = VECTOR ( 'NONE', #2050, 1000.000000000000000 ) ;
#241 = CIRCLE ( 'NONE', #1943, 1.125000000000000888 ) ;
#242 = TOROIDAL_SURFACE ( 'NONE', #1358, 1.250000000000000222, 0.1250000000000000000 ) ;
#243 = EDGE_LOOP ( 'NONE', ( #1870, #1370, #3214, #568 ) ) ;
#244 = AXIS2_PLACEMENT_3D ( 'NONE', #514, #214, #237 ) ;
#245 = EDGE_CURVE ( 'NONE', #2881, #602, #1074, .T. ) ;
#246 = DIRECTION ( 'NONE',  ( 0.000000000000000000, 0.000000000000000000, 1.000000000000000000 ) ) ;
#247 = ORIENTED_EDGE ( 'NONE', *, *, #1619, .T. ) ;
#248 = ORIENTED_EDGE ( 'NONE', *, *, #2995, .T. ) ;
#249 = LINE ( 'NONE', #2287, #3169 ) ;
#250 = DIRECTION ( 'NONE',  ( -0.000000000000000000, -1.000000000000000000, -0.000000000000000000 ) ) ;
#251 = VERTEX_POINT ( 'NONE', #2598 ) ;
#252 = CARTESIAN_POINT ( 'NONE',  ( -13.43502884254433027, 2.500000000000015987, 13.43502884254447416 ) ) ;
#253 = CARTESIAN_POINT ( 'NONE',  ( 19.00000000000000000, 0.000000000000000000, -1.990144363140586139E-13 ) ) ;
#254 = EDGE_LOOP ( 'NONE', ( #1433, #3180, #247, #894, #2923 ) ) ;
#255 = CARTESIAN_POINT ( 'NONE',  ( 13.43502884254452034, 2.000000000000001776, 15.06002884254427343 ) ) ;
#256 = DIRECTION ( 'NONE',  ( -1.000000000000000000, 0.000000000000000000, 0.000000000000000000 ) ) ;
#257 = VERTEX_POINT ( 'NONE', #3128 ) ;
#258 = CARTESIAN_POINT ( 'NONE',  ( 0.000000000000000000, 1.724999999999999867, 0.000000000000000000 ) ) ;
#259 = EDGE_CURVE ( 'NONE', #2756, #360, #234, .T. ) ;
#260 = EDGE_CURVE ( 'NONE', #1890, #683, #3114, .T. ) ;
#261 = ORIENTED_EDGE ( 'NONE', *, *, #2260, .T. ) ;
#262 = AXIS2_PLACEMENT_3D ( 'NONE', #2821, #2037, #2841 ) ;
#263 = DIRECTION ( 'NONE',  ( 0.000000000000000000, 0.000000000000000000, 1.000000000000000000 ) ) ;
#264 = AXIS2_PLACEMENT_3D ( 'NONE', #3234, #1940, #2975 ) ;
#265 = EDGE_CURVE ( 'NONE', #2025, #2336, #1636, .T. ) ;
#266 = ORIENTED_EDGE ( 'NONE', *, *, #1980, .T. ) ;
#267 = DIRECTION ( 'NONE',  ( 0.000000000000000000, 0.000000000000000000, -1.000000000000000000 ) ) ;
#268 = ORIENTED_EDGE ( 'NONE', *, *, #554, .F. ) ;
#269 = ADVANCED_FACE ( 'NONE', ( #2872 ), #582, .T. ) ;
#270 = CARTESIAN_POINT ( 'NONE',  ( 21.83329899207879876, 2.992225738567158455, -0.9944074265226837683 ) ) ;
#271 = DIRECTION ( 'NONE',  ( 1.156482317317877050E-15, 0.000000000000000000, 1.000000000000000000 ) ) ;
#272 = EDGE_CURVE ( 'NONE', #1751, #3001, #1022, .T. ) ;
#273 = CARTESIAN_POINT ( 'NONE',  ( 19.00000000000000000, 2.000000000000000000, 2.499999999999801048 ) ) ;
#274 = CARTESIAN_POINT ( 'NONE',  ( -19.00000000000000000, -14.00000000000000533, 1.125000000000066391 ) ) ;
#275 = CARTESIAN_POINT ( 'NONE',  ( 0.000000000000000000, 2.000000000000001776, -19.00000000000000000 ) ) ;
#276 = DIRECTION ( 'NONE',  ( 0.000000000000000000, 0.000000000000000000, 1.000000000000000000 ) ) ;
#277 = ORIENTED_EDGE ( 'NONE', *, *, #265, .F. ) ;
#278 = DIRECTION ( 'NONE',  ( 0.000000000000000000, 1.000000000000000000, -0.000000000000000000 ) ) ;
#279 = CARTESIAN_POINT ( 'NONE',  ( 2.654002235416818450E-15, 1.000000000000000000, -21.67157287525381548 ) ) ;
#280 = VECTOR ( 'NONE', #2853, 1000.000000000000000 ) ;
#281 = EDGE_LOOP ( 'NONE', ( #2829, #381, #1068, #1465 ) ) ;
#282 = CIRCLE ( 'NONE', #1164, 3.000000000000009770 ) ;
#283 = VECTOR ( 'NONE', #2697, 1000.000000000000000 ) ;
#284 = VERTEX_POINT ( 'NONE', #1028 ) ;
#285 = CARTESIAN_POINT ( 'NONE',  ( 21.62255449703779675, 3.000000000000000000, -1.456779979978950257 ) ) ;
#286 = CARTESIAN_POINT ( 'NONE',  ( 13.43502884254423968, 3.000000000000000000, -13.43502884254456475 ) ) ;
#287 = CARTESIAN_POINT ( 'NONE',  ( 13.43502884254423968, 0.000000000000000000, -13.43502884254456475 ) ) ;
#288 = EDGE_CURVE ( 'NONE', #3349, #504, #976, .T. ) ;
#289 = LINE ( 'NONE', #255, #358 ) ;
#290 = FACE_OUTER_BOUND ( 'NONE', #619, .T. ) ;
#291 = ADVANCED_FACE ( 'NONE', ( #2583, #2565 ), #457, .T. ) ;
#292 = AXIS2_PLACEMENT_3D ( 'NONE', #645, #2262, #978 ) ;
#293 = ORIENTED_EDGE ( 'NONE', *, *, #2276, .F. ) ;
#294 = TOROIDAL_SURFACE ( 'NONE', #1945, 15.12500000000000000, 0.1250000000000000000 ) ;
#295 = AXIS2_PLACEMENT_3D ( 'NONE', #1471, #2230, #3307 ) ;
#296 = CARTESIAN_POINT ( 'NONE',  ( 19.00000000000000000, 3.000000000000000000, -1.990144363140586139E-13 ) ) ;
#297 = AXIS2_PLACEMENT_3D ( 'NONE', #871, #1919, #2713 ) ;
#298 = CIRCLE ( 'NONE', #2956, 1.125000000000000888 ) ;
#299 =( LENGTH_UNIT ( ) NAMED_UNIT ( * ) SI_UNIT ( .MILLI., .METRE. ) );
#300 = AXIS2_PLACEMENT_3D ( 'NONE', #2094, #2657, #499 ) ;
#301 = ORIENTED_EDGE ( 'NONE', *, *, #2648, .T. ) ;
#302 = FACE_OUTER_BOUND ( 'NONE', #1189, .T. ) ;
#303 = ORIENTED_EDGE ( 'NONE', *, *, #3064, .T. ) ;
#304 = DIRECTION ( 'NONE',  ( 0.000000000000000000, 0.000000000000000000, 1.000000000000000000 ) ) ;
#305 = CARTESIAN_POINT ( 'NONE',  ( -13.43502884254442620, 2.000000000000000000, -13.43502884254438001 ) ) ;
#306 = EDGE_CURVE ( 'NONE', #621, #476, #1800, .T. ) ;
#307 = DIRECTION ( 'NONE',  ( 1.000000000000000000, 0.000000000000000000, -1.224646799147353207E-16 ) ) ;
#308 = CARTESIAN_POINT ( 'NONE',  ( -13.43502884254433027, 2.000000000000001776, 15.06002884254446172 ) ) ;
#309 = EDGE_CURVE ( 'NONE', #99, #1737, #1946, .T. ) ;
#310 = APPLICATION_CONTEXT ( 'automotive_design' ) ;
#311 = AXIS2_PLACEMENT_3D ( 'NONE', #3197, #550, #583 ) ;
#312 = ORIENTED_EDGE ( 'NONE', *, *, #2871, .F. ) ;
#313 = EDGE_LOOP ( 'NONE', ( #431, #1104, #3103, #2832 ) ) ;
#314 = CARTESIAN_POINT ( 'NONE',  ( -13.43502884254433027, 2.500000000000015987, 13.43502884254447416 ) ) ;
#315 = AXIS2_PLACEMENT_3D ( 'NONE', #870, #885, #1655 ) ;
#316 = DIRECTION ( 'NONE',  ( 0.000000000000000000, 0.000000000000000000, 1.000000000000000000 ) ) ;
#317 = VERTEX_POINT ( 'NONE', #202 ) ;
#318 = FACE_BOUND ( 'NONE', #1594, .T. ) ;
#319 = ORIENTED_EDGE ( 'NONE', *, *, #1052, .T. ) ;
#320 = CIRCLE ( 'NONE', #2640, 1.125000000000000888 ) ;
#321 = AXIS2_PLACEMENT_3D ( 'NONE', #3348, #698, #3094 ) ;
#322 = DIRECTION ( 'NONE',  ( 8.659560562354941486E-17, 0.7071067811865469066, -0.7071067811865482389 ) ) ;
#323 = ORIENTED_EDGE ( 'NONE', *, *, #1649, .T. ) ;
#324 = CARTESIAN_POINT ( 'NONE',  ( 0.5061813598765469990, 2.980770296402076802, 21.94817019537854463 ) ) ;
#325 = DIRECTION ( 'NONE',  ( 0.000000000000000000, 0.000000000000000000, 1.000000000000000000 ) ) ;
#326 = ORIENTED_EDGE ( 'NONE', *, *, #2898, .F. ) ;
#327 = CIRCLE ( 'NONE', #2139, 1.125000000000000222 ) ;
#328 = ADVANCED_FACE ( 'NONE', ( #3375, #3147 ), #1585, .T. ) ;
#329 = LINE ( 'NONE', #829, #190 ) ;
#330 = DIRECTION ( 'NONE',  ( 0.000000000000000000, 1.000000000000000000, 0.000000000000000000 ) ) ;
#331 = TOROIDAL_SURFACE ( 'NONE', #157, 1.250000000000000222, 0.1250000000000000000 ) ;
#332 = ORIENTED_EDGE ( 'NONE', *, *, #2649, .F. ) ;
#333 = VERTEX_POINT ( 'NONE', #189 ) ;
#334 = CARTESIAN_POINT ( 'NONE',  ( 13.43502884254452034, 2.000000000000000000, 15.93502884254428409 ) ) ;
#335 = EDGE_CURVE ( 'NONE', #648, #1041, #2670, .T. ) ;
#336 = DIRECTION ( 'NONE',  ( 0.000000000000000000, -1.000000000000000000, 0.000000000000000000 ) ) ;
#337 = AXIS2_PLACEMENT_3D ( 'NONE', #2490, #1975, #2749 ) ;
#338 = EDGE_LOOP ( 'NONE', ( #1270, #1391 ) ) ;
#339 = CARTESIAN_POINT ( 'NONE',  ( 0.000000000000000000, 2.000000000000000000, -16.50000000000000000 ) ) ;
#340 = CIRCLE ( 'NONE', #2590, 21.67157287525381548 ) ;
#341 = CARTESIAN_POINT ( 'NONE',  ( 0.000000000000000000, 2.000000000000000000, -19.00000000000000000 ) ) ;
#342 = ORIENTED_EDGE ( 'NONE', *, *, #2312, .T. ) ;
#343 = CIRCLE ( 'NONE', #2250, 3.000000000000004441 ) ;
#344 = DIRECTION ( 'NONE',  ( 1.000000000000000000, -0.000000000000000000, 1.224646799147353207E-16 ) ) ;
#345 = DIRECTION ( 'NONE',  ( -0.000000000000000000, 1.000000000000000000, -0.000000000000000000 ) ) ;
#346 = FACE_OUTER_BOUND ( 'NONE', #510, .T. ) ;
#347 = EDGE_CURVE ( 'NONE', #482, #196, #2783, .T. ) ;
#348 = EDGE_LOOP ( 'NONE', ( #2417, #1938, #1772, #791 ) ) ;
#349 = CARTESIAN_POINT ( 'NONE',  ( 0.000000000000000000, 0.000000000000000000, 19.00000000000000000 ) ) ;
#350 = AXIS2_PLACEMENT_3D ( 'NONE', #1461, #3012, #3287 ) ;
#351 = AXIS2_PLACEMENT_3D ( 'NONE', #964, #906, #2007 ) ;
#352 = EDGE_LOOP ( 'NONE', ( #1202, #33 ) ) ;
#353 = EDGE_CURVE ( 'NONE', #655, #1985, #3357, .T. ) ;
#354 = CONICAL_SURFACE ( 'NONE', #1232, 1.624999999999987566, 0.7853981633974509435 ) ;
#355 = TOROIDAL_SURFACE ( 'NONE', #2264, 1.250000000000000222, 0.1250000000000000000 ) ;
#356 = VERTEX_POINT ( 'NONE', #2601 ) ;
#357 = ADVANCED_FACE ( 'NONE', ( #2036 ), #1078, .F. ) ;
#358 = VECTOR ( 'NONE', #2364, 1000.000000000000000 ) ;
#359 = AXIS2_PLACEMENT_3D ( 'NONE', #778, #2854, #1562 ) ;
#360 = VERTEX_POINT ( 'NONE', #2839 ) ;
#361 = CIRCLE ( 'NONE', #3329, 0.1250000000000001110 ) ;
#362 = DIRECTION ( 'NONE',  ( -0.000000000000000000, -1.000000000000000000, -0.000000000000000000 ) ) ;
#363 = DIRECTION ( 'NONE',  ( -0.000000000000000000, -1.000000000000000000, -0.000000000000000000 ) ) ;
#364 = ORIENTED_EDGE ( 'NONE', *, *, #1513, .F. ) ;
#365 = DIRECTION ( 'NONE',  ( 0.000000000000000000, 0.000000000000000000, 1.000000000000000000 ) ) ;
#366 = CARTESIAN_POINT ( 'NONE',  ( 0.000000000000000000, 2.000000000000000000, 20.62499999999999645 ) ) ;
#367 = DIRECTION ( 'NONE',  ( 1.000000000000000000, -0.000000000000000000, 1.224646799147353207E-16 ) ) ;
#368 = DIRECTION ( 'NONE',  ( -0.000000000000000000, -1.000000000000000000, -0.000000000000000000 ) ) ;
#369 = EDGE_LOOP ( 'NONE', ( #1225, #574, #868, #1654 ) ) ;
#370 = DIRECTION ( 'NONE',  ( 0.000000000000000000, 0.000000000000000000, -1.000000000000000000 ) ) ;
#371 = CARTESIAN_POINT ( 'NONE',  ( -13.43502884254442620, 0.1250000000000001110, -13.43502884254438001 ) ) ;
#372 = CARTESIAN_POINT ( 'NONE',  ( -13.43502884254442620, 2.500000000000002220, -13.43502884254438001 ) ) ;
#373 = EDGE_CURVE ( 'NONE', #539, #2144, #298, .T. ) ;
#374 = CIRCLE ( 'NONE', #2513, 20.50000000000000000 ) ;
#375 = DIRECTION ( 'NONE',  ( 0.000000000000000000, 0.000000000000000000, 1.000000000000000000 ) ) ;
#376 = ORIENTED_EDGE ( 'NONE', *, *, #3022, .T. ) ;
#377 = LINE ( 'NONE', #2718, #1336 ) ;
#378 = DIRECTION ( 'NONE',  ( 0.000000000000000000, 1.000000000000000000, 0.000000000000000000 ) ) ;
#379 = ORIENTED_EDGE ( 'NONE', *, *, #2445, .F. ) ;
#380 = DIRECTION ( 'NONE',  ( -0.000000000000000000, 1.000000000000000000, -0.000000000000000000 ) ) ;
#381 = ORIENTED_EDGE ( 'NONE', *, *, #2639, .T. ) ;
#382 = ADVANCED_FACE ( 'NONE', ( #2308 ), #3346, .F. ) ;
#383 = DIRECTION ( 'NONE',  ( 0.000000000000000000, 0.7071067811865463515, 0.7071067811865487940 ) ) ;
#384 = ORIENTED_EDGE ( 'NONE', *, *, #1256, .F. ) ;
#385 = DIRECTION ( 'NONE',  ( 0.000000000000000000, 0.7071067811865487940, 0.7071067811865463515 ) ) ;
#386 = EDGE_CURVE ( 'NONE', #2990, #769, #1238, .T. ) ;
#387 = CARTESIAN_POINT ( 'NONE',  ( -13.43502884254442620, -14.00000000000000533, -14.56002884254438001 ) ) ;
#388 = DIRECTION ( 'NONE',  ( -0.000000000000000000, 1.000000000000000000, -0.000000000000000000 ) ) ;
#389 = LINE ( 'NONE', #1705, #1146 ) ;
#390 = ORIENTED_EDGE ( 'NONE', *, *, #3360, .T. ) ;
#391 = CARTESIAN_POINT ( 'NONE',  ( -13.43502884254442620, 2.500000000000002220, -10.93502884254438001 ) ) ;
#392 = ORIENTED_EDGE ( 'NONE', *, *, #2035, .T. ) ;
#393 = ORIENTED_EDGE ( 'NONE', *, *, #3390, .T. ) ;
#394 = CARTESIAN_POINT ( 'NONE',  ( 0.000000000000000000, 0.1250000000000001110, 19.00000000000000000 ) ) ;
#395 = FACE_OUTER_BOUND ( 'NONE', #369, .T. ) ;
#396 = VERTEX_POINT ( 'NONE', #725 ) ;
#397 = DIRECTION ( 'NONE',  ( 0.000000000000000000, 0.000000000000000000, -1.000000000000000000 ) ) ;
#398 = CIRCLE ( 'NONE', #168, 20.37500000000000000 ) ;
#399 = CARTESIAN_POINT ( 'NONE',  ( 13.43502884254452034, 0.1250000000000001110, 13.43502884254428587 ) ) ;
#400 = DIRECTION ( 'NONE',  ( 0.000000000000000000, 0.000000000000000000, 1.000000000000000000 ) ) ;
#401 = EDGE_LOOP ( 'NONE', ( #3366, #3268 ) ) ;
#402 = EDGE_CURVE ( 'NONE', #2385, #1360, #2928, .T. ) ;
#403 = ORIENTED_EDGE ( 'NONE', *, *, #1397, .F. ) ;
#404 = AXIS2_PLACEMENT_3D ( 'NONE', #835, #522, #2904 ) ;
#405 = DIRECTION ( 'NONE',  ( 0.000000000000000000, 1.000000000000000000, 0.000000000000000000 ) ) ;
#406 = FACE_OUTER_BOUND ( 'NONE', #704, .T. ) ;
#407 = DIRECTION ( 'NONE',  ( 0.000000000000000000, 1.000000000000000000, 0.000000000000000000 ) ) ;
#408 = ORIENTED_EDGE ( 'NONE', *, *, #502, .T. ) ;
#409 = LINE ( 'NONE', #2747, #1026 ) ;
#410 = ORIENTED_EDGE ( 'NONE', *, *, #2581, .F. ) ;
#411 = FACE_OUTER_BOUND ( 'NONE', #2126, .T. ) ;
#412 = DIRECTION ( 'NONE',  ( 0.000000000000000000, 0.000000000000000000, -1.000000000000000000 ) ) ;
#413 = VECTOR ( 'NONE', #2724, 1000.000000000000000 ) ;
#414 = EDGE_LOOP ( 'NONE', ( #2172, #2623, #606, #2814 ) ) ;
#415 = DIRECTION ( 'NONE',  ( 0.000000000000000000, 0.000000000000000000, 1.000000000000000000 ) ) ;
#416 = DIRECTION ( 'NONE',  ( 0.000000000000000000, 0.000000000000000000, -1.000000000000000000 ) ) ;
#417 = AXIS2_PLACEMENT_3D ( 'NONE', #1147, #3267, #2443 ) ;
#418 = ORIENTED_EDGE ( 'NONE', *, *, #1114, .T. ) ;
#419 = AXIS2_PLACEMENT_3D ( 'NONE', #1505, #429, #633 ) ;
#420 = CYLINDRICAL_SURFACE ( 'NONE', #337, 2.499999999999998668 ) ;
#421 = EDGE_CURVE ( 'NONE', #1842, #2374, #865, .T. ) ;
#422 = CIRCLE ( 'NONE', #2209, 2.500000000000000888 ) ;
#423 = CARTESIAN_POINT ( 'NONE',  ( 19.00000000000000000, 2.499999999999988898, 2.499999999999801048 ) ) ;
#424 = CYLINDRICAL_SURFACE ( 'NONE', #1301, 2.500000000000000000 ) ;
#425 = CARTESIAN_POINT ( 'NONE',  ( -19.00000000000000000, 2.499999999999988898, -2.499999999999933831 ) ) ;
#426 = CARTESIAN_POINT ( 'NONE',  ( 19.00000000000000000, 0.1250000000000001110, -1.990144363140586139E-13 ) ) ;
#427 = DIRECTION ( 'NONE',  ( 0.000000000000000000, 0.000000000000000000, 1.000000000000000000 ) ) ;
#428 = VERTEX_POINT ( 'NONE', #1352 ) ;
#429 = DIRECTION ( 'NONE',  ( -1.000000000000000000, 0.000000000000000000, 0.000000000000000000 ) ) ;
#430 = ADVANCED_BREP_SHAPE_REPRESENTATION ( 'aro de fijacion axial de caucho NEW', ( #9, #2541 ), #962 ) ;
#431 = ORIENTED_EDGE ( 'NONE', *, *, #2739, .F. ) ;
#432 = DIRECTION ( 'NONE',  ( 0.000000000000000000, 0.000000000000000000, 1.000000000000000000 ) ) ;
#433 = DIRECTION ( 'NONE',  ( 0.000000000000000000, 0.000000000000000000, 1.000000000000000000 ) ) ;
#434 = ORIENTED_EDGE ( 'NONE', *, *, #594, .F. ) ;
#435 = ORIENTED_EDGE ( 'NONE', *, *, #347, .T. ) ;
#436 = VERTEX_POINT ( 'NONE', #1371 ) ;
#437 = LINE ( 'NONE', #2544, #3386 ) ;
#438 = VERTEX_POINT ( 'NONE', #1909 ) ;
#439 = CARTESIAN_POINT ( 'NONE',  ( 0.000000000000000000, 2.500000000000000000, 0.000000000000000000 ) ) ;
#440 = AXIS2_PLACEMENT_3D ( 'NONE', #3046, #941, #2548 ) ;
#441 = DIRECTION ( 'NONE',  ( 0.000000000000000000, 0.000000000000000000, 1.000000000000000000 ) ) ;
#442 = CARTESIAN_POINT ( 'NONE',  ( 0.000000000000000000, 2.499999999999988898, 19.00000000000000000 ) ) ;
#443 = CARTESIAN_POINT ( 'NONE',  ( 0.000000000000000000, 2.499999999999988898, 19.00000000000000000 ) ) ;
#444 = FACE_OUTER_BOUND ( 'NONE', #1439, .T. ) ;
#445 = DIRECTION ( 'NONE',  ( -0.000000000000000000, 1.000000000000000000, -0.000000000000000000 ) ) ;
#446 = CARTESIAN_POINT ( 'NONE',  ( 13.43502884254423968, 2.000000000000000000, -13.43502884254456475 ) ) ;
#447 = ADVANCED_FACE ( 'NONE', ( #38 ), #2973, .F. ) ;
#448 = EDGE_CURVE ( 'NONE', #1985, #1360, #1298, .T. ) ;
#449 = DIRECTION ( 'NONE',  ( 8.659560562354948882E-17, 0.7071067811865463515, -0.7071067811865487940 ) ) ;
#450 = ORIENTED_EDGE ( 'NONE', *, *, #2245, .T. ) ;
#451 = ORIENTED_EDGE ( 'NONE', *, *, #1114, .F. ) ;
#452 = CARTESIAN_POINT ( 'NONE',  ( -19.00000000000000000, 0.1250000000000001110, -1.249999999999933831 ) ) ;
#453 = CARTESIAN_POINT ( 'NONE',  ( -19.00000000000000000, 2.499999999999988898, 6.633814543801952113E-14 ) ) ;
#454 = ORIENTED_EDGE ( 'NONE', *, *, #2806, .F. ) ;
#455 = DIRECTION ( 'NONE',  ( 8.659560562354995721E-17, 0.7071067811865422437, -0.7071067811865526798 ) ) ;
#456 = AXIS2_PLACEMENT_3D ( 'NONE', #1701, #1895, #1440 ) ;
#457 = PLANE ( 'NONE',  #244 ) ;
#458 = CARTESIAN_POINT ( 'NONE',  ( 0.000000000000000000, 0.1249999999999998890, 0.000000000000000000 ) ) ;
#459 = AXIS2_PLACEMENT_3D ( 'NONE', #638, #2795, #1034 ) ;
#460 = AXIS2_PLACEMENT_3D ( 'NONE', #2487, #2735, #3276 ) ;
#461 = DIRECTION ( 'NONE',  ( 0.000000000000000000, 1.000000000000000000, -0.000000000000000000 ) ) ;
#462 = DIRECTION ( 'NONE',  ( 0.000000000000000000, 0.000000000000000000, 1.000000000000000000 ) ) ;
#463 = CIRCLE ( 'NONE', #2365, 0.1250000000000001110 ) ;
#464 = ORIENTED_EDGE ( 'NONE', *, *, #502, .F. ) ;
#465 = ADVANCED_FACE ( 'NONE', ( #1880 ), #2944, .F. ) ;
#466 = DIRECTION ( 'NONE',  ( -1.000000000000000000, 0.000000000000000000, 1.047444401652940164E-14 ) ) ;
#467 = ORIENTED_EDGE ( 'NONE', *, *, #3360, .F. ) ;
#468 = CIRCLE ( 'NONE', #684, 23.68661165235167942 ) ;
#469 = VERTEX_POINT ( 'NONE', #423 ) ;
#470 = CIRCLE ( 'NONE', #1124, 0.1250000000000001110 ) ;
#471 = CIRCLE ( 'NONE', #2164, 1.249999999999999334 ) ;
#472 = FACE_OUTER_BOUND ( 'NONE', #2432, .T. ) ;
#473 = DIRECTION ( 'NONE',  ( 0.000000000000000000, 0.000000000000000000, 1.000000000000000000 ) ) ;
#474 = ORIENTED_EDGE ( 'NONE', *, *, #219, .T. ) ;
#475 = AXIS2_PLACEMENT_3D ( 'NONE', #1193, #3047, #1739 ) ;
#476 = VERTEX_POINT ( 'NONE', #2723 ) ;
#477 = DIRECTION ( 'NONE',  ( -0.000000000000000000, 1.000000000000000000, 0.000000000000000000 ) ) ;
#478 = AXIS2_PLACEMENT_3D ( 'NONE', #1075, #1316, #765 ) ;
#479 = DIRECTION ( 'NONE',  ( 0.000000000000000000, 0.000000000000000000, 1.000000000000000000 ) ) ;
#480 = DIRECTION ( 'NONE',  ( 0.000000000000000000, 1.000000000000000000, 0.000000000000000000 ) ) ;
#481 = CIRCLE ( 'NONE', #1183, 1.250000000000000222 ) ;
#482 = VERTEX_POINT ( 'NONE', #2492 ) ;
#483 = CYLINDRICAL_SURFACE ( 'NONE', #2371, 1.125000000000000222 ) ;
#484 = ORIENTED_EDGE ( 'NONE', *, *, #1195, .F. ) ;
#485 = DIRECTION ( 'NONE',  ( -1.000000000000000000, 0.000000000000000000, 0.000000000000000000 ) ) ;
#486 = ORIENTED_EDGE ( 'NONE', *, *, #1340, .T. ) ;
#487 = EDGE_CURVE ( 'NONE', #2486, #984, #1472, .T. ) ;
#488 = ORIENTED_EDGE ( 'NONE', *, *, #2634, .T. ) ;
#489 = ORIENTED_EDGE ( 'NONE', *, *, #3168, .F. ) ;
#490 = B_SPLINE_CURVE_WITH_KNOTS ( 'NONE', 3,
 ( #830, #516, #1839, #577, #2310, #2894, #2108, #1031, #535, #3179 ),
 .UNSPECIFIED., .F., .F.,
 ( 4, 2, 2, 2, 4 ),
 ( 0.000000000000000000, 0.0007539899247465932592, 0.001507979849493186518, 0.002261969774239783355, 0.003015959698986380409 ),
 .UNSPECIFIED. ) ;
#491 = CARTESIAN_POINT ( 'NONE',  ( 19.00000000000000000, 2.000000000000001776, -1.990144363140586139E-13 ) ) ;
#492 = EDGE_CURVE ( 'NONE', #655, #2385, #2552, .T. ) ;
#493 = ORIENTED_EDGE ( 'NONE', *, *, #187, .T. ) ;
#494 = CARTESIAN_POINT ( 'NONE',  ( 19.00000000000000000, 1.500000000000016875, 1.124999999999801048 ) ) ;
#495 = DIRECTION ( 'NONE',  ( 0.000000000000000000, -0.000000000000000000, 1.000000000000000000 ) ) ;
#496 = DIRECTION ( 'NONE',  ( 0.000000000000000000, 0.000000000000000000, 1.000000000000000000 ) ) ;
#497 = AXIS2_PLACEMENT_3D ( 'NONE', #3171, #788, #1625 ) ;
#498 = DIRECTION ( 'NONE',  ( -0.000000000000000000, -1.000000000000000000, -0.000000000000000000 ) ) ;
#499 = DIRECTION ( 'NONE',  ( 0.000000000000000000, 0.000000000000000000, 1.000000000000000000 ) ) ;
#500 = CARTESIAN_POINT ( 'NONE',  ( -13.43502884254442620, 3.000000000000000000, -10.43502884254437291 ) ) ;
#501 = AXIS2_PLACEMENT_3D ( 'NONE', #3107, #2595, #1254 ) ;
#502 = EDGE_CURVE ( 'NONE', #1267, #884, #1264, .T. ) ;
#503 = ADVANCED_FACE ( 'NONE', ( #1785 ), #483, .F. ) ;
#504 = VERTEX_POINT ( 'NONE', #1981 ) ;
#505 = AXIS2_PLACEMENT_3D ( 'NONE', #1192, #172, #2280 ) ;
#506 = CARTESIAN_POINT ( 'NONE',  ( 13.43502884254423968, 1.500000000000016875, -12.31002884254456653 ) ) ;
#507 = LINE ( 'NONE', #1182, #1776 ) ;
#508 = AXIS2_PLACEMENT_3D ( 'NONE', #1620, #2367, #819 ) ;
#509 = CARTESIAN_POINT ( 'NONE',  ( 0.000000000000000000, 3.000000000000000000, 0.000000000000000000 ) ) ;
#510 = EDGE_LOOP ( 'NONE', ( #2615, #1039, #178, #3080 ) ) ;
#511 = CARTESIAN_POINT ( 'NONE',  ( 19.00000000000000000, 2.499999999999988898, -1.990144363140586139E-13 ) ) ;
#512 = EDGE_LOOP ( 'NONE', ( #74, #2138, #104, #1386 ) ) ;
#513 = CARTESIAN_POINT ( 'NONE',  ( -13.43502884254442620, 2.000000000000000000, -10.93502884254438001 ) ) ;
#514 = CARTESIAN_POINT ( 'NONE',  ( 13.43502884254452034, 2.000000000000000000, 13.43502884254428587 ) ) ;
#515 = CARTESIAN_POINT ( 'NONE',  ( 0.000000000000000000, 1.500000000000000000, -17.50000000000000355 ) ) ;
#516 = CARTESIAN_POINT ( 'NONE',  ( -16.24949923047244837, 3.000000000000000444, 14.50449463982898024 ) ) ;
#517 = EDGE_LOOP ( 'NONE', ( #1555, #2331, #3119, #2389, #162 ) ) ;
#518 = AXIS2_PLACEMENT_3D ( 'NONE', #1700, #670, #1744 ) ;
#519 = AXIS2_PLACEMENT_3D ( 'NONE', #863, #1387, #2738 ) ;
#520 = CARTESIAN_POINT ( 'NONE',  ( -19.00000000000000000, 2.000000000000000000, -2.499999999999933831 ) ) ;
#521 = AXIS2_PLACEMENT_3D ( 'NONE', #982, #159, #466 ) ;
#522 = DIRECTION ( 'NONE',  ( -0.000000000000000000, -1.000000000000000000, -0.000000000000000000 ) ) ;
#523 = CIRCLE ( 'NONE', #2831, 2.500000000000000000 ) ;
#524 = LINE ( 'NONE', #391, #1846 ) ;
#525 = VERTEX_POINT ( 'NONE', #2295 ) ;
#526 = EDGE_LOOP ( 'NONE', ( #775, #3225, #910, #1419 ) ) ;
#527 = DIRECTION ( 'NONE',  ( 0.000000000000000000, 0.000000000000000000, 1.000000000000000000 ) ) ;
#528 = EDGE_LOOP ( 'NONE', ( #2078, #1110 ) ) ;
#529 = CARTESIAN_POINT ( 'NONE',  ( -13.43502884254442620, 3.000000000000000000, -13.43502884254438001 ) ) ;
#530 = FACE_OUTER_BOUND ( 'NONE', #3162, .T. ) ;
#531 = EDGE_CURVE ( 'NONE', #969, #2282, #179, .T. ) ;
#532 = CARTESIAN_POINT ( 'NONE',  ( 13.43502884254423968, 0.1250000000000001110, -14.68502884254456475 ) ) ;
#533 = DIRECTION ( 'NONE',  ( 0.000000000000000000, 0.000000000000000000, 1.000000000000000000 ) ) ;
#534 = CARTESIAN_POINT ( 'NONE',  ( 19.00000000000000000, 2.000000000000000000, -2.500000000000198952 ) ) ;
#535 = CARTESIAN_POINT ( 'NONE',  ( -14.50428944185865987, 3.000000000000000000, 16.24955787105868055 ) ) ;
#536 = CIRCLE ( 'NONE', #1850, 20.50000000000000000 ) ;
#537 = DIRECTION ( 'NONE',  ( 0.000000000000000000, 0.000000000000000000, -1.000000000000000000 ) ) ;
#538 = AXIS2_PLACEMENT_3D ( 'NONE', #1703, #1373, #2690 ) ;
#539 = VERTEX_POINT ( 'NONE', #907 ) ;
#540 = AXIS2_PLACEMENT_3D ( 'NONE', #1009, #2093, #2074 ) ;
#541 = DIRECTION ( 'NONE',  ( 0.000000000000000000, 0.000000000000000000, 1.000000000000000000 ) ) ;
#542 = DIRECTION ( 'NONE',  ( -0.000000000000000000, -1.000000000000000000, -0.000000000000000000 ) ) ;
#543 = CARTESIAN_POINT ( 'NONE',  ( 13.43502884254452034, 5.421010862427522170E-17, 14.68502884254428764 ) ) ;
#544 = ORIENTED_EDGE ( 'NONE', *, *, #1430, .T. ) ;
#545 = DIRECTION ( 'NONE',  ( 0.000000000000000000, 0.000000000000000000, 1.000000000000000000 ) ) ;
#546 = ORIENTED_EDGE ( 'NONE', *, *, #2229, .F. ) ;
#547 = FACE_OUTER_BOUND ( 'NONE', #3223, .T. ) ;
#548 = DIRECTION ( 'NONE',  ( 0.000000000000000000, 0.000000000000000000, 1.000000000000000000 ) ) ;
#549 = ORIENTED_EDGE ( 'NONE', *, *, #2555, .T. ) ;
#550 = DIRECTION ( 'NONE',  ( 0.000000000000000000, 1.000000000000000000, 0.000000000000000000 ) ) ;
#551 = EDGE_CURVE ( 'NONE', #125, #2385, #2041, .T. ) ;
#552 = CIRCLE ( 'NONE', #204, 3.000000000000012879 ) ;
#553 = AXIS2_PLACEMENT_3D ( 'NONE', #1260, #1215, #2293 ) ;
#554 = EDGE_CURVE ( 'NONE', #1020, #2509, #1464, .T. ) ;
#555 = LINE ( 'NONE', #2879, #3049 ) ;
#556 = VERTEX_POINT ( 'NONE', #142 ) ;
#557 = EDGE_CURVE ( 'NONE', #1901, #1832, #129, .T. ) ;
#558 = DIRECTION ( 'NONE',  ( 0.7071067811865439090, 0.000000000000000000, -0.7071067811865512365 ) ) ;
#559 = CARTESIAN_POINT ( 'NONE',  ( -13.43502884254433027, 2.000000000000000000, 15.93502884254447238 ) ) ;
#560 = CONICAL_SURFACE ( 'NONE', #2465, 2.500000000000000444, 0.7853981633974569387 ) ;
#561 = FACE_OUTER_BOUND ( 'NONE', #1024, .T. ) ;
#562 = ORIENTED_EDGE ( 'NONE', *, *, #1531, .T. ) ;
#563 = LINE ( 'NONE', #2110, #283 ) ;
#564 = ORIENTED_EDGE ( 'NONE', *, *, #668, .F. ) ;
#565 = DIRECTION ( 'NONE',  ( 0.000000000000000000, 0.000000000000000000, -1.000000000000000000 ) ) ;
#566 = CARTESIAN_POINT ( 'NONE',  ( 0.000000000000000000, 2.000000000000000000, 19.00000000000000000 ) ) ;
#567 = AXIS2_PLACEMENT_3D ( 'NONE', #914, #1955, #397 ) ;
#568 = ORIENTED_EDGE ( 'NONE', *, *, #2692, .F. ) ;
#569 = DIRECTION ( 'NONE',  ( 0.000000000000000000, 1.000000000000000000, 0.000000000000000000 ) ) ;
#570 = AXIS2_PLACEMENT_3D ( 'NONE', #785, #1623, #541 ) ;
#571 = CIRCLE ( 'NONE', #1338, 21.67157287525381548 ) ;
#572 = ORIENTED_EDGE ( 'NONE', *, *, #2902, .F. ) ;
#573 = DIRECTION ( 'NONE',  ( -0.000000000000000000, 1.000000000000000000, -0.000000000000000000 ) ) ;
#574 = ORIENTED_EDGE ( 'NONE', *, *, #2080, .T. ) ;
#575 = EDGE_CURVE ( 'NONE', #3058, #2282, #1733, .T. ) ;
#576 = CARTESIAN_POINT ( 'NONE',  ( 0.000000000000000000, 2.499999999999988898, 19.00000000000000000 ) ) ;
#577 = CARTESIAN_POINT ( 'NONE',  ( -15.87754080820426594, 2.980757884127070767, 15.16213380952881984 ) ) ;
#578 = CARTESIAN_POINT ( 'NONE',  ( 13.43502884254452034, 5.421010862427522170E-17, 12.18502884254428409 ) ) ;
#579 = CIRCLE ( 'NONE', #1522, 21.67157287525381548 ) ;
#580 = EDGE_LOOP ( 'NONE', ( #2131, #434, #2991, #3195, #564 ) ) ;
#581 = VECTOR ( 'NONE', #1331, 1000.000000000000000 ) ;
#582 = TOROIDAL_SURFACE ( 'NONE', #2495, 1.250000000000000222, 0.1250000000000000000 ) ;
#583 = DIRECTION ( 'NONE',  ( 0.000000000000000000, 0.000000000000000000, 1.000000000000000000 ) ) ;
#584 = CIRCLE ( 'NONE', #3007, 17.50000000000000355 ) ;
#585 = ORIENTED_EDGE ( 'NONE', *, *, #711, .T. ) ;
#586 = DIRECTION ( 'NONE',  ( 0.000000000000000000, 0.000000000000000000, 1.000000000000000000 ) ) ;
#587 = CONICAL_SURFACE ( 'NONE', #806, 1.624999999999987566, 0.7853981633974509435 ) ;
#588 = EDGE_CURVE ( 'NONE', #1642, #125, #3274, .T. ) ;
#589 = VERTEX_POINT ( 'NONE', #1127 ) ;
#590 = CARTESIAN_POINT ( 'NONE',  ( 2.525834023241415981E-15, 1.475000000000000089, 20.62500000000000000 ) ) ;
#591 = ORIENTED_EDGE ( 'NONE', *, *, #1089, .F. ) ;
#592 = DIRECTION ( 'NONE',  ( -0.000000000000000000, -1.000000000000000000, -0.000000000000000000 ) ) ;
#593 = DIRECTION ( 'NONE',  ( -0.000000000000000000, 1.000000000000000000, -0.000000000000000000 ) ) ;
#594 = EDGE_CURVE ( 'NONE', #794, #957, #2258, .T. ) ;
#595 = AXIS2_PLACEMENT_3D ( 'NONE', #2935, #768, #2680 ) ;
#596 = VERTEX_POINT ( 'NONE', #578 ) ;
#597 = LINE ( 'NONE', #2211, #1250 ) ;
#598 = EDGE_CURVE ( 'NONE', #928, #1842, #2112, .T. ) ;
#599 = EDGE_CURVE ( 'NONE', #2554, #1038, #1214, .T. ) ;
#600 = ORIENTED_EDGE ( 'NONE', *, *, #1159, .F. ) ;
#601 = CIRCLE ( 'NONE', #763, 20.62500000000000000 ) ;
#602 = VERTEX_POINT ( 'NONE', #2000 ) ;
#603 = DIRECTION ( 'NONE',  ( 0.000000000000000000, 1.000000000000000000, -0.000000000000000000 ) ) ;
#604 = CIRCLE ( 'NONE', #2183, 2.999999999999985345 ) ;
#605 = CARTESIAN_POINT ( 'NONE',  ( 0.000000000000000000, 1.600000000000000089, 0.000000000000000000 ) ) ;
#606 = ORIENTED_EDGE ( 'NONE', *, *, #3403, .T. ) ;
#607 = DIRECTION ( 'NONE',  ( -0.000000000000000000, -1.000000000000000000, -0.000000000000000000 ) ) ;
#608 = CYLINDRICAL_SURFACE ( 'NONE', #1587, 1.125000000000000888 ) ;
#609 = DIRECTION ( 'NONE',  ( 0.000000000000000000, 0.000000000000000000, 1.000000000000000000 ) ) ;
#610 = AXIS2_PLACEMENT_3D ( 'NONE', #3230, #1344, #1878 ) ;
#611 = ORIENTED_EDGE ( 'NONE', *, *, #2918, .T. ) ;
#612 = DIRECTION ( 'NONE',  ( -0.000000000000000000, 1.000000000000000000, -0.000000000000000000 ) ) ;
#613 = DIRECTION ( 'NONE',  ( -0.000000000000000000, -1.000000000000000000, -0.000000000000000000 ) ) ;
#614 = AXIS2_PLACEMENT_3D ( 'NONE', #1137, #1879, #1107 ) ;
#615 = ORIENTED_EDGE ( 'NONE', *, *, #1675, .T. ) ;
#616 = DIRECTION ( 'NONE',  ( 0.000000000000000000, 1.000000000000000000, 0.000000000000000000 ) ) ;
#617 = AXIS2_PLACEMENT_3D ( 'NONE', #394, #616, #890 ) ;
#618 = DIRECTION ( 'NONE',  ( -0.000000000000000000, 1.000000000000000000, -0.000000000000000000 ) ) ;
#619 = EDGE_LOOP ( 'NONE', ( #1178, #717, #3189, #951 ) ) ;
#620 = CARTESIAN_POINT ( 'NONE',  ( -19.00000000000000000, 2.499999999999988898, 6.633814543801952113E-14 ) ) ;
#621 = VERTEX_POINT ( 'NONE', #425 ) ;
#622 = CARTESIAN_POINT ( 'NONE',  ( 0.000000000000000000, 3.000000000000000000, -15.99999999999998934 ) ) ;
#623 = CARTESIAN_POINT ( 'NONE',  ( 0.000000000000000000, 0.1250000000000001110, 0.000000000000000000 ) ) ;
#624 = EDGE_CURVE ( 'NONE', #196, #1261, #579, .T. ) ;
#625 = ORIENTED_EDGE ( 'NONE', *, *, #3310, .F. ) ;
#626 = DIRECTION ( 'NONE',  ( 0.000000000000000000, 0.000000000000000000, 1.000000000000000000 ) ) ;
#627 = DIRECTION ( 'NONE',  ( 0.000000000000000000, 1.000000000000000000, 0.000000000000000000 ) ) ;
#628 = CIRCLE ( 'NONE', #2491, 1.125000000000000888 ) ;
#629 = ORIENTED_EDGE ( 'NONE', *, *, #2731, .T. ) ;
#630 = EDGE_CURVE ( 'NONE', #2270, #862, #628, .T. ) ;
#631 = AXIS2_PLACEMENT_3D ( 'NONE', #213, #1271, #2306 ) ;
#632 = LINE ( 'NONE', #2981, #1272 ) ;
#633 = DIRECTION ( 'NONE',  ( 0.000000000000000000, 0.000000000000000000, 1.000000000000000000 ) ) ;
#634 = AXIS2_PLACEMENT_3D ( 'NONE', #955, #344, #2221 ) ;
#635 = EDGE_LOOP ( 'NONE', ( #2359, #2086, #1824, #3380 ) ) ;
#636 = VECTOR ( 'NONE', #383, 1000.000000000000000 ) ;
#637 = DIRECTION ( 'NONE',  ( 0.000000000000000000, 0.000000000000000000, 1.000000000000000000 ) ) ;
#638 = CARTESIAN_POINT ( 'NONE',  ( -13.43502884254442620, 0.000000000000000000, -13.43502884254438001 ) ) ;
#639 = CARTESIAN_POINT ( 'NONE',  ( 0.000000000000000000, 2.000000000000000000, 21.50000000000000000 ) ) ;
#640 = AXIS2_PLACEMENT_3D ( 'NONE', #917, #2013, #1534 ) ;
#641 = CARTESIAN_POINT ( 'NONE',  ( -15.36094789067998789, 2.976611622188832129, -15.71856132400558792 ) ) ;
#642 = CARTESIAN_POINT ( 'NONE',  ( -13.43502884254433027, 2.000000000000000000, 13.43502884254447416 ) ) ;
#643 = ORIENTED_EDGE ( 'NONE', *, *, #3308, .F. ) ;
#644 = DIRECTION ( 'NONE',  ( 0.000000000000000000, 1.000000000000000000, 0.000000000000000000 ) ) ;
#645 = CARTESIAN_POINT ( 'NONE',  ( 0.000000000000000000, 3.000000000000000000, 19.00000000000000000 ) ) ;
#646 = DIRECTION ( 'NONE',  ( 0.000000000000000000, 0.000000000000000000, 1.000000000000000000 ) ) ;
#647 = CARTESIAN_POINT ( 'NONE',  ( 1.836970198721029589E-15, 2.500000000000000000, 15.00000000000000000 ) ) ;
#648 = VERTEX_POINT ( 'NONE', #940 ) ;
#649 = SURFACE_STYLE_USAGE ( .BOTH. , #2809 ) ;
#650 = ADVANCED_FACE ( 'NONE', ( #2500 ), #1720, .F. ) ;
#651 = VERTEX_POINT ( 'NONE', #1244 ) ;
#652 = ORIENTED_EDGE ( 'NONE', *, *, #2938, .F. ) ;
#653 = CARTESIAN_POINT ( 'NONE',  ( 0.000000000000000000, 0.1250000000000001110, 0.000000000000000000 ) ) ;
#654 = CARTESIAN_POINT ( 'NONE',  ( 15.16213380952887491, 2.980757884127067214, 15.87754080820424640 ) ) ;
#655 = VERTEX_POINT ( 'NONE', #1229 ) ;
#656 = VECTOR ( 'NONE', #322, 999.9999999999998863 ) ;
#657 = AXIS2_PLACEMENT_3D ( 'NONE', #442, #747, #152 ) ;
#658 = CARTESIAN_POINT ( 'NONE',  ( 19.00000000000000000, 2.000000000000000000, -1.990144363140586139E-13 ) ) ;
#659 = VERTEX_POINT ( 'NONE', #140 ) ;
#660 = ADVANCED_FACE ( 'NONE', ( #1754 ), #122, .F. ) ;
#661 = LINE ( 'NONE', #2742, #2865 ) ;
#662 = DIRECTION ( 'NONE',  ( 0.000000000000000000, 1.000000000000000000, 0.000000000000000000 ) ) ;
#663 = DIRECTION ( 'NONE',  ( -0.000000000000000000, 1.000000000000000000, -0.000000000000000000 ) ) ;
#664 = CARTESIAN_POINT ( 'NONE',  ( 13.43502884254452034, 3.000000000000000000, 16.43502884254429475 ) ) ;
#665 = CARTESIAN_POINT ( 'NONE',  ( -13.43502884254442620, 2.000000000000000000, -13.43502884254438001 ) ) ;
#666 = PRESENTATION_STYLE_ASSIGNMENT (( #649 ) ) ;
#667 = ORIENTED_EDGE ( 'NONE', *, *, #1257, .F. ) ;
#668 = EDGE_CURVE ( 'NONE', #2660, #2609, #1019, .T. ) ;
#669 = EDGE_CURVE ( 'NONE', #2374, #2990, #2478, .T. ) ;
#670 = DIRECTION ( 'NONE',  ( -0.000000000000000000, -1.000000000000000000, -0.000000000000000000 ) ) ;
#671 = ORIENTED_EDGE ( 'NONE', *, *, #1397, .T. ) ;
#672 = EDGE_CURVE ( 'NONE', #2578, #1398, #171, .T. ) ;
#673 = CIRCLE ( 'NONE', #2244, 15.12500000000000000 ) ;
#674 = FACE_OUTER_BOUND ( 'NONE', #1689, .T. ) ;
#675 = DIRECTION ( 'NONE',  ( 0.000000000000000000, 1.000000000000000000, 0.000000000000000000 ) ) ;
#676 = DIRECTION ( 'NONE',  ( -0.000000000000000000, 1.000000000000000000, -0.000000000000000000 ) ) ;
#677 = AXIS2_PLACEMENT_3D ( 'NONE', #2812, #3387, #2794 ) ;
#678 = DIRECTION ( 'NONE',  ( 8.095376221225065590E-15, 0.000000000000000000, 1.000000000000000000 ) ) ;
#679 = PLANE ( 'NONE',  #505 ) ;
#680 = CARTESIAN_POINT ( 'NONE',  ( 13.43502884254423968, 2.000000000000001776, -11.81002884254457896 ) ) ;
#681 = LINE ( 'NONE', #2517, #2497 ) ;
#682 = EDGE_CURVE ( 'NONE', #1952, #1063, #2906, .T. ) ;
#683 = VERTEX_POINT ( 'NONE', #2022 ) ;
#684 = AXIS2_PLACEMENT_3D ( 'NONE', #2840, #1317, #780 ) ;
#685 = CARTESIAN_POINT ( 'NONE',  ( 0.000000000000000000, -14.00000000000000533, -19.00000000000000000 ) ) ;
#686 = PRESENTATION_LAYER_ASSIGNMENT (  '', '', ( #236 ) ) ;
#687 = ORIENTED_EDGE ( 'NONE', *, *, #682, .T. ) ;
#688 = CARTESIAN_POINT ( 'NONE',  ( 13.43502884254423968, 0.1250000000000001110, -13.43502884254456475 ) ) ;
#689 = DIRECTION ( 'NONE',  ( 0.000000000000000000, 0.000000000000000000, 1.000000000000000000 ) ) ;
#690 = AXIS2_PLACEMENT_3D ( 'NONE', #439, #167, #496 ) ;
#691 = EDGE_LOOP ( 'NONE', ( #403, #939, #544, #2632 ) ) ;
#692 = AXIS2_PLACEMENT_3D ( 'NONE', #3109, #1798, #495 ) ;
#693 = DIRECTION ( 'NONE',  ( 0.000000000000000000, 0.000000000000000000, 1.000000000000000000 ) ) ;
#694 = DIRECTION ( 'NONE',  ( 0.000000000000000000, 0.000000000000000000, -1.000000000000000000 ) ) ;
#695 = ORIENTED_EDGE ( 'NONE', *, *, #1699, .F. ) ;
#696 = ADVANCED_FACE ( 'NONE', ( #960 ), #963, .T. ) ;
#697 = DIRECTION ( 'NONE',  ( 0.000000000000000000, 0.000000000000000000, 1.000000000000000000 ) ) ;
#698 = DIRECTION ( 'NONE',  ( 0.000000000000000000, -1.000000000000000000, 0.000000000000000000 ) ) ;
#699 = EDGE_CURVE ( 'NONE', #212, #2457, #2514, .T. ) ;
#700 = EDGE_CURVE ( 'NONE', #834, #556, #2157, .T. ) ;
#701 = CARTESIAN_POINT ( 'NONE',  ( 13.43502884254452034, 2.000000000000000000, 10.93502884254428587 ) ) ;
#702 = ORIENTED_EDGE ( 'NONE', *, *, #809, .F. ) ;
#703 = DIRECTION ( 'NONE',  ( 0.000000000000000000, 0.000000000000000000, -1.000000000000000000 ) ) ;
#704 = EDGE_LOOP ( 'NONE', ( #2686, #2323, #1055, #2028 ) ) ;
#705 = AXIS2_PLACEMENT_3D ( 'NONE', #2729, #1447, #1411 ) ;
#706 = ORIENTED_EDGE ( 'NONE', *, *, #557, .T. ) ;
#707 = FACE_OUTER_BOUND ( 'NONE', #1402, .T. ) ;
#708 = EDGE_LOOP ( 'NONE', ( #2473, #2717 ) ) ;
#709 = CARTESIAN_POINT ( 'NONE',  ( 19.00000000000000000, 2.000000000000000000, -1.990144363140586139E-13 ) ) ;
#710 = AXIS2_PLACEMENT_3D ( 'NONE', #1519, #40, #1278 ) ;
#711 = EDGE_CURVE ( 'NONE', #1408, #1267, #1070, .T. ) ;
#712 = CARTESIAN_POINT ( 'NONE',  ( 0.000000000000000000, 1.000000000000000000, 21.67157287525381548 ) ) ;
#713 = CARTESIAN_POINT ( 'NONE',  ( 0.000000000000000000, 1.475000000000000089, -20.50000000000000000 ) ) ;
#714 = AXIS2_PLACEMENT_3D ( 'NONE', #642, #2726, #2178 ) ;
#715 = ORIENTED_EDGE ( 'NONE', *, *, #2213, .F. ) ;
#716 = EDGE_CURVE ( 'NONE', #820, #1266, #1845, .T. ) ;
#717 = ORIENTED_EDGE ( 'NONE', *, *, #2823, .T. ) ;
#718 = ORIENTED_EDGE ( 'NONE', *, *, #1072, .T. ) ;
#719 = FACE_OUTER_BOUND ( 'NONE', #1568, .T. ) ;
#720 = ORIENTED_EDGE ( 'NONE', *, *, #989, .F. ) ;
#721 = ORIENTED_EDGE ( 'NONE', *, *, #59, .T. ) ;
#722 = DIRECTION ( 'NONE',  ( 0.000000000000000000, 0.000000000000000000, 1.000000000000000000 ) ) ;
#723 = ORIENTED_EDGE ( 'NONE', *, *, #272, .F. ) ;
#724 = AXIS2_PLACEMENT_3D ( 'NONE', #2162, #81, #895 ) ;
#725 = CARTESIAN_POINT ( 'NONE',  ( -13.43502884254442620, 5.421010862427522170E-17, -14.68502884254438001 ) ) ;
#726 = AXIS2_PLACEMENT_3D ( 'NONE', #532, #3374, #2641 ) ;
#727 = CARTESIAN_POINT ( 'NONE',  ( -13.43502884254442620, 2.500000000000002220, -15.93502884254437824 ) ) ;
#728 = EDGE_CURVE ( 'NONE', #360, #2191, #2999, .T. ) ;
#729 = CIRCLE ( 'NONE', #1567, 2.500000000000000444 ) ;
#730 = ORIENTED_EDGE ( 'NONE', *, *, #2555, .F. ) ;
#731 = CARTESIAN_POINT ( 'NONE',  ( 2.502871895757403535E-15, 0.000000000000000000, -20.37500000000000000 ) ) ;
#732 = EDGE_LOOP ( 'NONE', ( #2228, #671 ) ) ;
#733 = ORIENTED_EDGE ( 'NONE', *, *, #402, .T. ) ;
#734 = CARTESIAN_POINT ( 'NONE',  ( -19.00000000000000000, 2.000000000000000000, 6.633814543801952113E-14 ) ) ;
#735 = EDGE_CURVE ( 'NONE', #1832, #1539, #468, .T. ) ;
#736 = EDGE_LOOP ( 'NONE', ( #1367, #1503, #2994, #3174 ) ) ;
#737 = ORIENTED_EDGE ( 'NONE', *, *, #711, .F. ) ;
#738 = FACE_OUTER_BOUND ( 'NONE', #1523, .T. ) ;
#739 = ORIENTED_EDGE ( 'NONE', *, *, #1863, .T. ) ;
#740 = DIRECTION ( 'NONE',  ( 0.000000000000000000, 1.000000000000000000, 0.000000000000000000 ) ) ;
#741 = LINE ( 'NONE', #1297, #2005 ) ;
#742 = DIRECTION ( 'NONE',  ( 8.659560562354918067E-17, 0.7071067811865487940, -0.7071067811865463515 ) ) ;
#743 = DIRECTION ( 'NONE',  ( 0.000000000000000000, 0.000000000000000000, 1.000000000000000000 ) ) ;
#744 = DIRECTION ( 'NONE',  ( 0.000000000000000000, 0.000000000000000000, 1.000000000000000000 ) ) ;
#745 = CARTESIAN_POINT ( 'NONE',  ( 0.000000000000000000, 1.600000000000000089, 0.000000000000000000 ) ) ;
#746 = TOROIDAL_SURFACE ( 'NONE', #300, 1.250000000000000222, 0.1250000000000000000 ) ;
#747 = DIRECTION ( 'NONE',  ( 0.000000000000000000, 1.000000000000000000, 0.000000000000000000 ) ) ;
#748 = EDGE_LOOP ( 'NONE', ( #248, #488 ) ) ;
#749 = CARTESIAN_POINT ( 'NONE',  ( 0.000000000000000000, 0.1250000000000001110, 0.000000000000000000 ) ) ;
#750 = EDGE_CURVE ( 'NONE', #2014, #879, #1121, .T. ) ;
#751 = CARTESIAN_POINT ( 'NONE',  ( -19.00000000000000000, 2.000000000000001776, 6.633814543801952113E-14 ) ) ;
#752 = EDGE_LOOP ( 'NONE', ( #1602, #323, #2611, #209 ) ) ;
#753 = ORIENTED_EDGE ( 'NONE', *, *, #272, .T. ) ;
#754 = DIRECTION ( 'NONE',  ( -0.000000000000000000, -1.000000000000000000, -0.000000000000000000 ) ) ;
#755 = ADVANCED_FACE ( 'NONE', ( #1550 ), #1058, .F. ) ;
#756 = ORIENTED_EDGE ( 'NONE', *, *, #2902, .T. ) ;
#757 = CIRCLE ( 'NONE', #3131, 0.1250000000000001110 ) ;
#758 = EDGE_LOOP ( 'NONE', ( #1157, #1690, #2844, #342, #3202, #2915 ) ) ;
#759 = DIRECTION ( 'NONE',  ( 0.000000000000000000, -1.000000000000000000, 0.000000000000000000 ) ) ;
#760 = ORIENTED_EDGE ( 'NONE', *, *, #861, .T. ) ;
#761 = DIRECTION ( 'NONE',  ( -0.000000000000000000, -1.000000000000000000, -0.000000000000000000 ) ) ;
#762 = CARTESIAN_POINT ( 'NONE',  ( 13.43502884254423968, 0.1250000000000001110, -14.56002884254456475 ) ) ;
#763 = AXIS2_PLACEMENT_3D ( 'NONE', #2965, #2194, #370 ) ;
#764 = CARTESIAN_POINT ( 'NONE',  ( -13.43502884254442620, 2.500000000000002220, -13.43502884254438001 ) ) ;
#765 = DIRECTION ( 'NONE',  ( 0.000000000000000000, 0.000000000000000000, 1.000000000000000000 ) ) ;
#766 = CARTESIAN_POINT ( 'NONE',  ( -19.00000000000000000, 1.499999999999996225, 1.125000000000066391 ) ) ;
#767 = TOROIDAL_SURFACE ( 'NONE', #553, 1.250000000000000222, 0.1250000000000000000 ) ;
#768 = DIRECTION ( 'NONE',  ( -1.000000000000000000, -0.000000000000000000, -0.000000000000000000 ) ) ;
#769 = VERTEX_POINT ( 'NONE', #2913 ) ;
#770 = CARTESIAN_POINT ( 'NONE',  ( -21.83329899207880587, 2.992225738567158455, 0.9944074265225303355 ) ) ;
#771 = CARTESIAN_POINT ( 'NONE',  ( 0.000000000000000000, 2.000000000000000000, 19.00000000000000000 ) ) ;
#772 = ORIENTED_EDGE ( 'NONE', *, *, #861, .F. ) ;
#773 = DIRECTION ( 'NONE',  ( -0.000000000000000000, 1.000000000000000000, -0.000000000000000000 ) ) ;
#774 = CARTESIAN_POINT ( 'NONE',  ( 0.000000000000000000, 2.000000000000001776, 20.62500000000000000 ) ) ;
#775 = ORIENTED_EDGE ( 'NONE', *, *, #402, .F. ) ;
#776 = CARTESIAN_POINT ( 'NONE',  ( 19.00000000000000000, 2.499999999999988898, -1.990144363140586139E-13 ) ) ;
#777 = EDGE_CURVE ( 'NONE', #469, #3296, #1604, .T. ) ;
#778 = CARTESIAN_POINT ( 'NONE',  ( 0.000000000000000000, 0.000000000000000000, 19.00000000000000000 ) ) ;
#779 = CARTESIAN_POINT ( 'NONE',  ( 0.000000000000000000, 2.499999999999988898, -19.00000000000000000 ) ) ;
#780 = DIRECTION ( 'NONE',  ( 0.000000000000000000, 0.000000000000000000, 1.000000000000000000 ) ) ;
#781 = CARTESIAN_POINT ( 'NONE',  ( 13.43502884254423968, 3.000000000000000000, -16.43502884254456475 ) ) ;
#782 = VECTOR ( 'NONE', #1120, 1000.000000000000000 ) ;
#783 = EDGE_CURVE ( 'NONE', #436, #3244, #1893, .T. ) ;
#784 = ORIENTED_EDGE ( 'NONE', *, *, #1196, .T. ) ;
#785 = CARTESIAN_POINT ( 'NONE',  ( 0.000000000000000000, 0.000000000000000000, 0.000000000000000000 ) ) ;
#786 = CIRCLE ( 'NONE', #1837, 1.125000000000000222 ) ;
#787 = CARTESIAN_POINT ( 'NONE',  ( 0.000000000000000000, 1.625000000000000222, 0.000000000000000000 ) ) ;
#788 = DIRECTION ( 'NONE',  ( -1.000000000000000000, 0.000000000000000000, 0.000000000000000000 ) ) ;
#789 = CARTESIAN_POINT ( 'NONE',  ( -13.43502884254433027, -14.00000000000000533, 14.56002884254447416 ) ) ;
#790 = AXIS2_PLACEMENT_3D ( 'NONE', #1067, #1595, #586 ) ;
#791 = ORIENTED_EDGE ( 'NONE', *, *, #1062, .T. ) ;
#792 = DIRECTION ( 'NONE',  ( 0.000000000000000000, 1.000000000000000000, 0.000000000000000000 ) ) ;
#793 = AXIS2_PLACEMENT_3D ( 'NONE', #1838, #217, #479 ) ;
#794 = VERTEX_POINT ( 'NONE', #1002 ) ;
#795 = LINE ( 'NONE', #559, #3252 ) ;
#796 = ORIENTED_EDGE ( 'NONE', *, *, #1891, .T. ) ;
#797 = CIRCLE ( 'NONE', #1021, 0.1250000000000001110 ) ;
#798 = CIRCLE ( 'NONE', #2550, 2.999999999999985345 ) ;
#799 = CYLINDRICAL_SURFACE ( 'NONE', #1565, 2.500000000000000000 ) ;
#800 = FACE_OUTER_BOUND ( 'NONE', #3270, .T. ) ;
#801 = PRODUCT_RELATED_PRODUCT_CATEGORY ( 'part', '', ( #1825 ) ) ;
#802 = B_SPLINE_CURVE_WITH_KNOTS ( 'NONE', 3,
 ( #1323, #30, #3137, #2130, #1364, #46, #3173, #770, #811, #1645 ),
 .UNSPECIFIED., .F., .F.,
 ( 4, 2, 2, 2, 4 ),
 ( 4.336808689942017736E-19, 0.0007539899247466264358, 0.001507979849493252004, 0.002261969774239877030, 0.003015959698986502274 ),
 .UNSPECIFIED. ) ;
#803 = DIRECTION ( 'NONE',  ( 0.000000000000000000, 0.000000000000000000, 1.000000000000000000 ) ) ;
#804 = AXIS2_PLACEMENT_3D ( 'NONE', #1801, #2929, #1868 ) ;
#805 = AXIS2_PLACEMENT_3D ( 'NONE', #2892, #1815, #533 ) ;
#806 = AXIS2_PLACEMENT_3D ( 'NONE', #2135, #1939, #1404 ) ;
#807 = ORIENTED_EDGE ( 'NONE', *, *, #2472, .F. ) ;
#808 = DIRECTION ( 'NONE',  ( -0.000000000000000000, -1.000000000000000000, -0.000000000000000000 ) ) ;
#809 = EDGE_CURVE ( 'NONE', #3309, #2703, #849, .T. ) ;
#810 = CIRCLE ( 'NONE', #88, 2.499999999999999556 ) ;
#811 = CARTESIAN_POINT ( 'NONE',  ( -21.74625398253953179, 2.999999999999999112, 1.234091141278140791 ) ) ;
#812 = ORIENTED_EDGE ( 'NONE', *, *, #487, .T. ) ;
#813 = FACE_OUTER_BOUND ( 'NONE', #748, .T. ) ;
#814 = CARTESIAN_POINT ( 'NONE',  ( -13.43502884254442620, 0.1250000000000001110, -14.68502884254438001 ) ) ;
#815 = DIRECTION ( 'NONE',  ( -0.000000000000000000, -1.000000000000000000, -0.000000000000000000 ) ) ;
#816 = VERTEX_POINT ( 'NONE', #2536 ) ;
#817 = ORIENTED_EDGE ( 'NONE', *, *, #3235, .T. ) ;
#818 = DIRECTION ( 'NONE',  ( 0.7071067811865485719, 0.000000000000000000, 0.7071067811865463515 ) ) ;
#819 = DIRECTION ( 'NONE',  ( 0.000000000000000000, 0.000000000000000000, 1.000000000000000000 ) ) ;
#820 = VERTEX_POINT ( 'NONE', #223 ) ;
#821 = FACE_OUTER_BOUND ( 'NONE', #2302, .T. ) ;
#822 = DIRECTION ( 'NONE',  ( 0.000000000000000000, 0.7071067811865465735, 0.7071067811865484609 ) ) ;
#823 = CIRCLE ( 'NONE', #1708, 0.5000000000000004441 ) ;
#824 = CARTESIAN_POINT ( 'NONE',  ( 2.510525938252074481E-15, 1.475000000000000089, 20.50000000000000000 ) ) ;
#825 = AXIS2_PLACEMENT_3D ( 'NONE', #239, #3398, #2095 ) ;
#826 = ORIENTED_EDGE ( 'NONE', *, *, #2963, .F. ) ;
#827 = DIRECTION ( 'NONE',  ( 1.000000000000000000, 0.000000000000000000, -1.224646799147353207E-16 ) ) ;
#828 = ORIENTED_EDGE ( 'NONE', *, *, #2409, .T. ) ;
#829 = CARTESIAN_POINT ( 'NONE',  ( 19.00000000000000000, 2.499999999999988898, -2.500000000000198952 ) ) ;
#830 = CARTESIAN_POINT ( 'NONE',  ( -16.31955391397076127, 3.000000000000000000, 14.25935590889148230 ) ) ;
#831 = ORIENTED_EDGE ( 'NONE', *, *, #1469, .T. ) ;
#832 = CARTESIAN_POINT ( 'NONE',  ( 13.43502884254452034, 2.000000000000000000, 15.06002884254427165 ) ) ;
#833 = CIRCLE ( 'NONE', #2764, 1.250000000000001110 ) ;
#834 = VERTEX_POINT ( 'NONE', #2402 ) ;
#835 = CARTESIAN_POINT ( 'NONE',  ( 0.000000000000000000, 0.1250000000000001110, -19.00000000000000000 ) ) ;
#836 = EDGE_CURVE ( 'NONE', #1088, #2014, #2763, .T. ) ;
#837 = EDGE_CURVE ( 'NONE', #2398, #112, #470, .T. ) ;
#838 = AXIS2_PLACEMENT_3D ( 'NONE', #2600, #1117, #2051 ) ;
#839 = ORIENTED_EDGE ( 'NONE', *, *, #2019, .T. ) ;
#840 = ADVANCED_FACE ( 'NONE', ( #2530 ), #3286, .F. ) ;
#841 = ORIENTED_EDGE ( 'NONE', *, *, #1256, .T. ) ;
#842 = EDGE_LOOP ( 'NONE', ( #1509, #1849, #2534, #1874 ) ) ;
#843 = DIRECTION ( 'NONE',  ( 0.000000000000000000, 0.000000000000000000, -1.000000000000000000 ) ) ;
#844 = ORIENTED_EDGE ( 'NONE', *, *, #1374, .F. ) ;
#845 = DIRECTION ( 'NONE',  ( 0.000000000000000000, 0.000000000000000000, 1.000000000000000000 ) ) ;
#846 = DIRECTION ( 'NONE',  ( 0.000000000000000000, 0.000000000000000000, -1.000000000000000000 ) ) ;
#847 = CARTESIAN_POINT ( 'NONE',  ( 13.43502884254423968, 3.000000000000000000, -10.43502884254456653 ) ) ;
#848 = DIRECTION ( 'NONE',  ( 0.000000000000000000, 1.000000000000000000, 0.000000000000000000 ) ) ;
#849 = CIRCLE ( 'NONE', #1635, 2.499999999999998668 ) ;
#850 = ORIENTED_EDGE ( 'NONE', *, *, #1418, .F. ) ;
#851 = ORIENTED_EDGE ( 'NONE', *, *, #2213, .T. ) ;
#852 = CIRCLE ( 'NONE', #1640, 2.500000000000000444 ) ;
#853 = AXIS2_PLACEMENT_3D ( 'NONE', #446, #2792, #926 ) ;
#854 = CARTESIAN_POINT ( 'NONE',  ( -13.43502884254433027, 0.1250000000000001110, 14.68502884254447416 ) ) ;
#855 = EDGE_LOOP ( 'NONE', ( #489, #486, #63, #730 ) ) ;
#856 = ORIENTED_EDGE ( 'NONE', *, *, #1430, .F. ) ;
#857 = AXIS2_PLACEMENT_3D ( 'NONE', #1762, #1516, #722 ) ;
#858 = ORIENTED_EDGE ( 'NONE', *, *, #1349, .T. ) ;
#859 = ORIENTED_EDGE ( 'NONE', *, *, #2997, .T. ) ;
#860 = DIRECTION ( 'NONE',  ( 0.000000000000000000, 1.000000000000000000, 0.000000000000000000 ) ) ;
#861 = EDGE_CURVE ( 'NONE', #438, #504, #2494, .T. ) ;
#862 = VERTEX_POINT ( 'NONE', #2642 ) ;
#863 = CARTESIAN_POINT ( 'NONE',  ( 13.43502884254452034, 0.000000000000000000, 13.43502884254428587 ) ) ;
#864 = ORIENTED_EDGE ( 'NONE', *, *, #588, .F. ) ;
#865 = LINE ( 'NONE', #274, #2901 ) ;
#866 = CYLINDRICAL_SURFACE ( 'NONE', #1693, 17.50000000000000355 ) ;
#867 = DIRECTION ( 'NONE',  ( -0.000000000000000000, 1.000000000000000000, -0.000000000000000000 ) ) ;
#868 = ORIENTED_EDGE ( 'NONE', *, *, #1096, .T. ) ;
#869 = EDGE_LOOP ( 'NONE', ( #3158, #2782, #831, #1628 ) ) ;
#870 = CARTESIAN_POINT ( 'NONE',  ( -19.00000000000000000, 2.499999999999988898, 6.633814543801952113E-14 ) ) ;
#871 = CARTESIAN_POINT ( 'NONE',  ( 0.000000000000000000, 2.500000000000000000, 0.000000000000000000 ) ) ;
#872 = TOROIDAL_SURFACE ( 'NONE', #2807, 15.50000000000000000, 0.5000000000000000000 ) ;
#873 = AXIS2_PLACEMENT_3D ( 'NONE', #2515, #2805, #2054 ) ;
#874 = ORIENTED_EDGE ( 'NONE', *, *, #3343, .F. ) ;
#875 = CARTESIAN_POINT ( 'NONE',  ( -13.43502884254433027, 2.000000000000001776, 11.81002884254448659 ) ) ;
#876 = LINE ( 'NONE', #3201, #656 ) ;
#877 = ORIENTED_EDGE ( 'NONE', *, *, #2445, .T. ) ;
#878 = EDGE_CURVE ( 'NONE', #602, #596, #797, .T. ) ;
#879 = VERTEX_POINT ( 'NONE', #934 ) ;
#880 = CARTESIAN_POINT ( 'NONE',  ( 0.5052428447771676323, 2.980744839840497651, -21.94847247349366981 ) ) ;
#881 = DIRECTION ( 'NONE',  ( -1.000000000000000000, 0.000000000000000000, 0.000000000000000000 ) ) ;
#882 = CARTESIAN_POINT ( 'NONE',  ( -13.43502884254433027, 3.000000000000000000, 13.43502884254447416 ) ) ;
#883 = EDGE_CURVE ( 'NONE', #602, #2881, #1847, .T. ) ;
#884 = VERTEX_POINT ( 'NONE', #3254 ) ;
#885 = DIRECTION ( 'NONE',  ( 0.000000000000000000, 1.000000000000000000, 0.000000000000000000 ) ) ;
#886 = VERTEX_POINT ( 'NONE', #1495 ) ;
#887 = DIRECTION ( 'NONE',  ( 0.000000000000000000, 0.000000000000000000, 1.000000000000000000 ) ) ;
#888 = AXIS2_PLACEMENT_3D ( 'NONE', #529, #761, #2618 ) ;
#889 = ORIENTED_EDGE ( 'NONE', *, *, #735, .T. ) ;
#890 = DIRECTION ( 'NONE',  ( 0.000000000000000000, 0.000000000000000000, 1.000000000000000000 ) ) ;
#891 = AXIS2_PLACEMENT_3D ( 'NONE', #1166, #378, #2201 ) ;
#892 = AXIS2_PLACEMENT_3D ( 'NONE', #2969, #2217, #1450 ) ;
#893 = CARTESIAN_POINT ( 'NONE',  ( 1.377727649040771403E-16, 1.499999999999989120, -20.12500000000000000 ) ) ;
#894 = ORIENTED_EDGE ( 'NONE', *, *, #1891, .F. ) ;
#895 = DIRECTION ( 'NONE',  ( 0.000000000000000000, 0.000000000000000000, 1.000000000000000000 ) ) ;
#896 = CIRCLE ( 'NONE', #1115, 1.125000000000000888 ) ;
#897 = DIRECTION ( 'NONE',  ( 0.000000000000000000, 0.000000000000000000, 1.000000000000000000 ) ) ;
#898 = CARTESIAN_POINT ( 'NONE',  ( 19.00000000000000000, 0.1250000000000001110, -1.990144363140586139E-13 ) ) ;
#899 = EDGE_LOOP ( 'NONE', ( #2816, #37, #2796, #3073 ) ) ;
#900 = ORIENTED_EDGE ( 'NONE', *, *, #2481, .F. ) ;
#901 = ORIENTED_EDGE ( 'NONE', *, *, #3251, .T. ) ;
#902 = FACE_OUTER_BOUND ( 'NONE', #313, .T. ) ;
#903 = CARTESIAN_POINT ( 'NONE',  ( 13.43502884254452034, 2.000000000000000000, 13.43502884254428587 ) ) ;
#904 = EDGE_CURVE ( 'NONE', #57, #2096, #3042, .T. ) ;
#905 = CIRCLE ( 'NONE', #1897, 1.250000000000000222 ) ;
#906 = DIRECTION ( 'NONE',  ( 0.000000000000000000, 1.000000000000000000, 0.000000000000000000 ) ) ;
#907 = CARTESIAN_POINT ( 'NONE',  ( 13.43502884254452034, 1.500000000000016875, 12.31002884254428409 ) ) ;
#908 = APPLICATION_CONTEXT ( 'automotive_design' ) ;
#909 = VERTEX_POINT ( 'NONE', #366 ) ;
#910 = ORIENTED_EDGE ( 'NONE', *, *, #353, .T. ) ;
#911 = CARTESIAN_POINT ( 'NONE',  ( -21.62255449703781451, 3.000000000000000000, -1.456779979978649386 ) ) ;
#912 = DIRECTION ( 'NONE',  ( 0.000000000000000000, 0.000000000000000000, 1.000000000000000000 ) ) ;
#913 = ORIENTED_EDGE ( 'NONE', *, *, #1083, .F. ) ;
#914 = CARTESIAN_POINT ( 'NONE',  ( 0.000000000000000000, 1.625000000000000222, 0.000000000000000000 ) ) ;
#915 = AXIS2_PLACEMENT_3D ( 'NONE', #658, #2205, #1716 ) ;
#916 = DIRECTION ( 'NONE',  ( 1.000000000000000000, -0.000000000000000000, 1.224646799147353207E-16 ) ) ;
#917 = CARTESIAN_POINT ( 'NONE',  ( 0.000000000000000000, 0.1250000000000001110, 19.00000000000000000 ) ) ;
#918 = ORIENTED_EDGE ( 'NONE', *, *, #716, .F. ) ;
#919 = DIRECTION ( 'NONE',  ( -0.000000000000000000, -1.000000000000000000, -0.000000000000000000 ) ) ;
#920 = DIRECTION ( 'NONE',  ( 0.000000000000000000, 0.000000000000000000, 1.000000000000000000 ) ) ;
#921 = DIRECTION ( 'NONE',  ( 0.000000000000000000, 1.000000000000000000, 0.000000000000000000 ) ) ;
#922 = EDGE_CURVE ( 'NONE', #909, #2519, #1467, .T. ) ;
#923 = ORIENTED_EDGE ( 'NONE', *, *, #2188, .T. ) ;
#924 = CARTESIAN_POINT ( 'NONE',  ( -13.43502884254442620, -14.00000000000000533, -13.43502884254438001 ) ) ;
#925 = DIRECTION ( 'NONE',  ( 0.000000000000000000, 0.000000000000000000, 1.000000000000000000 ) ) ;
#926 = DIRECTION ( 'NONE',  ( -0.7071067811865389130, 0.000000000000000000, 0.7071067811865562325 ) ) ;
#927 = AXIS2_PLACEMENT_3D ( 'NONE', #2993, #1172, #2698 ) ;
#928 = VERTEX_POINT ( 'NONE', #3300 ) ;
#929 = DIRECTION ( 'NONE',  ( 0.000000000000000000, 0.000000000000000000, 1.000000000000000000 ) ) ;
#930 = ADVANCED_FACE ( 'NONE', ( #674 ), #3211, .F. ) ;
#931 = CARTESIAN_POINT ( 'NONE',  ( 15.87726198895704144, 2.980757428443816082, 15.16228867930337998 ) ) ;
#932 = DIRECTION ( 'NONE',  ( -0.000000000000000000, -1.000000000000000000, -0.000000000000000000 ) ) ;
#933 = AXIS2_PLACEMENT_3D ( 'NONE', #2744, #1011, #1770 ) ;
#934 = CARTESIAN_POINT ( 'NONE',  ( 0.000000000000000000, 5.421010862427522170E-17, 17.62500000000000355 ) ) ;
#935 = DIRECTION ( 'NONE',  ( 8.659560562354918067E-17, 0.7071067811865487940, -0.7071067811865463515 ) ) ;
#936 = DIRECTION ( 'NONE',  ( 0.000000000000000000, 0.000000000000000000, 1.000000000000000000 ) ) ;
#937 = AXIS2_PLACEMENT_3D ( 'NONE', #1390, #867, #2167 ) ;
#938 = ORIENTED_EDGE ( 'NONE', *, *, #3082, .T. ) ;
#939 = ORIENTED_EDGE ( 'NONE', *, *, #1262, .T. ) ;
#940 = CARTESIAN_POINT ( 'NONE',  ( 0.000000000000000000, 5.421010862427522170E-17, 20.25000000000000000 ) ) ;
#941 = DIRECTION ( 'NONE',  ( -0.000000000000000000, -1.000000000000000000, -0.000000000000000000 ) ) ;
#942 = DIRECTION ( 'NONE',  ( -0.000000000000000000, -1.000000000000000000, -0.000000000000000000 ) ) ;
#943 = CIRCLE ( 'NONE', #158, 1.125000000000000888 ) ;
#944 = DIRECTION ( 'NONE',  ( 0.000000000000000000, 1.000000000000000000, 0.000000000000000000 ) ) ;
#945 = CARTESIAN_POINT ( 'NONE',  ( -16.31955391397089272, 3.000000000000000000, -14.25935590889133486 ) ) ;
#946 = EDGE_LOOP ( 'NONE', ( #2656, #2034, #3196, #1420 ) ) ;
#947 = FACE_OUTER_BOUND ( 'NONE', #2586, .T. ) ;
#948 = CARTESIAN_POINT ( 'NONE',  ( 0.000000000000000000, 3.000000000000000000, -19.00000000000000000 ) ) ;
#949 = ORIENTED_EDGE ( 'NONE', *, *, #3403, .F. ) ;
#950 = DIRECTION ( 'NONE',  ( 0.000000000000000000, 0.000000000000000000, -1.000000000000000000 ) ) ;
#951 = ORIENTED_EDGE ( 'NONE', *, *, #259, .F. ) ;
#952 = ADVANCED_FACE ( 'NONE', ( #3142 ), #1779, .F. ) ;
#953 = AXIS2_PLACEMENT_3D ( 'NONE', #3231, #3054, #1478 ) ;
#954 = EDGE_CURVE ( 'NONE', #3296, #3246, #2160, .T. ) ;
#955 = CARTESIAN_POINT ( 'NONE',  ( 1.898202538678397557E-15, 2.500000000000000000, -15.50000000000000000 ) ) ;
#956 = CARTESIAN_POINT ( 'NONE',  ( -19.00000000000000000, 3.000000000000000000, 6.633814543801952113E-14 ) ) ;
#957 = VERTEX_POINT ( 'NONE', #199 ) ;
#958 = AXIS2_PLACEMENT_3D ( 'NONE', #227, #2863, #207 ) ;
#959 = AXIS2_PLACEMENT_3D ( 'NONE', #2355, #2407, #1339 ) ;
#960 = FACE_OUTER_BOUND ( 'NONE', #946, .T. ) ;
#961 = DIRECTION ( 'NONE',  ( -0.000000000000000000, 1.000000000000000000, -0.000000000000000000 ) ) ;
#962 =( GEOMETRIC_REPRESENTATION_CONTEXT ( 3 ) GLOBAL_UNCERTAINTY_ASSIGNED_CONTEXT ( ( #3353 ) ) GLOBAL_UNIT_ASSIGNED_CONTEXT ( ( #299, #1862, #2937 ) ) REPRESENTATION_CONTEXT ( 'NONE', 'WORKASPACE' ) );
#963 = TOROIDAL_SURFACE ( 'NONE', #2838, 1.250000000000000222, 0.1250000000000000000 ) ;
#964 = CARTESIAN_POINT ( 'NONE',  ( -19.00000000000000000, 0.1250000000000001110, 6.633814543801952113E-14 ) ) ;
#965 = AXIS2_PLACEMENT_3D ( 'NONE', #2884, #2576, #2594 ) ;
#966 = AXIS2_PLACEMENT_3D ( 'NONE', #776, #2579, #2925 ) ;
#967 = DIRECTION ( 'NONE',  ( 0.000000000000000000, 0.000000000000000000, 1.000000000000000000 ) ) ;
#968 = AXIS2_PLACEMENT_3D ( 'NONE', #2787, #613, #427 ) ;
#969 = VERTEX_POINT ( 'NONE', #985 ) ;
#970 = VECTOR ( 'NONE', #3206, 1000.000000000000000 ) ;
#971 = EDGE_LOOP ( 'NONE', ( #2026, #109 ) ) ;
#972 = EDGE_CURVE ( 'NONE', #928, #820, #3056, .T. ) ;
#973 = CARTESIAN_POINT ( 'NONE',  ( -19.00000000000000000, 0.000000000000000000, 6.633814543801952113E-14 ) ) ;
#974 = ORIENTED_EDGE ( 'NONE', *, *, #2341, .F. ) ;
#975 = CONICAL_SURFACE ( 'NONE', #857, 1.624999999999987566, 0.7853981633974509435 ) ;
#976 = LINE ( 'NONE', #2020, #3282 ) ;
#977 = DIRECTION ( 'NONE',  ( -0.000000000000000000, 1.000000000000000000, -0.000000000000000000 ) ) ;
#978 = DIRECTION ( 'NONE',  ( 0.000000000000000000, 0.000000000000000000, 1.000000000000000000 ) ) ;
#979 = FACE_OUTER_BOUND ( 'NONE', #1511, .T. ) ;
#980 = EDGE_CURVE ( 'NONE', #2048, #1894, #1406, .T. ) ;
#981 = VERTEX_POINT ( 'NONE', #1293 ) ;
#982 = CARTESIAN_POINT ( 'NONE',  ( 19.00000000000000000, 2.000000000000000000, -1.990144363140586139E-13 ) ) ;
#983 = ORIENTED_EDGE ( 'NONE', *, *, #2384, .F. ) ;
#984 = VERTEX_POINT ( 'NONE', #210 ) ;
#985 = CARTESIAN_POINT ( 'NONE',  ( -13.43502884254433027, 0.1250000000000001110, 12.31002884254447238 ) ) ;
#986 = CARTESIAN_POINT ( 'NONE',  ( -0.9975358225278293522, 2.992304250008429367, 21.83244196168340068 ) ) ;
#988 = ORIENTED_EDGE ( 'NONE', *, *, #2556, .T. ) ;
#987 = ADVANCED_FACE ( 'NONE', ( #472 ), #354, .F. ) ;
#989 = EDGE_CURVE ( 'NONE', #1766, #1745, #249, .T. ) ;
#990 = LINE ( 'NONE', #1732, #2163 ) ;
#991 = CIRCLE ( 'NONE', #933, 0.1250000000000001110 ) ;
#992 = LINE ( 'NONE', #3371, #240 ) ;
#993 = DIRECTION ( 'NONE',  ( 0.000000000000000000, 0.000000000000000000, 1.000000000000000000 ) ) ;
#994 = DIRECTION ( 'NONE',  ( 0.000000000000000000, 1.000000000000000000, 0.000000000000000000 ) ) ;
#995 = AXIS2_PLACEMENT_3D ( 'NONE', #1630, #1385, #3188 ) ;
#996 = ORIENTED_EDGE ( 'NONE', *, *, #1996, .F. ) ;
#997 = CARTESIAN_POINT ( 'NONE',  ( 13.43502884254452034, 0.1250000000000001110, 14.56002884254428764 ) ) ;
#998 = EDGE_CURVE ( 'NONE', #969, #862, #2303, .T. ) ;
#999 = EDGE_CURVE ( 'NONE', #2096, #2728, #27, .T. ) ;
#1000 = DIRECTION ( 'NONE',  ( -0.000000000000000000, -1.000000000000000000, -0.000000000000000000 ) ) ;
#1001 = ORIENTED_EDGE ( 'NONE', *, *, #883, .F. ) ;
#1002 = CARTESIAN_POINT ( 'NONE',  ( 0.000000000000000000, 2.499999999999988898, 21.50000000000000000 ) ) ;
#1003 = VERTEX_POINT ( 'NONE', #1723 ) ;
#1004 = FACE_BOUND ( 'NONE', #2936, .T. ) ;
#1005 = ORIENTED_EDGE ( 'NONE', *, *, #3041, .F. ) ;
#1006 = AXIS2_PLACEMENT_3D ( 'NONE', #1663, #1937, #845 ) ;
#1007 = ADVANCED_FACE ( 'NONE', ( #2266 ), #2483, .F. ) ;
#1008 = VERTEX_POINT ( 'NONE', #731 ) ;
#1009 = CARTESIAN_POINT ( 'NONE',  ( 0.000000000000000000, 1.600000000000000089, 0.000000000000000000 ) ) ;
#1010 = CIRCLE ( 'NONE', #2195, 23.08578643762691485 ) ;
#1011 = DIRECTION ( 'NONE',  ( 1.000000000000000000, -0.000000000000000000, 1.224646799147353207E-16 ) ) ;
#1012 = ADVANCED_FACE ( 'NONE', ( #128 ), #2791, .F. ) ;
#1013 = CIRCLE ( 'NONE', #2946, 2.499999999999998668 ) ;
#1014 = ORIENTED_EDGE ( 'NONE', *, *, #700, .F. ) ;
#1015 = ADVANCED_FACE ( 'NONE', ( #1320 ), #294, .T. ) ;
#1016 = DIRECTION ( 'NONE',  ( 0.000000000000000000, 1.000000000000000000, -0.000000000000000000 ) ) ;
#1017 = DIRECTION ( 'NONE',  ( 0.000000000000000000, 0.000000000000000000, 1.000000000000000000 ) ) ;
#1018 = ORIENTED_EDGE ( 'NONE', *, *, #836, .T. ) ;
#1019 = CIRCLE ( 'NONE', #292, 3.000000000000009770 ) ;
#1020 = VERTEX_POINT ( 'NONE', #506 ) ;
#1021 = AXIS2_PLACEMENT_3D ( 'NONE', #2394, #916, #2758 ) ;
#1022 = CIRCLE ( 'NONE', #1468, 2.000000000000001776 ) ;
#1023 = FACE_OUTER_BOUND ( 'NONE', #2254, .T. ) ;
#1024 = EDGE_LOOP ( 'NONE', ( #625, #2964, #1607, #1718 ) ) ;
#1025 = CARTESIAN_POINT ( 'NONE',  ( 13.43502884254452034, 0.1250000000000001110, 13.43502884254428587 ) ) ;
#1026 = VECTOR ( 'NONE', #107, 1000.000000000000000 ) ;
#1027 = DIRECTION ( 'NONE',  ( -0.000000000000000000, 1.000000000000000000, -0.000000000000000000 ) ) ;
#1028 = CARTESIAN_POINT ( 'NONE',  ( 0.000000000000000000, 1.600000000000000089, -23.59822330470335672 ) ) ;
#1029 = CARTESIAN_POINT ( 'NONE',  ( -14.25935590889139171, 3.000000000000000000, -16.31955391397083943 ) ) ;
#1030 = AXIS2_PLACEMENT_3D ( 'NONE', #2602, #1603, #2856 ) ;
#1031 = CARTESIAN_POINT ( 'NONE',  ( -14.73532153841598280, 2.992225738567160231, 16.14162600752867505 ) ) ;
#1032 = ORIENTED_EDGE ( 'NONE', *, *, #624, .T. ) ;
#1033 = ORIENTED_EDGE ( 'NONE', *, *, #219, .F. ) ;
#1034 = DIRECTION ( 'NONE',  ( 0.000000000000000000, 0.000000000000000000, 1.000000000000000000 ) ) ;
#1035 = ADVANCED_FACE ( 'NONE', ( #444 ), #3115, .T. ) ;
#1036 = ORIENTED_EDGE ( 'NONE', *, *, #669, .F. ) ;
#1037 = ADVANCED_FACE ( 'NONE', ( #2667 ), #1077, .T. ) ;
#1038 = VERTEX_POINT ( 'NONE', #1187 ) ;
#1039 = ORIENTED_EDGE ( 'NONE', *, *, #3256, .T. ) ;
#1040 = LINE ( 'NONE', #774, #101 ) ;
#1041 = VERTEX_POINT ( 'NONE', #1928 ) ;
#1042 = CARTESIAN_POINT ( 'NONE',  ( -13.43502884254442620, 0.1250000000000001110, -13.43502884254438001 ) ) ;
#1043 = CARTESIAN_POINT ( 'NONE',  ( 0.000000000000000000, 0.1250000000000001110, -19.00000000000000000 ) ) ;
#1044 = FACE_OUTER_BOUND ( 'NONE', #2826, .T. ) ;
#1045 = CARTESIAN_POINT ( 'NONE',  ( 13.43502884254423968, 2.000000000000001776, -13.43502884254456475 ) ) ;
#1046 = AXIS2_PLACEMENT_3D ( 'NONE', #1054, #3143, #2288 ) ;
#1047 = AXIS2_PLACEMENT_3D ( 'NONE', #426, #480, #2858 ) ;
#1048 = EDGE_LOOP ( 'NONE', ( #2567, #2115 ) ) ;
#1049 = FACE_OUTER_BOUND ( 'NONE', #2896, .T. ) ;
#1050 = CARTESIAN_POINT ( 'NONE',  ( -13.43502884254433027, 0.000000000000000000, 13.43502884254447416 ) ) ;
#1051 = PRODUCT_DEFINITION ( 'UNKNOWN', '', #1889, #1576 ) ;
#1052 = EDGE_CURVE ( 'NONE', #1642, #655, #992, .T. ) ;
#1053 = ORIENTED_EDGE ( 'NONE', *, *, #2692, .T. ) ;
#1054 = CARTESIAN_POINT ( 'NONE',  ( 0.000000000000000000, 2.000000000000000000, -19.00000000000000000 ) ) ;
#1055 = ORIENTED_EDGE ( 'NONE', *, *, #2938, .T. ) ;
#1056 = FACE_OUTER_BOUND ( 'NONE', #2558, .T. ) ;
#1057 = DIRECTION ( 'NONE',  ( -0.000000000000000000, 1.000000000000000000, -0.000000000000000000 ) ) ;
#1058 = CYLINDRICAL_SURFACE ( 'NONE', #2549, 2.499999999999998668 ) ;
#1059 = CARTESIAN_POINT ( 'NONE',  ( 0.000000000000000000, 0.000000000000000000, -19.00000000000000000 ) ) ;
#1060 = AXIS2_PLACEMENT_3D ( 'NONE', #814, #2119, #2597 ) ;
#1061 = ADVANCED_FACE ( 'NONE', ( #155 ), #1356, .T. ) ;
#1062 = EDGE_CURVE ( 'NONE', #2398, #2014, #584, .T. ) ;
#1063 = VERTEX_POINT ( 'NONE', #664 ) ;
#1064 = CIRCLE ( 'NONE', #838, 2.500000000000000000 ) ;
#1065 = CARTESIAN_POINT ( 'NONE',  ( 0.2520889228314852626, 2.976602387146777939, -21.97660238714677305 ) ) ;
#1066 = CARTESIAN_POINT ( 'NONE',  ( 2.143131898507868643E-15, 0.1250000000000001110, 17.50000000000000355 ) ) ;
#1067 = CARTESIAN_POINT ( 'NONE',  ( 13.43502884254423968, -14.00000000000000533, -13.43502884254456475 ) ) ;
#1068 = ORIENTED_EDGE ( 'NONE', *, *, #1812, .F. ) ;
#1069 = CARTESIAN_POINT ( 'NONE',  ( -0.2517748262883052202, 2.976602387146775719, -21.97660238714679082 ) ) ;
#1070 = CIRCLE ( 'NONE', #2426, 21.67157287525381548 ) ;
#1071 = ORIENTED_EDGE ( 'NONE', *, *, #265, .T. ) ;
#1072 = EDGE_CURVE ( 'NONE', #2542, #2011, #2375, .T. ) ;
#1073 = CYLINDRICAL_SURFACE ( 'NONE', #1126, 1.125000000000000222 ) ;
#1074 = CIRCLE ( 'NONE', #2954, 1.125000000000000888 ) ;
#1075 = CARTESIAN_POINT ( 'NONE',  ( -19.00000000000000000, 2.000000000000000000, 6.633814543801952113E-14 ) ) ;
#1076 = CARTESIAN_POINT ( 'NONE',  ( 16.31955391397100286, 3.000000000000000000, 14.25935590889120697 ) ) ;
#1077 = TOROIDAL_SURFACE ( 'NONE', #1740, 17.62500000000000355, 0.1250000000000000000 ) ;
#1078 = CONICAL_SURFACE ( 'NONE', #1129, 2.500000000000000444, 0.7853981633974557175 ) ;
#1079 = DIRECTION ( 'NONE',  ( 0.000000000000000000, 0.000000000000000000, 1.000000000000000000 ) ) ;
#1080 = CIRCLE ( 'NONE', #478, 1.625000000000006661 ) ;
#1081 = ORIENTED_EDGE ( 'NONE', *, *, #1282, .F. ) ;
#1082 = CARTESIAN_POINT ( 'NONE',  ( 15.16228867930332314, 2.980757428443817414, -15.87726198895707697 ) ) ;
#1083 = EDGE_CURVE ( 'NONE', #2191, #360, #852, .T. ) ;
#1084 = CYLINDRICAL_SURFACE ( 'NONE', #45, 2.499999999999998668 ) ;
#1085 = CIRCLE ( 'NONE', #915, 2.499999999999998668 ) ;
#1086 = ORIENTED_EDGE ( 'NONE', *, *, #3310, .T. ) ;
#1087 = FACE_BOUND ( 'NONE', #971, .T. ) ;
#1088 = VERTEX_POINT ( 'NONE', #2980 ) ;
#1089 = EDGE_CURVE ( 'NONE', #928, #816, #681, .T. ) ;
#1090 = CARTESIAN_POINT ( 'NONE',  ( 0.000000000000000000, 3.000000000000000000, 0.000000000000000000 ) ) ;
#1091 = CYLINDRICAL_SURFACE ( 'NONE', #538, 15.00000000000000000 ) ;
#1092 = DIRECTION ( 'NONE',  ( -0.000000000000000000, 1.000000000000000000, -0.000000000000000000 ) ) ;
#1093 = ORIENTED_EDGE ( 'NONE', *, *, #2716, .F. ) ;
#1094 = EDGE_CURVE ( 'NONE', #2950, #2728, #409, .T. ) ;
#1095 = DIRECTION ( 'NONE',  ( 0.000000000000000000, 0.000000000000000000, 1.000000000000000000 ) ) ;
#1096 = EDGE_CURVE ( 'NONE', #1539, #1832, #1900, .T. ) ;
#1097 = CARTESIAN_POINT ( 'NONE',  ( -13.43502884254433027, 0.1250000000000001110, 13.43502884254447416 ) ) ;
#1098 = TOROIDAL_SURFACE ( 'NONE', #262, 1.250000000000000222, 0.1250000000000000000 ) ;
#1099 = ADVANCED_FACE ( 'NONE', ( #2502 ), #3281, .F. ) ;
#1100 = FACE_OUTER_BOUND ( 'NONE', #528, .T. ) ;
#1101 = VECTOR ( 'NONE', #103, 1000.000000000000000 ) ;
#1102 = EDGE_CURVE ( 'NONE', #1435, #2180, #3172, .T. ) ;
#1103 = ADVANCED_FACE ( 'NONE', ( #1484 ), #2780, .T. ) ;
#1104 = ORIENTED_EDGE ( 'NONE', *, *, #1914, .F. ) ;
#1105 = DIRECTION ( 'NONE',  ( -0.000000000000000000, -1.000000000000000000, -0.000000000000000000 ) ) ;
#1106 = VERTEX_POINT ( 'NONE', #2242 ) ;
#1107 = DIRECTION ( 'NONE',  ( 0.000000000000000000, 0.000000000000000000, -1.000000000000000000 ) ) ;
#1108 = CARTESIAN_POINT ( 'NONE',  ( -15.87726198895692775, 2.980757428443816970, -15.16228867930348834 ) ) ;
#1109 = DIRECTION ( 'NONE',  ( 0.000000000000000000, 0.000000000000000000, 1.000000000000000000 ) ) ;
#1110 = ORIENTED_EDGE ( 'NONE', *, *, #1552, .T. ) ;
#1111 = DIRECTION ( 'NONE',  ( 0.000000000000000000, 0.000000000000000000, 1.000000000000000000 ) ) ;
#1112 = CIRCLE ( 'NONE', #567, 15.00000000000000000 ) ;
#1113 = CIRCLE ( 'NONE', #1060, 0.1250000000000001110 ) ;
#1114 = EDGE_CURVE ( 'NONE', #57, #2950, #422, .T. ) ;
#1115 = AXIS2_PLACEMENT_3D ( 'NONE', #3401, #1826, #263 ) ;
#1116 = EDGE_LOOP ( 'NONE', ( #2064, #1748 ) ) ;
#1117 = DIRECTION ( 'NONE',  ( 0.000000000000000000, 1.000000000000000000, 0.000000000000000000 ) ) ;
#1118 = LINE ( 'NONE', #2159, #1767 ) ;
#1119 = ORIENTED_EDGE ( 'NONE', *, *, #2627, .T. ) ;
#1120 = DIRECTION ( 'NONE',  ( 8.659560562354956277E-17, 0.7071067811865456854, -0.7071067811865493491 ) ) ;
#1121 = CIRCLE ( 'NONE', #793, 0.1250000000000001110 ) ;
#1122 = FACE_OUTER_BOUND ( 'NONE', #517, .T. ) ;
#1123 = LINE ( 'NONE', #308, #1551 ) ;
#1124 = AXIS2_PLACEMENT_3D ( 'NONE', #3075, #2803, #3264 ) ;
#1125 = EDGE_LOOP ( 'NONE', ( #828, #923 ) ) ;
#1126 = AXIS2_PLACEMENT_3D ( 'NONE', #1969, #3067, #325 ) ;
#1127 = CARTESIAN_POINT ( 'NONE',  ( 0.000000000000000000, 3.000000000000000000, 15.50000000000000000 ) ) ;
#1128 = CONICAL_SURFACE ( 'NONE', #1030, 1.624999999999987566, 0.7853981633974509435 ) ;
#1129 = AXIS2_PLACEMENT_3D ( 'NONE', #764, #2819, #2052 ) ;
#1130 = ORIENTED_EDGE ( 'NONE', *, *, #2092, .F. ) ;
#1131 = EDGE_CURVE ( 'NONE', #2011, #2542, #2900, .T. ) ;
#1132 = ORIENTED_EDGE ( 'NONE', *, *, #1282, .T. ) ;
#1133 = CARTESIAN_POINT ( 'NONE',  ( -13.43502884254433027, 5.421010862427522170E-17, 14.68502884254447416 ) ) ;
#1134 = ADVANCED_FACE ( 'NONE', ( #2948 ), #1668, .F. ) ;
#1135 = PLANE ( 'NONE',  #610 ) ;
#1136 = EDGE_LOOP ( 'NONE', ( #3263, #938, #1014, #2408 ) ) ;
#1137 = CARTESIAN_POINT ( 'NONE',  ( 0.000000000000000000, 3.000000000000000000, 0.000000000000000000 ) ) ;
#1138 = ORIENTED_EDGE ( 'NONE', *, *, #2960, .F. ) ;
#1139 = EDGE_CURVE ( 'NONE', #2048, #884, #990, .T. ) ;
#1140 = DIRECTION ( 'NONE',  ( -0.000000000000000000, 1.000000000000000000, -0.000000000000000000 ) ) ;
#1141 = LINE ( 'NONE', #1686, #138 ) ;
#1142 = CARTESIAN_POINT ( 'NONE',  ( 13.43502884254423968, 1.500000000000016875, -14.56002884254456475 ) ) ;
#1143 = ORIENTED_EDGE ( 'NONE', *, *, #700, .T. ) ;
#1144 = ORIENTED_EDGE ( 'NONE', *, *, #2681, .F. ) ;
#1145 = CARTESIAN_POINT ( 'NONE',  ( 3.061616997868384620E-16, 2.499999999999988898, -21.50000000000000000 ) ) ;
#1146 = VECTOR ( 'NONE', #663, 1000.000000000000000 ) ;
#1147 = CARTESIAN_POINT ( 'NONE',  ( 0.000000000000000000, 0.1249999999999998890, 0.000000000000000000 ) ) ;
#1148 = CIRCLE ( 'NONE', #2520, 2.499999999999998668 ) ;
#1149 = ORIENTED_EDGE ( 'NONE', *, *, #1819, .F. ) ;
#1150 = PLANE ( 'NONE',  #3099 ) ;
#1151 = AXIS2_PLACEMENT_3D ( 'NONE', #1170, #1667, #2206 ) ;
#1152 = DIRECTION ( 'NONE',  ( -0.000000000000000000, -1.000000000000000000, -0.000000000000000000 ) ) ;
#1153 = ORIENTED_EDGE ( 'NONE', *, *, #3345, .F. ) ;
#1154 = CARTESIAN_POINT ( 'NONE',  ( -13.43502884254442620, 0.000000000000000000, -13.43502884254438001 ) ) ;
#1155 = CIRCLE ( 'NONE', #2405, 1.624999999999985789 ) ;
#1156 = CARTESIAN_POINT ( 'NONE',  ( 0.000000000000000000, 1.600000000000000089, -20.50000000000000000 ) ) ;
#1157 = ORIENTED_EDGE ( 'NONE', *, *, #2021, .F. ) ;
#1158 = DIRECTION ( 'NONE',  ( -0.000000000000000000, 1.000000000000000000, -0.000000000000000000 ) ) ;
#1159 = EDGE_CURVE ( 'NONE', #2859, #984, #186, .T. ) ;
#1160 = DIRECTION ( 'NONE',  ( -0.000000000000000000, 1.000000000000000000, -0.000000000000000000 ) ) ;
#1161 = DIRECTION ( 'NONE',  ( 0.000000000000000000, 1.000000000000000000, 0.000000000000000000 ) ) ;
#1162 = ORIENTED_EDGE ( 'NONE', *, *, #1575, .F. ) ;
#1163 = DIRECTION ( 'NONE',  ( 8.659560562354953812E-17, 0.7071067811865456854, -0.7071067811865493491 ) ) ;
#1164 = AXIS2_PLACEMENT_3D ( 'NONE', #948, #3052, #689 ) ;
#1165 = CONICAL_SURFACE ( 'NONE', #170, 1.625000000000001332, 0.7853981633974369547 ) ;
#1166 = CARTESIAN_POINT ( 'NONE',  ( 13.43502884254452034, 2.000000000000000000, 13.43502884254428587 ) ) ;
#1167 = ADVANCED_FACE ( 'NONE', ( #22 ), #1073, .F. ) ;
#1168 = AXIS2_PLACEMENT_3D ( 'NONE', #2612, #1308, #3156 ) ;
#1169 = DIRECTION ( 'NONE',  ( 0.000000000000000000, 0.000000000000000000, 1.000000000000000000 ) ) ;
#1170 = CARTESIAN_POINT ( 'NONE',  ( 0.000000000000000000, 1.475000000000000089, 0.000000000000000000 ) ) ;
#1171 = DIRECTION ( 'NONE',  ( -0.000000000000000000, -1.000000000000000000, -0.000000000000000000 ) ) ;
#1172 = DIRECTION ( 'NONE',  ( 0.000000000000000000, -1.000000000000000000, 0.000000000000000000 ) ) ;
#1173 = B_SPLINE_CURVE_WITH_KNOTS ( 'NONE', 3,
 ( #1569, #3117, #221, #2097, #2127, #1281, #1082, #11, #3181, #3153 ),
 .UNSPECIFIED., .F., .F.,
 ( 4, 2, 2, 2, 4 ),
 ( 0.000000000000000000, 0.0007539899247466117990, 0.001507979849493223598, 0.002261969774239835397, 0.003015959698986447196 ),
 .UNSPECIFIED. ) ;
#1174 = CARTESIAN_POINT ( 'NONE',  ( 0.000000000000000000, 1.813388347648322352, 0.000000000000000000 ) ) ;
#1175 = VECTOR ( 'NONE', #1582, 1000.000000000000114 ) ;
#1176 = CARTESIAN_POINT ( 'NONE',  ( 13.43502884254452034, 3.000000000000000000, 10.43502884254427343 ) ) ;
#1177 = DIRECTION ( 'NONE',  ( 0.000000000000000000, 1.000000000000000000, 0.000000000000000000 ) ) ;
#1178 = ORIENTED_EDGE ( 'NONE', *, *, #1285, .F. ) ;
#1179 = EDGE_LOOP ( 'NONE', ( #2737, #1132 ) ) ;
#1180 = CIRCLE ( 'NONE', #1855, 2.499999999999998668 ) ;
#1181 = CARTESIAN_POINT ( 'NONE',  ( 13.43502884254423968, 2.500000000000009770, -13.43502884254456475 ) ) ;
#1182 = CARTESIAN_POINT ( 'NONE',  ( 1.990051048614450841E-16, 2.000000000000001776, -20.62500000000000000 ) ) ;
#1183 = AXIS2_PLACEMENT_3D ( 'NONE', #973, #675, #473 ) ;
#1184 = DIRECTION ( 'NONE',  ( -0.000000000000000000, -1.000000000000000000, -0.000000000000000000 ) ) ;
#1185 = DIRECTION ( 'NONE',  ( 0.000000000000000000, 1.000000000000000000, 0.000000000000000000 ) ) ;
#1186 = CONICAL_SURFACE ( 'NONE', #3302, 1.624999999999987566, 0.7853981633974509435 ) ;
#1187 = CARTESIAN_POINT ( 'NONE',  ( 13.43502884254423968, 2.500000000000009770, -15.93502884254456653 ) ) ;
#1188 = ADVANCED_FACE ( 'NONE', ( #3017 ), #215, .T. ) ;
#1189 = EDGE_LOOP ( 'NONE', ( #146, #1545, #1246, #1612 ) ) ;
#1190 = CARTESIAN_POINT ( 'NONE',  ( 19.00000000000000000, -14.00000000000000533, -1.990144363140586139E-13 ) ) ;
#1191 = CARTESIAN_POINT ( 'NONE',  ( 13.43502884254423968, -14.00000000000000533, -14.56002884254456475 ) ) ;
#1192 = CARTESIAN_POINT ( 'NONE',  ( -19.00000000000000000, 2.000000000000000000, 6.633814543801952113E-14 ) ) ;
#1193 = CARTESIAN_POINT ( 'NONE',  ( 0.000000000000000000, 2.499999999999988898, -19.00000000000000000 ) ) ;
#1194 = AXIS2_PLACEMENT_3D ( 'NONE', #1305, #1608, #246 ) ;
#1195 = EDGE_CURVE ( 'NONE', #2352, #2398, #2873, .T. ) ;
#1196 = EDGE_CURVE ( 'NONE', #504, #438, #536, .T. ) ;
#1197 = DIRECTION ( 'NONE',  ( 0.000000000000000000, 0.000000000000000000, 1.000000000000000000 ) ) ;
#1198 = DIRECTION ( 'NONE',  ( 0.000000000000000000, 0.000000000000000000, 1.000000000000000000 ) ) ;
#1199 = EDGE_CURVE ( 'NONE', #2144, #2011, #289, .T. ) ;
#1200 = FACE_OUTER_BOUND ( 'NONE', #80, .T. ) ;
#1201 = CARTESIAN_POINT ( 'NONE',  ( 14.25935590889149118, 3.000000000000000000, 16.31955391397075417 ) ) ;
#1202 = ORIENTED_EDGE ( 'NONE', *, *, #2871, .T. ) ;
#1203 = AXIS2_PLACEMENT_3D ( 'NONE', #1546, #230, #1294 ) ;
#1204 = EDGE_CURVE ( 'NONE', #1008, #1003, #2265, .T. ) ;
#1205 = ADVANCED_FACE ( 'NONE', ( #800 ), #242, .T. ) ;
#1206 = ADVANCED_FACE ( 'NONE', ( #547 ), #3376, .F. ) ;
#1207 = CIRCLE ( 'NONE', #1657, 1.124999999999999334 ) ;
#1208 = CARTESIAN_POINT ( 'NONE',  ( 0.9975358225278293522, 2.992304250008429367, -21.83244196168340068 ) ) ;
#1209 = DIRECTION ( 'NONE',  ( -0.000000000000000000, -1.000000000000000000, -0.000000000000000000 ) ) ;
#1210 = VERTEX_POINT ( 'NONE', #1029 ) ;
#1211 = DIRECTION ( 'NONE',  ( -0.000000000000000000, -1.000000000000000000, -0.000000000000000000 ) ) ;
#1212 = AXIS2_PLACEMENT_3D ( 'NONE', #2875, #1332, #2914 ) ;
#1213 = DIRECTION ( 'NONE',  ( -0.000000000000000000, -1.000000000000000000, -0.000000000000000000 ) ) ;
#1214 = LINE ( 'NONE', #2820, #2056 ) ;
#1215 = DIRECTION ( 'NONE',  ( 0.000000000000000000, 1.000000000000000000, 0.000000000000000000 ) ) ;
#1216 = ADVANCED_FACE ( 'NONE', ( #238 ), #1128, .F. ) ;
#1217 = DIRECTION ( 'NONE',  ( -0.000000000000000000, 1.000000000000000000, -0.000000000000000000 ) ) ;
#1218 = EDGE_LOOP ( 'NONE', ( #856, #1990, #1559, #2955 ) ) ;
#1219 = DIRECTION ( 'NONE',  ( 0.000000000000000000, 0.000000000000000000, -1.000000000000000000 ) ) ;
#1220 = CARTESIAN_POINT ( 'NONE',  ( 3.061616997868383141E-16, 2.000000000000000000, 16.50000000000000000 ) ) ;
#1221 = ORIENTED_EDGE ( 'NONE', *, *, #2016, .T. ) ;
#1222 = CIRCLE ( 'NONE', #519, 1.250000000000001110 ) ;
#1223 = ADVANCED_FACE ( 'NONE', ( #1044 ), #746, .T. ) ;
#1224 = CIRCLE ( 'NONE', #1514, 1.125000000000000222 ) ;
#1225 = ORIENTED_EDGE ( 'NONE', *, *, #2960, .T. ) ;
#1226 = CARTESIAN_POINT ( 'NONE',  ( 14.25935590889117499, 3.000000000000000000, -16.31955391397103128 ) ) ;
#1227 = VECTOR ( 'NONE', #2629, 1000.000000000000000 ) ;
#1228 = DIRECTION ( 'NONE',  ( 0.000000000000000000, 1.000000000000000000, 0.000000000000000000 ) ) ;
#1229 = CARTESIAN_POINT ( 'NONE',  ( -13.43502884254442620, 1.500000000000016875, -12.31002884254437824 ) ) ;
#1230 = FACE_OUTER_BOUND ( 'NONE', #1218, .T. ) ;
#1231 =( NAMED_UNIT ( * ) SI_UNIT ( $, .STERADIAN. ) SOLID_ANGLE_UNIT ( ) );
#1232 = AXIS2_PLACEMENT_3D ( 'NONE', #2616, #1268, #2324 ) ;
#1233 = AXIS2_PLACEMENT_3D ( 'NONE', #253, #1314, #2346 ) ;
#1234 = ORIENTED_EDGE ( 'NONE', *, *, #487, .F. ) ;
#1235 = EDGE_CURVE ( 'NONE', #651, #659, #2673, .T. ) ;
#1236 = CARTESIAN_POINT ( 'NONE',  ( -19.00000000000000000, 2.499999999999988898, 6.633814543801952113E-14 ) ) ;
#1237 = ORIENTED_EDGE ( 'NONE', *, *, #1966, .T. ) ;
#1238 = CIRCLE ( 'NONE', #2062, 1.625000000000006661 ) ;
#1239 = ORIENTED_EDGE ( 'NONE', *, *, #1341, .F. ) ;
#1240 = DIRECTION ( 'NONE',  ( 0.000000000000000000, 0.000000000000000000, 1.000000000000000000 ) ) ;
#1241 = ORIENTED_EDGE ( 'NONE', *, *, #699, .T. ) ;
#1242 = FACE_OUTER_BOUND ( 'NONE', #2296, .T. ) ;
#1243 = DIRECTION ( 'NONE',  ( -0.000000000000000000, -1.000000000000000000, -0.000000000000000000 ) ) ;
#1244 = CARTESIAN_POINT ( 'NONE',  ( 0.000000000000000000, 1.500000000000000000, -15.12500000000000000 ) ) ;
#1245 = LINE ( 'NONE', #1783, #2694 ) ;
#1246 = ORIENTED_EDGE ( 'NONE', *, *, #2581, .T. ) ;
#1247 = CARTESIAN_POINT ( 'NONE',  ( 0.000000000000000000, 2.000000000000000000, 19.00000000000000000 ) ) ;
#1248 = ORIENTED_EDGE ( 'NONE', *, *, #1675, .F. ) ;
#1249 = DIRECTION ( 'NONE',  ( 0.000000000000000000, 1.000000000000000000, 0.000000000000000000 ) ) ;
#1250 = VECTOR ( 'NONE', #3240, 1000.000000000000000 ) ;
#1251 = ORIENTED_EDGE ( 'NONE', *, *, #883, .T. ) ;
#1252 = ORIENTED_EDGE ( 'NONE', *, *, #41, .T. ) ;
#1253 = DIRECTION ( 'NONE',  ( 0.000000000000000000, 1.000000000000000000, -0.000000000000000000 ) ) ;
#1254 = DIRECTION ( 'NONE',  ( 0.000000000000000000, 0.000000000000000000, 1.000000000000000000 ) ) ;
#1255 = ORIENTED_EDGE ( 'NONE', *, *, #2422, .T. ) ;
#1256 = EDGE_CURVE ( 'NONE', #1894, #2048, #1180, .T. ) ;
#1257 = EDGE_CURVE ( 'NONE', #602, #539, #1276, .T. ) ;
#1258 = ORIENTED_EDGE ( 'NONE', *, *, #3145, .F. ) ;
#1259 = CARTESIAN_POINT ( 'NONE',  ( 0.000000000000000000, 2.000000000000001776, 19.00000000000000000 ) ) ;
#1260 = CARTESIAN_POINT ( 'NONE',  ( 13.43502884254423968, 0.1250000000000001110, -13.43502884254456475 ) ) ;
#1261 = VERTEX_POINT ( 'NONE', #2893 ) ;
#1262 = EDGE_CURVE ( 'NONE', #2908, #3116, #2053, .T. ) ;
#1263 = ORIENTED_EDGE ( 'NONE', *, *, #728, .T. ) ;
#1264 = B_SPLINE_CURVE_WITH_KNOTS ( 'NONE', 3,
 ( #2776, #2511, #1208, #880, #1065, #2861 ),
 .UNSPECIFIED., .F., .F.,
 ( 4, 2, 4 ),
 ( 6.505213034913026604E-19, 0.0007544599439317604137, 0.001508919887863520177 ),
 .UNSPECIFIED. ) ;
#1265 = DIRECTION ( 'NONE',  ( 0.000000000000000000, 0.000000000000000000, 1.000000000000000000 ) ) ;
#1266 = VERTEX_POINT ( 'NONE', #2584 ) ;
#1267 = VERTEX_POINT ( 'NONE', #2309 ) ;
#1268 = DIRECTION ( 'NONE',  ( -0.000000000000000000, 1.000000000000000000, -0.000000000000000000 ) ) ;
#1269 = LINE ( 'NONE', #2102, #3138 ) ;
#1270 = ORIENTED_EDGE ( 'NONE', *, *, #575, .T. ) ;
#1271 = DIRECTION ( 'NONE',  ( 0.000000000000000000, 1.000000000000000000, -0.000000000000000000 ) ) ;
#1272 = VECTOR ( 'NONE', #1658, 1000.000000000000000 ) ;
#1273 = DIRECTION ( 'NONE',  ( 0.000000000000000000, 1.000000000000000000, 0.000000000000000000 ) ) ;
#1274 = ADVANCED_FACE ( 'NONE', ( #2075 ), #2959, .F. ) ;
#1275 = CARTESIAN_POINT ( 'NONE',  ( -13.43502884254433027, 3.000000000000000000, 13.43502884254447416 ) ) ;
#1276 = LINE ( 'NONE', #39, #1583 ) ;
#1277 = CARTESIAN_POINT ( 'NONE',  ( 13.43502884254452034, 2.000000000000000000, 13.43502884254428587 ) ) ;
#1278 = DIRECTION ( 'NONE',  ( 0.000000000000000000, 0.000000000000000000, 1.000000000000000000 ) ) ;
#1279 = AXIS2_PLACEMENT_3D ( 'NONE', #3084, #2320, #432 ) ;
#1280 = ORIENTED_EDGE ( 'NONE', *, *, #2752, .F. ) ;
#1281 = CARTESIAN_POINT ( 'NONE',  ( 15.36238023034559319, 2.976593186581894201, -15.71732848344540123 ) ) ;
#1282 = EDGE_CURVE ( 'NONE', #769, #2990, #1080, .T. ) ;
#1283 = CARTESIAN_POINT ( 'NONE',  ( 14.73221872291489554, 2.992312812373499664, 16.14336284833969160 ) ) ;
#1284 = EDGE_LOOP ( 'NONE', ( #1322, #1153, #549, #1441, #756, #2958 ) ) ;
#1285 = EDGE_CURVE ( 'NONE', #1596, #2756, #2553, .T. ) ;
#1286 = ORIENTED_EDGE ( 'NONE', *, *, #2651, .F. ) ;
#1287 = ORIENTED_EDGE ( 'NONE', *, *, #1699, .T. ) ;
#1288 = AXIS2_PLACEMENT_3D ( 'NONE', #2765, #3316, #2210 ) ;
#1289 = DIRECTION ( 'NONE',  ( 0.000000000000000000, 0.000000000000000000, 1.000000000000000000 ) ) ;
#1290 = COLOUR_RGB ( '',0.7921568627450980005, 0.8196078431372548767, 0.9333333333333333481 ) ;
#1291 = ORIENTED_EDGE ( 'NONE', *, *, #1671, .T. ) ;
#1292 = ORIENTED_EDGE ( 'NONE', *, *, #121, .T. ) ;
#1293 = CARTESIAN_POINT ( 'NONE',  ( 0.000000000000000000, 2.000000000000000000, -16.50000000000000000 ) ) ;
#1294 = DIRECTION ( 'NONE',  ( 0.000000000000000000, 0.000000000000000000, 1.000000000000000000 ) ) ;
#1295 = ORIENTED_EDGE ( 'NONE', *, *, #1309, .T. ) ;
#1296 = CARTESIAN_POINT ( 'NONE',  ( 21.94836440802305333, 2.980757884127066770, 0.5058691400716313069 ) ) ;
#1297 = CARTESIAN_POINT ( 'NONE',  ( -19.00000000000000000, 2.000000000000000000, -2.499999999999933831 ) ) ;
#1298 = CIRCLE ( 'NONE', #1410, 1.624999999999985789 ) ;
#1299 = CARTESIAN_POINT ( 'NONE',  ( 19.00000000000000000, 1.500000000000016875, -1.990144363140586139E-13 ) ) ;
#1300 = DIRECTION ( 'NONE',  ( 0.000000000000000000, 0.7071067811865456854, 0.7071067811865493491 ) ) ;
#1301 = AXIS2_PLACEMENT_3D ( 'NONE', #2800, #1496, #1958 ) ;
#1302 = LINE ( 'NONE', #218, #3402 ) ;
#1303 = CIRCLE ( 'NONE', #3219, 2.499999999999998668 ) ;
#1304 = ORIENTED_EDGE ( 'NONE', *, *, #1820, .T. ) ;
#1305 = CARTESIAN_POINT ( 'NONE',  ( 0.000000000000000000, 1.000000000000000000, 0.000000000000000000 ) ) ;
#1306 = ADVANCED_FACE ( 'NONE', ( #6 ), #1091, .F. ) ;
#1307 = ORIENTED_EDGE ( 'NONE', *, *, #2356, .T. ) ;
#1308 = DIRECTION ( 'NONE',  ( 0.000000000000000000, 1.000000000000000000, 0.000000000000000000 ) ) ;
#1309 = EDGE_CURVE ( 'NONE', #1003, #504, #2847, .T. ) ;
#1310 = ORIENTED_EDGE ( 'NONE', *, *, #3167, .T. ) ;
#1311 = CARTESIAN_POINT ( 'NONE',  ( -13.43502884254433027, 2.500000000000015987, 15.93502884254447238 ) ) ;
#1312 = EDGE_LOOP ( 'NONE', ( #1761, #2440 ) ) ;
#1313 = CARTESIAN_POINT ( 'NONE',  ( 21.83233310211251776, 2.992312812373498776, 0.9978295803193858449 ) ) ;
#1314 = DIRECTION ( 'NONE',  ( 0.000000000000000000, 1.000000000000000000, 0.000000000000000000 ) ) ;
#1315 = EDGE_CURVE ( 'NONE', #1745, #621, #2267, .T. ) ;
#1316 = DIRECTION ( 'NONE',  ( -0.000000000000000000, -1.000000000000000000, -0.000000000000000000 ) ) ;
#1317 = DIRECTION ( 'NONE',  ( -0.000000000000000000, 1.000000000000000000, -0.000000000000000000 ) ) ;
#1318 = CARTESIAN_POINT ( 'NONE',  ( 0.000000000000000000, 2.500000000000000000, 15.50000000000000000 ) ) ;
#1319 = EDGE_LOOP ( 'NONE', ( #1521, #858, #1380, #1547 ) ) ;
#1320 = FACE_OUTER_BOUND ( 'NONE', #3379, .T. ) ;
#1321 = DIRECTION ( 'NONE',  ( -0.000000000000000000, 1.000000000000000000, -0.000000000000000000 ) ) ;
#1322 = ORIENTED_EDGE ( 'NONE', *, *, #1340, .F. ) ;
#1323 = CARTESIAN_POINT ( 'NONE',  ( -21.62255449703781451, 3.000000000000000000, -1.456779979978649386 ) ) ;
#1324 = ORIENTED_EDGE ( 'NONE', *, *, #60, .T. ) ;
#1325 = CARTESIAN_POINT ( 'NONE',  ( 13.43502884254452034, 1.500000000000016875, 13.43502884254428587 ) ) ;
#1326 = VERTEX_POINT ( 'NONE', #2436 ) ;
#1327 = CARTESIAN_POINT ( 'NONE',  ( 21.62255449703779675, 3.000000000000000000, -1.456779979978950257 ) ) ;
#1328 = CARTESIAN_POINT ( 'NONE',  ( 19.00000000000000000, 0.000000000000000000, -1.990144363140586139E-13 ) ) ;
#1329 = ADVANCED_FACE ( 'NONE', ( #2148 ), #587, .F. ) ;
#1330 = DIRECTION ( 'NONE',  ( 0.000000000000000000, 1.000000000000000000, 0.000000000000000000 ) ) ;
#1331 = DIRECTION ( 'NONE',  ( 0.000000000000000000, 0.7071067811865487940, 0.7071067811865463515 ) ) ;
#1332 = DIRECTION ( 'NONE',  ( 0.000000000000000000, 1.000000000000000000, 0.000000000000000000 ) ) ;
#1333 = AXIS2_PLACEMENT_3D ( 'NONE', #1684, #2187, #1423 ) ;
#1334 = EDGE_LOOP ( 'NONE', ( #3166, #2920 ) ) ;
#1335 = DIRECTION ( 'NONE',  ( -0.000000000000000000, -1.000000000000000000, -0.000000000000000000 ) ) ;
#1336 = VECTOR ( 'NONE', #1163, 1000.000000000000000 ) ;
#1337 = DIRECTION ( 'NONE',  ( 1.000000000000000000, -0.000000000000000000, 1.224646799147353207E-16 ) ) ;
#1338 = AXIS2_PLACEMENT_3D ( 'NONE', #509, #1987, #2589 ) ;
#1339 = DIRECTION ( 'NONE',  ( 0.000000000000000000, 0.000000000000000000, 1.000000000000000000 ) ) ;
#1340 = EDGE_CURVE ( 'NONE', #1038, #2299, #1141, .T. ) ;
#1341 = EDGE_CURVE ( 'NONE', #2859, #3070, #2725, .T. ) ;
#1342 = ORIENTED_EDGE ( 'NONE', *, *, #66, .T. ) ;
#1343 = ORIENTED_EDGE ( 'NONE', *, *, #2312, .F. ) ;
#1344 = DIRECTION ( 'NONE',  ( 0.000000000000000000, 1.000000000000000000, 0.000000000000000000 ) ) ;
#1345 = AXIS2_PLACEMENT_3D ( 'NONE', #3045, #1171, #678 ) ;
#1346 = ORIENTED_EDGE ( 'NONE', *, *, #1694, .F. ) ;
#1347 = CARTESIAN_POINT ( 'NONE',  ( 1.456779979978724437, 3.000000000000000000, 21.62255449703780741 ) ) ;
#1348 = DIRECTION ( 'NONE',  ( 0.000000000000000000, 0.000000000000000000, 1.000000000000000000 ) ) ;
#1349 = EDGE_CURVE ( 'NONE', #436, #1041, #1792, .T. ) ;
#1350 = AXIS2_PLACEMENT_3D ( 'NONE', #1190, #977, #3092 ) ;
#1351 = CIRCLE ( 'NONE', #853, 2.499999999999999556 ) ;
#1352 = CARTESIAN_POINT ( 'NONE',  ( -13.43502884254433027, 3.000000000000000000, 10.43502884254448837 ) ) ;
#1353 = DIRECTION ( 'NONE',  ( -0.000000000000000000, 1.000000000000000000, -0.000000000000000000 ) ) ;
#1354 = EDGE_CURVE ( 'NONE', #659, #3070, #361, .T. ) ;
#1355 = DIRECTION ( 'NONE',  ( -0.000000000000000000, 1.000000000000000000, -0.000000000000000000 ) ) ;
#1356 = TOROIDAL_SURFACE ( 'NONE', #417, 20.37500000000000000, 0.1250000000000000000 ) ;
#1357 = EDGE_CURVE ( 'NONE', #1633, #482, #2452, .T. ) ;
#1358 = AXIS2_PLACEMENT_3D ( 'NONE', #3148, #1330, #2912 ) ;
#1359 = ORIENTED_EDGE ( 'NONE', *, *, #3139, .F. ) ;
#1360 = VERTEX_POINT ( 'NONE', #102 ) ;
#1361 = CARTESIAN_POINT ( 'NONE',  ( -13.43502884254442620, 2.000000000000000000, -11.81002884254439422 ) ) ;
#1362 = AXIS2_PLACEMENT_3D ( 'NONE', #2759, #3284, #400 ) ;
#1363 = EDGE_CURVE ( 'NONE', #396, #2372, #2905, .T. ) ;
#1364 = CARTESIAN_POINT ( 'NONE',  ( -21.97653172165396995, 2.976611622188831685, -0.2528708837479036742 ) ) ;
#1365 = ORIENTED_EDGE ( 'NONE', *, *, #1199, .T. ) ;
#1366 = FACE_BOUND ( 'NONE', #401, .T. ) ;
#1367 = ORIENTED_EDGE ( 'NONE', *, *, #3022, .F. ) ;
#1368 = ADVANCED_FACE ( 'NONE', ( #1926 ), #866, .F. ) ;
#1369 = AXIS2_PLACEMENT_3D ( 'NONE', #2353, #12, #58 ) ;
#1370 = ORIENTED_EDGE ( 'NONE', *, *, #245, .F. ) ;
#1371 = CARTESIAN_POINT ( 'NONE',  ( 1.377727649040771403E-16, 0.1250000000000001110, 17.87500000000000000 ) ) ;
#1372 = AXIS2_PLACEMENT_3D ( 'NONE', #3400, #542, #1861 ) ;
#1373 = DIRECTION ( 'NONE',  ( -0.000000000000000000, -1.000000000000000000, -0.000000000000000000 ) ) ;
#1374 = EDGE_CURVE ( 'NONE', #3116, #3246, #329, .T. ) ;
#1375 = CARTESIAN_POINT ( 'NONE',  ( 0.000000000000000000, 3.000000000000000000, -19.00000000000000000 ) ) ;
#1376 = EDGE_CURVE ( 'NONE', #1210, #31, #92, .T. ) ;
#1377 = EDGE_CURVE ( 'NONE', #539, #2542, #87, .T. ) ;
#1378 = ORIENTED_EDGE ( 'NONE', *, *, #2712, .F. ) ;
#1379 = DIRECTION ( 'NONE',  ( -0.000000000000000000, -1.000000000000000000, -0.000000000000000000 ) ) ;
#1380 = ORIENTED_EDGE ( 'NONE', *, *, #335, .F. ) ;
#1381 = FACE_OUTER_BOUND ( 'NONE', #3123, .T. ) ;
#1382 = ORIENTED_EDGE ( 'NONE', *, *, #998, .T. ) ;
#1383 = VECTOR ( 'NONE', #593, 1000.000000000000000 ) ;
#1384 = EDGE_LOOP ( 'NONE', ( #702, #2077, #2968, #874 ) ) ;
#1385 = DIRECTION ( 'NONE',  ( 0.000000000000000000, 1.000000000000000000, 0.000000000000000000 ) ) ;
#1386 = ORIENTED_EDGE ( 'NONE', *, *, #1950, .F. ) ;
#1387 = DIRECTION ( 'NONE',  ( 0.000000000000000000, 1.000000000000000000, 0.000000000000000000 ) ) ;
#1388 = ADVANCED_FACE ( 'NONE', ( #1122 ), #1474, .F. ) ;
#1389 = CARTESIAN_POINT ( 'NONE',  ( -14.50449463982889675, 2.999999999999999556, -16.24949923047252298 ) ) ;
#1390 = CARTESIAN_POINT ( 'NONE',  ( 13.43502884254423968, 2.000000000000001776, -13.43502884254456475 ) ) ;
#1391 = ORIENTED_EDGE ( 'NONE', *, *, #2874, .T. ) ;
#1392 = CARTESIAN_POINT ( 'NONE',  ( -13.43502884254442620, 2.000000000000001776, -13.43502884254438001 ) ) ;
#1393 = AXIS2_PLACEMENT_3D ( 'NONE', #1476, #3118, #912 ) ;
#1394 = ORIENTED_EDGE ( 'NONE', *, *, #1131, .F. ) ;
#1395 = AXIS2_PLACEMENT_3D ( 'NONE', #1758, #2298, #1219 ) ;
#1396 = ADVANCED_FACE ( 'NONE', ( #1911 ), #608, .F. ) ;
#1397 = EDGE_CURVE ( 'NONE', #2908, #2986, #1085, .T. ) ;
#1398 = VERTEX_POINT ( 'NONE', #3340 ) ;
#1399 = DIRECTION ( 'NONE',  ( -0.000000000000000000, 1.000000000000000000, -0.000000000000000000 ) ) ;
#1400 = CARTESIAN_POINT ( 'NONE',  ( -19.00000000000000000, 0.1250000000000001110, 6.633814543801952113E-14 ) ) ;
#1401 = FACE_BOUND ( 'NONE', #2733, .T. ) ;
#1402 = EDGE_LOOP ( 'NONE', ( #3239, #232, #850, #2837, #3341, #652 ) ) ;
#1403 = DIRECTION ( 'NONE',  ( 0.000000000000000000, 1.000000000000000000, 0.000000000000000000 ) ) ;
#1404 = DIRECTION ( 'NONE',  ( 0.000000000000000000, 0.000000000000000000, 1.000000000000000000 ) ) ;
#1405 = DIRECTION ( 'NONE',  ( 0.000000000000000000, 0.7071067811865487940, 0.7071067811865463515 ) ) ;
#1406 = CIRCLE ( 'NONE', #965, 2.499999999999998668 ) ;
#1407 = CIRCLE ( 'NONE', #2666, 2.999999999999999112 ) ;
#1408 = VERTEX_POINT ( 'NONE', #1226 ) ;
#1409 = EDGE_LOOP ( 'NONE', ( #913, #1709, #826, #1528, #3140, #2392 ) ) ;
#1410 = AXIS2_PLACEMENT_3D ( 'NONE', #305, #607, #3192 ) ;
#1411 = DIRECTION ( 'NONE',  ( 0.000000000000000000, -0.000000000000000000, -1.000000000000000000 ) ) ;
#1412 = AXIS2_PLACEMENT_3D ( 'NONE', #1154, #2189, #2961 ) ;
#1413 = VECTOR ( 'NONE', #2804, 1000.000000000000000 ) ;
#1414 = DIRECTION ( 'NONE',  ( 0.000000000000000000, 1.000000000000000000, 0.000000000000000000 ) ) ;
#1415 = ORIENTED_EDGE ( 'NONE', *, *, #245, .T. ) ;
#1416 = DIRECTION ( 'NONE',  ( 0.000000000000000000, 0.000000000000000000, 1.000000000000000000 ) ) ;
#1417 = DIRECTION ( 'NONE',  ( 0.000000000000000000, 1.000000000000000000, 0.000000000000000000 ) ) ;
#1418 = EDGE_CURVE ( 'NONE', #3068, #476, #2329, .T. ) ;
#1419 = ORIENTED_EDGE ( 'NONE', *, *, #1794, .F. ) ;
#1420 = ORIENTED_EDGE ( 'NONE', *, *, #2874, .F. ) ;
#1421 = FACE_OUTER_BOUND ( 'NONE', #758, .T. ) ;
#1422 = ORIENTED_EDGE ( 'NONE', *, *, #1483, .F. ) ;
#1423 = DIRECTION ( 'NONE',  ( 0.000000000000000000, 0.000000000000000000, 1.000000000000000000 ) ) ;
#1424 = CARTESIAN_POINT ( 'NONE',  ( 0.000000000000000000, 0.1249999999999998890, 20.37500000000000000 ) ) ;
#1425 = FACE_OUTER_BOUND ( 'NONE', #1589, .T. ) ;
#1426 = ORIENTED_EDGE ( 'NONE', *, *, #2104, .F. ) ;
#1427 = CARTESIAN_POINT ( 'NONE',  ( 0.000000000000000000, 2.414213562373090927, 0.000000000000000000 ) ) ;
#1428 = FACE_OUTER_BOUND ( 'NONE', #3325, .T. ) ;
#1429 = DIRECTION ( 'NONE',  ( 0.000000000000000000, 1.000000000000000000, 0.000000000000000000 ) ) ;
#1430 = EDGE_CURVE ( 'NONE', #3116, #469, #1537, .T. ) ;
#1431 = FACE_OUTER_BOUND ( 'NONE', #1759, .T. ) ;
#1432 = CIRCLE ( 'NONE', #2633, 17.62500000000000355 ) ;
#1433 = ORIENTED_EDGE ( 'NONE', *, *, #980, .F. ) ;
#1434 = ADVANCED_FACE ( 'NONE', ( #2778 ), #424, .F. ) ;
#1435 = VERTEX_POINT ( 'NONE', #3057 ) ;
#1436 = LINE ( 'NONE', #131, #2828 ) ;
#1437 = CIRCLE ( 'NONE', #1151, 20.50000000000000000 ) ;
#1438 = FACE_OUTER_BOUND ( 'NONE', #164, .T. ) ;
#1439 = EDGE_LOOP ( 'NONE', ( #1493, #3083, #450, #715 ) ) ;
#1440 = DIRECTION ( 'NONE',  ( 0.000000000000000000, 0.000000000000000000, 1.000000000000000000 ) ) ;
#1441 = ORIENTED_EDGE ( 'NONE', *, *, #1980, .F. ) ;
#1442 = EDGE_CURVE ( 'NONE', #1020, #2457, #2009, .T. ) ;
#1443 = CARTESIAN_POINT ( 'NONE',  ( -16.24955787105865923, 3.000000000000000000, -14.50428944185869007 ) ) ;
#1444 = ORIENTED_EDGE ( 'NONE', *, *, #2019, .F. ) ;
#1445 = LINE ( 'NONE', #2678, #1383 ) ;
#1446 = CARTESIAN_POINT ( 'NONE',  ( -13.43502884254433027, 1.500000000000016875, 13.43502884254447416 ) ) ;
#1447 = DIRECTION ( 'NONE',  ( 0.000000000000000000, -1.000000000000000000, 0.000000000000000000 ) ) ;
#1448 = ORIENTED_EDGE ( 'NONE', *, *, #1204, .F. ) ;
#1449 = CIRCLE ( 'NONE', #1984, 21.67157287525381548 ) ;
#1450 = DIRECTION ( 'NONE',  ( 0.000000000000000000, 0.000000000000000000, 1.000000000000000000 ) ) ;
#1451 = CIRCLE ( 'NONE', #3362, 2.500000000000000444 ) ;
#1452 = CARTESIAN_POINT ( 'NONE',  ( -13.43502884254442620, 2.000000000000000000, -13.43502884254438001 ) ) ;
#1453 = ORIENTED_EDGE ( 'NONE', *, *, #2499, .T. ) ;
#1454 = CARTESIAN_POINT ( 'NONE',  ( 13.43502884254423968, 2.500000000000009770, -10.93502884254456475 ) ) ;
#1455 = ORIENTED_EDGE ( 'NONE', *, *, #2143, .F. ) ;
#1456 = AXIS2_PLACEMENT_3D ( 'NONE', #1888, #2664, #2684 ) ;
#1457 = DIRECTION ( 'NONE',  ( 0.000000000000000000, 0.000000000000000000, 1.000000000000000000 ) ) ;
#1458 = DIRECTION ( 'NONE',  ( 0.000000000000000000, 1.000000000000000000, 0.000000000000000000 ) ) ;
#1459 = ORIENTED_EDGE ( 'NONE', *, *, #2171, .T. ) ;
#1460 = EDGE_CURVE ( 'NONE', #1261, #3001, #3018, .T. ) ;
#1461 = CARTESIAN_POINT ( 'NONE',  ( -19.00000000000000000, 0.000000000000000000, 6.633814543801952113E-14 ) ) ;
#1462 = CARTESIAN_POINT ( 'NONE',  ( 0.000000000000000000, 0.1250000000000001110, 20.25000000000000000 ) ) ;
#1463 = AXIS2_PLACEMENT_3D ( 'NONE', #2777, #229, #2543 ) ;
#1464 = LINE ( 'NONE', #680, #1856 ) ;
#1465 = ORIENTED_EDGE ( 'NONE', *, *, #2035, .F. ) ;
#1466 = DIRECTION ( 'NONE',  ( 0.000000000000000000, 0.000000000000000000, 1.000000000000000000 ) ) ;
#1467 = CIRCLE ( 'NONE', #235, 1.625000000000001332 ) ;
#1468 = AXIS2_PLACEMENT_3D ( 'NONE', #712, #3110, #744 ) ;
#1469 = EDGE_CURVE ( 'NONE', #3070, #333, #2788, .T. ) ;
#1470 = ADVANCED_FACE ( 'NONE', ( #707 ), #2677, .F. ) ;
#1471 = CARTESIAN_POINT ( 'NONE',  ( 19.00000000000000000, 2.000000000000000000, -1.990144363140586139E-13 ) ) ;
#1472 = CIRCLE ( 'NONE', #634, 0.5000000000000004441 ) ;
#1473 = ORIENTED_EDGE ( 'NONE', *, *, #1564, .F. ) ;
#1474 = CONICAL_SURFACE ( 'NONE', #3383, 2.499999999999998668, 0.7853981633974466137 ) ;
#1475 = CYLINDRICAL_SURFACE ( 'NONE', #2592, 1.125000000000000888 ) ;
#1476 = CARTESIAN_POINT ( 'NONE',  ( 0.000000000000000000, 1.499999999999989120, 19.00000000000000000 ) ) ;
#1477 = ORIENTED_EDGE ( 'NONE', *, *, #2192, .F. ) ;
#1478 = DIRECTION ( 'NONE',  ( 0.000000000000000000, 0.000000000000000000, 1.000000000000000000 ) ) ;
#1479 = CARTESIAN_POINT ( 'NONE',  ( 13.43502884254423968, 1.500000000000016875, -13.43502884254456475 ) ) ;
#1480 = EDGE_CURVE ( 'NONE', #1266, #820, #481, .T. ) ;
#1481 = DIRECTION ( 'NONE',  ( 0.000000000000000000, 0.000000000000000000, 1.000000000000000000 ) ) ;
#1482 = CARTESIAN_POINT ( 'NONE',  ( 2.895361088918416062E-15, 1.600000000000000089, 23.59822330470335672 ) ) ;
#1483 = EDGE_CURVE ( 'NONE', #3369, #596, #2614, .T. ) ;
#1484 = FACE_OUTER_BOUND ( 'NONE', #2259, .T. ) ;
#1485 = CIRCLE ( 'NONE', #1369, 1.624999999999984013 ) ;
#1486 = CARTESIAN_POINT ( 'NONE',  ( 0.000000000000000000, 1.724999999999999867, 0.000000000000000000 ) ) ;
#1487 = DIRECTION ( 'NONE',  ( 0.000000000000000000, 0.000000000000000000, 1.000000000000000000 ) ) ;
#1488 = CIRCLE ( 'NONE', #1910, 0.1250000000000001110 ) ;
#1489 = DIRECTION ( 'NONE',  ( 0.000000000000000000, 0.000000000000000000, 1.000000000000000000 ) ) ;
#1490 = CARTESIAN_POINT ( 'NONE',  ( 16.31955391397100286, 3.000000000000000000, 14.25935590889120697 ) ) ;
#1491 = ORIENTED_EDGE ( 'NONE', *, *, #1631, .F. ) ;
#1492 = CIRCLE ( 'NONE', #3236, 0.1250000000000001110 ) ;
#1493 = ORIENTED_EDGE ( 'NONE', *, *, #2016, .F. ) ;
#1494 = CIRCLE ( 'NONE', #1920, 1.250000000000001110 ) ;
#1495 = CARTESIAN_POINT ( 'NONE',  ( 1.530808498934191571E-16, 5.421010862427522170E-17, -20.25000000000000000 ) ) ;
#1496 = DIRECTION ( 'NONE',  ( -0.000000000000000000, 1.000000000000000000, -0.000000000000000000 ) ) ;
#1497 = ORIENTED_EDGE ( 'NONE', *, *, #448, .T. ) ;
#1498 = FACE_OUTER_BOUND ( 'NONE', #2722, .T. ) ;
#1499 = CARTESIAN_POINT ( 'NONE',  ( 0.000000000000000000, 2.000000000000001776, -17.37499999999999645 ) ) ;
#1500 = DIRECTION ( 'NONE',  ( -0.000000000000000000, -1.000000000000000000, -0.000000000000000000 ) ) ;
#1501 = ADVANCED_FACE ( 'NONE', ( #2238 ), #1749, .F. ) ;
#1502 = AXIS2_PLACEMENT_3D ( 'NONE', #2448, #1661, #3217 ) ;
#1503 = ORIENTED_EDGE ( 'NONE', *, *, #2406, .F. ) ;
#1504 = CARTESIAN_POINT ( 'NONE',  ( 19.00000000000000000, 0.1250000000000001110, -1.990144363140586139E-13 ) ) ;
#1505 = CARTESIAN_POINT ( 'NONE',  ( -19.00000000000000000, 0.1250000000000001110, 1.250000000000066613 ) ) ;
#1506 = EDGE_CURVE ( 'NONE', #3244, #436, #2121, .T. ) ;
#1507 = ADVANCED_FACE ( 'NONE', ( #3087 ), #975, .F. ) ;
#1508 = ORIENTED_EDGE ( 'NONE', *, *, #972, .F. ) ;
#1509 = ORIENTED_EDGE ( 'NONE', *, *, #1262, .F. ) ;
#1510 = DIRECTION ( 'NONE',  ( 0.000000000000000000, -1.000000000000000000, 0.000000000000000000 ) ) ;
#1511 = EDGE_LOOP ( 'NONE', ( #2202, #90, #1553, #2668 ) ) ;
#1512 = CIRCLE ( 'NONE', #2150, 2.499999999999998668 ) ;
#1513 = EDGE_CURVE ( 'NONE', #2881, #2144, #437, .T. ) ;
#1514 = AXIS2_PLACEMENT_3D ( 'NONE', #1504, #1335, #2877 ) ;
#1515 = EDGE_LOOP ( 'NONE', ( #2551, #1933 ) ) ;
#1516 = DIRECTION ( 'NONE',  ( -0.000000000000000000, 1.000000000000000000, -0.000000000000000000 ) ) ;
#1517 = ORIENTED_EDGE ( 'NONE', *, *, #630, .F. ) ;
#1518 = CIRCLE ( 'NONE', #1841, 3.000000000000009770 ) ;
#1519 = CARTESIAN_POINT ( 'NONE',  ( 19.00000000000000000, 0.1250000000000001110, 1.249999999999801270 ) ) ;
#1520 = ORIENTED_EDGE ( 'NONE', *, *, #2997, .F. ) ;
#1521 = ORIENTED_EDGE ( 'NONE', *, *, #783, .F. ) ;
#1522 = AXIS2_PLACEMENT_3D ( 'NONE', #2240, #662, #920 ) ;
#1523 = EDGE_LOOP ( 'NONE', ( #1715, #812, #600, #2876 ) ) ;
#1524 = CARTESIAN_POINT ( 'NONE',  ( -13.43502884254433027, 2.500000000000015987, 10.93502884254447238 ) ) ;
#1525 = EDGE_CURVE ( 'NONE', #2728, #2096, #1303, .T. ) ;
#1526 = AXIS2_PLACEMENT_3D ( 'NONE', #903, #942, #887 ) ;
#1527 = ORIENTED_EDGE ( 'NONE', *, *, #2499, .F. ) ;
#1528 = ORIENTED_EDGE ( 'NONE', *, *, #1376, .T. ) ;
#1529 = VERTEX_POINT ( 'NONE', #2223 ) ;
#1530 = EDGE_CURVE ( 'NONE', #957, #2660, #3301, .T. ) ;
#1531 = EDGE_CURVE ( 'NONE', #2672, #2381, #3065, .T. ) ;
#1532 = VECTOR ( 'NONE', #1638, 1000.000000000000000 ) ;
#1533 = ORIENTED_EDGE ( 'NONE', *, *, #2823, .F. ) ;
#1534 = DIRECTION ( 'NONE',  ( 0.000000000000000000, 0.000000000000000000, 1.000000000000000000 ) ) ;
#1535 = EDGE_LOOP ( 'NONE', ( #451, #2606, #225, #1584 ) ) ;
#1536 = DIRECTION ( 'NONE',  ( 0.000000000000000000, 0.000000000000000000, 1.000000000000000000 ) ) ;
#1537 = CIRCLE ( 'NONE', #1362, 2.500000000000000000 ) ;
#1538 = CARTESIAN_POINT ( 'NONE',  ( 0.000000000000000000, 0.000000000000000000, -19.00000000000000000 ) ) ;
#1539 = VERTEX_POINT ( 'NONE', #2344 ) ;
#1540 = AXIS2_PLACEMENT_3D ( 'NONE', #1843, #1321, #2625 ) ;
#1541 = DIRECTION ( 'NONE',  ( 0.000000000000000000, 0.000000000000000000, 1.000000000000000000 ) ) ;
#1542 = ORIENTED_EDGE ( 'NONE', *, *, #66, .F. ) ;
#1543 = CIRCLE ( 'NONE', #2393, 0.1250000000000001110 ) ;
#1544 = EDGE_CURVE ( 'NONE', #2352, #1088, #2907, .T. ) ;
#1545 = ORIENTED_EDGE ( 'NONE', *, *, #47, .F. ) ;
#1546 = CARTESIAN_POINT ( 'NONE',  ( 0.000000000000000000, 2.499999999999988898, -19.00000000000000000 ) ) ;
#1547 = ORIENTED_EDGE ( 'NONE', *, *, #2038, .F. ) ;
#1548 = CARTESIAN_POINT ( 'NONE',  ( -13.43502884254433027, 2.500000000000015987, 13.43502884254447416 ) ) ;
#1549 = DIRECTION ( 'NONE',  ( 0.000000000000000000, 0.000000000000000000, -1.000000000000000000 ) ) ;
#1550 = FACE_OUTER_BOUND ( 'NONE', #1535, .T. ) ;
#1551 = VECTOR ( 'NONE', #117, 1000.000000000000000 ) ;
#1552 = EDGE_CURVE ( 'NONE', #2554, #1799, #810, .T. ) ;
#1553 = ORIENTED_EDGE ( 'NONE', *, *, #575, .F. ) ;
#1554 = DIRECTION ( 'NONE',  ( 0.000000000000000000, 0.000000000000000000, 1.000000000000000000 ) ) ;
#1555 = ORIENTED_EDGE ( 'NONE', *, *, #3299, .F. ) ;
#1556 = DIRECTION ( 'NONE',  ( 0.000000000000000000, 1.000000000000000000, 0.000000000000000000 ) ) ;
#1557 = EDGE_LOOP ( 'NONE', ( #2933, #1702, #706, #889 ) ) ;
#1558 = FACE_OUTER_BOUND ( 'NONE', #1, .T. ) ;
#1559 = ORIENTED_EDGE ( 'NONE', *, *, #954, .F. ) ;
#1560 = CARTESIAN_POINT ( 'NONE',  ( 0.000000000000000000, -14.00000000000000533, -17.87500000000000000 ) ) ;
#1561 = CARTESIAN_POINT ( 'NONE',  ( -14.25935590889130999, 3.000000000000000000, 16.31955391397091049 ) ) ;
#1562 = DIRECTION ( 'NONE',  ( 0.000000000000000000, 0.000000000000000000, 1.000000000000000000 ) ) ;
#1563 = CARTESIAN_POINT ( 'NONE',  ( 0.000000000000000000, 0.1249999999999998890, 0.000000000000000000 ) ) ;
#1564 = EDGE_CURVE ( 'NONE', #1844, #2317, #2617, .T. ) ;
#1565 = AXIS2_PLACEMENT_3D ( 'NONE', #1857, #603, #415 ) ;
#1566 = CARTESIAN_POINT ( 'NONE',  ( 13.43502884254423968, 5.421010862427522170E-17, -12.18502884254456653 ) ) ;
#1567 = AXIS2_PLACEMENT_3D ( 'NONE', #3184, #569, #15 ) ;
#1568 = EDGE_LOOP ( 'NONE', ( #1533, #93, #2305, #1263 ) ) ;
#1569 = CARTESIAN_POINT ( 'NONE',  ( 16.31955391397068311, 3.000000000000000000, -14.25935590889157289 ) ) ;
#1570 = ADVANCED_FACE ( 'NONE', ( #1558 ), #1186, .F. ) ;
#1571 = DIRECTION ( 'NONE',  ( 0.000000000000000000, 0.000000000000000000, -1.000000000000000000 ) ) ;
#1572 = ORIENTED_EDGE ( 'NONE', *, *, #3041, .T. ) ;
#1573 = ADVANCED_FACE ( 'NONE', ( #2325 ), #1597, .F. ) ;
#1574 = CYLINDRICAL_SURFACE ( 'NONE', #790, 1.124999999999999334 ) ;
#1575 = EDGE_CURVE ( 'NONE', #981, #356, #2745, .T. ) ;
#1576 = PRODUCT_DEFINITION_CONTEXT ( 'detailed design', #310, 'design' ) ;
#1577 = AXIS2_PLACEMENT_3D ( 'NONE', #458, #2278, #86 ) ;
#1578 = ORIENTED_EDGE ( 'NONE', *, *, #3334, .T. ) ;
#1579 = AXIS2_PLACEMENT_3D ( 'NONE', #745, #2106, #3397 ) ;
#1580 = VECTOR ( 'NONE', #455, 1000.000000000000114 ) ;
#1581 = CARTESIAN_POINT ( 'NONE',  ( -1.234229960144298976, 3.000000000000000444, -21.74617687125532584 ) ) ;
#1582 = DIRECTION ( 'NONE',  ( 8.659560562354945184E-17, 0.7071067811865465735, -0.7071067811865484609 ) ) ;
#1583 = VECTOR ( 'NONE', #2643, 1000.000000000000000 ) ;
#1584 = ORIENTED_EDGE ( 'NONE', *, *, #1094, .F. ) ;
#1585 = PLANE ( 'NONE',  #2376 ) ;
#1586 = DIRECTION ( 'NONE',  ( -0.000000000000000000, 1.000000000000000000, -0.000000000000000000 ) ) ;
#1587 = AXIS2_PLACEMENT_3D ( 'NONE', #1666, #345, #2274 ) ;
#1588 = FACE_OUTER_BOUND ( 'NONE', #2522, .T. ) ;
#1589 = EDGE_LOOP ( 'NONE', ( #1248, #2089, #3024, #2588 ) ) ;
#1590 = EDGE_LOOP ( 'NONE', ( #193, #1149, #2824, #208 ) ) ;
#1591 = CARTESIAN_POINT ( 'NONE',  ( 19.00000000000000000, 2.000000000000000000, -2.500000000000198952 ) ) ;
#1592 = ADVANCED_FACE ( 'NONE', ( #738 ), #872, .T. ) ;
#1593 = DIRECTION ( 'NONE',  ( 0.000000000000000000, 0.000000000000000000, 1.000000000000000000 ) ) ;
#1594 = EDGE_LOOP ( 'NONE', ( #2103, #2545 ) ) ;
#1595 = DIRECTION ( 'NONE',  ( -0.000000000000000000, 1.000000000000000000, -0.000000000000000000 ) ) ;
#1596 = VERTEX_POINT ( 'NONE', #2867 ) ;
#1597 = CYLINDRICAL_SURFACE ( 'NONE', #501, 1.125000000000000888 ) ;
#1598 = ORIENTED_EDGE ( 'NONE', *, *, #878, .T. ) ;
#1599 = CARTESIAN_POINT ( 'NONE',  ( 21.97667278882424924, 2.976593186581893313, -0.2509863167371570447 ) ) ;
#1600 = B_SPLINE_CURVE_WITH_KNOTS ( 'NONE', 3,
 ( #2869, #233, #1313, #1296, #2345, #1599, #2637, #270, #2653, #1327 ),
 .UNSPECIFIED., .F., .F.,
 ( 4, 2, 2, 2, 4 ),
 ( 6.505213034913026604E-19, 0.0007539899247466258937, 0.001507979849493251570, 0.002261969774239877030, 0.003015959698986501840 ),
 .UNSPECIFIED. ) ;
#1601 = DIRECTION ( 'NONE',  ( 0.000000000000000000, 0.000000000000000000, 1.000000000000000000 ) ) ;
#1602 = ORIENTED_EDGE ( 'NONE', *, *, #3363, .T. ) ;
#1603 = DIRECTION ( 'NONE',  ( -0.000000000000000000, 1.000000000000000000, -0.000000000000000000 ) ) ;
#1604 = LINE ( 'NONE', #2857, #581 ) ;
#1605 = DIRECTION ( 'NONE',  ( 0.000000000000000000, 1.000000000000000000, 0.000000000000000000 ) ) ;
#1606 = AXIS2_PLACEMENT_3D ( 'NONE', #511, #1831, #527 ) ;
#1607 = ORIENTED_EDGE ( 'NONE', *, *, #2409, .F. ) ;
#1608 = DIRECTION ( 'NONE',  ( 0.000000000000000000, 1.000000000000000000, 0.000000000000000000 ) ) ;
#1609 = B_SPLINE_CURVE_WITH_KNOTS ( 'NONE', 3,
 ( #3391, #1069, #2047, #2851, #1581, #2909 ),
 .UNSPECIFIED., .F., .F.,
 ( 4, 2, 4 ),
 ( 0.001508919887863520177, 0.002262439793425011225, 0.003015959698986502707 ),
 .UNSPECIFIED. ) ;
#1610 = EDGE_LOOP ( 'NONE', ( #18, #3359, #3108, #3144 ) ) ;
#1611 = EDGE_CURVE ( 'NONE', #469, #3116, #2460, .T. ) ;
#1612 = ORIENTED_EDGE ( 'NONE', *, *, #3345, .T. ) ;
#1613 = FACE_BOUND ( 'NONE', #708, .T. ) ;
#1614 = EDGE_LOOP ( 'NONE', ( #1771, #3278, #2852, #2886 ) ) ;
#1615 = ADVANCED_FACE ( 'NONE', ( #1004, #813 ), #2922, .T. ) ;
#1616 = LINE ( 'NONE', #1560, #3141 ) ;
#1617 = ADVANCED_FACE ( 'NONE', ( #2635 ), #3185, .F. ) ;
#1618 = DIRECTION ( 'NONE',  ( 0.000000000000000000, 1.000000000000000000, -0.000000000000000000 ) ) ;
#1619 = EDGE_CURVE ( 'NONE', #884, #1106, #1609, .T. ) ;
#1620 = CARTESIAN_POINT ( 'NONE',  ( -13.43502884254442620, 2.500000000000002220, -13.43502884254438001 ) ) ;
#1621 = CONICAL_SURFACE ( 'NONE', #456, 1.624999999999987566, 0.7853981633974509435 ) ;
#1622 = ORIENTED_EDGE ( 'NONE', *, *, #1747, .T. ) ;
#1623 = DIRECTION ( 'NONE',  ( 0.000000000000000000, 1.000000000000000000, 0.000000000000000000 ) ) ;
#1624 = AXIS2_PLACEMENT_3D ( 'NONE', #1922, #97, #1681 ) ;
#1625 = DIRECTION ( 'NONE',  ( 0.000000000000000000, 0.000000000000000000, 1.000000000000000000 ) ) ;
#1626 = CIRCLE ( 'NONE', #120, 1.124999999999999334 ) ;
#1627 = EDGE_CURVE ( 'NONE', #2336, #909, #1040, .T. ) ;
#1628 = ORIENTED_EDGE ( 'NONE', *, *, #3390, .F. ) ;
#1629 = ORIENTED_EDGE ( 'NONE', *, *, #2739, .T. ) ;
#1630 = CARTESIAN_POINT ( 'NONE',  ( 0.000000000000000000, 1.000000000000000000, 0.000000000000000000 ) ) ;
#1631 = EDGE_CURVE ( 'NONE', #2868, #2322, #552, .T. ) ;
#1632 = AXIS2_PLACEMENT_3D ( 'NONE', #2123, #2142, #412 ) ;
#1633 = VERTEX_POINT ( 'NONE', #1311 ) ;
#1634 = CARTESIAN_POINT ( 'NONE',  ( 0.000000000000000000, 3.000000000000000000, 0.000000000000000000 ) ) ;
#1635 = AXIS2_PLACEMENT_3D ( 'NONE', #771, #1249, #3271 ) ;
#1636 = CIRCLE ( 'NONE', #134, 1.125000000000000888 ) ;
#1637 = DIRECTION ( 'NONE',  ( 0.000000000000000000, 0.000000000000000000, -1.000000000000000000 ) ) ;
#1638 = DIRECTION ( 'NONE',  ( 8.659560562354956277E-17, 0.7071067811865456854, -0.7071067811865493491 ) ) ;
#1639 = CARTESIAN_POINT ( 'NONE',  ( 0.000000000000000000, 1.500000000000000000, -17.50000000000000355 ) ) ;
#1640 = AXIS2_PLACEMENT_3D ( 'NONE', #372, #1429, #1722 ) ;
#1641 = AXIS2_PLACEMENT_3D ( 'NONE', #275, #2621, #3178 ) ;
#1642 = VERTEX_POINT ( 'NONE', #2 ) ;
#1643 = DIRECTION ( 'NONE',  ( 1.000000000000000000, 0.000000000000000000, -1.224646799147353207E-16 ) ) ;
#1644 = AXIS2_PLACEMENT_3D ( 'NONE', #2033, #1458, #148 ) ;
#1645 = CARTESIAN_POINT ( 'NONE',  ( -21.62255449703780386, 3.000000000000000000, 1.456779979978799489 ) ) ;
#1646 = ORIENTED_EDGE ( 'NONE', *, *, #1992, .T. ) ;
#1647 = FACE_OUTER_BOUND ( 'NONE', #20, .T. ) ;
#1648 = ORIENTED_EDGE ( 'NONE', *, *, #682, .F. ) ;
#1649 = EDGE_CURVE ( 'NONE', #3, #1738, #1269, .T. ) ;
#1650 = TOROIDAL_SURFACE ( 'NONE', #311, 1.250000000000000222, 0.1250000000000000000 ) ;
#1651 = CARTESIAN_POINT ( 'NONE',  ( -13.43502884254433027, 2.500000000000015987, 15.93502884254447238 ) ) ;
#1652 = FACE_BOUND ( 'NONE', #2645, .T. ) ;
#1653 = VERTEX_POINT ( 'NONE', #3159 ) ;
#1654 = ORIENTED_EDGE ( 'NONE', *, *, #557, .F. ) ;
#1655 = DIRECTION ( 'NONE',  ( 0.000000000000000000, 0.000000000000000000, 1.000000000000000000 ) ) ;
#1656 = AXIS2_PLACEMENT_3D ( 'NONE', #2566, #3358, #3332 ) ;
#1657 = AXIS2_PLACEMENT_3D ( 'NONE', #2350, #1355, #1817 ) ;
#1658 = DIRECTION ( 'NONE',  ( -0.000000000000000000, 1.000000000000000000, 0.000000000000000000 ) ) ;
#1659 = ORIENTED_EDGE ( 'NONE', *, *, #1794, .T. ) ;
#1660 = DIRECTION ( 'NONE',  ( -0.000000000000000000, 1.000000000000000000, -0.000000000000000000 ) ) ;
#1661 = DIRECTION ( 'NONE',  ( 0.000000000000000000, 1.000000000000000000, 0.000000000000000000 ) ) ;
#1662 = ORIENTED_EDGE ( 'NONE', *, *, #1072, .F. ) ;
#1663 = CARTESIAN_POINT ( 'NONE',  ( 0.000000000000000000, 2.000000000000000000, -19.00000000000000000 ) ) ;
#1664 = EDGE_LOOP ( 'NONE', ( #2983, #2412 ) ) ;
#1665 = CARTESIAN_POINT ( 'NONE',  ( -13.43502884254442620, 1.500000000000016875, -13.43502884254438001 ) ) ;
#1666 = CARTESIAN_POINT ( 'NONE',  ( 13.43502884254452034, -14.00000000000000533, 13.43502884254428587 ) ) ;
#1667 = DIRECTION ( 'NONE',  ( 0.000000000000000000, -1.000000000000000000, 0.000000000000000000 ) ) ;
#1668 = CYLINDRICAL_SURFACE ( 'NONE', #1691, 2.499999999999998668 ) ;
#1669 = EDGE_LOOP ( 'NONE', ( #591, #1876, #198, #2439 ) ) ;
#1670 = CARTESIAN_POINT ( 'NONE',  ( 1.377727649040772389E-16, -14.00000000000000533, 17.87500000000000000 ) ) ;
#1671 = EDGE_CURVE ( 'NONE', #2144, #539, #320, .T. ) ;
#1672 = ADVANCED_FACE ( 'NONE', ( #1023 ), #2976, .T. ) ;
#1673 = AXIS2_PLACEMENT_3D ( 'NONE', #258, #1871, #2934 ) ;
#1674 = DIRECTION ( 'NONE',  ( 0.000000000000000000, 0.000000000000000000, 1.000000000000000000 ) ) ;
#1675 = EDGE_CURVE ( 'NONE', #2457, #251, #876, .T. ) ;
#1676 = DIRECTION ( 'NONE',  ( 1.000000000000000000, 0.000000000000000000, 0.000000000000000000 ) ) ;
#1677 = AXIS2_PLACEMENT_3D ( 'NONE', #2523, #2557, #2848 ) ;
#1678 = EDGE_CURVE ( 'NONE', #3349, #99, #1492, .T. ) ;
#1679 = ADVANCED_FACE ( 'NONE', ( #302 ), #1682, .F. ) ;
#1680 = ORIENTED_EDGE ( 'NONE', *, *, #288, .F. ) ;
#1681 = DIRECTION ( 'NONE',  ( 0.000000000000000000, 0.000000000000000000, 1.000000000000000000 ) ) ;
#1682 = CYLINDRICAL_SURFACE ( 'NONE', #1872, 2.500000000000000444 ) ;
#1683 = ORIENTED_EDGE ( 'NONE', *, *, #2802, .T. ) ;
#1684 = CARTESIAN_POINT ( 'NONE',  ( 0.000000000000000000, 3.000000000000000000, 0.000000000000000000 ) ) ;
#1685 = CARTESIAN_POINT ( 'NONE',  ( 13.43502884254452034, 2.000000000000000000, 10.93502884254428587 ) ) ;
#1686 = CARTESIAN_POINT ( 'NONE',  ( 13.43502884254423968, 2.500000000000009770, -15.93502884254456653 ) ) ;
#1687 = CARTESIAN_POINT ( 'NONE',  ( 13.43502884254423968, 2.500000000000009770, -10.93502884254456475 ) ) ;
#1688 = TOROIDAL_SURFACE ( 'NONE', #3378, 20.37500000000000000, 0.1250000000000000000 ) ;
#1689 = EDGE_LOOP ( 'NONE', ( #2243, #474, #3249, #2368 ) ) ;
#1690 = ORIENTED_EDGE ( 'NONE', *, *, #3261, .T. ) ;
#1691 = AXIS2_PLACEMENT_3D ( 'NONE', #2476, #149, #936 ) ;
#1692 = CARTESIAN_POINT ( 'NONE',  ( 13.43502884254452034, 2.499999999999988898, 10.93502884254428587 ) ) ;
#1693 = AXIS2_PLACEMENT_3D ( 'NONE', #2676, #592, #846 ) ;
#1694 = EDGE_CURVE ( 'NONE', #2374, #816, #2926, .T. ) ;
#1695 = AXIS2_PLACEMENT_3D ( 'NONE', #453, #3326, #3043 ) ;
#1696 = SURFACE_STYLE_FILL_AREA ( #3292 ) ;
#1697 = VERTEX_POINT ( 'NONE', #285 ) ;
#1698 = CARTESIAN_POINT ( 'NONE',  ( -13.43502884254433027, 2.000000000000000000, 15.93502884254447238 ) ) ;
#1699 = EDGE_CURVE ( 'NONE', #1326, #1398, #105, .T. ) ;
#1700 = CARTESIAN_POINT ( 'NONE',  ( 13.43502884254423968, 2.000000000000000000, -13.43502884254456475 ) ) ;
#1701 = CARTESIAN_POINT ( 'NONE',  ( 13.43502884254452034, 2.000000000000001776, 13.43502884254428587 ) ) ;
#1702 = ORIENTED_EDGE ( 'NONE', *, *, #2835, .T. ) ;
#1703 = CARTESIAN_POINT ( 'NONE',  ( 0.000000000000000000, 3.000000000000000000, 0.000000000000000000 ) ) ;
#1704 = LINE ( 'NONE', #1687, #1101 ) ;
#1705 = CARTESIAN_POINT ( 'NONE',  ( 19.00000000000000000, 2.000000000000000000, 2.499999999999801048 ) ) ;
#1706 = ADVANCED_FACE ( 'NONE', ( #1647 ), #1923, .T. ) ;
#1707 = DIRECTION ( 'NONE',  ( -0.000000000000000000, 1.000000000000000000, -0.000000000000000000 ) ) ;
#1708 = AXIS2_PLACEMENT_3D ( 'NONE', #1318, #2931, #276 ) ;
#1709 = ORIENTED_EDGE ( 'NONE', *, *, #154, .T. ) ;
#1710 = DIRECTION ( 'NONE',  ( 8.659560562354956277E-17, 0.7071067811865456854, -0.7071067811865493491 ) ) ;
#1711 = ADVANCED_FACE ( 'NONE', ( #2688 ), #560, .F. ) ;
#1712 = CONICAL_SURFACE ( 'NONE', #206, 1.625000000000001332, 0.7853981633974369547 ) ;
#1713 = CARTESIAN_POINT ( 'NONE',  ( -13.43502884254433027, 2.000000000000000000, 10.93502884254447238 ) ) ;
#1714 = CARTESIAN_POINT ( 'NONE',  ( 0.000000000000000000, 1.500000000000000000, 0.000000000000000000 ) ) ;
#1715 = ORIENTED_EDGE ( 'NONE', *, *, #3104, .F. ) ;
#1716 = DIRECTION ( 'NONE',  ( -1.000000000000000000, 0.000000000000000000, 1.047444401652940164E-14 ) ) ;
#1717 = ORIENTED_EDGE ( 'NONE', *, *, #2649, .T. ) ;
#1718 = ORIENTED_EDGE ( 'NONE', *, *, #1840, .F. ) ;
#1719 = EDGE_CURVE ( 'NONE', #356, #2048, #1118, .T. ) ;
#1720 = CYLINDRICAL_SURFACE ( 'NONE', #2663, 1.125000000000000888 ) ;
#1721 = PLANE ( 'NONE',  #927 ) ;
#1722 = DIRECTION ( 'NONE',  ( 0.000000000000000000, 0.000000000000000000, 1.000000000000000000 ) ) ;
#1723 = CARTESIAN_POINT ( 'NONE',  ( 0.000000000000000000, 0.000000000000000000, 20.37500000000000000 ) ) ;
#1724 = FACE_OUTER_BOUND ( 'NONE', #1904, .T. ) ;
#1725 = DIRECTION ( 'NONE',  ( 0.000000000000000000, 0.000000000000000000, 1.000000000000000000 ) ) ;
#1726 = CIRCLE ( 'NONE', #726, 0.1250000000000001110 ) ;
#1727 = DIRECTION ( 'NONE',  ( 0.000000000000000000, 0.000000000000000000, 1.000000000000000000 ) ) ;
#1728 = VERTEX_POINT ( 'NONE', #2985 ) ;
#1729 = ADVANCED_FACE ( 'NONE', ( #1421 ), #2582, .F. ) ;
#1730 = DIRECTION ( 'NONE',  ( -0.000000000000000000, 1.000000000000000000, -0.000000000000000000 ) ) ;
#1731 = EDGE_CURVE ( 'NONE', #317, #2337, #2932, .T. ) ;
#1732 = CARTESIAN_POINT ( 'NONE',  ( 3.061616997868383141E-16, 2.499999999999988898, -21.50000000000000000 ) ) ;
#1733 = CIRCLE ( 'NONE', #2952, 1.250000000000001110 ) ;
#1734 = CARTESIAN_POINT ( 'NONE',  ( -13.43502884254433027, -14.00000000000000533, 13.43502884254447416 ) ) ;
#1735 = DIRECTION ( 'NONE',  ( 1.000000000000000000, 0.000000000000000000, -3.491481338843137300E-15 ) ) ;
#1736 = AXIS2_PLACEMENT_3D ( 'NONE', #2708, #676, #2015 ) ;
#1737 = VERTEX_POINT ( 'NONE', #2652 ) ;
#1738 = VERTEX_POINT ( 'NONE', #893 ) ;
#1739 = DIRECTION ( 'NONE',  ( 0.000000000000000000, 0.000000000000000000, 1.000000000000000000 ) ) ;
#1740 = AXIS2_PLACEMENT_3D ( 'NONE', #623, #2496, #2477 ) ;
#1741 = CONICAL_SURFACE ( 'NONE', #3279, 2.499999999999998668, 0.7853981633974496113 ) ;
#1742 = ORIENTED_EDGE ( 'NONE', *, *, #353, .F. ) ;
#1743 = FACE_OUTER_BOUND ( 'NONE', #1784, .T. ) ;
#1744 = DIRECTION ( 'NONE',  ( 0.000000000000000000, 0.000000000000000000, 1.000000000000000000 ) ) ;
#1745 = VERTEX_POINT ( 'NONE', #2377 ) ;
#1746 = CYLINDRICAL_SURFACE ( 'NONE', #2704, 17.50000000000000355 ) ;
#1747 = EDGE_CURVE ( 'NONE', #969, #2326, #943, .T. ) ;
#1748 = ORIENTED_EDGE ( 'NONE', *, *, #2716, .T. ) ;
#1749 = CYLINDRICAL_SURFACE ( 'NONE', #192, 2.499999999999998668 ) ;
#1751 = VERTEX_POINT ( 'NONE', #2391 ) ;
#1750 = ADVANCED_FACE ( 'NONE', ( #32, #2186, #3003, #2701, #1087, #1401, #2430, #1613, #1366, #79 ), #1135, .F. ) ;
#1752 = AXIS2_PLACEMENT_3D ( 'NONE', #2140, #2370, #1571 ) ;
#1753 = CARTESIAN_POINT ( 'NONE',  ( 2.143131898507868643E-15, 1.500000000000000000, 17.50000000000000355 ) ) ;
#1754 = FACE_OUTER_BOUND ( 'NONE', #1995, .T. ) ;
#1755 = FACE_OUTER_BOUND ( 'NONE', #2012, .T. ) ;
#1756 = DIRECTION ( 'NONE',  ( 0.000000000000000000, 0.000000000000000000, 1.000000000000000000 ) ) ;
#1757 = EDGE_LOOP ( 'NONE', ( #1415, #1941, #3071, #364 ) ) ;
#1758 = CARTESIAN_POINT ( 'NONE',  ( 19.00000000000000000, 0.1250000000000001110, -1.250000000000199396 ) ) ;
#1759 = EDGE_LOOP ( 'NONE', ( #1033, #184, #1646, #1648, #739, #1491 ) ) ;
#1760 = CIRCLE ( 'NONE', #2808, 3.000000000000009770 ) ;
#1761 = ORIENTED_EDGE ( 'NONE', *, *, #1575, .T. ) ;
#1762 = CARTESIAN_POINT ( 'NONE',  ( -13.43502884254433027, 2.000000000000001776, 13.43502884254447416 ) ) ;
#1763 = ORIENTED_EDGE ( 'NONE', *, *, #1971, .T. ) ;
#1764 = CARTESIAN_POINT ( 'NONE',  ( -13.43502884254442620, 0.1250000000000001110, -14.56002884254438001 ) ) ;
#1765 = AXIS2_PLACEMENT_3D ( 'NONE', #2924, #3127, #2379 ) ;
#1766 = VERTEX_POINT ( 'NONE', #50 ) ;
#1767 = VECTOR ( 'NONE', #3248, 1000.000000000000000 ) ;
#1768 = DIRECTION ( 'NONE',  ( 8.659560562354918067E-17, 0.7071067811865487940, -0.7071067811865463515 ) ) ;
#1769 = DIRECTION ( 'NONE',  ( 0.000000000000000000, 0.7071067811865555663, 0.7071067811865394681 ) ) ;
#1770 = DIRECTION ( 'NONE',  ( 1.224646799147349509E-16, 0.000000000000000000, -1.000000000000000000 ) ) ;
#1771 = ORIENTED_EDGE ( 'NONE', *, *, #1062, .F. ) ;
#1772 = ORIENTED_EDGE ( 'NONE', *, *, #1195, .T. ) ;
#1773 = CARTESIAN_POINT ( 'NONE',  ( 19.00000000000000000, 3.000000000000000000, 2.999999999999810374 ) ) ;
#1774 = ORIENTED_EDGE ( 'NONE', *, *, #668, .T. ) ;
#1775 = ADVANCED_FACE ( 'NONE', ( #395 ), #2930, .T. ) ;
#1776 = VECTOR ( 'NONE', #2736, 1000.000000000000114 ) ;
#1777 = CIRCLE ( 'NONE', #2247, 17.50000000000000355 ) ;
#1778 = EDGE_LOOP ( 'NONE', ( #1821, #384, #3005, #807, #408 ) ) ;
#1779 = CYLINDRICAL_SURFACE ( 'NONE', #3372, 2.500000000000000000 ) ;
#1780 = DIRECTION ( 'NONE',  ( -0.000000000000000000, 1.000000000000000000, -0.000000000000000000 ) ) ;
#1781 = ORIENTED_EDGE ( 'NONE', *, *, #3151, .T. ) ;
#1782 = CARTESIAN_POINT ( 'NONE',  ( -19.00000000000000000, 2.499999999999988898, -2.499999999999933831 ) ) ;
#1783 = CARTESIAN_POINT ( 'NONE',  ( 13.43502884254423968, -14.00000000000000533, -12.31002884254456653 ) ) ;
#1784 = EDGE_LOOP ( 'NONE', ( #2109, #1086, #1119, #1252 ) ) ;
#1785 = FACE_OUTER_BOUND ( 'NONE', #1669, .T. ) ;
#1786 = AXIS2_PLACEMENT_3D ( 'NONE', #685, #445, #2769 ) ;
#1787 = AXIS2_PLACEMENT_3D ( 'NONE', #709, #1211, #2290 ) ;
#1788 = DIRECTION ( 'NONE',  ( -0.000000000000000000, -1.000000000000000000, -0.000000000000000000 ) ) ;
#1789 = EDGE_LOOP ( 'NONE', ( #1455, #2696, #2793, #1304 ) ) ;
#1790 = VECTOR ( 'NONE', #1300, 1000.000000000000000 ) ;
#1791 = ADVANCED_FACE ( 'NONE', ( #3382 ), #2755, .F. ) ;
#1792 = CIRCLE ( 'NONE', #2321, 0.1250000000000001110 ) ;
#1793 = ORIENTED_EDGE ( 'NONE', *, *, #2918, .F. ) ;
#1794 = EDGE_CURVE ( 'NONE', #1360, #1985, #1155, .T. ) ;
#1795 = DIRECTION ( 'NONE',  ( 0.000000000000000000, 1.000000000000000000, 0.000000000000000000 ) ) ;
#1796 = ORIENTED_EDGE ( 'NONE', *, *, #2481, .T. ) ;
#1797 = CARTESIAN_POINT ( 'NONE',  ( 0.000000000000000000, -14.00000000000000533, 20.12500000000000000 ) ) ;
#1798 = DIRECTION ( 'NONE',  ( 0.000000000000000000, 1.000000000000000000, 0.000000000000000000 ) ) ;
#1799 = VERTEX_POINT ( 'NONE', #3277 ) ;
#1800 = LINE ( 'NONE', #1782, #78 ) ;
#1801 = CARTESIAN_POINT ( 'NONE',  ( 0.000000000000000000, 0.000000000000000000, 0.000000000000000000 ) ) ;
#1802 = EDGE_LOOP ( 'NONE', ( #3354, #332, #2151, #1860 ) ) ;
#1803 = DIRECTION ( 'NONE',  ( -0.000000000000000000, -1.000000000000000000, -0.000000000000000000 ) ) ;
#1804 = FACE_OUTER_BOUND ( 'NONE', #3126, .T. ) ;
#1805 = ORIENTED_EDGE ( 'NONE', *, *, #1719, .T. ) ;
#1806 = LINE ( 'NONE', #1524, #2890 ) ;
#1807 = ORIENTED_EDGE ( 'NONE', *, *, #2472, .T. ) ;
#1808 = DIRECTION ( 'NONE',  ( -0.000000000000000000, 1.000000000000000000, -0.000000000000000000 ) ) ;
#1809 = ORIENTED_EDGE ( 'NONE', *, *, #1964, .F. ) ;
#1810 = FACE_OUTER_BOUND ( 'NONE', #2636, .T. ) ;
#1811 = CARTESIAN_POINT ( 'NONE',  ( 13.43502884254452034, 2.499999999999988898, 10.93502884254428587 ) ) ;
#1812 = EDGE_CURVE ( 'NONE', #2372, #396, #2818, .T. ) ;
#1813 = CIRCLE ( 'NONE', #440, 3.000000000000009770 ) ;
#1814 = EDGE_CURVE ( 'NONE', #251, #2509, #1983, .T. ) ;
#1815 = DIRECTION ( 'NONE',  ( 0.000000000000000000, 1.000000000000000000, -0.000000000000000000 ) ) ;
#1816 = CARTESIAN_POINT ( 'NONE',  ( -13.43502884254442620, 2.000000000000000000, -13.43502884254438001 ) ) ;
#1817 = DIRECTION ( 'NONE',  ( 0.000000000000000000, 0.000000000000000000, 1.000000000000000000 ) ) ;
#1818 = EDGE_CURVE ( 'NONE', #1738, #1326, #507, .T. ) ;
#1819 = EDGE_CURVE ( 'NONE', #2950, #57, #2362, .T. ) ;
#1820 = EDGE_CURVE ( 'NONE', #2336, #2025, #2416, .T. ) ;
#1821 = ORIENTED_EDGE ( 'NONE', *, *, #1139, .F. ) ;
#1822 = CARTESIAN_POINT ( 'NONE',  ( -19.00000000000000000, -14.00000000000000533, 6.633814543801952113E-14 ) ) ;
#1823 = DIRECTION ( 'NONE',  ( 0.000000000000000000, 1.000000000000000000, 0.000000000000000000 ) ) ;
#1824 = ORIENTED_EDGE ( 'NONE', *, *, #2192, .T. ) ;
#1825 = PRODUCT ( 'aro de fijacion axial de caucho NEW', 'aro de fijacion axial de caucho NEW', '', ( #3226 ) ) ;
#1826 = DIRECTION ( 'NONE',  ( -0.000000000000000000, -1.000000000000000000, -0.000000000000000000 ) ) ;
#1827 = ADVANCED_FACE ( 'NONE', ( #1438 ), #118, .F. ) ;
#1828 = ORIENTED_EDGE ( 'NONE', *, *, #2731, .F. ) ;
#1829 = AXIS2_PLACEMENT_3D ( 'NONE', #1991, #135, #693 ) ;
#1830 = DIRECTION ( 'NONE',  ( 0.000000000000000000, 0.000000000000000000, 1.000000000000000000 ) ) ;
#1831 = DIRECTION ( 'NONE',  ( 0.000000000000000000, 1.000000000000000000, 0.000000000000000000 ) ) ;
#1832 = VERTEX_POINT ( 'NONE', #145 ) ;
#1833 = DIRECTION ( 'NONE',  ( 0.000000000000000000, 0.000000000000000000, 1.000000000000000000 ) ) ;
#1834 = ADVANCED_FACE ( 'NONE', ( #224 ), #1954, .F. ) ;
#1835 = CARTESIAN_POINT ( 'NONE',  ( 13.43502884254452034, 1.500000000000016875, 13.43502884254428587 ) ) ;
#1836 = DIRECTION ( 'NONE',  ( 0.000000000000000000, 1.000000000000000000, 0.000000000000000000 ) ) ;
#1837 = AXIS2_PLACEMENT_3D ( 'NONE', #2073, #2348, #5 ) ;
#1838 = CARTESIAN_POINT ( 'NONE',  ( 0.000000000000000000, 0.1250000000000001110, 17.62500000000000355 ) ) ;
#1839 = CARTESIAN_POINT ( 'NONE',  ( -16.14336284833969870, 2.992312812373500552, 14.73221872291486356 ) ) ;
#1840 = EDGE_CURVE ( 'NONE', #3314, #1529, #3315, .T. ) ;
#1841 = AXIS2_PLACEMENT_3D ( 'NONE', #2830, #1000, #1489 ) ;
#1842 = VERTEX_POINT ( 'NONE', #2057 ) ;
#1843 = CARTESIAN_POINT ( 'NONE',  ( 19.00000000000000000, 1.500000000000016875, -1.990144363140586139E-13 ) ) ;
#1844 = VERTEX_POINT ( 'NONE', #1713 ) ;
#1845 = CIRCLE ( 'NONE', #350, 1.250000000000000222 ) ;
#1846 = VECTOR ( 'NONE', #2463, 1000.000000000000114 ) ;
#1847 = CIRCLE ( 'NONE', #2842, 1.125000000000000888 ) ;
#1848 = AXIS2_PLACEMENT_3D ( 'NONE', #1949, #1967, #3016 ) ;
#1849 = ORIENTED_EDGE ( 'NONE', *, *, #3220, .F. ) ;
#1850 = AXIS2_PLACEMENT_3D ( 'NONE', #1563, #3132, #3164 ) ;
#1851 = DIRECTION ( 'NONE',  ( 0.000000000000000000, 1.000000000000000000, -0.000000000000000000 ) ) ;
#1852 = ORIENTED_EDGE ( 'NONE', *, *, #3150, .F. ) ;
#1853 = DIRECTION ( 'NONE',  ( 0.000000000000000000, 1.000000000000000000, -0.000000000000000000 ) ) ;
#1854 = CARTESIAN_POINT ( 'NONE',  ( 0.000000000000000000, 1.499999999999989120, -19.00000000000000000 ) ) ;
#1855 = AXIS2_PLACEMENT_3D ( 'NONE', #779, #1836, #2382 ) ;
#1856 = VECTOR ( 'NONE', #2822, 999.9999999999998863 ) ;
#1857 = CARTESIAN_POINT ( 'NONE',  ( -19.00000000000000000, 2.000000000000000000, 6.633814543801952113E-14 ) ) ;
#1858 = DIRECTION ( 'NONE',  ( 0.000000000000000000, 0.000000000000000000, 1.000000000000000000 ) ) ;
#1859 = DIRECTION ( 'NONE',  ( 8.659560562354834251E-17, 0.7071067811865555663, -0.7071067811865394681 ) ) ;
#1860 = ORIENTED_EDGE ( 'NONE', *, *, #2422, .F. ) ;
#1861 = DIRECTION ( 'NONE',  ( 0.000000000000000000, 0.000000000000000000, 1.000000000000000000 ) ) ;
#1862 =( NAMED_UNIT ( * ) PLANE_ANGLE_UNIT ( ) SI_UNIT ( $, .RADIAN. ) );
#1863 = EDGE_CURVE ( 'NONE', #1952, #2322, #1957, .T. ) ;
#1864 = ORIENTED_EDGE ( 'NONE', *, *, #1863, .F. ) ;
#1865 = DIRECTION ( 'NONE',  ( 0.000000000000000000, 1.000000000000000000, 0.000000000000000000 ) ) ;
#1866 = EDGE_LOOP ( 'NONE', ( #1448, #1459, #3190, #2040 ) ) ;
#1867 = DIRECTION ( 'NONE',  ( -0.000000000000000000, -1.000000000000000000, -0.000000000000000000 ) ) ;
#1868 = DIRECTION ( 'NONE',  ( 0.000000000000000000, 0.000000000000000000, 1.000000000000000000 ) ) ;
#1869 = CYLINDRICAL_SURFACE ( 'NONE', #2285, 2.500000000000000444 ) ;
#1870 = ORIENTED_EDGE ( 'NONE', *, *, #878, .F. ) ;
#1871 = DIRECTION ( 'NONE',  ( 0.000000000000000000, -1.000000000000000000, 0.000000000000000000 ) ) ;
#1872 = AXIS2_PLACEMENT_3D ( 'NONE', #2671, #618, #1892 ) ;
#1873 = DIRECTION ( 'NONE',  ( -1.224646799147349509E-16, 0.000000000000000000, -1.000000000000000000 ) ) ;
#1874 = ORIENTED_EDGE ( 'NONE', *, *, #1611, .T. ) ;
#1875 = PLANE ( 'NONE',  #1168 ) ;
#1876 = ORIENTED_EDGE ( 'NONE', *, *, #598, .T. ) ;
#1877 = ORIENTED_EDGE ( 'NONE', *, *, #2021, .T. ) ;
#1878 = DIRECTION ( 'NONE',  ( 0.000000000000000000, -0.000000000000000000, 1.000000000000000000 ) ) ;
#1879 = DIRECTION ( 'NONE',  ( 0.000000000000000000, -1.000000000000000000, 0.000000000000000000 ) ) ;
#1880 = FACE_OUTER_BOUND ( 'NONE', #1924, .T. ) ;
#1881 = DIRECTION ( 'NONE',  ( 8.659560562354918067E-17, 0.7071067811865487940, -0.7071067811865463515 ) ) ;
#1882 = CARTESIAN_POINT ( 'NONE',  ( -13.43502884254442620, 2.000000000000000000, -13.43502884254438001 ) ) ;
#1883 = CIRCLE ( 'NONE', #3155, 23.08578643762691485 ) ;
#1884 = ORIENTED_EDGE ( 'NONE', *, *, #2068, .F. ) ;
#1885 = TOROIDAL_SURFACE ( 'NONE', #958, 20.62500000000000000, 0.1250000000000000000 ) ;
#1886 = CARTESIAN_POINT ( 'NONE',  ( 14.25935590889149118, 3.000000000000000000, 16.31955391397075417 ) ) ;
#1887 = DIRECTION ( 'NONE',  ( -0.000000000000000000, -1.000000000000000000, -0.000000000000000000 ) ) ;
#1888 = CARTESIAN_POINT ( 'NONE',  ( 0.000000000000000000, 0.1250000000000001110, -19.00000000000000000 ) ) ;
#1889 = PRODUCT_DEFINITION_FORMATION_WITH_SPECIFIED_SOURCE ( 'ANY', '', #1825, .NOT_KNOWN. ) ;
#1890 = VERTEX_POINT ( 'NONE', #3311 ) ;
#1891 = EDGE_CURVE ( 'NONE', #2527, #1106, #282, .T. ) ;
#1892 = DIRECTION ( 'NONE',  ( 0.000000000000000000, 0.000000000000000000, 1.000000000000000000 ) ) ;
#1893 = CIRCLE ( 'NONE', #2665, 1.125000000000000888 ) ;
#1894 = VERTEX_POINT ( 'NONE', #2316 ) ;
#1895 = DIRECTION ( 'NONE',  ( -0.000000000000000000, 1.000000000000000000, -0.000000000000000000 ) ) ;
#1896 = AXIS2_PLACEMENT_3D ( 'NONE', #2480, #2972, #548 ) ;
#1897 = AXIS2_PLACEMENT_3D ( 'NONE', #1328, #2870, #2380 ) ;
#1898 = DIRECTION ( 'NONE',  ( 0.000000000000000000, 1.000000000000000000, 0.000000000000000000 ) ) ;
#1899 = CARTESIAN_POINT ( 'NONE',  ( 0.000000000000000000, 1.499999999999989120, -17.87500000000000000 ) ) ;
#1900 = CIRCLE ( 'NONE', #2845, 23.68661165235167942 ) ;
#1901 = VERTEX_POINT ( 'NONE', #2524 ) ;
#1902 = EDGE_CURVE ( 'NONE', #3309, #957, #161, .T. ) ;
#1903 = DIRECTION ( 'NONE',  ( 0.000000000000000000, 0.000000000000000000, 1.000000000000000000 ) ) ;
#1904 = EDGE_LOOP ( 'NONE', ( #3152, #1527, #839, #1944 ) ) ;
#1905 = DIRECTION ( 'NONE',  ( 5.204170427930413395E-15, 0.000000000000000000, 1.000000000000000000 ) ) ;
#1906 = CARTESIAN_POINT ( 'NONE',  ( -13.43502884254433027, 0.1250000000000001110, 13.43502884254447416 ) ) ;
#1907 = EDGE_LOOP ( 'NONE', ( #3095, #56, #1071, #2529 ) ) ;
#1908 = AXIS2_PLACEMENT_3D ( 'NONE', #314, #1823, #2608 ) ;
#1909 = CARTESIAN_POINT ( 'NONE',  ( 0.000000000000000000, 0.1249999999999998890, -20.50000000000000000 ) ) ;
#1910 = AXIS2_PLACEMENT_3D ( 'NONE', #1462, #2181, #1963 ) ;
#1911 = FACE_OUTER_BOUND ( 'NONE', #1757, .T. ) ;
#1912 = ADVANCED_FACE ( 'NONE', ( #1804 ), #2453, .T. ) ;
#1913 = CYLINDRICAL_SURFACE ( 'NONE', #2347, 2.500000000000000000 ) ;
#1914 = EDGE_CURVE ( 'NONE', #2669, #1951, #2018, .T. ) ;
#1915 = CONICAL_SURFACE ( 'NONE', #2631, 1.624999999999987566, 0.7853981633974509435 ) ;
#1916 = ORIENTED_EDGE ( 'NONE', *, *, #421, .F. ) ;
#1917 = DIRECTION ( 'NONE',  ( 0.000000000000000000, 0.000000000000000000, 1.000000000000000000 ) ) ;
#1918 = ADVANCED_FACE ( 'NONE', ( #2878 ), #2176, .T. ) ;
#1919 = DIRECTION ( 'NONE',  ( 0.000000000000000000, 1.000000000000000000, 0.000000000000000000 ) ) ;
#1920 = AXIS2_PLACEMENT_3D ( 'NONE', #1059, #1605, #3194 ) ;
#1921 = ORIENTED_EDGE ( 'NONE', *, *, #2639, .F. ) ;
#1922 = CARTESIAN_POINT ( 'NONE',  ( 19.00000000000000000, 0.1250000000000001110, -1.990144363140586139E-13 ) ) ;
#1923 = CYLINDRICAL_SURFACE ( 'NONE', #2400, 20.50000000000000000 ) ;
#1924 = EDGE_LOOP ( 'NONE', ( #667, #1251, #2256, #1291 ) ) ;
#1925 = CARTESIAN_POINT ( 'NONE',  ( 0.2517748262883054977, 2.976602387146775719, 21.97660238714679082 ) ) ;
#1926 = FACE_OUTER_BOUND ( 'NONE', #2540, .T. ) ;
#1927 = CARTESIAN_POINT ( 'NONE',  ( 1.898202538678397557E-15, 3.000000000000000000, -15.50000000000000000 ) ) ;
#1928 = CARTESIAN_POINT ( 'NONE',  ( 1.530808498934191571E-16, 5.421010862427522170E-17, 17.75000000000000000 ) ) ;
#1929 = ORIENTED_EDGE ( 'NONE', *, *, #728, .F. ) ;
#1930 = CARTESIAN_POINT ( 'NONE',  ( 0.000000000000000000, 2.000000000000001776, 19.00000000000000000 ) ) ;
#1931 = AXIS2_PLACEMENT_3D ( 'NONE', #1299, #1027, #743 ) ;
#1932 = DIRECTION ( 'NONE',  ( 0.000000000000000000, 0.000000000000000000, 1.000000000000000000 ) ) ;
#1933 = ORIENTED_EDGE ( 'NONE', *, *, #809, .T. ) ;
#1934 = DIRECTION ( 'NONE',  ( 0.000000000000000000, 1.000000000000000000, 0.000000000000000000 ) ) ;
#1935 = DIRECTION ( 'NONE',  ( 0.000000000000000000, 0.000000000000000000, 1.000000000000000000 ) ) ;
#1936 = VERTEX_POINT ( 'NONE', #520 ) ;
#1937 = DIRECTION ( 'NONE',  ( -0.000000000000000000, -1.000000000000000000, -0.000000000000000000 ) ) ;
#1938 = ORIENTED_EDGE ( 'NONE', *, *, #1544, .F. ) ;
#1939 = DIRECTION ( 'NONE',  ( -0.000000000000000000, 1.000000000000000000, -0.000000000000000000 ) ) ;
#1940 = DIRECTION ( 'NONE',  ( -0.000000000000000000, 1.000000000000000000, -0.000000000000000000 ) ) ;
#1941 = ORIENTED_EDGE ( 'NONE', *, *, #1257, .T. ) ;
#1942 = VECTOR ( 'NONE', #1213, 1000.000000000000000 ) ;
#1943 = AXIS2_PLACEMENT_3D ( 'NONE', #2246, #1707, #1756 ) ;
#1944 = ORIENTED_EDGE ( 'NONE', *, *, #309, .F. ) ;
#1945 = AXIS2_PLACEMENT_3D ( 'NONE', #787, #2369, #565 ) ;
#1946 = CIRCLE ( 'NONE', #540, 20.62500000000000000 ) ;
#1947 = DIRECTION ( 'NONE',  ( 0.000000000000000000, 1.000000000000000000, 0.000000000000000000 ) ) ;
#1948 = CARTESIAN_POINT ( 'NONE',  ( 19.00000000000000000, 2.000000000000001776, -1.990144363140586139E-13 ) ) ;
#1949 = CARTESIAN_POINT ( 'NONE',  ( 0.000000000000000000, 1.475000000000000089, 0.000000000000000000 ) ) ;
#1950 = EDGE_CURVE ( 'NONE', #2519, #909, #44, .T. ) ;
#1951 = VERTEX_POINT ( 'NONE', #2646 ) ;
#1952 = VERTEX_POINT ( 'NONE', #1886 ) ;
#1953 = EDGE_LOOP ( 'NONE', ( #2239, #175, #1877, #2286 ) ) ;
#1954 = CYLINDRICAL_SURFACE ( 'NONE', #2827, 2.499999999999998668 ) ;
#1955 = DIRECTION ( 'NONE',  ( 0.000000000000000000, -1.000000000000000000, 0.000000000000000000 ) ) ;
#1956 = EDGE_CURVE ( 'NONE', #2326, #969, #2740, .T. ) ;
#1957 = B_SPLINE_CURVE_WITH_KNOTS ( 'NONE', 3,
 ( #1201, #2218, #1283, #654, #1974, #3295, #931, #3321, #2234, #1490 ),
 .UNSPECIFIED., .F., .F.,
 ( 4, 2, 2, 2, 4 ),
 ( 0.000000000000000000, 0.0007539899247466300136, 0.001507979849493260027, 0.002261969774239890041, 0.003015959698986520054 ),
 .UNSPECIFIED. ) ;
#1958 = DIRECTION ( 'NONE',  ( 0.000000000000000000, 0.000000000000000000, 1.000000000000000000 ) ) ;
#1959 = LINE ( 'NONE', #2396, #3191 ) ;
#1960 = CARTESIAN_POINT ( 'NONE',  ( 13.43502884254452034, 0.1250000000000001110, 13.43502884254428587 ) ) ;
#1961 = AXIS2_PLACEMENT_3D ( 'NONE', #279, #1337, #2951 ) ;
#1962 = CARTESIAN_POINT ( 'NONE',  ( -19.00000000000000000, 2.000000000000001776, 1.625000000000074829 ) ) ;
#1963 = DIRECTION ( 'NONE',  ( 0.000000000000000000, 0.000000000000000000, 1.000000000000000000 ) ) ;
#1964 = EDGE_CURVE ( 'NONE', #1901, #884, #2685, .T. ) ;
#1965 = ORIENTED_EDGE ( 'NONE', *, *, #2171, .F. ) ;
#1966 = EDGE_CURVE ( 'NONE', #3349, #2272, #374, .T. ) ;
#1967 = DIRECTION ( 'NONE',  ( 0.000000000000000000, -1.000000000000000000, 0.000000000000000000 ) ) ;
#1968 = DIRECTION ( 'NONE',  ( -0.000000000000000000, 1.000000000000000000, -0.000000000000000000 ) ) ;
#1969 = CARTESIAN_POINT ( 'NONE',  ( -19.00000000000000000, -14.00000000000000533, 6.633814543801952113E-14 ) ) ;
#1970 = VECTOR ( 'NONE', #961, 1000.000000000000000 ) ;
#1971 = EDGE_CURVE ( 'NONE', #1728, #3296, #2388, .T. ) ;
#1972 = FACE_OUTER_BOUND ( 'NONE', #1319, .T. ) ;
#1973 = AXIS2_PLACEMENT_3D ( 'NONE', #1375, #368, #3009 ) ;
#1974 = CARTESIAN_POINT ( 'NONE',  ( 15.36094789068009980, 2.976611622188830797, 15.71856132400549910 ) ) ;
#1975 = DIRECTION ( 'NONE',  ( -0.000000000000000000, 1.000000000000000000, -0.000000000000000000 ) ) ;
#1976 = CARTESIAN_POINT ( 'NONE',  ( -0.2520889228314848740, 2.976602387146777939, 21.97660238714677305 ) ) ;
#1977 = ORIENTED_EDGE ( 'NONE', *, *, #1902, .F. ) ;
#1978 = EDGE_LOOP ( 'NONE', ( #2294, #1929, #2435, #2949 ) ) ;
#1979 = FACE_OUTER_BOUND ( 'NONE', #736, .T. ) ;
#1980 = EDGE_CURVE ( 'NONE', #2751, #2574, #2224, .T. ) ;
#1981 = CARTESIAN_POINT ( 'NONE',  ( 2.510525938252074481E-15, 0.1249999999999998890, 20.50000000000000000 ) ) ;
#1982 = FACE_OUTER_BOUND ( 'NONE', #243, .T. ) ;
#1983 = CIRCLE ( 'NONE', #518, 1.624999999999984013 ) ;
#1984 = AXIS2_PLACEMENT_3D ( 'NONE', #1634, #1403, #304 ) ;
#1985 = VERTEX_POINT ( 'NONE', #1361 ) ;
#1986 = ADVANCED_FACE ( 'NONE', ( #2916 ), #1650, .T. ) ;
#1987 = DIRECTION ( 'NONE',  ( 0.000000000000000000, 1.000000000000000000, 0.000000000000000000 ) ) ;
#1988 = AXIS2_PLACEMENT_3D ( 'NONE', #176, #3051, #1265 ) ;
#1989 = CARTESIAN_POINT ( 'NONE',  ( -13.43502884254433027, 2.000000000000000000, 13.43502884254447416 ) ) ;
#1990 = ORIENTED_EDGE ( 'NONE', *, *, #1374, .T. ) ;
#1991 = CARTESIAN_POINT ( 'NONE',  ( 13.43502884254423968, 2.500000000000009770, -13.43502884254456475 ) ) ;
#1992 = EDGE_CURVE ( 'NONE', #2728, #1063, #2129, .T. ) ;
#1993 = AXIS2_PLACEMENT_3D ( 'NONE', #734, #2027, #2060 ) ;
#1994 = DIRECTION ( 'NONE',  ( -0.000000000000000000, -1.000000000000000000, -0.000000000000000000 ) ) ;
#1995 = EDGE_LOOP ( 'NONE', ( #180, #2471, #2941, #410 ) ) ;
#1996 = EDGE_CURVE ( 'NONE', #2509, #251, #1485, .T. ) ;
#1997 = AXIS2_PLACEMENT_3D ( 'NONE', #443, #2311, #1079 ) ;
#1998 = TOROIDAL_SURFACE ( 'NONE', #351, 1.250000000000000222, 0.1250000000000000000 ) ;
#1999 = ORIENTED_EDGE ( 'NONE', *, *, #2406, .T. ) ;
#2000 = CARTESIAN_POINT ( 'NONE',  ( 13.43502884254452034, 0.1250000000000001110, 12.31002884254428409 ) ) ;
#2001 = CARTESIAN_POINT ( 'NONE',  ( 0.000000000000000000, 3.000000000000000000, 19.00000000000000000 ) ) ;
#2002 = AXIS2_PLACEMENT_3D ( 'NONE', #3339, #2561, #1830 ) ;
#2003 = VECTOR ( 'NONE', #2619, 1000.000000000000000 ) ;
#2004 = AXIS2_PLACEMENT_3D ( 'NONE', #1486, #156, #537 ) ;
#2005 = VECTOR ( 'NONE', #2361, 1000.000000000000000 ) ;
#2006 = DIRECTION ( 'NONE',  ( 0.7071067811865485719, 0.000000000000000000, 0.7071067811865463515 ) ) ;
#2007 = DIRECTION ( 'NONE',  ( 0.000000000000000000, 0.000000000000000000, 1.000000000000000000 ) ) ;
#2008 = EDGE_LOOP ( 'NONE', ( #1809, #228, #753, #2184, #2466, #1343, #3020, #2070, #2067, #2850, #2978, #2662 ) ) ;
#2009 = CIRCLE ( 'NONE', #2505, 1.124999999999999334 ) ;
#2010 = DIRECTION ( 'NONE',  ( 0.000000000000000000, 1.000000000000000000, 0.000000000000000000 ) ) ;
#2011 = VERTEX_POINT ( 'NONE', #832 ) ;
#2012 = EDGE_LOOP ( 'NONE', ( #70, #2043 ) ) ;
#2013 = DIRECTION ( 'NONE',  ( -0.000000000000000000, -1.000000000000000000, -0.000000000000000000 ) ) ;
#2014 = VERTEX_POINT ( 'NONE', #1066 ) ;
#2015 = DIRECTION ( 'NONE',  ( 0.000000000000000000, 0.000000000000000000, 1.000000000000000000 ) ) ;
#2016 = EDGE_CURVE ( 'NONE', #1539, #2252, #757, .T. ) ;
#2017 = DIRECTION ( 'NONE',  ( 0.000000000000000000, 0.000000000000000000, 1.000000000000000000 ) ) ;
#2018 = CIRCLE ( 'NONE', #1540, 1.125000000000000222 ) ;
#2019 = EDGE_CURVE ( 'NONE', #2272, #1737, #143, .T. ) ;
#2020 = CARTESIAN_POINT ( 'NONE',  ( 2.510525938252074481E-15, 1.600000000000000089, 20.50000000000000000 ) ) ;
#2021 = EDGE_CURVE ( 'NONE', #2317, #1633, #3396, .T. ) ;
#2022 = CARTESIAN_POINT ( 'NONE',  ( 19.00000000000000000, 5.421010862427522170E-17, -1.250000000000199396 ) ) ;
#2023 = ADVANCED_FACE ( 'NONE', ( #1049 ), #1084, .F. ) ;
#2024 = AXIS2_PLACEMENT_3D ( 'NONE', #566, #1379, #2403 ) ;
#2025 = VERTEX_POINT ( 'NONE', #3154 ) ;
#2026 = ORIENTED_EDGE ( 'NONE', *, *, #335, .T. ) ;
#2027 = DIRECTION ( 'NONE',  ( 0.000000000000000000, 1.000000000000000000, 0.000000000000000000 ) ) ;
#2028 = ORIENTED_EDGE ( 'NONE', *, *, #2197, .F. ) ;
#2029 = AXIS2_PLACEMENT_3D ( 'NONE', #1538, #203, #462 ) ;
#2030 = ORIENTED_EDGE ( 'NONE', *, *, #2104, .T. ) ;
#2031 = CIRCLE ( 'NONE', #2461, 0.1250000000000001110 ) ;
#2032 = DIRECTION ( 'NONE',  ( 1.000000000000000000, -0.000000000000000000, 1.224646799147353207E-16 ) ) ;
#2033 = CARTESIAN_POINT ( 'NONE',  ( 13.43502884254452034, 0.000000000000000000, 13.43502884254428587 ) ) ;
#2034 = ORIENTED_EDGE ( 'NONE', *, *, #1956, .F. ) ;
#2035 = EDGE_CURVE ( 'NONE', #1642, #2372, #2339, .T. ) ;
#2036 = FACE_OUTER_BOUND ( 'NONE', #1409, .T. ) ;
#2037 = DIRECTION ( 'NONE',  ( 0.000000000000000000, 1.000000000000000000, 0.000000000000000000 ) ) ;
#2038 = EDGE_CURVE ( 'NONE', #3244, #648, #1488, .T. ) ;
#2039 = ORIENTED_EDGE ( 'NONE', *, *, #837, .F. ) ;
#2040 = ORIENTED_EDGE ( 'NONE', *, *, #1309, .F. ) ;
#2041 = LINE ( 'NONE', #387, #3210 ) ;
#2042 = DIRECTION ( 'NONE',  ( 0.000000000000000000, 0.000000000000000000, 1.000000000000000000 ) ) ;
#2043 = ORIENTED_EDGE ( 'NONE', *, *, #2193, .T. ) ;
#2044 = UNCERTAINTY_MEASURE_WITH_UNIT (LENGTH_MEASURE( 1.000000000000000082E-05 ), #174, 'distance_accuracy_value', 'NONE');
#2045 = AXIS2_PLACEMENT_3D ( 'NONE', #2984, #2467, #110 ) ;
#2046 = ORIENTED_EDGE ( 'NONE', *, *, #777, .T. ) ;
#2047 = CARTESIAN_POINT ( 'NONE',  ( -0.5061813598765465549, 2.980770296402076802, -21.94817019537854463 ) ) ;
#2048 = VERTEX_POINT ( 'NONE', #1145 ) ;
#2049 = FACE_OUTER_BOUND ( 'NONE', #1312, .T. ) ;
#2050 = DIRECTION ( 'NONE',  ( -0.000000000000000000, 1.000000000000000000, 0.000000000000000000 ) ) ;
#2051 = DIRECTION ( 'NONE',  ( 0.7071067811865436870, 0.000000000000000000, -0.7071067811865512365 ) ) ;
#2052 = DIRECTION ( 'NONE',  ( 0.000000000000000000, 0.000000000000000000, 1.000000000000000000 ) ) ;
#2053 = LINE ( 'NONE', #534, #3010 ) ;
#2054 = DIRECTION ( 'NONE',  ( 0.000000000000000000, 0.000000000000000000, 1.000000000000000000 ) ) ;
#2055 = ORIENTED_EDGE ( 'NONE', *, *, #2651, .T. ) ;
#2056 = VECTOR ( 'NONE', #388, 1000.000000000000000 ) ;
#2057 = CARTESIAN_POINT ( 'NONE',  ( -19.00000000000000000, 0.1250000000000001110, 1.125000000000066391 ) ) ;
#2058 = ADVANCED_FACE ( 'NONE', ( #91 ), #3183, .F. ) ;
#2059 = ADVANCED_FACE ( 'NONE', ( #2442, #3209 ), #3031, .T. ) ;
#2060 = DIRECTION ( 'NONE',  ( 1.000000000000000000, 0.000000000000000000, -3.491481338843137300E-15 ) ) ;
#2061 = EDGE_LOOP ( 'NONE', ( #2939, #376, #96, #974 ) ) ;
#2062 = AXIS2_PLACEMENT_3D ( 'NONE', #169, #3074, #993 ) ;
#2063 = EDGE_CURVE ( 'NONE', #2986, #469, #389, .T. ) ;
#2064 = ORIENTED_EDGE ( 'NONE', *, *, #1235, .T. ) ;
#2065 = AXIS2_PLACEMENT_3D ( 'NONE', #24, #1057, #2120 ) ;
#2066 = ORIENTED_EDGE ( 'NONE', *, *, #373, .F. ) ;
#2067 = ORIENTED_EDGE ( 'NONE', *, *, #3242, .F. ) ;
#2068 = EDGE_CURVE ( 'NONE', #1088, #2352, #2451, .T. ) ;
#2069 = DIRECTION ( 'NONE',  ( 0.000000000000000000, 0.7071067811865555663, 0.7071067811865394681 ) ) ;
#2070 = ORIENTED_EDGE ( 'NONE', *, *, #3384, .F. ) ;
#2071 = CARTESIAN_POINT ( 'NONE',  ( -19.00000000000000000, 0.1250000000000001110, 6.633814543801952113E-14 ) ) ;
#2072 = DIRECTION ( 'NONE',  ( -0.000000000000000000, -1.000000000000000000, -0.000000000000000000 ) ) ;
#2073 = CARTESIAN_POINT ( 'NONE',  ( -19.00000000000000000, 1.499999999999996225, 6.633814543801952113E-14 ) ) ;
#2074 = DIRECTION ( 'NONE',  ( 0.000000000000000000, 0.000000000000000000, -1.000000000000000000 ) ) ;
#2075 = FACE_OUTER_BOUND ( 'NONE', #3053, .T. ) ;
#2076 = CARTESIAN_POINT ( 'NONE',  ( 13.43502884254423968, 0.1250000000000001110, -12.18502884254456653 ) ) ;
#2077 = ORIENTED_EDGE ( 'NONE', *, *, #1902, .T. ) ;
#2078 = ORIENTED_EDGE ( 'NONE', *, *, #47, .T. ) ;
#2079 = DIRECTION ( 'NONE',  ( -0.000000000000000000, -1.000000000000000000, -0.000000000000000000 ) ) ;
#2080 = EDGE_CURVE ( 'NONE', #1751, #1539, #597, .T. ) ;
#2081 = DIRECTION ( 'NONE',  ( 0.000000000000000000, 0.000000000000000000, 1.000000000000000000 ) ) ;
#2082 = DIRECTION ( 'NONE',  ( -0.000000000000000000, -1.000000000000000000, -0.000000000000000000 ) ) ;
#2083 = EDGE_CURVE ( 'NONE', #2326, #3058, #1543, .T. ) ;
#2084 = ADVANCED_FACE ( 'NONE', ( #123, #3224 ), #1721, .T. ) ;
#2085 = ADVANCED_FACE ( 'NONE', ( #406 ), #3298, .F. ) ;
#2086 = ORIENTED_EDGE ( 'NONE', *, *, #2898, .T. ) ;
#2087 = CARTESIAN_POINT ( 'NONE',  ( -13.43502884254433027, -14.00000000000000533, 12.31002884254447238 ) ) ;
#2088 = DIRECTION ( 'NONE',  ( 0.000000000000000000, 0.000000000000000000, 1.000000000000000000 ) ) ;
#2089 = ORIENTED_EDGE ( 'NONE', *, *, #1442, .F. ) ;
#2090 = DIRECTION ( 'NONE',  ( 0.000000000000000000, -0.000000000000000000, 1.000000000000000000 ) ) ;
#2091 = CYLINDRICAL_SURFACE ( 'NONE', #631, 2.499999999999998668 ) ;
#2092 = EDGE_CURVE ( 'NONE', #1041, #648, #2862, .T. ) ;
#2093 = DIRECTION ( 'NONE',  ( -0.000000000000000000, 1.000000000000000000, -0.000000000000000000 ) ) ;
#2094 = CARTESIAN_POINT ( 'NONE',  ( -13.43502884254442620, 0.1250000000000001110, -13.43502884254438001 ) ) ;
#2095 = DIRECTION ( 'NONE',  ( 0.000000000000000000, 0.000000000000000000, 1.000000000000000000 ) ) ;
#2096 = VERTEX_POINT ( 'NONE', #1692 ) ;
#2097 = CARTESIAN_POINT ( 'NONE',  ( 15.87754080820418245, 2.980757884127069435, -15.16213380952893353 ) ) ;
#2098 = DIRECTION ( 'NONE',  ( -0.000000000000000000, 1.000000000000000000, -0.000000000000000000 ) ) ;
#2099 = ORIENTED_EDGE ( 'NONE', *, *, #1818, .F. ) ;
#2100 = EDGE_LOOP ( 'NONE', ( #326, #817, #2710, #2169 ) ) ;
#2101 = CIRCLE ( 'NONE', #888, 3.000000000000004441 ) ;
#2102 = CARTESIAN_POINT ( 'NONE',  ( 1.377727649040772389E-16, -14.00000000000000533, -20.12500000000000000 ) ) ;
#2103 = ORIENTED_EDGE ( 'NONE', *, *, #1996, .T. ) ;
#2104 = EDGE_CURVE ( 'NONE', #1737, #99, #601, .T. ) ;
#2105 = TOROIDAL_SURFACE ( 'NONE', #617, 1.250000000000000222, 0.1250000000000000000 ) ;
#2106 = DIRECTION ( 'NONE',  ( -0.000000000000000000, -1.000000000000000000, -0.000000000000000000 ) ) ;
#2107 = DIRECTION ( 'NONE',  ( -0.000000000000000000, 1.000000000000000000, -0.000000000000000000 ) ) ;
#2108 = CARTESIAN_POINT ( 'NONE',  ( -15.16228867930343327, 2.980757428443820078, 15.87726198895695795 ) ) ;
#2109 = ORIENTED_EDGE ( 'NONE', *, *, #1649, .F. ) ;
#2110 = CARTESIAN_POINT ( 'NONE',  ( -19.00000000000000000, 2.499999999999988898, 2.500000000000066613 ) ) ;
#2111 = CARTESIAN_POINT ( 'NONE',  ( 0.000000000000000000, 2.000000000000000000, -19.00000000000000000 ) ) ;
#2112 = CIRCLE ( 'NONE', #2547, 1.125000000000000222 ) ;
#2113 = DIRECTION ( 'NONE',  ( -0.000000000000000000, 1.000000000000000000, -0.000000000000000000 ) ) ;
#2114 = CONICAL_SURFACE ( 'NONE', #966, 2.500000000000000000, 0.7853981633974466137 ) ;
#2115 = ORIENTED_EDGE ( 'NONE', *, *, #716, .T. ) ;
#2116 = AXIS2_PLACEMENT_3D ( 'NONE', #1090, #2134, #1637 ) ;
#2117 = DIRECTION ( 'NONE',  ( -0.000000000000000000, 1.000000000000000000, -0.000000000000000000 ) ) ;
#2118 = ORIENTED_EDGE ( 'NONE', *, *, #1469, .F. ) ;
#2119 = DIRECTION ( 'NONE',  ( 1.000000000000000000, -0.000000000000000000, 1.224646799147353207E-16 ) ) ;
#2120 = DIRECTION ( 'NONE',  ( 0.000000000000000000, 0.000000000000000000, 1.000000000000000000 ) ) ;
#2121 = CIRCLE ( 'NONE', #640, 1.125000000000000888 ) ;
#2122 = CARTESIAN_POINT ( 'NONE',  ( -21.62255449703780386, 3.000000000000000000, 1.456779979978799489 ) ) ;
#2123 = CARTESIAN_POINT ( 'NONE',  ( -13.43502884254433027, 0.1250000000000001110, 12.18502884254447238 ) ) ;
#2124 = ADVANCED_FACE ( 'NONE', ( #1428 ), #1915, .F. ) ;
#2125 = VECTOR ( 'NONE', #1851, 1000.000000000000000 ) ;
#2126 = EDGE_LOOP ( 'NONE', ( #1965, #312, #1295, #772 ) ) ;
#2127 = CARTESIAN_POINT ( 'NONE',  ( 15.71856132400542627, 2.976611622188833017, -15.36094789068015487 ) ) ;
#2128 = EDGE_CURVE ( 'NONE', #525, #1951, #71, .T. ) ;
#2129 = LINE ( 'NONE', #43, #2855 ) ;
#2130 = CARTESIAN_POINT ( 'NONE',  ( -21.94836440802304267, 2.980757884127066770, -0.5058691400717844067 ) ) ;
#2131 = ORIENTED_EDGE ( 'NONE', *, *, #1530, .F. ) ;
#2132 = CARTESIAN_POINT ( 'NONE',  ( -19.00000000000000000, 1.499999999999996225, 6.633814543801952113E-14 ) ) ;
#2133 = LINE ( 'NONE', #1797, #280 ) ;
#2134 = DIRECTION ( 'NONE',  ( -0.000000000000000000, -1.000000000000000000, -0.000000000000000000 ) ) ;
#2135 = CARTESIAN_POINT ( 'NONE',  ( -13.43502884254442620, 2.000000000000001776, -13.43502884254438001 ) ) ;
#2136 = CARTESIAN_POINT ( 'NONE',  ( 0.000000000000000000, 0.000000000000000000, 0.000000000000000000 ) ) ;
#2137 = AXIS2_PLACEMENT_3D ( 'NONE', #1948, #3013, #646 ) ;
#2138 = ORIENTED_EDGE ( 'NONE', *, *, #1820, .F. ) ;
#2139 = AXIS2_PLACEMENT_3D ( 'NONE', #898, #919, #3028 ) ;
#2140 = CARTESIAN_POINT ( 'NONE',  ( 0.000000000000000000, 1.625000000000000222, 0.000000000000000000 ) ) ;
#2141 = ADVANCED_FACE ( 'NONE', ( #141 ), #3232, .T. ) ;
#2142 = DIRECTION ( 'NONE',  ( 1.000000000000000000, -0.000000000000000000, 1.224646799147353207E-16 ) ) ;
#2143 = EDGE_CURVE ( 'NONE', #436, #2025, #2153, .T. ) ;
#2144 = VERTEX_POINT ( 'NONE', #3266 ) ;
#2145 = DIRECTION ( 'NONE',  ( 0.000000000000000000, 0.000000000000000000, 1.000000000000000000 ) ) ;
#2146 = EDGE_LOOP ( 'NONE', ( #629, #1287 ) ) ;
#2147 = DIRECTION ( 'NONE',  ( 0.000000000000000000, 0.000000000000000000, -1.000000000000000000 ) ) ;
#2148 = FACE_OUTER_BOUND ( 'NONE', #526, .T. ) ;
#2149 = CARTESIAN_POINT ( 'NONE',  ( 0.000000000000000000, 2.000000000000001776, -19.00000000000000000 ) ) ;
#2150 = AXIS2_PLACEMENT_3D ( 'NONE', #252, #740, #3393 ) ;
#2151 = ORIENTED_EDGE ( 'NONE', *, *, #1357, .T. ) ;
#2152 = CIRCLE ( 'NONE', #1931, 1.125000000000000222 ) ;
#2153 = LINE ( 'NONE', #1670, #49 ) ;
#2154 = CARTESIAN_POINT ( 'NONE',  ( 13.43502884254452034, 2.000000000000000000, 13.43502884254428587 ) ) ;
#2155 = AXIS2_PLACEMENT_3D ( 'NONE', #2539, #1556, #967 ) ;
#2156 = SHAPE_DEFINITION_REPRESENTATION ( #7, #430 ) ;
#2157 = CIRCLE ( 'NONE', #3330, 1.624999999999985789 ) ;
#2158 = ORIENTED_EDGE ( 'NONE', *, *, #309, .T. ) ;
#2159 = CARTESIAN_POINT ( 'NONE',  ( 3.061616997868383141E-16, 2.000000000000000000, -21.50000000000000000 ) ) ;
#2160 = CIRCLE ( 'NONE', #2002, 3.000000000000009770 ) ;
#2161 = ADVANCED_FACE ( 'NONE', ( #902 ), #2573, .F. ) ;
#2162 = CARTESIAN_POINT ( 'NONE',  ( 19.00000000000000000, 2.000000000000000000, -1.990144363140586139E-13 ) ) ;
#2163 = VECTOR ( 'NONE', #742, 1000.000000000000000 ) ;
#2164 = AXIS2_PLACEMENT_3D ( 'NONE', #287, #82, #1536 ) ;
#2165 = EDGE_LOOP ( 'NONE', ( #1497, #1659 ) ) ;
#2166 = DIRECTION ( 'NONE',  ( 0.000000000000000000, 1.000000000000000000, 0.000000000000000000 ) ) ;
#2167 = DIRECTION ( 'NONE',  ( 0.000000000000000000, 0.000000000000000000, 1.000000000000000000 ) ) ;
#2168 = VECTOR ( 'NONE', #935, 1000.000000000000000 ) ;
#2169 = ORIENTED_EDGE ( 'NONE', *, *, #2273, .F. ) ;
#2170 = DIRECTION ( 'NONE',  ( 0.000000000000000000, 0.000000000000000000, 1.000000000000000000 ) ) ;
#2171 = EDGE_CURVE ( 'NONE', #1008, #438, #991, .T. ) ;
#2172 = ORIENTED_EDGE ( 'NONE', *, *, #588, .T. ) ;
#2173 = LINE ( 'NONE', #875, #2482 ) ;
#2174 = CARTESIAN_POINT ( 'NONE',  ( 13.43502884254423968, 2.500000000000009770, -13.43502884254456475 ) ) ;
#2175 = CARTESIAN_POINT ( 'NONE',  ( 16.31955391397068311, 3.000000000000000000, -14.25935590889157289 ) ) ;
#2176 = TOROIDAL_SURFACE ( 'NONE', #1194, 21.67157287525381548, 2.000000000000000000 ) ;
#2177 = DIRECTION ( 'NONE',  ( 1.224646799147351482E-16, 0.000000000000000000, -1.000000000000000000 ) ) ;
#2178 = DIRECTION ( 'NONE',  ( 0.000000000000000000, 0.000000000000000000, 1.000000000000000000 ) ) ;
#2179 = AXIS2_PLACEMENT_3D ( 'NONE', #106, #921, #2170 ) ;
#2180 = VERTEX_POINT ( 'NONE', #500 ) ;
#2181 = DIRECTION ( 'NONE',  ( -1.000000000000000000, 0.000000000000000000, 0.000000000000000000 ) ) ;
#2182 = CIRCLE ( 'NONE', #710, 0.1250000000000001110 ) ;
#2183 = AXIS2_PLACEMENT_3D ( 'NONE', #882, #54, #1109 ) ;
#2184 = ORIENTED_EDGE ( 'NONE', *, *, #1460, .F. ) ;
#2185 = FACE_OUTER_BOUND ( 'NONE', #1907, .T. ) ;
#2186 = FACE_BOUND ( 'NONE', #1664, .T. ) ;
#2187 = DIRECTION ( 'NONE',  ( -0.000000000000000000, -1.000000000000000000, -0.000000000000000000 ) ) ;
#2188 = EDGE_CURVE ( 'NONE', #886, #1529, #2397, .T. ) ;
#2189 = DIRECTION ( 'NONE',  ( 0.000000000000000000, 1.000000000000000000, 0.000000000000000000 ) ) ;
#2190 = DIRECTION ( 'NONE',  ( 0.000000000000000000, 0.000000000000000000, 1.000000000000000000 ) ) ;
#2191 = VERTEX_POINT ( 'NONE', #727 ) ;
#2192 = EDGE_CURVE ( 'NONE', #257, #2669, #2227, .T. ) ;
#2193 = EDGE_CURVE ( 'NONE', #1936, #1766, #1148, .T. ) ;
#2194 = DIRECTION ( 'NONE',  ( -0.000000000000000000, 1.000000000000000000, -0.000000000000000000 ) ) ;
#2195 = AXIS2_PLACEMENT_3D ( 'NONE', #1427, #2458, #1095 ) ;
#2196 = ADVANCED_FACE ( 'NONE', ( #1979 ), #767, .T. ) ;
#2197 = EDGE_CURVE ( 'NONE', #476, #2672, #1813, .T. ) ;
#2198 = AXIS2_PLACEMENT_3D ( 'NONE', #3069, #1510, #703 ) ;
#2199 = ORIENTED_EDGE ( 'NONE', *, *, #2887, .T. ) ;
#2200 = DIRECTION ( 'NONE',  ( 0.000000000000000000, 1.000000000000000000, 0.000000000000000000 ) ) ;
#2201 = DIRECTION ( 'NONE',  ( -0.7071067811865537900, 0.000000000000000000, -0.7071067811865412445 ) ) ;
#2202 = ORIENTED_EDGE ( 'NONE', *, *, #1747, .F. ) ;
#2203 = DIRECTION ( 'NONE',  ( 0.000000000000000000, 0.000000000000000000, 1.000000000000000000 ) ) ;
#2204 = ADVANCED_FACE ( 'NONE', ( #2585, #1755 ), #679, .T. ) ;
#2205 = DIRECTION ( 'NONE',  ( 0.000000000000000000, 1.000000000000000000, 0.000000000000000000 ) ) ;
#2206 = DIRECTION ( 'NONE',  ( 0.000000000000000000, 0.000000000000000000, -1.000000000000000000 ) ) ;
#2207 = AXIS2_PLACEMENT_3D ( 'NONE', #924, #2504, #1487 ) ;
#2208 = AXIS2_PLACEMENT_3D ( 'NONE', #1042, #2654, #1833 ) ;
#2209 = AXIS2_PLACEMENT_3D ( 'NONE', #2154, #407, #3014 ) ;
#2210 = DIRECTION ( 'NONE',  ( 0.000000000000000000, 0.000000000000000000, 1.000000000000000000 ) ) ;
#2211 = CARTESIAN_POINT ( 'NONE',  ( 2.755455298081545961E-15, 3.000000000000000000, 22.50000000000001421 ) ) ;
#2212 = ADVANCED_FACE ( 'NONE', ( #1230 ), #2231, .F. ) ;
#2213 = EDGE_CURVE ( 'NONE', #2252, #284, #3032, .T. ) ;
#2214 = CARTESIAN_POINT ( 'NONE',  ( 0.000000000000000000, 1.625000000000000222, -15.12500000000000000 ) ) ;
#2215 = ADVANCED_FACE ( 'NONE', ( #2263 ), #3079, .F. ) ;
#2216 = ORIENTED_EDGE ( 'NONE', *, *, #954, .T. ) ;
#2217 = DIRECTION ( 'NONE',  ( 0.000000000000000000, 1.000000000000000000, 0.000000000000000000 ) ) ;
#2218 = CARTESIAN_POINT ( 'NONE',  ( 14.50449463982899445, 3.000000000000000000, 16.24949923047243772 ) ) ;
#2219 = ORIENTED_EDGE ( 'NONE', *, *, #2691, .F. ) ;
#2220 = FACE_OUTER_BOUND ( 'NONE', #1590, .T. ) ;
#2221 = DIRECTION ( 'NONE',  ( 1.224646799147349509E-16, 0.000000000000000000, -1.000000000000000000 ) ) ;
#2222 = DIRECTION ( 'NONE',  ( 0.000000000000000000, 0.000000000000000000, 1.000000000000000000 ) ) ;
#2223 = CARTESIAN_POINT ( 'NONE',  ( 0.000000000000000000, 5.421010862427522170E-17, -17.75000000000000000 ) ) ;
#2224 = CIRCLE ( 'NONE', #1372, 2.999999999999999112 ) ;
#2225 = AXIS2_PLACEMENT_3D ( 'NONE', #349, #627, #1903 ) ;
#2226 = DIRECTION ( 'NONE',  ( -0.000000000000000000, -1.000000000000000000, -0.000000000000000000 ) ) ;
#2227 = LINE ( 'NONE', #191, #1970 ) ;
#2228 = ORIENTED_EDGE ( 'NONE', *, *, #3220, .T. ) ;
#2229 = EDGE_CURVE ( 'NONE', #3187, #1020, #1245, .T. ) ;
#2230 = DIRECTION ( 'NONE',  ( 0.000000000000000000, 1.000000000000000000, 0.000000000000000000 ) ) ;
#2231 = CONICAL_SURFACE ( 'NONE', #873, 2.500000000000000000, 0.7853981633974466137 ) ;
#2232 = DIRECTION ( 'NONE',  ( 0.000000000000000000, 1.000000000000000000, 0.000000000000000000 ) ) ;
#2233 = AXIS2_PLACEMENT_3D ( 'NONE', #2779, #3089, #2090 ) ;
#2234 = CARTESIAN_POINT ( 'NONE',  ( 16.24955787105877292, 3.000000000000000000, 14.50428944185856750 ) ) ;
#2235 = ORIENTED_EDGE ( 'NONE', *, *, #1102, .T. ) ;
#2236 = DIRECTION ( 'NONE',  ( 0.000000000000000000, 1.000000000000000000, 0.000000000000000000 ) ) ;
#2237 = AXIS2_PLACEMENT_3D ( 'NONE', #3039, #2587, #416 ) ;
#2238 = FACE_OUTER_BOUND ( 'NONE', #2330, .T. ) ;
#2239 = ORIENTED_EDGE ( 'NONE', *, *, #2634, .F. ) ;
#2240 = CARTESIAN_POINT ( 'NONE',  ( 0.000000000000000000, 3.000000000000000000, 0.000000000000000000 ) ) ;
#2241 = CARTESIAN_POINT ( 'NONE',  ( 0.000000000000000000, 2.500000000000000000, 0.000000000000000000 ) ) ;
#2242 = CARTESIAN_POINT ( 'NONE',  ( -1.456779979978724437, 3.000000000000000000, -21.62255449703780741 ) ) ;
#2243 = ORIENTED_EDGE ( 'NONE', *, *, #999, .F. ) ;
#2244 = AXIS2_PLACEMENT_3D ( 'NONE', #2413, #380, #2147 ) ;
#2245 = EDGE_CURVE ( 'NONE', #1832, #284, #2746, .T. ) ;
#2246 = CARTESIAN_POINT ( 'NONE',  ( -13.43502884254433027, 1.500000000000016875, 13.43502884254447416 ) ) ;
#2247 = AXIS2_PLACEMENT_3D ( 'NONE', #749, #1803, #2624 ) ;
#2248 = CARTESIAN_POINT ( 'NONE',  ( 13.43502884254423968, 0.1250000000000001110, -12.31002884254456653 ) ) ;
#2249 = ADVANCED_FACE ( 'NONE', ( #3304 ), #150, .T. ) ;
#2250 = AXIS2_PLACEMENT_3D ( 'NONE', #2399, #2620, #1905 ) ;
#2251 = DIRECTION ( 'NONE',  ( -0.000000000000000000, 1.000000000000000000, -0.000000000000000000 ) ) ;
#2252 = VERTEX_POINT ( 'NONE', #1482 ) ;
#2253 = CIRCLE ( 'NONE', #1456, 1.125000000000000888 ) ;
#2254 = EDGE_LOOP ( 'NONE', ( #1138, #2911, #464, #737, #572, #379, #1286, #61, #1864, #3215, #2219, #723 ) ) ;
#2255 = DIRECTION ( 'NONE',  ( 2.312964634635735167E-15, 0.000000000000000000, 1.000000000000000000 ) ) ;
#2256 = ORIENTED_EDGE ( 'NONE', *, *, #1513, .T. ) ;
#2257 = EDGE_CURVE ( 'NONE', #984, #2859, #2921, .T. ) ;
#2258 = CIRCLE ( 'NONE', #1997, 2.499999999999998668 ) ;
#2259 = EDGE_LOOP ( 'NONE', ( #1234, #1378, #3027, #3322 ) ) ;
#2260 = EDGE_CURVE ( 'NONE', #1261, #2660, #1760, .T. ) ;
#2261 = DIRECTION ( 'NONE',  ( -0.000000000000000000, 1.000000000000000000, -0.000000000000000000 ) ) ;
#2262 = DIRECTION ( 'NONE',  ( -0.000000000000000000, -1.000000000000000000, -0.000000000000000000 ) ) ;
#2263 = FACE_OUTER_BOUND ( 'NONE', #580, .T. ) ;
#2264 = AXIS2_PLACEMENT_3D ( 'NONE', #1960, #848, #2017 ) ;
#2265 = CIRCLE ( 'NONE', #804, 20.37500000000000000 ) ;
#2266 = FACE_OUTER_BOUND ( 'NONE', #752, .T. ) ;
#2267 = CIRCLE ( 'NONE', #3120, 2.500000000000000000 ) ;
#2268 = AXIS2_PLACEMENT_3D ( 'NONE', #2836, #1209, #2255 ) ;
#2269 = CARTESIAN_POINT ( 'NONE',  ( 19.00000000000000000, 3.000000000000000000, -3.000000000000208722 ) ) ;
#2270 = VERTEX_POINT ( 'NONE', #3063 ) ;
#2271 = ADVANCED_FACE ( 'NONE', ( #979 ), #1098, .T. ) ;
#2272 = VERTEX_POINT ( 'NONE', #713 ) ;
#2273 = EDGE_CURVE ( 'NONE', #257, #1890, #2182, .T. ) ;
#2274 = DIRECTION ( 'NONE',  ( 0.000000000000000000, 0.000000000000000000, 1.000000000000000000 ) ) ;
#2275 = ORIENTED_EDGE ( 'NONE', *, *, #2197, .T. ) ;
#2276 = EDGE_CURVE ( 'NONE', #112, #879, #1432, .T. ) ;
#2277 = DIRECTION ( 'NONE',  ( 0.000000000000000000, 0.000000000000000000, 1.000000000000000000 ) ) ;
#2278 = DIRECTION ( 'NONE',  ( 0.000000000000000000, 1.000000000000000000, 0.000000000000000000 ) ) ;
#2279 = CARTESIAN_POINT ( 'NONE',  ( -13.43502884254433027, 2.000000000000000000, 13.43502884254447416 ) ) ;
#2280 = DIRECTION ( 'NONE',  ( 1.000000000000000000, 0.000000000000000000, -3.491481338843133355E-15 ) ) ;
#2281 = ORIENTED_EDGE ( 'NONE', *, *, #182, .T. ) ;
#2282 = VERTEX_POINT ( 'NONE', #25 ) ;
#2283 = DIRECTION ( 'NONE',  ( 0.000000000000000000, 1.000000000000000000, 0.000000000000000000 ) ) ;
#2284 = ORIENTED_EDGE ( 'NONE', *, *, #2752, .T. ) ;
#2285 = AXIS2_PLACEMENT_3D ( 'NONE', #1882, #2947, #803 ) ;
#2286 = ORIENTED_EDGE ( 'NONE', *, *, #2648, .F. ) ;
#2287 = CARTESIAN_POINT ( 'NONE',  ( -19.00000000000000000, 2.000000000000000000, 2.500000000000066613 ) ) ;
#2288 = DIRECTION ( 'NONE',  ( 0.000000000000000000, 0.000000000000000000, 1.000000000000000000 ) ) ;
#2289 = EDGE_LOOP ( 'NONE', ( #2039, #1793, #3033, #293 ) ) ;
#2290 = DIRECTION ( 'NONE',  ( 0.000000000000000000, 0.000000000000000000, 1.000000000000000000 ) ) ;
#2291 = CIRCLE ( 'NONE', #1765, 2.500000000000000000 ) ;
#2292 = CARTESIAN_POINT ( 'NONE',  ( -13.43502884254442620, 2.000000000000000000, -13.43502884254438001 ) ) ;
#2293 = DIRECTION ( 'NONE',  ( 0.000000000000000000, 0.000000000000000000, 1.000000000000000000 ) ) ;
#2294 = ORIENTED_EDGE ( 'NONE', *, *, #154, .F. ) ;
#2295 = CARTESIAN_POINT ( 'NONE',  ( 19.00000000000000000, 0.1250000000000001110, -1.125000000000199174 ) ) ;
#2296 = EDGE_LOOP ( 'NONE', ( #844, #2762, #2046, #3338, #2055, #201 ) ) ;
#2297 = ADVANCED_FACE ( 'NONE', ( #290 ), #1869, .F. ) ;
#2298 = DIRECTION ( 'NONE',  ( 1.000000000000000000, -0.000000000000000000, 1.224646799147353207E-16 ) ) ;
#2299 = VERTEX_POINT ( 'NONE', #781 ) ;
#2300 = CIRCLE ( 'NONE', #1006, 1.625000000000001332 ) ;
#2301 = CIRCLE ( 'NONE', #892, 2.499999999999998668 ) ;
#2302 = EDGE_LOOP ( 'NONE', ( #2593, #1221, #3208, #2772 ) ) ;
#2303 = LINE ( 'NONE', #2087, #3004 ) ;
#2304 = CARTESIAN_POINT ( 'NONE',  ( 13.43502884254423968, 2.000000000000000000, -13.43502884254456475 ) ) ;
#2305 = ORIENTED_EDGE ( 'NONE', *, *, #259, .T. ) ;
#2306 = DIRECTION ( 'NONE',  ( 0.000000000000000000, 0.000000000000000000, 1.000000000000000000 ) ) ;
#2307 = CARTESIAN_POINT ( 'NONE',  ( -1.160023427649297486E-13, 2.976602387146776607, 21.97660238714678371 ) ) ;
#2308 = FACE_OUTER_BOUND ( 'NONE', #2687, .T. ) ;
#2309 = CARTESIAN_POINT ( 'NONE',  ( 1.456779979978725104, 3.000000000000000000, -21.62255449703780741 ) ) ;
#2310 = CARTESIAN_POINT ( 'NONE',  ( -15.71856132400552220, 2.976611622188835238, 15.36094789068003941 ) ) ;
#2311 = DIRECTION ( 'NONE',  ( 0.000000000000000000, 1.000000000000000000, 0.000000000000000000 ) ) ;
#2312 = EDGE_CURVE ( 'NONE', #3161, #196, #490, .T. ) ;
#2313 = ORIENTED_EDGE ( 'NONE', *, *, #3104, .T. ) ;
#2314 = EDGE_CURVE ( 'NONE', #589, #2859, #823, .T. ) ;
#2315 = CLOSED_SHELL ( 'NONE', ( #1672, #2919, #3177, #2404, #160, #1986, #3093, #1205, #3076, #2271, #29, #3078, #1061, #1912, #1706, #1592, #1368, #2761, #2318, #2212, #1570, #930, #987, #1388, #2058, #1729, #1507, #1470, #1827, #357, #2124, #2297, #660, #1434, #755, #1134, #1834, #3044, #1099, #1274, #3186, #1007, #1167, #382, #3097, #1396, #1206, #3373, #1012, #1306, #1775, #1750, #2695, #447, #1573, #2429, #840, #465, #1791, #650, #503, #3293, #2605, #197, #2023, #2526, #1617, #2204, #2425, #1615, #216, #3055, #1501, #291, #2811, #94, #952, #3385, #1679, #328, #3265, #1329, #2420, #4, #2085, #1216, #3000, #2998, #2215, #2734, #84, #2161, #163, #2518, #1711, #2790, #2059, #1103, #2084, #1188, #1015, #34, #1037, #2630, #696, #2141, #95, #2249, #2196, #1223, #269, #85, #1035, #1918 ) ) ;
#2316 = CARTESIAN_POINT ( 'NONE',  ( 0.000000000000000000, 2.499999999999988898, -16.50000000000000000 ) ) ;
#2317 = VERTEX_POINT ( 'NONE', #2603 ) ;
#2318 = ADVANCED_FACE ( 'NONE', ( #1588 ), #3036, .F. ) ;
#2319 = AXIS2_PLACEMENT_3D ( 'NONE', #2996, #1217, #3066 ) ;
#2320 = DIRECTION ( 'NONE',  ( -0.000000000000000000, 1.000000000000000000, 0.000000000000000000 ) ) ;
#2321 = AXIS2_PLACEMENT_3D ( 'NONE', #3193, #367, #2177 ) ;
#2322 = VERTEX_POINT ( 'NONE', #1076 ) ;
#2323 = ORIENTED_EDGE ( 'NONE', *, *, #1315, .F. ) ;
#2324 = DIRECTION ( 'NONE',  ( 0.000000000000000000, 0.000000000000000000, 1.000000000000000000 ) ) ;
#2325 = FACE_OUTER_BOUND ( 'NONE', #2864, .T. ) ;
#2326 = VERTEX_POINT ( 'NONE', #2622 ) ;
#2327 = DIRECTION ( 'NONE',  ( -0.000000000000000000, 1.000000000000000000, -0.000000000000000000 ) ) ;
#2328 = DIRECTION ( 'NONE',  ( 0.000000000000000000, 0.000000000000000000, 1.000000000000000000 ) ) ;
#2329 = CIRCLE ( 'NONE', #2268, 3.000000000000009770 ) ;
#2330 = EDGE_LOOP ( 'NONE', ( #1977, #2510, #3025, #3367 ) ) ;
#2331 = ORIENTED_EDGE ( 'NONE', *, *, #1530, .T. ) ;
#2332 = DIRECTION ( 'NONE',  ( -0.000000000000000000, 1.000000000000000000, -0.000000000000000000 ) ) ;
#2333 = DIRECTION ( 'NONE',  ( 0.000000000000000000, 0.000000000000000000, 1.000000000000000000 ) ) ;
#2334 = CARTESIAN_POINT ( 'NONE',  ( 0.000000000000000000, 1.500000000000000000, 0.000000000000000000 ) ) ;
#2335 = DIRECTION ( 'NONE',  ( 0.000000000000000000, 0.000000000000000000, 1.000000000000000000 ) ) ;
#2336 = VERTEX_POINT ( 'NONE', #3149 ) ;
#2337 = VERTEX_POINT ( 'NONE', #1566 ) ;
#2338 = DIRECTION ( 'NONE',  ( -3.469446951953602750E-15, 0.000000000000000000, 1.000000000000000000 ) ) ;
#2339 = CIRCLE ( 'NONE', #497, 0.1250000000000001110 ) ;
#2340 = CARTESIAN_POINT ( 'NONE',  ( 0.000000000000000000, 3.000000000000000000, -15.00000000000000000 ) ) ;
#2341 = EDGE_CURVE ( 'NONE', #3187, #2337, #2031, .T. ) ;
#2342 = EDGE_LOOP ( 'NONE', ( #2284, #2860, #1572, #1916 ) ) ;
#2343 = AXIS2_PLACEMENT_3D ( 'NONE', #2241, #994, #3317 ) ;
#2344 = CARTESIAN_POINT ( 'NONE',  ( 2.900773314269888124E-15, 1.813388347648322352, 23.68661165235167942 ) ) ;
#2345 = CARTESIAN_POINT ( 'NONE',  ( 21.97653172165397351, 2.976611622188832129, 0.2528708837477497418 ) ) ;
#2346 = DIRECTION ( 'NONE',  ( 0.000000000000000000, 0.000000000000000000, 1.000000000000000000 ) ) ;
#2347 = AXIS2_PLACEMENT_3D ( 'NONE', #3257, #2437, #3222 ) ;
#2348 = DIRECTION ( 'NONE',  ( -0.000000000000000000, 1.000000000000000000, -0.000000000000000000 ) ) ;
#2349 = DIRECTION ( 'NONE',  ( 0.000000000000000000, 1.000000000000000000, 0.000000000000000000 ) ) ;
#2350 = CARTESIAN_POINT ( 'NONE',  ( 13.43502884254423968, 1.500000000000016875, -13.43502884254456475 ) ) ;
#2351 = AXIS2_PLACEMENT_3D ( 'NONE', #2774, #111, #1554 ) ;
#2352 = VERTEX_POINT ( 'NONE', #1639 ) ;
#2353 = CARTESIAN_POINT ( 'NONE',  ( 13.43502884254423968, 2.000000000000000000, -13.43502884254456475 ) ) ;
#2354 = ORIENTED_EDGE ( 'NONE', *, *, #2556, .F. ) ;
#2355 = CARTESIAN_POINT ( 'NONE',  ( -13.43502884254442620, 1.500000000000016875, -13.43502884254438001 ) ) ;
#2356 = EDGE_CURVE ( 'NONE', #2025, #2519, #1302, .T. ) ;
#2357 = ORIENTED_EDGE ( 'NONE', *, *, #288, .T. ) ;
#2358 = DIRECTION ( 'NONE',  ( 0.000000000000000000, 0.000000000000000000, 1.000000000000000000 ) ) ;
#2359 = ORIENTED_EDGE ( 'NONE', *, *, #2128, .F. ) ;
#2360 = CARTESIAN_POINT ( 'NONE',  ( 3.673940397442071208E-16, 3.000000000000000000, 15.99999999999998934 ) ) ;
#2361 = DIRECTION ( 'NONE',  ( 0.000000000000000000, 1.000000000000000000, -0.000000000000000000 ) ) ;
#2362 = CIRCLE ( 'NONE', #891, 2.500000000000000888 ) ;
#2363 = CIRCLE ( 'NONE', #2045, 0.1250000000000001110 ) ;
#2364 = DIRECTION ( 'NONE',  ( 0.000000000000000000, 0.7071067811865456854, 0.7071067811865493491 ) ) ;
#2365 = AXIS2_PLACEMENT_3D ( 'NONE', #3101, #485, #1541 ) ;
#2366 = CARTESIAN_POINT ( 'NONE',  ( 0.000000000000000000, 0.1250000000000001110, 19.00000000000000000 ) ) ;
#2367 = DIRECTION ( 'NONE',  ( 0.000000000000000000, 1.000000000000000000, 0.000000000000000000 ) ) ;
#2368 = ORIENTED_EDGE ( 'NONE', *, *, #1992, .F. ) ;
#2369 = DIRECTION ( 'NONE',  ( 0.000000000000000000, -1.000000000000000000, 0.000000000000000000 ) ) ;
#2370 = DIRECTION ( 'NONE',  ( 0.000000000000000000, -1.000000000000000000, 0.000000000000000000 ) ) ;
#2371 = AXIS2_PLACEMENT_3D ( 'NONE', #1822, #278, #925 ) ;
#2372 = VERTEX_POINT ( 'NONE', #3133 ) ;
#2373 = APPLICATION_PROTOCOL_DEFINITION ( 'draft international standard', 'automotive_design', 1998, #908 ) ;
#2374 = VERTEX_POINT ( 'NONE', #766 ) ;
#2375 = CIRCLE ( 'NONE', #1526, 1.624999999999985789 ) ;
#2376 = AXIS2_PLACEMENT_3D ( 'NONE', #2292, #477, #3130 ) ;
#2377 = CARTESIAN_POINT ( 'NONE',  ( -19.00000000000000000, 2.499999999999988898, 2.500000000000066613 ) ) ;
#2378 = ORIENTED_EDGE ( 'NONE', *, *, #2038, .T. ) ;
#2379 = DIRECTION ( 'NONE',  ( 0.7071067811865436870, 0.000000000000000000, -0.7071067811865512365 ) ) ;
#2380 = DIRECTION ( 'NONE',  ( 0.000000000000000000, 0.000000000000000000, 1.000000000000000000 ) ) ;
#2381 = VERTEX_POINT ( 'NONE', #2122 ) ;
#2382 = DIRECTION ( 'NONE',  ( 0.000000000000000000, 0.000000000000000000, 1.000000000000000000 ) ) ;
#2383 = CARTESIAN_POINT ( 'NONE',  ( 0.000000000000000000, 0.1250000000000001110, -17.50000000000000355 ) ) ;
#2384 = EDGE_CURVE ( 'NONE', #2457, #1020, #1207, .T. ) ;
#2385 = VERTEX_POINT ( 'NONE', #3165 ) ;
#2386 = CARTESIAN_POINT ( 'NONE',  ( 0.000000000000000000, 1.475000000000000089, 0.000000000000000000 ) ) ;
#2387 = CARTESIAN_POINT ( 'NONE',  ( 0.000000000000000000, 0.1250000000000001110, -17.87500000000000000 ) ) ;
#2388 = CIRCLE ( 'NONE', #2967, 3.000000000000009770 ) ;
#2389 = ORIENTED_EDGE ( 'NONE', *, *, #1460, .T. ) ;
#2390 = B_SPLINE_CURVE_WITH_KNOTS ( 'NONE', 3,
 ( #2434, #1925, #324, #113, #3250, #3203 ),
 .UNSPECIFIED., .F., .F.,
 ( 4, 2, 4 ),
 ( 0.001508919887863520611, 0.002262439793425011659, 0.003015959698986502707 ),
 .UNSPECIFIED. ) ;
#2391 = CARTESIAN_POINT ( 'NONE',  ( 2.863983380466902542E-15, 2.414213562373090927, 23.08578643762691485 ) ) ;
#2392 = ORIENTED_EDGE ( 'NONE', *, *, #23, .F. ) ;
#2393 = AXIS2_PLACEMENT_3D ( 'NONE', #854, #2979, #1917 ) ;
#2394 = CARTESIAN_POINT ( 'NONE',  ( 13.43502884254452034, 0.1250000000000001110, 12.18502884254428409 ) ) ;
#2395 = CARTESIAN_POINT ( 'NONE',  ( -14.25935590889139171, 3.000000000000000000, -16.31955391397083943 ) ) ;
#2396 = CARTESIAN_POINT ( 'NONE',  ( 0.000000000000000000, 2.499999999999988898, -16.50000000000000000 ) ) ;
#2397 = CIRCLE ( 'NONE', #2029, 1.250000000000001110 ) ;
#2398 = VERTEX_POINT ( 'NONE', #2383 ) ;
#2399 = CARTESIAN_POINT ( 'NONE',  ( -13.43502884254442620, 3.000000000000000000, -13.43502884254438001 ) ) ;
#2400 = AXIS2_PLACEMENT_3D ( 'NONE', #605, #363, #843 ) ;
#2401 = VECTOR ( 'NONE', #69, 1000.000000000000000 ) ;
#2402 = CARTESIAN_POINT ( 'NONE',  ( -13.43502884254433027, 2.000000000000000000, 15.06002884254445995 ) ) ;
#2403 = DIRECTION ( 'NONE',  ( 0.000000000000000000, 0.000000000000000000, 1.000000000000000000 ) ) ;
#2404 = ADVANCED_FACE ( 'NONE', ( #561 ), #2977, .T. ) ;
#2405 = AXIS2_PLACEMENT_3D ( 'NONE', #1452, #2079, #1727 ) ;
#2406 = EDGE_CURVE ( 'NONE', #3187, #212, #2927, .T. ) ;
#2407 = DIRECTION ( 'NONE',  ( -0.000000000000000000, 1.000000000000000000, -0.000000000000000000 ) ) ;
#2408 = ORIENTED_EDGE ( 'NONE', *, *, #2456, .F. ) ;
#2409 = EDGE_CURVE ( 'NONE', #1529, #886, #1494, .T. ) ;
#2410 = ORIENTED_EDGE ( 'NONE', *, *, #1418, .T. ) ;
#2411 = DIRECTION ( 'NONE',  ( 0.000000000000000000, 1.000000000000000000, 0.000000000000000000 ) ) ;
#2412 = ORIENTED_EDGE ( 'NONE', *, *, #2276, .T. ) ;
#2413 = CARTESIAN_POINT ( 'NONE',  ( 0.000000000000000000, 1.500000000000000000, 0.000000000000000000 ) ) ;
#2414 = CARTESIAN_POINT ( 'NONE',  ( -14.73221872291479428, 2.992312812373500108, -16.14336284833978397 ) ) ;
#2415 = FACE_OUTER_BOUND ( 'NONE', #2464, .T. ) ;
#2416 = CIRCLE ( 'NONE', #1393, 1.125000000000000888 ) ;
#2417 = ORIENTED_EDGE ( 'NONE', *, *, #836, .F. ) ;
#2418 = TOROIDAL_SURFACE ( 'NONE', #1673, 23.59822330470335672, 0.1250000000000000000 ) ;
#2419 = DIRECTION ( 'NONE',  ( 0.000000000000000000, 0.000000000000000000, 1.000000000000000000 ) ) ;
#2420 = ADVANCED_FACE ( 'NONE', ( #2644 ), #153, .F. ) ;
#2421 = VECTOR ( 'NONE', #2082, 1000.000000000000000 ) ;
#2422 = EDGE_CURVE ( 'NONE', #428, #482, #604, .T. ) ;
#2423 = CARTESIAN_POINT ( 'NONE',  ( 0.000000000000000000, 0.000000000000000000, 0.000000000000000000 ) ) ;
#2424 = DIRECTION ( 'NONE',  ( 0.000000000000000000, 1.000000000000000000, -0.000000000000000000 ) ) ;
#2425 = ADVANCED_FACE ( 'NONE', ( #2962 ), #1913, .F. ) ;
#2426 = AXIS2_PLACEMENT_3D ( 'NONE', #3347, #1947, #2784 ) ;
#2427 = EDGE_LOOP ( 'NONE', ( #2833, #3124, #3327, #2966 ) ) ;
#2428 = FACE_OUTER_BOUND ( 'NONE', #2100, .T. ) ;
#2429 = ADVANCED_FACE ( 'NONE', ( #346 ), #2475, .F. ) ;
#2430 = FACE_BOUND ( 'NONE', #2446, .T. ) ;
#2431 = AXIS2_PLACEMENT_3D ( 'NONE', #452, #2032, #2834 ) ;
#2432 = EDGE_LOOP ( 'NONE', ( #2066, #2719, #1394, #2650 ) ) ;
#2433 = TOROIDAL_SURFACE ( 'NONE', #2208, 1.250000000000000222, 0.1250000000000000000 ) ;
#2434 = CARTESIAN_POINT ( 'NONE',  ( -1.160023427649297486E-13, 2.976602387146776607, 21.97660238714678371 ) ) ;
#2435 = ORIENTED_EDGE ( 'NONE', *, *, #23, .T. ) ;
#2436 = CARTESIAN_POINT ( 'NONE',  ( 1.990051048614448623E-16, 2.000000000000000000, -20.62499999999999645 ) ) ;
#2437 = DIRECTION ( 'NONE',  ( 0.000000000000000000, 1.000000000000000000, -0.000000000000000000 ) ) ;
#2438 = AXIS2_PLACEMENT_3D ( 'NONE', #1424, #881, #897 ) ;
#2439 = ORIENTED_EDGE ( 'NONE', *, *, #1694, .T. ) ;
#2440 = ORIENTED_EDGE ( 'NONE', *, *, #3145, .T. ) ;
#2441 = CARTESIAN_POINT ( 'NONE',  ( 0.000000000000000000, 3.000000000000000000, 0.000000000000000000 ) ) ;
#2442 = FACE_BOUND ( 'NONE', #1116, .T. ) ;
#2443 = DIRECTION ( 'NONE',  ( 0.000000000000000000, 0.000000000000000000, 1.000000000000000000 ) ) ;
#2444 = DIRECTION ( 'NONE',  ( 0.000000000000000000, 0.000000000000000000, 1.000000000000000000 ) ) ;
#2445 = EDGE_CURVE ( 'NONE', #1697, #2751, #2521, .T. ) ;
#2446 = EDGE_LOOP ( 'NONE', ( #126, #3136 ) ) ;
#2447 = CARTESIAN_POINT ( 'NONE',  ( 0.000000000000000000, 2.000000000000000000, 19.00000000000000000 ) ) ;
#2448 = CARTESIAN_POINT ( 'NONE',  ( -13.43502884254433027, 2.500000000000015987, 13.43502884254447416 ) ) ;
#2449 = EDGE_LOOP ( 'NONE', ( #2910, #2846, #1365, #1662 ) ) ;
#2450 = FACE_OUTER_BOUND ( 'NONE', #2449, .T. ) ;
#2451 = CIRCLE ( 'NONE', #3344, 17.50000000000000355 ) ;
#2452 = LINE ( 'NONE', #1651, #636 ) ;
#2453 = TOROIDAL_SURFACE ( 'NONE', #1752, 15.12500000000000000, 0.1250000000000000000 ) ;
#2454 = CARTESIAN_POINT ( 'NONE',  ( 0.000000000000000000, 3.000000000000000000, 0.000000000000000000 ) ) ;
#2455 = CARTESIAN_POINT ( 'NONE',  ( 2.525834023241415981E-15, 1.600000000000000311, 20.62500000000000000 ) ) ;
#2456 = EDGE_CURVE ( 'NONE', #2270, #834, #1123, .T. ) ;
#2457 = VERTEX_POINT ( 'NONE', #1142 ) ;
#2458 = DIRECTION ( 'NONE',  ( -0.000000000000000000, -1.000000000000000000, -0.000000000000000000 ) ) ;
#2459 = CARTESIAN_POINT ( 'NONE',  ( 19.00000000000000000, -14.00000000000000533, -1.125000000000199174 ) ) ;
#2460 = CIRCLE ( 'NONE', #1606, 2.500000000000000000 ) ;
#2461 = AXIS2_PLACEMENT_3D ( 'NONE', #2076, #256, #2335 ) ;
#2462 = CARTESIAN_POINT ( 'NONE',  ( 0.000000000000000000, 0.000000000000000000, 0.000000000000000000 ) ) ;
#2463 = DIRECTION ( 'NONE',  ( 0.000000000000000000, 0.7071067811865422437, 0.7071067811865526798 ) ) ;
#2464 = EDGE_LOOP ( 'NONE', ( #2099, #2786, #42, #695 ) ) ;
#2465 = AXIS2_PLACEMENT_3D ( 'NONE', #2174, #2411, #2957 ) ;
#2466 = ORIENTED_EDGE ( 'NONE', *, *, #624, .F. ) ;
#2467 = DIRECTION ( 'NONE',  ( 1.000000000000000000, -0.000000000000000000, 1.224646799147353207E-16 ) ) ;
#2468 = DIRECTION ( 'NONE',  ( 0.000000000000000000, 0.000000000000000000, 1.000000000000000000 ) ) ;
#2469 = ORIENTED_EDGE ( 'NONE', *, *, #492, .T. ) ;
#2470 = CARTESIAN_POINT ( 'NONE',  ( 19.00000000000000000, 2.000000000000001776, -1.625000000000186517 ) ) ;
#2471 = ORIENTED_EDGE ( 'NONE', *, *, #599, .T. ) ;
#2472 = EDGE_CURVE ( 'NONE', #1267, #2527, #2748, .T. ) ;
#2473 = ORIENTED_EDGE ( 'NONE', *, *, #114, .T. ) ;
#2474 = CARTESIAN_POINT ( 'NONE',  ( -16.31955391397089272, 3.000000000000000000, -14.25935590889133486 ) ) ;
#2475 = CYLINDRICAL_SURFACE ( 'NONE', #264, 1.124999999999999334 ) ;
#2476 = CARTESIAN_POINT ( 'NONE',  ( 0.000000000000000000, 2.000000000000000000, 19.00000000000000000 ) ) ;
#2477 = DIRECTION ( 'NONE',  ( 0.000000000000000000, 0.000000000000000000, 1.000000000000000000 ) ) ;
#2478 = LINE ( 'NONE', #1962, #2895 ) ;
#2479 = CARTESIAN_POINT ( 'NONE',  ( 0.000000000000000000, 1.500000000000000000, 0.000000000000000000 ) ) ;
#2480 = CARTESIAN_POINT ( 'NONE',  ( 13.43502884254452034, 2.000000000000000000, 13.43502884254428587 ) ) ;
#2481 = EDGE_CURVE ( 'NONE', #556, #834, #3237, .T. ) ;
#2482 = VECTOR ( 'NONE', #1710, 1000.000000000000000 ) ;
#2483 = CYLINDRICAL_SURFACE ( 'NONE', #1786, 1.125000000000000888 ) ;
#2484 = CIRCLE ( 'NONE', #2198, 23.59822330470335672 ) ;
#2485 = CARTESIAN_POINT ( 'NONE',  ( 0.000000000000000000, 0.1249999999999998890, 0.000000000000000000 ) ) ;
#2486 = VERTEX_POINT ( 'NONE', #1927 ) ;
#2487 = CARTESIAN_POINT ( 'NONE',  ( 0.000000000000000000, 3.000000000000000000, 0.000000000000000000 ) ) ;
#2488 = CARTESIAN_POINT ( 'NONE',  ( 0.000000000000000000, 0.1250000000000001110, -17.75000000000000000 ) ) ;
#2489 = ORIENTED_EDGE ( 'NONE', *, *, #1956, .T. ) ;
#2490 = CARTESIAN_POINT ( 'NONE',  ( 13.43502884254452034, 2.000000000000000000, 13.43502884254428587 ) ) ;
#2491 = AXIS2_PLACEMENT_3D ( 'NONE', #1446, #151, #2743 ) ;
#2492 = CARTESIAN_POINT ( 'NONE',  ( -13.43502884254433027, 3.000000000000000000, 16.43502884254445817 ) ) ;
#2493 = DIRECTION ( 'NONE',  ( -0.000000000000000000, 1.000000000000000000, -0.000000000000000000 ) ) ;
#2494 = CIRCLE ( 'NONE', #1577, 20.50000000000000000 ) ;
#2495 = AXIS2_PLACEMENT_3D ( 'NONE', #1043, #1228, #3091 ) ;
#2496 = DIRECTION ( 'NONE',  ( 0.000000000000000000, 1.000000000000000000, 0.000000000000000000 ) ) ;
#2497 = VECTOR ( 'NONE', #2767, 1000.000000000000000 ) ;
#2498 = EDGE_CURVE ( 'NONE', #1894, #2527, #1959, .T. ) ;
#2499 = EDGE_CURVE ( 'NONE', #2272, #3349, #1437, .T. ) ;
#2500 = FACE_OUTER_BOUND ( 'NONE', #3289, .T. ) ;
#2501 = DIRECTION ( 'NONE',  ( 0.000000000000000000, 0.000000000000000000, -1.000000000000000000 ) ) ;
#2502 = FACE_OUTER_BOUND ( 'NONE', #254, .T. ) ;
#2503 = EDGE_LOOP ( 'NONE', ( #277, #1307, #2560, #2798 ) ) ;
#2504 = DIRECTION ( 'NONE',  ( -0.000000000000000000, 1.000000000000000000, 0.000000000000000000 ) ) ;
#2505 = AXIS2_PLACEMENT_3D ( 'NONE', #1479, #1730, #1169 ) ;
#2506 = DIRECTION ( 'NONE',  ( -1.000000000000000000, -0.000000000000000000, -0.000000000000000000 ) ) ;
#2507 = CARTESIAN_POINT ( 'NONE',  ( 19.00000000000000000, 2.499999999999988898, -2.500000000000198952 ) ) ;
#2508 = DIRECTION ( 'NONE',  ( -0.000000000000000000, 1.000000000000000000, -0.000000000000000000 ) ) ;
#2509 = VERTEX_POINT ( 'NONE', #2988 ) ;
#2510 = ORIENTED_EDGE ( 'NONE', *, *, #3306, .F. ) ;
#2511 = CARTESIAN_POINT ( 'NONE',  ( 1.233765644081298962, 2.999999999999999556, -21.74643479014537917 ) ) ;
#2512 = CARTESIAN_POINT ( 'NONE',  ( -1.456779979978725104, 3.000000000000000000, 21.62255449703780741 ) ) ;
#2513 = AXIS2_PLACEMENT_3D ( 'NONE', #2386, #3182, #3135 ) ;
#2514 = LINE ( 'NONE', #1191, #1413 ) ;
#2515 = CARTESIAN_POINT ( 'NONE',  ( 19.00000000000000000, 2.499999999999988898, -1.990144363140586139E-13 ) ) ;
#2516 = VECTOR ( 'NONE', #2766, 1000.000000000000000 ) ;
#2517 = CARTESIAN_POINT ( 'NONE',  ( -19.00000000000000000, -14.00000000000000533, -1.124999999999933831 ) ) ;
#2518 = ADVANCED_FACE ( 'NONE', ( #1425 ), #3081, .F. ) ;
#2519 = VERTEX_POINT ( 'NONE', #2693 ) ;
#2520 = AXIS2_PLACEMENT_3D ( 'NONE', #2785, #3077, #1735 ) ;
#2521 = CIRCLE ( 'NONE', #2810, 21.67157287525381548 ) ;
#2522 = EDGE_LOOP ( 'NONE', ( #983, #615, #996, #268 ) ) ;
#2523 = CARTESIAN_POINT ( 'NONE',  ( 0.000000000000000000, 2.499999999999988898, 19.00000000000000000 ) ) ;
#2524 = CARTESIAN_POINT ( 'NONE',  ( 0.000000000000000000, 2.414213562373090927, -23.08578643762691485 ) ) ;
#2525 = ORIENTED_EDGE ( 'NONE', *, *, #3242, .T. ) ;
#2526 = ADVANCED_FACE ( 'NONE', ( #2415 ), #1712, .F. ) ;
#2527 = VERTEX_POINT ( 'NONE', #622 ) ;
#2528 = CARTESIAN_POINT ( 'NONE',  ( -1.160023427649297486E-13, 2.976602387146776607, 21.97660238714678371 ) ) ;
#2529 = ORIENTED_EDGE ( 'NONE', *, *, #2661, .F. ) ;
#2530 = FACE_OUTER_BOUND ( 'NONE', #635, .T. ) ;
#2531 = CARTESIAN_POINT ( 'NONE',  ( -13.43502884254433027, 0.1250000000000001110, 13.43502884254447416 ) ) ;
#2532 = DIRECTION ( 'NONE',  ( 8.881784197001252323E-16, 0.000000000000000000, 1.000000000000000000 ) ) ;
#2533 = EDGE_CURVE ( 'NONE', #257, #525, #327, .T. ) ;
#2534 = ORIENTED_EDGE ( 'NONE', *, *, #2063, .T. ) ;
#2535 = CIRCLE ( 'NONE', #1333, 15.50000000000000000 ) ;
#2536 = CARTESIAN_POINT ( 'NONE',  ( -19.00000000000000000, 1.499999999999996225, -1.124999999999933831 ) ) ;
#2537 =( NAMED_UNIT ( * ) PLANE_ANGLE_UNIT ( ) SI_UNIT ( $, .RADIAN. ) );
#2538 = TOROIDAL_SURFACE ( 'NONE', #2989, 17.62500000000000355, 0.1250000000000000000 ) ;
#2539 = CARTESIAN_POINT ( 'NONE',  ( 0.000000000000000000, 3.000000000000000000, 0.000000000000000000 ) ) ;
#2540 = EDGE_LOOP ( 'NONE', ( #1884, #1018, #611, #484 ) ) ;
#2541 = AXIS2_PLACEMENT_3D ( 'NONE', #2423, #1416, #1676 ) ;
#2542 = VERTEX_POINT ( 'NONE', #3207 ) ;
#2543 = DIRECTION ( 'NONE',  ( 0.000000000000000000, 0.000000000000000000, 1.000000000000000000 ) ) ;
#2544 = CARTESIAN_POINT ( 'NONE',  ( 13.43502884254452034, -14.00000000000000533, 14.56002884254428764 ) ) ;
#2545 = ORIENTED_EDGE ( 'NONE', *, *, #1814, .T. ) ;
#2546 = FACE_OUTER_BOUND ( 'NONE', #281, .T. ) ;
#2547 = AXIS2_PLACEMENT_3D ( 'NONE', #1400, #3229, #2572 ) ;
#2548 = DIRECTION ( 'NONE',  ( 0.000000000000000000, 0.000000000000000000, 1.000000000000000000 ) ) ;
#2549 = AXIS2_PLACEMENT_3D ( 'NONE', #1277, #2107, #1858 ) ;
#2550 = AXIS2_PLACEMENT_3D ( 'NONE', #2638, #815, #271 ) ;
#2551 = ORIENTED_EDGE ( 'NONE', *, *, #3306, .T. ) ;
#2552 = CIRCLE ( 'NONE', #3381, 1.125000000000000888 ) ;
#2553 = CIRCLE ( 'NONE', #76, 2.500000000000000000 ) ;
#2554 = VERTEX_POINT ( 'NONE', #89 ) ;
#2555 = EDGE_CURVE ( 'NONE', #2753, #2574, #1704, .T. ) ;
#2556 = EDGE_CURVE ( 'NONE', #2272, #438, #3285, .T. ) ;
#2557 = DIRECTION ( 'NONE',  ( 0.000000000000000000, 1.000000000000000000, 0.000000000000000000 ) ) ;
#2558 = EDGE_LOOP ( 'NONE', ( #2596, #2281, #2883, #720 ) ) ;
#2559 = DIRECTION ( 'NONE',  ( -0.000000000000000000, -1.000000000000000000, -0.000000000000000000 ) ) ;
#2560 = ORIENTED_EDGE ( 'NONE', *, *, #922, .F. ) ;
#2561 = DIRECTION ( 'NONE',  ( -0.000000000000000000, -1.000000000000000000, -0.000000000000000000 ) ) ;
#2562 = CARTESIAN_POINT ( 'NONE',  ( 0.000000000000000000, 1.500000000000000000, 0.000000000000000000 ) ) ;
#2563 = ORIENTED_EDGE ( 'NONE', *, *, #3167, .F. ) ;
#2564 = CARTESIAN_POINT ( 'NONE',  ( -19.00000000000000000, 2.000000000000000000, 1.625000000000073053 ) ) ;
#2565 = FACE_OUTER_BOUND ( 'NONE', #3105, .T. ) ;
#2566 = CARTESIAN_POINT ( 'NONE',  ( 0.000000000000000000, 1.724999999999999867, -23.59822330470335672 ) ) ;
#2567 = ORIENTED_EDGE ( 'NONE', *, *, #1480, .T. ) ;
#2568 = EDGE_LOOP ( 'NONE', ( #2563, #1346, #2683, #1081 ) ) ;
#2569 = DIRECTION ( 'NONE',  ( 0.000000000000000000, -0.7071067811865507924, -0.7071067811865441310 ) ) ;
#2570 = CARTESIAN_POINT ( 'NONE',  ( 3.061616997868384620E-16, 2.000000000000000000, 16.50000000000000000 ) ) ;
#2571 = EDGE_LOOP ( 'NONE', ( #3337, #718 ) ) ;
#2572 = DIRECTION ( 'NONE',  ( 0.000000000000000000, 0.000000000000000000, 1.000000000000000000 ) ) ;
#2573 = CONICAL_SURFACE ( 'NONE', #2137, 1.624999999999987566, 0.7853981633974509435 ) ;
#2574 = VERTEX_POINT ( 'NONE', #847 ) ;
#2575 = AXIS2_PLACEMENT_3D ( 'NONE', #1045, #1092, #3377 ) ;
#2576 = DIRECTION ( 'NONE',  ( 0.000000000000000000, 1.000000000000000000, 0.000000000000000000 ) ) ;
#2577 = DIRECTION ( 'NONE',  ( -0.7071067811865389130, 0.000000000000000000, 0.7071067811865562325 ) ) ;
#2578 = VERTEX_POINT ( 'NONE', #1899 ) ;
#2579 = DIRECTION ( 'NONE',  ( 0.000000000000000000, 1.000000000000000000, 0.000000000000000000 ) ) ;
#2580 = EDGE_CURVE ( 'NONE', #794, #3001, #661, .T. ) ;
#2581 = EDGE_CURVE ( 'NONE', #1799, #2753, #1445, .T. ) ;
#2582 = CONICAL_SURFACE ( 'NONE', #1502, 2.499999999999998668, 0.7853981633974500554 ) ;
#2583 = FACE_BOUND ( 'NONE', #2571, .T. ) ;
#2584 = CARTESIAN_POINT ( 'NONE',  ( -19.00000000000000000, 5.421010862427522170E-17, 1.250000000000066613 ) ) ;
#2585 = FACE_BOUND ( 'NONE', #1179, .T. ) ;
#2586 = EDGE_LOOP ( 'NONE', ( #1258, #1805, #3134, #2715 ) ) ;
#2587 = DIRECTION ( 'NONE',  ( 0.000000000000000000, -1.000000000000000000, 0.000000000000000000 ) ) ;
#2588 = ORIENTED_EDGE ( 'NONE', *, *, #1814, .F. ) ;
#2589 = DIRECTION ( 'NONE',  ( 0.000000000000000000, 0.000000000000000000, 1.000000000000000000 ) ) ;
#2590 = AXIS2_PLACEMENT_3D ( 'NONE', #3280, #2236, #2203 ) ;
#2591 = DIRECTION ( 'NONE',  ( 0.000000000000000000, 0.000000000000000000, 1.000000000000000000 ) ) ;
#2592 = AXIS2_PLACEMENT_3D ( 'NONE', #3002, #1660, #637 ) ;
#2593 = ORIENTED_EDGE ( 'NONE', *, *, #1096, .F. ) ;
#2594 = DIRECTION ( 'NONE',  ( 0.000000000000000000, 0.000000000000000000, 1.000000000000000000 ) ) ;
#2595 = DIRECTION ( 'NONE',  ( -0.000000000000000000, 1.000000000000000000, 0.000000000000000000 ) ) ;
#2596 = ORIENTED_EDGE ( 'NONE', *, *, #2193, .F. ) ;
#2597 = DIRECTION ( 'NONE',  ( 0.000000000000000000, 0.000000000000000000, -1.000000000000000000 ) ) ;
#2598 = CARTESIAN_POINT ( 'NONE',  ( 13.43502884254423968, 2.000000000000000000, -15.06002884254454877 ) ) ;
#2599 = AXIS2_PLACEMENT_3D ( 'NONE', #195, #754, #2042 ) ;
#2600 = CARTESIAN_POINT ( 'NONE',  ( -13.43502884254433027, 2.000000000000000000, 13.43502884254447416 ) ) ;
#2601 = CARTESIAN_POINT ( 'NONE',  ( 3.061616997868384620E-16, 2.000000000000000000, -21.50000000000000000 ) ) ;
#2602 = CARTESIAN_POINT ( 'NONE',  ( -13.43502884254433027, 2.000000000000001776, 13.43502884254447416 ) ) ;
#2603 = CARTESIAN_POINT ( 'NONE',  ( -13.43502884254433027, 2.500000000000015987, 10.93502884254447238 ) ) ;
#2604 = VECTOR ( 'NONE', #2569, 1000.000000000000000 ) ;
#2605 = ADVANCED_FACE ( 'NONE', ( #1652, #1498 ), #185, .T. ) ;
#2606 = ORIENTED_EDGE ( 'NONE', *, *, #904, .T. ) ;
#2607 = MECHANICAL_DESIGN_GEOMETRIC_PRESENTATION_REPRESENTATION (  '', ( #236 ), #3323 ) ;
#2608 = DIRECTION ( 'NONE',  ( 0.000000000000000000, 0.000000000000000000, 1.000000000000000000 ) ) ;
#2609 = VERTEX_POINT ( 'NONE', #1347 ) ;
#2610 = CIRCLE ( 'NONE', #2319, 1.125000000000000888 ) ;
#2611 = ORIENTED_EDGE ( 'NONE', *, *, #188, .T. ) ;
#2612 = CARTESIAN_POINT ( 'NONE',  ( 13.43502884254423968, 2.000000000000000000, -13.43502884254456475 ) ) ;
#2613 = AXIS2_PLACEMENT_3D ( 'NONE', #1275, #498, #2277 ) ;
#2614 = CIRCLE ( 'NONE', #1644, 1.250000000000001110 ) ;
#2615 = ORIENTED_EDGE ( 'NONE', *, *, #699, .F. ) ;
#2616 = CARTESIAN_POINT ( 'NONE',  ( 13.43502884254452034, 2.000000000000001776, 13.43502884254428587 ) ) ;
#2617 = LINE ( 'NONE', #200, #2125 ) ;
#2618 = DIRECTION ( 'NONE',  ( 0.000000000000000000, 0.000000000000000000, 1.000000000000000000 ) ) ;
#2619 = DIRECTION ( 'NONE',  ( -0.000000000000000000, 1.000000000000000000, 0.000000000000000000 ) ) ;
#2620 = DIRECTION ( 'NONE',  ( -0.000000000000000000, -1.000000000000000000, -0.000000000000000000 ) ) ;
#2621 = DIRECTION ( 'NONE',  ( -0.000000000000000000, 1.000000000000000000, -0.000000000000000000 ) ) ;
#2622 = CARTESIAN_POINT ( 'NONE',  ( -13.43502884254433027, 0.1250000000000001110, 14.56002884254447416 ) ) ;
#2623 = ORIENTED_EDGE ( 'NONE', *, *, #551, .T. ) ;
#2624 = DIRECTION ( 'NONE',  ( 0.000000000000000000, 0.000000000000000000, 1.000000000000000000 ) ) ;
#2625 = DIRECTION ( 'NONE',  ( 0.000000000000000000, 0.000000000000000000, 1.000000000000000000 ) ) ;
#2626 = EDGE_LOOP ( 'NONE', ( #1359, #2659, #166, #205 ) ) ;
#2627 = EDGE_CURVE ( 'NONE', #3314, #2578, #1616, .T. ) ;
#2628 = AXIS2_PLACEMENT_3D ( 'NONE', #1930, #2711, #2419 ) ;
#2629 = DIRECTION ( 'NONE',  ( 0.000000000000000000, 1.000000000000000000, -0.000000000000000000 ) ) ;
#2630 = ADVANCED_FACE ( 'NONE', ( #1810 ), #331, .T. ) ;
#2631 = AXIS2_PLACEMENT_3D ( 'NONE', #1392, #612, #3288 ) ;
#2632 = ORIENTED_EDGE ( 'NONE', *, *, #2063, .F. ) ;
#2633 = AXIS2_PLACEMENT_3D ( 'NONE', #2136, #8, #2658 ) ;
#2634 = EDGE_CURVE ( 'NONE', #1844, #3088, #2291, .T. ) ;
#2635 = FACE_OUTER_BOUND ( 'NONE', #1778, .T. ) ;
#2636 = EDGE_LOOP ( 'NONE', ( #1508, #1280, #1324, #918 ) ) ;
#2637 = CARTESIAN_POINT ( 'NONE',  ( 21.94827676251037474, 2.980757428443816526, -0.5055624756235314043 ) ) ;
#2638 = CARTESIAN_POINT ( 'NONE',  ( -13.43502884254433027, 3.000000000000000000, 13.43502884254447416 ) ) ;
#2639 = EDGE_CURVE ( 'NONE', #125, #396, #1113, .T. ) ;
#2640 = AXIS2_PLACEMENT_3D ( 'NONE', #1325, #2117, #3175 ) ;
#2641 = DIRECTION ( 'NONE',  ( 0.000000000000000000, 0.000000000000000000, -1.000000000000000000 ) ) ;
#2642 = CARTESIAN_POINT ( 'NONE',  ( -13.43502884254433027, 1.500000000000016875, 12.31002884254447238 ) ) ;
#2643 = DIRECTION ( 'NONE',  ( -0.000000000000000000, 1.000000000000000000, -0.000000000000000000 ) ) ;
#2644 = FACE_OUTER_BOUND ( 'NONE', #1978, .T. ) ;
#2645 = EDGE_LOOP ( 'NONE', ( #3019, #2313 ) ) ;
#2646 = CARTESIAN_POINT ( 'NONE',  ( 19.00000000000000000, 1.500000000000016875, -1.125000000000199174 ) ) ;
#2647 = EDGE_CURVE ( 'NONE', #2180, #31, #2101, .T. ) ;
#2648 = EDGE_CURVE ( 'NONE', #3088, #1633, #795, .T. ) ;
#2649 = EDGE_CURVE ( 'NONE', #1633, #2317, #1512, .T. ) ;
#2650 = ORIENTED_EDGE ( 'NONE', *, *, #1199, .F. ) ;
#2651 = EDGE_CURVE ( 'NONE', #1728, #1697, #1600, .T. ) ;
#2652 = CARTESIAN_POINT ( 'NONE',  ( 0.000000000000000000, 1.600000000000000311, -20.62500000000000000 ) ) ;
#2653 = CARTESIAN_POINT ( 'NONE',  ( 21.74625398253952469, 2.999999999999999556, -1.234091141278293335 ) ) ;
#2654 = DIRECTION ( 'NONE',  ( 0.000000000000000000, 1.000000000000000000, 0.000000000000000000 ) ) ;
#2655 = CIRCLE ( 'NONE', #3157, 21.67157287525381548 ) ;
#2656 = ORIENTED_EDGE ( 'NONE', *, *, #531, .F. ) ;
#2657 = DIRECTION ( 'NONE',  ( 0.000000000000000000, 1.000000000000000000, 0.000000000000000000 ) ) ;
#2658 = DIRECTION ( 'NONE',  ( 0.000000000000000000, 0.000000000000000000, 1.000000000000000000 ) ) ;
#2659 = ORIENTED_EDGE ( 'NONE', *, *, #3363, .F. ) ;
#2660 = VERTEX_POINT ( 'NONE', #2360 ) ;
#2661 = EDGE_CURVE ( 'NONE', #3244, #2336, #2133, .T. ) ;
#2662 = ORIENTED_EDGE ( 'NONE', *, *, #1619, .F. ) ;
#2663 = AXIS2_PLACEMENT_3D ( 'NONE', #1734, #461, #697 ) ;
#2664 = DIRECTION ( 'NONE',  ( -0.000000000000000000, -1.000000000000000000, -0.000000000000000000 ) ) ;
#2665 = AXIS2_PLACEMENT_3D ( 'NONE', #2366, #2559, #2591 ) ;
#2666 = AXIS2_PLACEMENT_3D ( 'NONE', #286, #1867, #21 ) ;
#2667 = FACE_OUTER_BOUND ( 'NONE', #2289, .T. ) ;
#2668 = ORIENTED_EDGE ( 'NONE', *, *, #2083, .F. ) ;
#2669 = VERTEX_POINT ( 'NONE', #494 ) ;
#2670 = CIRCLE ( 'NONE', #359, 1.250000000000001110 ) ;
#2671 = CARTESIAN_POINT ( 'NONE',  ( 13.43502884254423968, 2.000000000000000000, -13.43502884254456475 ) ) ;
#2672 = VERTEX_POINT ( 'NONE', #3006 ) ;
#2673 = CIRCLE ( 'NONE', #3060, 15.12500000000000000 ) ;
#2674 = EDGE_CURVE ( 'NONE', #2381, #3161, #1449, .T. ) ;
#2675 = DIRECTION ( 'NONE',  ( 8.659560562354956277E-17, 0.7071067811865456854, -0.7071067811865493491 ) ) ;
#2676 = CARTESIAN_POINT ( 'NONE',  ( 0.000000000000000000, 1.500000000000000000, 0.000000000000000000 ) ) ;
#2677 = CONICAL_SURFACE ( 'NONE', #1695, 2.500000000000000000, 0.7853981633974466137 ) ;
#2678 = CARTESIAN_POINT ( 'NONE',  ( 13.43502884254423968, 2.000000000000000000, -10.93502884254456475 ) ) ;
#2679 = ORIENTED_EDGE ( 'NONE', *, *, #1544, .T. ) ;
#2680 = DIRECTION ( 'NONE',  ( 0.000000000000000000, 0.000000000000000000, 1.000000000000000000 ) ) ;
#2681 = EDGE_CURVE ( 'NONE', #2801, #1653, #3200, .T. ) ;
#2682 = DIRECTION ( 'NONE',  ( -0.000000000000000000, -1.000000000000000000, -0.000000000000000000 ) ) ;
#2683 = ORIENTED_EDGE ( 'NONE', *, *, #669, .T. ) ;
#2684 = DIRECTION ( 'NONE',  ( 0.000000000000000000, 0.000000000000000000, 1.000000000000000000 ) ) ;
#2685 = CIRCLE ( 'NONE', #1961, 2.000000000000001776 ) ;
#2686 = ORIENTED_EDGE ( 'NONE', *, *, #306, .F. ) ;
#2687 = EDGE_LOOP ( 'NONE', ( #2489, #1382, #721, #467 ) ) ;
#2688 = FACE_OUTER_BOUND ( 'NONE', #1284, .T. ) ;
#2689 = ORIENTED_EDGE ( 'NONE', *, *, #1349, .F. ) ;
#2690 = DIRECTION ( 'NONE',  ( 0.000000000000000000, 0.000000000000000000, -1.000000000000000000 ) ) ;
#2691 = EDGE_CURVE ( 'NONE', #3001, #2609, #2390, .T. ) ;
#2692 = EDGE_CURVE ( 'NONE', #596, #3369, #1222, .T. ) ;
#2693 = CARTESIAN_POINT ( 'NONE',  ( 1.990051048614448623E-16, 2.000000000000000000, 17.37500000000000000 ) ) ;
#2694 = VECTOR ( 'NONE', #3112, 1000.000000000000000 ) ;
#2695 = ADVANCED_FACE ( 'NONE', ( #52 ), #2825, .T. ) ;
#2696 = ORIENTED_EDGE ( 'NONE', *, *, #783, .T. ) ;
#2697 = DIRECTION ( 'NONE',  ( 0.000000000000000000, 0.7071067811865487940, 0.7071067811865463515 ) ) ;
#2698 = DIRECTION ( 'NONE',  ( 0.000000000000000000, -0.000000000000000000, -1.000000000000000000 ) ) ;
#2699 = ORIENTED_EDGE ( 'NONE', *, *, #672, .F. ) ;
#2700 = DIRECTION ( 'NONE',  ( 0.000000000000000000, 0.7071067811865456854, 0.7071067811865493491 ) ) ;
#2701 = FACE_BOUND ( 'NONE', #338, .T. ) ;
#2702 = EDGE_LOOP ( 'NONE', ( #2199, #2982 ) ) ;
#2703 = VERTEX_POINT ( 'NONE', #639 ) ;
#2704 = AXIS2_PLACEMENT_3D ( 'NONE', #1714, #932, #950 ) ;
#2705 = DIRECTION ( 'NONE',  ( 0.000000000000000000, 0.000000000000000000, 1.000000000000000000 ) ) ;
#2706 = DIRECTION ( 'NONE',  ( -1.224646799147349509E-16, 0.000000000000000000, -1.000000000000000000 ) ) ;
#2707 = DIRECTION ( 'NONE',  ( -0.000000000000000000, 1.000000000000000000, -0.000000000000000000 ) ) ;
#2708 = CARTESIAN_POINT ( 'NONE',  ( -19.00000000000000000, 2.000000000000001776, 6.633814543801952113E-14 ) ) ;
#2709 = CIRCLE ( 'NONE', #3048, 3.000000000000012879 ) ;
#2710 = ORIENTED_EDGE ( 'NONE', *, *, #260, .F. ) ;
#2711 = DIRECTION ( 'NONE',  ( -0.000000000000000000, 1.000000000000000000, -0.000000000000000000 ) ) ;
#2712 = EDGE_CURVE ( 'NONE', #589, #2486, #2535, .T. ) ;
#2713 = DIRECTION ( 'NONE',  ( 0.000000000000000000, 0.000000000000000000, 1.000000000000000000 ) ) ;
#2714 = CARTESIAN_POINT ( 'NONE',  ( -13.43502884254433027, 0.000000000000000000, 13.43502884254447416 ) ) ;
#2715 = ORIENTED_EDGE ( 'NONE', *, *, #3151, .F. ) ;
#2716 = EDGE_CURVE ( 'NONE', #659, #651, #673, .T. ) ;
#2717 = ORIENTED_EDGE ( 'NONE', *, *, #1731, .T. ) ;
#2718 = CARTESIAN_POINT ( 'NONE',  ( -19.00000000000000000, 2.000000000000001776, -1.624999999999942046 ) ) ;
#2719 = ORIENTED_EDGE ( 'NONE', *, *, #1377, .T. ) ;
#2720 = AXIS2_PLACEMENT_3D ( 'NONE', #1854, #3394, #1348 ) ;
#2721 = LINE ( 'NONE', #2470, #782 ) ;
#2722 = EDGE_LOOP ( 'NONE', ( #3245, #2235, #3355, #2525, #2410, #2275, #562, #139, #75, #1255, #435, #1032, #261, #1774, #2992, #687, #303, #220, #901, #1763, #2216, #2789, #877, #266, #17, #493, #585, #1807, #796, #1683 ) ) ;
#2723 = CARTESIAN_POINT ( 'NONE',  ( -19.00000000000000000, 3.000000000000000000, -2.999999999999943157 ) ) ;
#2724 = DIRECTION ( 'NONE',  ( -0.000000000000000000, 1.000000000000000000, -0.000000000000000000 ) ) ;
#2725 = LINE ( 'NONE', #53, #970 ) ;
#2726 = DIRECTION ( 'NONE',  ( -0.000000000000000000, -1.000000000000000000, -0.000000000000000000 ) ) ;
#2727 = AXIS2_PLACEMENT_3D ( 'NONE', #2815, #165, #694 ) ;
#2728 = VERTEX_POINT ( 'NONE', #64 ) ;
#2729 = CARTESIAN_POINT ( 'NONE',  ( 0.000000000000000000, 1.500000000000000000, 0.000000000000000000 ) ) ;
#2730 = DIRECTION ( 'NONE',  ( -0.000000000000000000, -1.000000000000000000, -0.000000000000000000 ) ) ;
#2731 = EDGE_CURVE ( 'NONE', #1398, #1326, #2300, .T. ) ;
#2732 = FACE_OUTER_BOUND ( 'NONE', #2427, .T. ) ;
#2733 = EDGE_LOOP ( 'NONE', ( #3100, #1053 ) ) ;
#2734 = ADVANCED_FACE ( 'NONE', ( #2450 ), #1621, .F. ) ;
#2735 = DIRECTION ( 'NONE',  ( -0.000000000000000000, -1.000000000000000000, -0.000000000000000000 ) ) ;
#2736 = DIRECTION ( 'NONE',  ( 8.659560562354834251E-17, 0.7071067811865555663, -0.7071067811865394681 ) ) ;
#2737 = ORIENTED_EDGE ( 'NONE', *, *, #386, .T. ) ;
#2738 = DIRECTION ( 'NONE',  ( 0.000000000000000000, 0.000000000000000000, 1.000000000000000000 ) ) ;
#2739 = EDGE_CURVE ( 'NONE', #1951, #1653, #2721, .T. ) ;
#2740 = CIRCLE ( 'NONE', #3342, 1.125000000000000888 ) ;
#2741 = CARTESIAN_POINT ( 'NONE',  ( -15.71732848344524491, 2.976593186581891981, -15.36238023034576372 ) ) ;
#2742 = CARTESIAN_POINT ( 'NONE',  ( 0.000000000000000000, 2.499999999999988898, 21.50000000000000000 ) ) ;
#2743 = DIRECTION ( 'NONE',  ( 0.000000000000000000, 0.000000000000000000, 1.000000000000000000 ) ) ;
#2744 = CARTESIAN_POINT ( 'NONE',  ( 2.495217853262732588E-15, 0.1249999999999998890, -20.37500000000000000 ) ) ;
#2745 = CIRCLE ( 'NONE', #1046, 2.499999999999998668 ) ;
#2746 = CIRCLE ( 'NONE', #1656, 0.1250000000000001110 ) ;
#2747 = CARTESIAN_POINT ( 'NONE',  ( 13.43502884254452034, 2.000000000000000000, 15.93502884254428409 ) ) ;
#2748 = CIRCLE ( 'NONE', #1973, 3.000000000000009770 ) ;
#2749 = DIRECTION ( 'NONE',  ( 0.000000000000000000, 0.000000000000000000, 1.000000000000000000 ) ) ;
#2750 = FACE_OUTER_BOUND ( 'NONE', #732, .T. ) ;
#2751 = VERTEX_POINT ( 'NONE', #2175 ) ;
#2752 = EDGE_CURVE ( 'NONE', #1842, #928, #14, .T. ) ;
#2753 = VERTEX_POINT ( 'NONE', #1454 ) ;
#2754 = DIRECTION ( 'NONE',  ( 0.000000000000000000, 0.000000000000000000, 1.000000000000000000 ) ) ;
#2755 = CYLINDRICAL_SURFACE ( 'NONE', #2351, 1.125000000000000888 ) ;
#2756 = VERTEX_POINT ( 'NONE', #147 ) ;
#2757 = FACE_OUTER_BOUND ( 'NONE', #855, .T. ) ;
#2758 = DIRECTION ( 'NONE',  ( 0.000000000000000000, 0.000000000000000000, -1.000000000000000000 ) ) ;
#2759 = CARTESIAN_POINT ( 'NONE',  ( 19.00000000000000000, 2.499999999999988898, -1.990144363140586139E-13 ) ) ;
#2760 = FACE_OUTER_BOUND ( 'NONE', #2568, .T. ) ;
#2761 = ADVANCED_FACE ( 'NONE', ( #2757 ), #115, .F. ) ;
#2762 = ORIENTED_EDGE ( 'NONE', *, *, #1611, .F. ) ;
#2763 = LINE ( 'NONE', #1753, #1942 ) ;
#2764 = AXIS2_PLACEMENT_3D ( 'NONE', #2714, #1414, #2444 ) ;
#2765 = CARTESIAN_POINT ( 'NONE',  ( 13.43502884254423968, 2.000000000000000000, -13.43502884254456475 ) ) ;
#2766 = DIRECTION ( 'NONE',  ( -0.000000000000000000, 1.000000000000000000, -0.000000000000000000 ) ) ;
#2767 = DIRECTION ( 'NONE',  ( 0.000000000000000000, 1.000000000000000000, -0.000000000000000000 ) ) ;
#2768 = AXIS2_PLACEMENT_3D ( 'NONE', #1548, #1273, #3395 ) ;
#2769 = DIRECTION ( 'NONE',  ( 0.000000000000000000, 0.000000000000000000, 1.000000000000000000 ) ) ;
#2770 = CIRCLE ( 'NONE', #959, 1.125000000000000888 ) ;
#2771 = PLANE ( 'NONE',  #295 ) ;
#2772 = ORIENTED_EDGE ( 'NONE', *, *, #2245, .F. ) ;
#2773 = CARTESIAN_POINT ( 'NONE',  ( 1.836970198721029589E-15, 1.625000000000000222, 15.00000000000000000 ) ) ;
#2774 = CARTESIAN_POINT ( 'NONE',  ( 0.000000000000000000, -14.00000000000000533, 19.00000000000000000 ) ) ;
#2775 = ORIENTED_EDGE ( 'NONE', *, *, #3082, .F. ) ;
#2776 = CARTESIAN_POINT ( 'NONE',  ( 1.456779979978725104, 3.000000000000000000, -21.62255449703780741 ) ) ;
#2777 = CARTESIAN_POINT ( 'NONE',  ( 13.43502884254452034, 2.499999999999988898, 13.43502884254428587 ) ) ;
#2778 = FACE_OUTER_BOUND ( 'NONE', #691, .T. ) ;
#2779 = CARTESIAN_POINT ( 'NONE',  ( 0.000000000000000000, 3.000000000000000000, 0.000000000000000000 ) ) ;
#2780 = TOROIDAL_SURFACE ( 'NONE', #297, 15.50000000000000000, 0.5000000000000000000 ) ;
#2781 = TOROIDAL_SURFACE ( 'NONE', #1848, 20.62500000000000000, 0.1250000000000000000 ) ;
#2782 = ORIENTED_EDGE ( 'NONE', *, *, #1341, .T. ) ;
#2783 = CIRCLE ( 'NONE', #2613, 2.999999999999985345 ) ;
#2784 = DIRECTION ( 'NONE',  ( 0.000000000000000000, 0.000000000000000000, 1.000000000000000000 ) ) ;
#2785 = CARTESIAN_POINT ( 'NONE',  ( -19.00000000000000000, 2.000000000000000000, 6.633814543801952113E-14 ) ) ;
#2786 = ORIENTED_EDGE ( 'NONE', *, *, #41, .F. ) ;
#2787 = CARTESIAN_POINT ( 'NONE',  ( -13.43502884254442620, 3.000000000000000000, -13.43502884254438001 ) ) ;
#2788 = CIRCLE ( 'NONE', #2727, 15.00000000000000000 ) ;
#2789 = ORIENTED_EDGE ( 'NONE', *, *, #3297, .T. ) ;
#2790 = ADVANCED_FACE ( 'NONE', ( #3040 ), #1746, .F. ) ;
#2791 = CYLINDRICAL_SURFACE ( 'NONE', #2207, 1.125000000000000888 ) ;
#2792 = DIRECTION ( 'NONE',  ( 0.000000000000000000, 1.000000000000000000, 0.000000000000000000 ) ) ;
#2793 = ORIENTED_EDGE ( 'NONE', *, *, #2661, .T. ) ;
#2794 = DIRECTION ( 'NONE',  ( 0.000000000000000000, 0.000000000000000000, 1.000000000000000000 ) ) ;
#2795 = DIRECTION ( 'NONE',  ( 0.000000000000000000, 1.000000000000000000, 0.000000000000000000 ) ) ;
#2796 = ORIENTED_EDGE ( 'NONE', *, *, #989, .T. ) ;
#2797 = CARTESIAN_POINT ( 'NONE',  ( 19.00000000000000000, 2.000000000000000000, 1.624999999999786837 ) ) ;
#2798 = ORIENTED_EDGE ( 'NONE', *, *, #1627, .F. ) ;
#2799 = DIRECTION ( 'NONE',  ( -0.000000000000000000, -1.000000000000000000, -0.000000000000000000 ) ) ;
#2800 = CARTESIAN_POINT ( 'NONE',  ( 19.00000000000000000, 2.000000000000000000, -1.990144363140586139E-13 ) ) ;
#2801 = VERTEX_POINT ( 'NONE', #2797 ) ;
#2802 = EDGE_CURVE ( 'NONE', #1106, #1210, #340, .T. ) ;
#2803 = DIRECTION ( 'NONE',  ( 1.000000000000000000, -0.000000000000000000, 1.224646799147353207E-16 ) ) ;
#2804 = DIRECTION ( 'NONE',  ( -0.000000000000000000, 1.000000000000000000, -0.000000000000000000 ) ) ;
#2805 = DIRECTION ( 'NONE',  ( 0.000000000000000000, 1.000000000000000000, 0.000000000000000000 ) ) ;
#2806 = EDGE_CURVE ( 'NONE', #333, #3070, #1112, .T. ) ;
#2807 = AXIS2_PLACEMENT_3D ( 'NONE', #3125, #1865, #2885 ) ;
#2808 = AXIS2_PLACEMENT_3D ( 'NONE', #2001, #1500, #2532 ) ;
#2809 = SURFACE_SIDE_STYLE ('',( #1696 ) ) ;
#2810 = AXIS2_PLACEMENT_3D ( 'NONE', #2454, #330, #609 ) ;
#2811 = ADVANCED_FACE ( 'NONE', ( #2220 ), #420, .F. ) ;
#2812 = CARTESIAN_POINT ( 'NONE',  ( 0.000000000000000000, -14.00000000000000533, -19.00000000000000000 ) ) ;
#2813 = ORIENTED_EDGE ( 'NONE', *, *, #2806, .T. ) ;
#2814 = ORIENTED_EDGE ( 'NONE', *, *, #1052, .F. ) ;
#2815 = CARTESIAN_POINT ( 'NONE',  ( 0.000000000000000000, 1.625000000000000222, 0.000000000000000000 ) ) ;
#2816 = ORIENTED_EDGE ( 'NONE', *, *, #182, .F. ) ;
#2817 = CARTESIAN_POINT ( 'NONE',  ( -13.43502884254442620, 2.500000000000002220, -15.93502884254437824 ) ) ;
#2818 = CIRCLE ( 'NONE', #459, 1.250000000000001110 ) ;
#2819 = DIRECTION ( 'NONE',  ( 0.000000000000000000, 1.000000000000000000, 0.000000000000000000 ) ) ;
#2820 = CARTESIAN_POINT ( 'NONE',  ( 13.43502884254423968, 2.000000000000000000, -15.93502884254456653 ) ) ;
#2821 = CARTESIAN_POINT ( 'NONE',  ( -13.43502884254433027, 0.1250000000000001110, 13.43502884254447416 ) ) ;
#2822 = DIRECTION ( 'NONE',  ( 0.000000000000000000, 0.7071067811865469066, 0.7071067811865482389 ) ) ;
#2823 = EDGE_CURVE ( 'NONE', #1596, #2191, #632, .T. ) ;
#2824 = ORIENTED_EDGE ( 'NONE', *, *, #1094, .T. ) ;
#2825 = CONICAL_SURFACE ( 'NONE', #614, 22.50000000000001421, 0.7853981633974433940 ) ;
#2826 = EDGE_LOOP ( 'NONE', ( #1921, #864, #392, #3129 ) ) ;
#2827 = AXIS2_PLACEMENT_3D ( 'NONE', #1989, #1016, #433 ) ;
#2828 = VECTOR ( 'NONE', #2700, 1000.000000000000000 ) ;
#2829 = ORIENTED_EDGE ( 'NONE', *, *, #3334, .F. ) ;
#2830 = CARTESIAN_POINT ( 'NONE',  ( 19.00000000000000000, 3.000000000000000000, -1.990144363140586139E-13 ) ) ;
#2831 = AXIS2_PLACEMENT_3D ( 'NONE', #1236, #2010, #1017 ) ;
#2832 = ORIENTED_EDGE ( 'NONE', *, *, #121, .F. ) ;
#2833 = ORIENTED_EDGE ( 'NONE', *, *, #598, .F. ) ;
#2834 = DIRECTION ( 'NONE',  ( 0.000000000000000000, 0.000000000000000000, -1.000000000000000000 ) ) ;
#2835 = EDGE_CURVE ( 'NONE', #1751, #1901, #1883, .T. ) ;
#2836 = CARTESIAN_POINT ( 'NONE',  ( -19.00000000000000000, 3.000000000000000000, 6.633814543801952113E-14 ) ) ;
#2837 = ORIENTED_EDGE ( 'NONE', *, *, #3384, .T. ) ;
#2838 = AXIS2_PLACEMENT_3D ( 'NONE', #2531, #405, #441 ) ;
#2839 = CARTESIAN_POINT ( 'NONE',  ( -13.43502884254442620, 2.500000000000002220, -10.93502884254438001 ) ) ;
#2840 = CARTESIAN_POINT ( 'NONE',  ( 0.000000000000000000, 1.813388347648322352, 0.000000000000000000 ) ) ;
#2841 = DIRECTION ( 'NONE',  ( 0.000000000000000000, 0.000000000000000000, 1.000000000000000000 ) ) ;
#2842 = AXIS2_PLACEMENT_3D ( 'NONE', #399, #2799, #1457 ) ;
#2843 = CIRCLE ( 'NONE', #419, 0.1250000000000001110 ) ;
#2844 = ORIENTED_EDGE ( 'NONE', *, *, #177, .F. ) ;
#2845 = AXIS2_PLACEMENT_3D ( 'NONE', #1174, #1160, #1466 ) ;
#2846 = ORIENTED_EDGE ( 'NONE', *, *, #1671, .F. ) ;
#2847 = CIRCLE ( 'NONE', #2438, 0.1250000000000001110 ) ;
#2848 = DIRECTION ( 'NONE',  ( 0.000000000000000000, 0.000000000000000000, 1.000000000000000000 ) ) ;
#2849 = EDGE_LOOP ( 'NONE', ( #3335, #1292 ) ) ;
#2850 = ORIENTED_EDGE ( 'NONE', *, *, #1376, .F. ) ;
#2851 = CARTESIAN_POINT ( 'NONE',  ( -0.9947027271891221156, 2.992234320495065880, -21.83319046718764866 ) ) ;
#2852 = ORIENTED_EDGE ( 'NONE', *, *, #2903, .F. ) ;
#2853 = DIRECTION ( 'NONE',  ( -0.000000000000000000, 1.000000000000000000, -0.000000000000000000 ) ) ;
#2854 = DIRECTION ( 'NONE',  ( 0.000000000000000000, 1.000000000000000000, 0.000000000000000000 ) ) ;
#2855 = VECTOR ( 'NONE', #822, 1000.000000000000114 ) ;
#2856 = DIRECTION ( 'NONE',  ( 0.000000000000000000, 0.000000000000000000, 1.000000000000000000 ) ) ;
#2857 = CARTESIAN_POINT ( 'NONE',  ( 19.00000000000000000, 2.499999999999988898, 2.499999999999801048 ) ) ;
#2858 = DIRECTION ( 'NONE',  ( 0.000000000000000000, 0.000000000000000000, 1.000000000000000000 ) ) ;
#2859 = VERTEX_POINT ( 'NONE', #647 ) ;
#2860 = ORIENTED_EDGE ( 'NONE', *, *, #1089, .T. ) ;
#2861 = CARTESIAN_POINT ( 'NONE',  ( 1.164360066680218349E-13, 2.976602387146776607, -21.97660238714678371 ) ) ;
#2862 = CIRCLE ( 'NONE', #2225, 1.250000000000001110 ) ;
#2863 = DIRECTION ( 'NONE',  ( 0.000000000000000000, -1.000000000000000000, 0.000000000000000000 ) ) ;
#2864 = EDGE_LOOP ( 'NONE', ( #3392, #1578, #319, #2469 ) ) ;
#2865 = VECTOR ( 'NONE', #385, 1000.000000000000000 ) ;
#2866 = DIRECTION ( 'NONE',  ( 0.000000000000000000, 0.000000000000000000, 1.000000000000000000 ) ) ;
#2867 = CARTESIAN_POINT ( 'NONE',  ( -13.43502884254442620, 2.000000000000000000, -15.93502884254437824 ) ) ;
#2868 = VERTEX_POINT ( 'NONE', #1176 ) ;
#2869 = CARTESIAN_POINT ( 'NONE',  ( 21.62255449703782517, 3.000000000000000000, 1.456779979978498174 ) ) ;
#2870 = DIRECTION ( 'NONE',  ( 0.000000000000000000, 1.000000000000000000, 0.000000000000000000 ) ) ;
#2871 = EDGE_CURVE ( 'NONE', #1003, #1008, #398, .T. ) ;
#2872 = FACE_OUTER_BOUND ( 'NONE', #2626, .T. ) ;
#2873 = LINE ( 'NONE', #515, #73 ) ;
#2874 = EDGE_CURVE ( 'NONE', #2282, #3058, #833, .T. ) ;
#2875 = CARTESIAN_POINT ( 'NONE',  ( 0.000000000000000000, 0.1250000000000001110, -19.00000000000000000 ) ) ;
#2876 = ORIENTED_EDGE ( 'NONE', *, *, #2314, .F. ) ;
#2877 = DIRECTION ( 'NONE',  ( 0.000000000000000000, 0.000000000000000000, 1.000000000000000000 ) ) ;
#2878 = FACE_OUTER_BOUND ( 'NONE', #2008, .T. ) ;
#2879 = CARTESIAN_POINT ( 'NONE',  ( 0.000000000000000000, 2.000000000000000000, 21.50000000000000000 ) ) ;
#2880 = AXIS2_PLACEMENT_3D ( 'NONE', #751, #2508, #2468 ) ;
#2881 = VERTEX_POINT ( 'NONE', #997 ) ;
#2882 = CIRCLE ( 'NONE', #1395, 0.1250000000000001110 ) ;
#2883 = ORIENTED_EDGE ( 'NONE', *, *, #3241, .T. ) ;
#2884 = CARTESIAN_POINT ( 'NONE',  ( 0.000000000000000000, 2.499999999999988898, -19.00000000000000000 ) ) ;
#2885 = DIRECTION ( 'NONE',  ( 0.000000000000000000, 0.000000000000000000, 1.000000000000000000 ) ) ;
#2886 = ORIENTED_EDGE ( 'NONE', *, *, #750, .F. ) ;
#2887 = EDGE_CURVE ( 'NONE', #2756, #1596, #222, .T. ) ;
#2888 = DIRECTION ( 'NONE',  ( 0.000000000000000000, 0.000000000000000000, 1.000000000000000000 ) ) ;
#2889 = PLANE ( 'NONE',  #692 ) ;
#2890 = VECTOR ( 'NONE', #449, 1000.000000000000000 ) ;
#2891 = FACE_OUTER_BOUND ( 'NONE', #512, .T. ) ;
#2892 = CARTESIAN_POINT ( 'NONE',  ( -13.43502884254433027, -14.00000000000000533, 13.43502884254447416 ) ) ;
#2893 = CARTESIAN_POINT ( 'NONE',  ( -1.456779979978725104, 3.000000000000000000, 21.62255449703780741 ) ) ;
#2894 = CARTESIAN_POINT ( 'NONE',  ( -15.36238023034569800, 2.976593186581895534, 15.71732848344527689 ) ) ;
#2895 = VECTOR ( 'NONE', #3331, 1000.000000000000000 ) ;
#2896 = EDGE_LOOP ( 'NONE', ( #3312, #1162, #1781, #841 ) ) ;
#2897 = CIRCLE ( 'NONE', #2720, 1.125000000000000888 ) ;
#2898 = EDGE_CURVE ( 'NONE', #525, #257, #1224, .T. ) ;
#2899 = DIRECTION ( 'NONE',  ( -0.000000000000000000, -1.000000000000000000, -0.000000000000000000 ) ) ;
#2900 = CIRCLE ( 'NONE', #1896, 1.624999999999985789 ) ;
#2901 = VECTOR ( 'NONE', #1618, 1000.000000000000000 ) ;
#2902 = EDGE_CURVE ( 'NONE', #2751, #1408, #1173, .T. ) ;
#2903 = EDGE_CURVE ( 'NONE', #879, #112, #3260, .T. ) ;
#2904 = DIRECTION ( 'NONE',  ( 0.000000000000000000, 0.000000000000000000, 1.000000000000000000 ) ) ;
#2905 = CIRCLE ( 'NONE', #1412, 1.250000000000001110 ) ;
#2906 = CIRCLE ( 'NONE', #1345, 3.000000000000012879 ) ;
#2907 = CIRCLE ( 'NONE', #3333, 17.50000000000000355 ) ;
#2908 = VERTEX_POINT ( 'NONE', #1591 ) ;
#2909 = CARTESIAN_POINT ( 'NONE',  ( -1.456779979978724437, 3.000000000000000000, -21.62255449703780741 ) ) ;
#2910 = ORIENTED_EDGE ( 'NONE', *, *, #1377, .F. ) ;
#2911 = ORIENTED_EDGE ( 'NONE', *, *, #1964, .T. ) ;
#2912 = DIRECTION ( 'NONE',  ( 0.000000000000000000, 0.000000000000000000, 1.000000000000000000 ) ) ;
#2913 = CARTESIAN_POINT ( 'NONE',  ( -19.00000000000000000, 2.000000000000000000, -1.624999999999940270 ) ) ;
#2914 = DIRECTION ( 'NONE',  ( 0.000000000000000000, 0.000000000000000000, 1.000000000000000000 ) ) ;
#2915 = ORIENTED_EDGE ( 'NONE', *, *, #1357, .F. ) ;
#2916 = FACE_OUTER_BOUND ( 'NONE', #2061, .T. ) ;
#2917 = DIRECTION ( 'NONE',  ( -0.000000000000000000, 1.000000000000000000, 0.000000000000000000 ) ) ;
#2918 = EDGE_CURVE ( 'NONE', #2014, #2398, #1777, .T. ) ;
#2919 = ADVANCED_FACE ( 'NONE', ( #821 ), #2418, .T. ) ;
#2920 = ORIENTED_EDGE ( 'NONE', *, *, #1950, .T. ) ;
#2921 = CIRCLE ( 'NONE', #2343, 15.00000000000000000 ) ;
#2922 = PLANE ( 'NONE',  #3233 ) ;
#2923 = ORIENTED_EDGE ( 'NONE', *, *, #2498, .F. ) ;
#2924 = CARTESIAN_POINT ( 'NONE',  ( -13.43502884254433027, 2.000000000000000000, 13.43502884254447416 ) ) ;
#2925 = DIRECTION ( 'NONE',  ( 0.000000000000000000, 0.000000000000000000, 1.000000000000000000 ) ) ;
#2926 = CIRCLE ( 'NONE', #3035, 1.125000000000000222 ) ;
#2927 = CIRCLE ( 'NONE', #825, 1.124999999999999334 ) ;
#2928 = LINE ( 'NONE', #3205, #3216 ) ;
#2929 = DIRECTION ( 'NONE',  ( -0.000000000000000000, -1.000000000000000000, -0.000000000000000000 ) ) ;
#2930 = CONICAL_SURFACE ( 'NONE', #2237, 22.50000000000001421, 0.7853981633974433940 ) ;
#2931 = DIRECTION ( 'NONE',  ( -1.000000000000000000, 0.000000000000000000, 0.000000000000000000 ) ) ;
#2932 = CIRCLE ( 'NONE', #55, 1.249999999999999334 ) ;
#2933 = ORIENTED_EDGE ( 'NONE', *, *, #2080, .F. ) ;
#2934 = DIRECTION ( 'NONE',  ( 0.000000000000000000, 0.000000000000000000, -1.000000000000000000 ) ) ;
#2935 = CARTESIAN_POINT ( 'NONE',  ( 0.000000000000000000, 1.475000000000000089, -20.62500000000000000 ) ) ;
#2936 = EDGE_LOOP ( 'NONE', ( #1143, #1796 ) ) ;
#2937 =( NAMED_UNIT ( * ) SI_UNIT ( $, .STERADIAN. ) SOLID_ANGLE_UNIT ( ) );
#2938 = EDGE_CURVE ( 'NONE', #1745, #2672, #563, .T. ) ;
#2939 = ORIENTED_EDGE ( 'NONE', *, *, #3256, .F. ) ;
#2940 = CARTESIAN_POINT ( 'NONE',  ( 13.43502884254423968, 0.000000000000000000, -13.43502884254456475 ) ) ;
#2941 = ORIENTED_EDGE ( 'NONE', *, *, #3168, .T. ) ;
#2942 = EDGE_CURVE ( 'NONE', #2609, #1952, #2655, .T. ) ;
#2943 = VECTOR ( 'NONE', #1399, 1000.000000000000000 ) ;
#2944 = CYLINDRICAL_SURFACE ( 'NONE', #3061, 1.125000000000000888 ) ;
#2945 = CARTESIAN_POINT ( 'NONE',  ( 13.43502884254452034, 2.000000000000001776, 11.81002884254429830 ) ) ;
#2946 = AXIS2_PLACEMENT_3D ( 'NONE', #1247, #2283, #3350 ) ;
#2947 = DIRECTION ( 'NONE',  ( -0.000000000000000000, 1.000000000000000000, 0.000000000000000000 ) ) ;
#2948 = FACE_OUTER_BOUND ( 'NONE', #1384, .T. ) ;
#2949 = ORIENTED_EDGE ( 'NONE', *, *, #1102, .F. ) ;
#2950 = VERTEX_POINT ( 'NONE', #334 ) ;
#2951 = DIRECTION ( 'NONE',  ( 1.224646799147351482E-16, 0.000000000000000000, -1.000000000000000000 ) ) ;
#2952 = AXIS2_PLACEMENT_3D ( 'NONE', #1050, #3361, #2081 ) ;
#2953 = LINE ( 'NONE', #789, #1227 ) ;
#2954 = AXIS2_PLACEMENT_3D ( 'NONE', #1025, #2072, #2328 ) ;
#2955 = ORIENTED_EDGE ( 'NONE', *, *, #777, .F. ) ;
#2956 = AXIS2_PLACEMENT_3D ( 'NONE', #1835, #2261, #2333 ) ;
#2957 = DIRECTION ( 'NONE',  ( 0.000000000000000000, 0.000000000000000000, 1.000000000000000000 ) ) ;
#2958 = ORIENTED_EDGE ( 'NONE', *, *, #187, .F. ) ;
#2959 = CONICAL_SURFACE ( 'NONE', #1641, 1.625000000000001332, 0.7853981633974369547 ) ;
#2960 = EDGE_CURVE ( 'NONE', #1901, #1751, #1010, .T. ) ;
#2961 = DIRECTION ( 'NONE',  ( 0.000000000000000000, 0.000000000000000000, 1.000000000000000000 ) ) ;
#2962 = FACE_OUTER_BOUND ( 'NONE', #899, .T. ) ;
#2963 = EDGE_CURVE ( 'NONE', #1210, #1435, #343, .T. ) ;
#2964 = ORIENTED_EDGE ( 'NONE', *, *, #3139, .T. ) ;
#2965 = CARTESIAN_POINT ( 'NONE',  ( 0.000000000000000000, 1.600000000000000089, 0.000000000000000000 ) ) ;
#2966 = ORIENTED_EDGE ( 'NONE', *, *, #60, .F. ) ;
#2967 = AXIS2_PLACEMENT_3D ( 'NONE', #296, #808, #2338 ) ;
#2968 = ORIENTED_EDGE ( 'NONE', *, *, #3299, .T. ) ;
#2969 = CARTESIAN_POINT ( 'NONE',  ( 0.000000000000000000, 2.000000000000000000, -19.00000000000000000 ) ) ;
#2970 = DIRECTION ( 'NONE',  ( 0.000000000000000000, 0.000000000000000000, 1.000000000000000000 ) ) ;
#2971 = ORIENTED_EDGE ( 'NONE', *, *, #2456, .T. ) ;
#2972 = DIRECTION ( 'NONE',  ( -0.000000000000000000, -1.000000000000000000, -0.000000000000000000 ) ) ;
#2973 = CYLINDRICAL_SURFACE ( 'NONE', #2116, 15.00000000000000000 ) ;
#2974 = CARTESIAN_POINT ( 'NONE',  ( 1.852278283710371877E-15, 1.625000000000000222, 15.12500000000000000 ) ) ;
#2975 = DIRECTION ( 'NONE',  ( 0.000000000000000000, 0.000000000000000000, 1.000000000000000000 ) ) ;
#2976 = TOROIDAL_SURFACE ( 'NONE', #995, 21.67157287525381548, 2.000000000000000000 ) ;
#2977 = TOROIDAL_SURFACE ( 'NONE', #1212, 1.250000000000000222, 0.1250000000000000000 ) ;
#2978 = ORIENTED_EDGE ( 'NONE', *, *, #2802, .F. ) ;
#2979 = DIRECTION ( 'NONE',  ( -1.000000000000000000, 0.000000000000000000, 0.000000000000000000 ) ) ;
#2980 = CARTESIAN_POINT ( 'NONE',  ( 2.143131898507868643E-15, 1.500000000000000000, 17.50000000000000355 ) ) ;
#2981 = CARTESIAN_POINT ( 'NONE',  ( -13.43502884254442620, 2.000000000000000000, -15.93502884254437824 ) ) ;
#2982 = ORIENTED_EDGE ( 'NONE', *, *, #1285, .T. ) ;
#2983 = ORIENTED_EDGE ( 'NONE', *, *, #2903, .T. ) ;
#2984 = CARTESIAN_POINT ( 'NONE',  ( 1.530808498934191817E-16, 0.1250000000000001110, -20.25000000000000000 ) ) ;
#2985 = CARTESIAN_POINT ( 'NONE',  ( 21.62255449703782517, 3.000000000000000000, 1.456779979978498174 ) ) ;
#2986 = VERTEX_POINT ( 'NONE', #273 ) ;
#2987 = DIRECTION ( 'NONE',  ( 0.000000000000000000, 0.000000000000000000, 1.000000000000000000 ) ) ;
#2988 = CARTESIAN_POINT ( 'NONE',  ( 13.43502884254423968, 2.000000000000000000, -11.81002884254458074 ) ) ;
#2989 = AXIS2_PLACEMENT_3D ( 'NONE', #653, #1934, #1725 ) ;
#2990 = VERTEX_POINT ( 'NONE', #2564 ) ;
#2991 = ORIENTED_EDGE ( 'NONE', *, *, #2580, .T. ) ;
#2992 = ORIENTED_EDGE ( 'NONE', *, *, #2942, .T. ) ;
#2993 = CARTESIAN_POINT ( 'NONE',  ( 0.000000000000000000, 1.600000000000000089, 0.000000000000000000 ) ) ;
#2994 = ORIENTED_EDGE ( 'NONE', *, *, #2341, .T. ) ;
#2995 = EDGE_CURVE ( 'NONE', #3088, #1844, #1064, .T. ) ;
#2996 = CARTESIAN_POINT ( 'NONE',  ( 0.000000000000000000, 1.499999999999989120, -19.00000000000000000 ) ) ;
#2997 = EDGE_CURVE ( 'NONE', #1951, #2669, #2152, .T. ) ;
#2998 = ADVANCED_FACE ( 'NONE', ( #2891 ), #1165, .F. ) ;
#2999 = CIRCLE ( 'NONE', #231, 2.500000000000000444 ) ;
#3000 = ADVANCED_FACE ( 'NONE', ( #3163 ), #3204, .F. ) ;
#3001 = VERTEX_POINT ( 'NONE', #2307 ) ;
#3002 = CARTESIAN_POINT ( 'NONE',  ( 0.000000000000000000, -14.00000000000000533, 19.00000000000000000 ) ) ;
#3003 = FACE_BOUND ( 'NONE', #1048, .T. ) ;
#3004 = VECTOR ( 'NONE', #2424, 1000.000000000000000 ) ;
#3005 = ORIENTED_EDGE ( 'NONE', *, *, #2498, .T. ) ;
#3006 = CARTESIAN_POINT ( 'NONE',  ( -19.00000000000000000, 3.000000000000000000, 3.000000000000075939 ) ) ;
#3007 = AXIS2_PLACEMENT_3D ( 'NONE', #3243, #2730, #3034 ) ;
#3008 = DIRECTION ( 'NONE',  ( 8.659560562355008046E-17, 0.7071067811865414665, -0.7071067811865536790 ) ) ;
#3009 = DIRECTION ( 'NONE',  ( 0.000000000000000000, 0.000000000000000000, 1.000000000000000000 ) ) ;
#3010 = VECTOR ( 'NONE', #1586, 1000.000000000000000 ) ;
#3011 = EDGE_LOOP ( 'NONE', ( #3275, #851 ) ) ;
#3012 = DIRECTION ( 'NONE',  ( 0.000000000000000000, 1.000000000000000000, 0.000000000000000000 ) ) ;
#3013 = DIRECTION ( 'NONE',  ( -0.000000000000000000, 1.000000000000000000, -0.000000000000000000 ) ) ;
#3014 = DIRECTION ( 'NONE',  ( -0.7071067811865537900, 0.000000000000000000, -0.7071067811865412445 ) ) ;
#3015 = CARTESIAN_POINT ( 'NONE',  ( 0.000000000000000000, 2.414213562373090927, 0.000000000000000000 ) ) ;
#3016 = DIRECTION ( 'NONE',  ( 0.000000000000000000, 0.000000000000000000, -1.000000000000000000 ) ) ;
#3017 = FACE_OUTER_BOUND ( 'NONE', #3227, .T. ) ;
#3018 = B_SPLINE_CURVE_WITH_KNOTS ( 'NONE', 3,
 ( #2512, #3072, #986, #3026, #1976, #2528 ),
 .UNSPECIFIED., .F., .F.,
 ( 4, 2, 4 ),
 ( 6.505213034913026604E-19, 0.0007544599439317606305, 0.001508919887863520611 ),
 .UNSPECIFIED. ) ;
#3019 = ORIENTED_EDGE ( 'NONE', *, *, #2712, .T. ) ;
#3020 = ORIENTED_EDGE ( 'NONE', *, *, #2674, .F. ) ;
#3021 = FACE_BOUND ( 'NONE', #1334, .T. ) ;
#3022 = EDGE_CURVE ( 'NONE', #212, #317, #1726, .T. ) ;
#3023 = DIRECTION ( 'NONE',  ( 0.000000000000000000, 0.000000000000000000, 1.000000000000000000 ) ) ;
#3024 = ORIENTED_EDGE ( 'NONE', *, *, #554, .T. ) ;
#3025 = ORIENTED_EDGE ( 'NONE', *, *, #3343, .T. ) ;
#3026 = CARTESIAN_POINT ( 'NONE',  ( -0.5052428447771671882, 2.980744839840497651, 21.94847247349366981 ) ) ;
#3027 = ORIENTED_EDGE ( 'NONE', *, *, #2314, .T. ) ;
#3028 = DIRECTION ( 'NONE',  ( 0.000000000000000000, 0.000000000000000000, 1.000000000000000000 ) ) ;
#3029 = ORIENTED_EDGE ( 'NONE', *, *, #2384, .T. ) ;
#3030 = CARTESIAN_POINT ( 'NONE',  ( -13.43502884254442620, 2.500000000000002220, -13.43502884254438001 ) ) ;
#3031 = PLANE ( 'NONE',  #705 ) ;
#3032 = CIRCLE ( 'NONE', #321, 23.59822330470335672 ) ;
#3033 = ORIENTED_EDGE ( 'NONE', *, *, #750, .T. ) ;
#3034 = DIRECTION ( 'NONE',  ( 0.000000000000000000, 0.000000000000000000, 1.000000000000000000 ) ) ;
#3035 = AXIS2_PLACEMENT_3D ( 'NONE', #2132, #573, #2145 ) ;
#3036 = CONICAL_SURFACE ( 'NONE', #2575, 1.624999999999985789, 0.7853981633974491672 ) ;
#3037 = FILL_AREA_STYLE_COLOUR ( '', #1290 ) ;
#3038 = FACE_OUTER_BOUND ( 'NONE', #1614, .T. ) ;
#3039 = CARTESIAN_POINT ( 'NONE',  ( 0.000000000000000000, 3.000000000000000000, 0.000000000000000000 ) ) ;
#3040 = FACE_OUTER_BOUND ( 'NONE', #348, .T. ) ;
#3041 = EDGE_CURVE ( 'NONE', #816, #2374, #786, .T. ) ;
#3042 = LINE ( 'NONE', #1685, #413 ) ;
#3043 = DIRECTION ( 'NONE',  ( 0.000000000000000000, 0.000000000000000000, 1.000000000000000000 ) ) ;
#3044 = ADVANCED_FACE ( 'NONE', ( #1056 ), #799, .F. ) ;
#3045 = CARTESIAN_POINT ( 'NONE',  ( 13.43502884254452034, 3.000000000000000000, 13.43502884254428587 ) ) ;
#3046 = CARTESIAN_POINT ( 'NONE',  ( -19.00000000000000000, 3.000000000000000000, 6.633814543801952113E-14 ) ) ;
#3047 = DIRECTION ( 'NONE',  ( 0.000000000000000000, 1.000000000000000000, 0.000000000000000000 ) ) ;
#3048 = AXIS2_PLACEMENT_3D ( 'NONE', #77, #362, #2754 ) ;
#3049 = VECTOR ( 'NONE', #2113, 1000.000000000000000 ) ;
#3050 = ORIENTED_EDGE ( 'NONE', *, *, #1678, .T. ) ;
#3051 = DIRECTION ( 'NONE',  ( -0.000000000000000000, 1.000000000000000000, -0.000000000000000000 ) ) ;
#3052 = DIRECTION ( 'NONE',  ( -0.000000000000000000, -1.000000000000000000, -0.000000000000000000 ) ) ;
#3053 = EDGE_LOOP ( 'NONE', ( #3352, #10, #1828, #2699 ) ) ;
#3054 = DIRECTION ( 'NONE',  ( -0.000000000000000000, -1.000000000000000000, -0.000000000000000000 ) ) ;
#3055 = ADVANCED_FACE ( 'NONE', ( #3021, #3294 ), #1150, .T. ) ;
#3056 = CIRCLE ( 'NONE', #2431, 0.1250000000000001110 ) ;
#3057 = CARTESIAN_POINT ( 'NONE',  ( -13.43502884254442620, 3.000000000000000000, -16.43502884254438356 ) ) ;
#3058 = VERTEX_POINT ( 'NONE', #1133 ) ;
#3059 = AXIS2_PLACEMENT_3D ( 'NONE', #2214, #2506, #375 ) ;
#3060 = AXIS2_PLACEMENT_3D ( 'NONE', #2334, #1353, #1549 ) ;
#3061 = AXIS2_PLACEMENT_3D ( 'NONE', #3283, #3253, #2705 ) ;
#3062 = DIRECTION ( 'NONE',  ( 0.000000000000000000, 0.000000000000000000, 1.000000000000000000 ) ) ;
#3063 = CARTESIAN_POINT ( 'NONE',  ( -13.43502884254433027, 1.500000000000016875, 14.56002884254447416 ) ) ;
#3064 = EDGE_CURVE ( 'NONE', #1063, #2868, #2709, .T. ) ;
#3065 = CIRCLE ( 'NONE', #83, 3.000000000000009770 ) ;
#3066 = DIRECTION ( 'NONE',  ( 0.000000000000000000, 0.000000000000000000, 1.000000000000000000 ) ) ;
#3067 = DIRECTION ( 'NONE',  ( 0.000000000000000000, 1.000000000000000000, -0.000000000000000000 ) ) ;
#3068 = VERTEX_POINT ( 'NONE', #911 ) ;
#3069 = CARTESIAN_POINT ( 'NONE',  ( 0.000000000000000000, 1.600000000000000089, 0.000000000000000000 ) ) ;
#3070 = VERTEX_POINT ( 'NONE', #2773 ) ;
#3071 = ORIENTED_EDGE ( 'NONE', *, *, #373, .T. ) ;
#3072 = CARTESIAN_POINT ( 'NONE',  ( -1.233765644081298740, 2.999999999999999556, 21.74643479014537917 ) ) ;
#3073 = ORIENTED_EDGE ( 'NONE', *, *, #1315, .T. ) ;
#3074 = DIRECTION ( 'NONE',  ( -0.000000000000000000, -1.000000000000000000, -0.000000000000000000 ) ) ;
#3075 = CARTESIAN_POINT ( 'NONE',  ( 2.158439983497210536E-15, 0.1250000000000001110, -17.62500000000000355 ) ) ;
#3076 = ADVANCED_FACE ( 'NONE', ( #1972 ), #2105, .T. ) ;
#3077 = DIRECTION ( 'NONE',  ( 0.000000000000000000, 1.000000000000000000, 0.000000000000000000 ) ) ;
#3078 = ADVANCED_FACE ( 'NONE', ( #3038 ), #2538, .T. ) ;
#3079 = CONICAL_SURFACE ( 'NONE', #657, 2.499999999999998668, 0.7853981633974466137 ) ;
#3080 = ORIENTED_EDGE ( 'NONE', *, *, #1442, .T. ) ;
#3081 = CONICAL_SURFACE ( 'NONE', #937, 1.624999999999985789, 0.7853981633974491672 ) ;
#3082 = EDGE_CURVE ( 'NONE', #862, #556, #2173, .T. ) ;
#3083 = ORIENTED_EDGE ( 'NONE', *, *, #735, .F. ) ;
#3084 = CARTESIAN_POINT ( 'NONE',  ( -13.43502884254442620, 2.000000000000000000, -13.43502884254438001 ) ) ;
#3085 = ORIENTED_EDGE ( 'NONE', *, *, #2068, .T. ) ;
#3086 = ORIENTED_EDGE ( 'NONE', *, *, #1506, .F. ) ;
#3087 = FACE_OUTER_BOUND ( 'NONE', #1136, .T. ) ;
#3088 = VERTEX_POINT ( 'NONE', #1698 ) ;
#3089 = DIRECTION ( 'NONE',  ( 0.000000000000000000, 1.000000000000000000, 0.000000000000000000 ) ) ;
#3090 = CARTESIAN_POINT ( 'NONE',  ( 2.158439983497210536E-15, 5.421010862427522170E-17, -17.62500000000000355 ) ) ;
#3091 = DIRECTION ( 'NONE',  ( 0.000000000000000000, 0.000000000000000000, 1.000000000000000000 ) ) ;
#3092 = DIRECTION ( 'NONE',  ( 0.000000000000000000, 0.000000000000000000, 1.000000000000000000 ) ) ;
#3093 = ADVANCED_FACE ( 'NONE', ( #2428 ), #119, .T. ) ;
#3094 = DIRECTION ( 'NONE',  ( 0.000000000000000000, 0.000000000000000000, -1.000000000000000000 ) ) ;
#3095 = ORIENTED_EDGE ( 'NONE', *, *, #1506, .T. ) ;
#3096 = DIRECTION ( 'NONE',  ( 0.000000000000000000, 0.000000000000000000, 1.000000000000000000 ) ) ;
#3097 = ADVANCED_FACE ( 'NONE', ( #2185 ), #1475, .F. ) ;
#3098 = VECTOR ( 'NONE', #2251, 1000.000000000000000 ) ;
#3099 = AXIS2_PLACEMENT_3D ( 'NONE', #2447, #2232, #3228 ) ;
#3100 = ORIENTED_EDGE ( 'NONE', *, *, #1483, .T. ) ;
#3101 = CARTESIAN_POINT ( 'NONE',  ( 13.43502884254452034, 0.1250000000000001110, 14.68502884254428764 ) ) ;
#3102 = CIRCLE ( 'NONE', #2155, 21.67157287525381548 ) ;
#3103 = ORIENTED_EDGE ( 'NONE', *, *, #3150, .T. ) ;
#3104 = EDGE_CURVE ( 'NONE', #2486, #589, #226, .T. ) ;
#3105 = EDGE_LOOP ( 'NONE', ( #3389, #418 ) ) ;
#3106 = CARTESIAN_POINT ( 'NONE',  ( 19.00000000000000000, 2.000000000000000000, -1.990144363140586139E-13 ) ) ;
#3107 = CARTESIAN_POINT ( 'NONE',  ( -13.43502884254442620, -14.00000000000000533, -13.43502884254438001 ) ) ;
#3108 = ORIENTED_EDGE ( 'NONE', *, *, #2273, .T. ) ;
#3109 = CARTESIAN_POINT ( 'NONE',  ( 0.000000000000000000, 2.000000000000000000, -19.00000000000000000 ) ) ;
#3110 = DIRECTION ( 'NONE',  ( -1.000000000000000000, 0.000000000000000000, 0.000000000000000000 ) ) ;
#3111 = DIRECTION ( 'NONE',  ( -0.000000000000000000, -1.000000000000000000, -0.000000000000000000 ) ) ;
#3112 = DIRECTION ( 'NONE',  ( -0.000000000000000000, 1.000000000000000000, -0.000000000000000000 ) ) ;
#3113 = AXIS2_PLACEMENT_3D ( 'NONE', #3272, #1417, #3096 ) ;
#3114 = CIRCLE ( 'NONE', #1233, 1.250000000000000222 ) ;
#3115 = TOROIDAL_SURFACE ( 'NONE', #2004, 23.59822330470335672, 0.1250000000000000000 ) ;
#3116 = VERTEX_POINT ( 'NONE', #2507 ) ;
#3117 = CARTESIAN_POINT ( 'NONE',  ( 16.24949923047236666, 2.999999999999999556, -14.50449463982907083 ) ) ;
#3118 = DIRECTION ( 'NONE',  ( -0.000000000000000000, 1.000000000000000000, -0.000000000000000000 ) ) ;
#3119 = ORIENTED_EDGE ( 'NONE', *, *, #2260, .F. ) ;
#3120 = AXIS2_PLACEMENT_3D ( 'NONE', #620, #1898, #2987 ) ;
#3121 = CARTESIAN_POINT ( 'NONE',  ( 0.000000000000000000, 0.1250000000000001110, 20.12500000000000000 ) ) ;
#3122 = EDGE_LOOP ( 'NONE', ( #2030, #2158 ) ) ;
#3123 = EDGE_LOOP ( 'NONE', ( #1999, #1241, #3029, #546 ) ) ;
#3124 = ORIENTED_EDGE ( 'NONE', *, *, #972, .T. ) ;
#3125 = CARTESIAN_POINT ( 'NONE',  ( 0.000000000000000000, 2.500000000000000000, 0.000000000000000000 ) ) ;
#3126 = EDGE_LOOP ( 'NONE', ( #1093, #48, #454, #1542 ) ) ;
#3127 = DIRECTION ( 'NONE',  ( 0.000000000000000000, 1.000000000000000000, 0.000000000000000000 ) ) ;
#3128 = CARTESIAN_POINT ( 'NONE',  ( 19.00000000000000000, 0.1250000000000001110, 1.124999999999801048 ) ) ;
#3129 = ORIENTED_EDGE ( 'NONE', *, *, #1363, .F. ) ;
#3130 = DIRECTION ( 'NONE',  ( 0.7071067811865487940, 0.000000000000000000, 0.7071067811865463515 ) ) ;
#3131 = AXIS2_PLACEMENT_3D ( 'NONE', #28, #1643, #1873 ) ;
#3132 = DIRECTION ( 'NONE',  ( 0.000000000000000000, 1.000000000000000000, 0.000000000000000000 ) ) ;
#3133 = CARTESIAN_POINT ( 'NONE',  ( -13.43502884254442620, 5.421010862427522170E-17, -12.18502884254437824 ) ) ;
#3134 = ORIENTED_EDGE ( 'NONE', *, *, #980, .T. ) ;
#3135 = DIRECTION ( 'NONE',  ( 0.000000000000000000, 0.000000000000000000, -1.000000000000000000 ) ) ;
#3136 = ORIENTED_EDGE ( 'NONE', *, *, #194, .T. ) ;
#3137 = CARTESIAN_POINT ( 'NONE',  ( -21.83233310211251066, 2.992312812373499220, -0.9978295803195389446 ) ) ;
#3138 = VECTOR ( 'NONE', #3368, 1000.000000000000000 ) ;
#3139 = EDGE_CURVE ( 'NONE', #3, #886, #2363, .T. ) ;
#3140 = ORIENTED_EDGE ( 'NONE', *, *, #2647, .F. ) ;
#3141 = VECTOR ( 'NONE', #2327, 1000.000000000000000 ) ;
#3142 = FACE_OUTER_BOUND ( 'NONE', #842, .T. ) ;
#3143 = DIRECTION ( 'NONE',  ( 0.000000000000000000, 1.000000000000000000, 0.000000000000000000 ) ) ;
#3144 = ORIENTED_EDGE ( 'NONE', *, *, #194, .F. ) ;
#3145 = EDGE_CURVE ( 'NONE', #356, #981, #2301, .T. ) ;
#3146 = EDGE_LOOP ( 'NONE', ( #1239, #124, #393, #2813 ) ) ;
#3147 = FACE_OUTER_BOUND ( 'NONE', #2702, .T. ) ;
#3148 = CARTESIAN_POINT ( 'NONE',  ( 13.43502884254452034, 0.1250000000000001110, 13.43502884254428587 ) ) ;
#3149 = CARTESIAN_POINT ( 'NONE',  ( 0.000000000000000000, 1.499999999999989120, 20.12500000000000000 ) ) ;
#3150 = EDGE_CURVE ( 'NONE', #2669, #2801, #1436, .T. ) ;
#3151 = EDGE_CURVE ( 'NONE', #981, #1894, #144, .T. ) ;
#3152 = ORIENTED_EDGE ( 'NONE', *, *, #1678, .F. ) ;
#3153 = CARTESIAN_POINT ( 'NONE',  ( 14.25935590889117499, 3.000000000000000000, -16.31955391397103128 ) ) ;
#3154 = CARTESIAN_POINT ( 'NONE',  ( 1.377727649040771403E-16, 1.499999999999989120, 17.87500000000000000 ) ) ;
#3155 = AXIS2_PLACEMENT_3D ( 'NONE', #3015, #3213, #1674 ) ;
#3156 = DIRECTION ( 'NONE',  ( -0.7071067811865389130, 0.000000000000000000, 0.7071067811865561215 ) ) ;
#3157 = AXIS2_PLACEMENT_3D ( 'NONE', #2441, #644, #626 ) ;
#3158 = ORIENTED_EDGE ( 'NONE', *, *, #2257, .T. ) ;
#3159 = CARTESIAN_POINT ( 'NONE',  ( 19.00000000000000000, 2.000000000000000000, -1.625000000000184963 ) ) ;
#3160 = ORIENTED_EDGE ( 'NONE', *, *, #386, .F. ) ;
#3161 = VERTEX_POINT ( 'NONE', #3247 ) ;
#3162 = EDGE_LOOP ( 'NONE', ( #1473, #3176, #301, #1717 ) ) ;
#3163 = FACE_OUTER_BOUND ( 'NONE', #1802, .T. ) ;
#3164 = DIRECTION ( 'NONE',  ( 0.000000000000000000, 0.000000000000000000, 1.000000000000000000 ) ) ;
#3165 = CARTESIAN_POINT ( 'NONE',  ( -13.43502884254442620, 1.500000000000016875, -14.56002884254438001 ) ) ;
#3166 = ORIENTED_EDGE ( 'NONE', *, *, #922, .T. ) ;
#3167 = EDGE_CURVE ( 'NONE', #816, #769, #377, .T. ) ;
#3168 = EDGE_CURVE ( 'NONE', #1038, #2753, #1451, .T. ) ;
#3169 = VECTOR ( 'NONE', #1253, 1000.000000000000000 ) ;
#3170 = CIRCLE ( 'NONE', #3059, 0.1250000000000001110 ) ;
#3171 = CARTESIAN_POINT ( 'NONE',  ( -13.43502884254442620, 0.1250000000000001110, -12.18502884254437824 ) ) ;
#3172 = CIRCLE ( 'NONE', #968, 3.000000000000004441 ) ;
#3173 = CARTESIAN_POINT ( 'NONE',  ( -21.94827676251037119, 2.980757428443815638, 0.5055624756233775274 ) ) ;
#3174 = ORIENTED_EDGE ( 'NONE', *, *, #1731, .F. ) ;
#3175 = DIRECTION ( 'NONE',  ( 0.000000000000000000, 0.000000000000000000, 1.000000000000000000 ) ) ;
#3176 = ORIENTED_EDGE ( 'NONE', *, *, #2995, .F. ) ;
#3177 = ADVANCED_FACE ( 'NONE', ( #1200 ), #1885, .F. ) ;
#3178 = DIRECTION ( 'NONE',  ( 0.000000000000000000, 0.000000000000000000, 1.000000000000000000 ) ) ;
#3179 = CARTESIAN_POINT ( 'NONE',  ( -14.25935590889130999, 3.000000000000000000, 16.31955391397091049 ) ) ;
#3180 = ORIENTED_EDGE ( 'NONE', *, *, #1139, .T. ) ;
#3181 = CARTESIAN_POINT ( 'NONE',  ( 14.50428944185852842, 3.000000000000000000, -16.24955787105880134 ) ) ;
#3182 = DIRECTION ( 'NONE',  ( 0.000000000000000000, -1.000000000000000000, 0.000000000000000000 ) ) ;
#3183 = CONICAL_SURFACE ( 'NONE', #2628, 1.625000000000001332, 0.7853981633974369547 ) ;
#3184 = CARTESIAN_POINT ( 'NONE',  ( 13.43502884254423968, 2.500000000000009770, -13.43502884254456475 ) ) ;
#3185 = CONICAL_SURFACE ( 'NONE', #1203, 2.499999999999998668, 0.7853981633974466137 ) ;
#3186 = ADVANCED_FACE ( 'NONE', ( #947 ), #3336, .F. ) ;
#3187 = VERTEX_POINT ( 'NONE', #2248 ) ;
#3188 = DIRECTION ( 'NONE',  ( 0.000000000000000000, 0.000000000000000000, 1.000000000000000000 ) ) ;
#3189 = ORIENTED_EDGE ( 'NONE', *, *, #1083, .T. ) ;
#3190 = ORIENTED_EDGE ( 'NONE', *, *, #1196, .F. ) ;
#3191 = VECTOR ( 'NONE', #1405, 1000.000000000000000 ) ;
#3192 = DIRECTION ( 'NONE',  ( 0.000000000000000000, 0.000000000000000000, 1.000000000000000000 ) ) ;
#3193 = CARTESIAN_POINT ( 'NONE',  ( 1.530808498934191817E-16, 0.1250000000000001110, 17.75000000000000000 ) ) ;
#3194 = DIRECTION ( 'NONE',  ( 0.000000000000000000, 0.000000000000000000, 1.000000000000000000 ) ) ;
#3195 = ORIENTED_EDGE ( 'NONE', *, *, #2691, .T. ) ;
#3196 = ORIENTED_EDGE ( 'NONE', *, *, #2083, .T. ) ;
#3197 = CARTESIAN_POINT ( 'NONE',  ( 13.43502884254423968, 0.1250000000000001110, -13.43502884254456475 ) ) ;
#3198 = LINE ( 'NONE', #2340, #2421 ) ;
#3199 = EDGE_LOOP ( 'NONE', ( #2775, #1517, #2971, #900 ) ) ;
#3200 = CIRCLE ( 'NONE', #724, 1.624999999999985789 ) ;
#3201 = CARTESIAN_POINT ( 'NONE',  ( 13.43502884254423968, 2.000000000000001776, -15.06002884254455054 ) ) ;
#3202 = ORIENTED_EDGE ( 'NONE', *, *, #347, .F. ) ;
#3203 = CARTESIAN_POINT ( 'NONE',  ( 1.456779979978724437, 3.000000000000000000, 21.62255449703780741 ) ) ;
#3204 = CONICAL_SURFACE ( 'NONE', #2768, 2.499999999999998668, 0.7853981633974500554 ) ;
#3205 = CARTESIAN_POINT ( 'NONE',  ( -13.43502884254442620, 2.000000000000001776, -15.06002884254436758 ) ) ;
#3206 = DIRECTION ( 'NONE',  ( -0.000000000000000000, -1.000000000000000000, -0.000000000000000000 ) ) ;
#3207 = CARTESIAN_POINT ( 'NONE',  ( 13.43502884254452034, 2.000000000000000000, 11.81002884254430008 ) ) ;
#3208 = ORIENTED_EDGE ( 'NONE', *, *, #3291, .F. ) ;
#3209 = FACE_OUTER_BOUND ( 'NONE', #3262, .T. ) ;
#3210 = VECTOR ( 'NONE', #2917, 1000.000000000000000 ) ;
#3211 = CONICAL_SURFACE ( 'NONE', #1463, 2.499999999999998668, 0.7853981633974496113 ) ;
#3212 = CONICAL_SURFACE ( 'NONE', #1736, 1.625000000000008438, 0.7853981633974509435 ) ;
#3213 = DIRECTION ( 'NONE',  ( -0.000000000000000000, -1.000000000000000000, -0.000000000000000000 ) ) ;
#3214 = ORIENTED_EDGE ( 'NONE', *, *, #3308, .T. ) ;
#3215 = ORIENTED_EDGE ( 'NONE', *, *, #2942, .F. ) ;
#3216 = VECTOR ( 'NONE', #2675, 1000.000000000000000 ) ;
#3217 = DIRECTION ( 'NONE',  ( 0.000000000000000000, 0.000000000000000000, 1.000000000000000000 ) ) ;
#3218 = CARTESIAN_POINT ( 'NONE',  ( 0.000000000000000000, 1.499999999999989120, 19.00000000000000000 ) ) ;
#3219 = AXIS2_PLACEMENT_3D ( 'NONE', #183, #1185, #1240 ) ;
#3220 = EDGE_CURVE ( 'NONE', #2986, #2908, #65, .T. ) ;
#3221 = DIRECTION ( 'NONE',  ( 0.000000000000000000, 0.000000000000000000, 1.000000000000000000 ) ) ;
#3222 = DIRECTION ( 'NONE',  ( 0.000000000000000000, 0.000000000000000000, 1.000000000000000000 ) ) ;
#3223 = EDGE_LOOP ( 'NONE', ( #26, #51, #859, #1477 ) ) ;
#3224 = FACE_OUTER_BOUND ( 'NONE', #3011, .T. ) ;
#3225 = ORIENTED_EDGE ( 'NONE', *, *, #492, .F. ) ;
#3226 = PRODUCT_CONTEXT ( 'NONE', #908, 'mechanical' ) ;
#3227 = EDGE_LOOP ( 'NONE', ( #1680, #1237, #988, #760 ) ) ;
#3228 = DIRECTION ( 'NONE',  ( 0.000000000000000000, 0.000000000000000000, -1.000000000000000000 ) ) ;
#3229 = DIRECTION ( 'NONE',  ( -0.000000000000000000, -1.000000000000000000, -0.000000000000000000 ) ) ;
#3230 = CARTESIAN_POINT ( 'NONE',  ( 0.000000000000000000, 0.000000000000000000, 0.000000000000000000 ) ) ;
#3231 = CARTESIAN_POINT ( 'NONE',  ( -19.00000000000000000, 0.1250000000000001110, 6.633814543801952113E-14 ) ) ;
#3232 = TOROIDAL_SURFACE ( 'NONE', #2179, 1.250000000000000222, 0.1250000000000000000 ) ;
#3233 = AXIS2_PLACEMENT_3D ( 'NONE', #19, #792, #558 ) ;
#3234 = CARTESIAN_POINT ( 'NONE',  ( 13.43502884254423968, -14.00000000000000533, -13.43502884254456475 ) ) ;
#3235 = EDGE_CURVE ( 'NONE', #525, #683, #2882, .T. ) ;
#3236 = AXIS2_PLACEMENT_3D ( 'NONE', #590, #827, #62 ) ;
#3237 = CIRCLE ( 'NONE', #714, 1.624999999999985789 ) ;
#3238 = EDGE_CURVE ( 'NONE', #1766, #1936, #3319, .T. ) ;
#3239 = ORIENTED_EDGE ( 'NONE', *, *, #3241, .F. ) ;
#3240 = DIRECTION ( 'NONE',  ( 8.659560562354890950E-17, -0.7071067811865507924, 0.7071067811865441310 ) ) ;
#3241 = EDGE_CURVE ( 'NONE', #621, #1745, #523, .T. ) ;
#3242 = EDGE_CURVE ( 'NONE', #31, #3068, #3102, .T. ) ;
#3243 = CARTESIAN_POINT ( 'NONE',  ( 0.000000000000000000, 0.1250000000000001110, 0.000000000000000000 ) ) ;
#3244 = VERTEX_POINT ( 'NONE', #3121 ) ;
#3245 = ORIENTED_EDGE ( 'NONE', *, *, #2963, .T. ) ;
#3246 = VERTEX_POINT ( 'NONE', #2269 ) ;
#3247 = CARTESIAN_POINT ( 'NONE',  ( -16.31955391397076127, 3.000000000000000000, 14.25935590889148230 ) ) ;
#3248 = DIRECTION ( 'NONE',  ( -0.000000000000000000, 1.000000000000000000, -0.000000000000000000 ) ) ;
#3249 = ORIENTED_EDGE ( 'NONE', *, *, #3064, .F. ) ;
#3250 = CARTESIAN_POINT ( 'NONE',  ( 1.234229960144298976, 3.000000000000000444, 21.74617687125532584 ) ) ;
#3251 = EDGE_CURVE ( 'NONE', #2322, #1728, #571, .T. ) ;
#3252 = VECTOR ( 'NONE', #1853, 1000.000000000000000 ) ;
#3253 = DIRECTION ( 'NONE',  ( -0.000000000000000000, 1.000000000000000000, -0.000000000000000000 ) ) ;
#3254 = CARTESIAN_POINT ( 'NONE',  ( 1.164360066680218349E-13, 2.976602387146776607, -21.97660238714678371 ) ) ;
#3255 = CARTESIAN_POINT ( 'NONE',  ( -15.16213380952876300, 2.980757884127067214, -15.87754080820434943 ) ) ;
#3256 = EDGE_CURVE ( 'NONE', #212, #3187, #1626, .T. ) ;
#3257 = CARTESIAN_POINT ( 'NONE',  ( -19.00000000000000000, 2.000000000000000000, 6.633814543801952113E-14 ) ) ;
#3258 = CARTESIAN_POINT ( 'NONE',  ( 1.377727649040771403E-16, 0.1250000000000001110, -20.12500000000000000 ) ) ;
#3259 = AXIS2_PLACEMENT_3D ( 'NONE', #2488, #132, #3023 ) ;
#3260 = CIRCLE ( 'NONE', #570, 17.62500000000000355 ) ;
#3261 = EDGE_CURVE ( 'NONE', #2317, #428, #1806, .T. ) ;
#3262 = EDGE_LOOP ( 'NONE', ( #2679, #3085 ) ) ;
#3263 = ORIENTED_EDGE ( 'NONE', *, *, #59, .F. ) ;
#3264 = DIRECTION ( 'NONE',  ( 1.224646799147349509E-16, 0.000000000000000000, -1.000000000000000000 ) ) ;
#3265 = ADVANCED_FACE ( 'NONE', ( #719 ), #3320, .F. ) ;
#3266 = CARTESIAN_POINT ( 'NONE',  ( 13.43502884254452034, 1.500000000000016875, 14.56002884254428764 ) ) ;
#3267 = DIRECTION ( 'NONE',  ( 0.000000000000000000, 1.000000000000000000, 0.000000000000000000 ) ) ;
#3268 = ORIENTED_EDGE ( 'NONE', *, *, #1363, .T. ) ;
#3269 = DIRECTION ( 'NONE',  ( 0.000000000000000000, 0.000000000000000000, 1.000000000000000000 ) ) ;
#3270 = EDGE_LOOP ( 'NONE', ( #1001, #1598, #1422, #643 ) ) ;
#3271 = DIRECTION ( 'NONE',  ( 0.000000000000000000, 0.000000000000000000, -1.000000000000000000 ) ) ;
#3272 = CARTESIAN_POINT ( 'NONE',  ( 13.43502884254452034, 2.499999999999988898, 13.43502884254428587 ) ) ;
#3273 = FACE_BOUND ( 'NONE', #2849, .T. ) ;
#3274 = CIRCLE ( 'NONE', #130, 1.125000000000000888 ) ;
#3275 = ORIENTED_EDGE ( 'NONE', *, *, #3291, .T. ) ;
#3276 = DIRECTION ( 'NONE',  ( 0.000000000000000000, 0.000000000000000000, 1.000000000000000000 ) ) ;
#3277 = CARTESIAN_POINT ( 'NONE',  ( 13.43502884254423968, 2.000000000000000000, -10.93502884254456475 ) ) ;
#3278 = ORIENTED_EDGE ( 'NONE', *, *, #837, .T. ) ;
#3279 = AXIS2_PLACEMENT_3D ( 'NONE', #108, #1161, #1197 ) ;
#3280 = CARTESIAN_POINT ( 'NONE',  ( 0.000000000000000000, 3.000000000000000000, 0.000000000000000000 ) ) ;
#3281 = CONICAL_SURFACE ( 'NONE', #475, 2.499999999999998668, 0.7853981633974466137 ) ;
#3282 = VECTOR ( 'NONE', #1243, 1000.000000000000000 ) ;
#3283 = CARTESIAN_POINT ( 'NONE',  ( 13.43502884254452034, -14.00000000000000533, 13.43502884254428587 ) ) ;
#3284 = DIRECTION ( 'NONE',  ( 0.000000000000000000, 1.000000000000000000, 0.000000000000000000 ) ) ;
#3285 = LINE ( 'NONE', #1156, #2401 ) ;
#3286 = CYLINDRICAL_SURFACE ( 'NONE', #1350, 1.125000000000000222 ) ;
#3287 = DIRECTION ( 'NONE',  ( 0.000000000000000000, 0.000000000000000000, 1.000000000000000000 ) ) ;
#3288 = DIRECTION ( 'NONE',  ( 0.000000000000000000, 0.000000000000000000, 1.000000000000000000 ) ) ;
#3289 = EDGE_LOOP ( 'NONE', ( #100, #1622, #390, #3324 ) ) ;
#3290 = APPLICATION_PROTOCOL_DEFINITION ( 'draft international standard', 'automotive_design', 1998, #310 ) ;
#3291 = EDGE_CURVE ( 'NONE', #284, #2252, #2484, .T. ) ;
#3292 = FILL_AREA_STYLE ('',( #3037 ) ) ;
#3293 = ADVANCED_FACE ( 'NONE', ( #1743 ), #3364, .F. ) ;
#3294 = FACE_OUTER_BOUND ( 'NONE', #1515, .T. ) ;
#3295 = CARTESIAN_POINT ( 'NONE',  ( 15.71732848344536571, 2.976593186581891537, 15.36238023034565536 ) ) ;
#3296 = VERTEX_POINT ( 'NONE', #1773 ) ;
#3297 = EDGE_CURVE ( 'NONE', #3246, #1697, #1518, .T. ) ;
#3298 = CONICAL_SURFACE ( 'NONE', #315, 2.500000000000000000, 0.7853981633974466137 ) ;
#3299 = EDGE_CURVE ( 'NONE', #957, #794, #3365, .T. ) ;
#3300 = CARTESIAN_POINT ( 'NONE',  ( -19.00000000000000000, 0.1250000000000001110, -1.124999999999933831 ) ) ;
#3301 = LINE ( 'NONE', #3313, #2168 ) ;
#3302 = AXIS2_PLACEMENT_3D ( 'NONE', #491, #1808, #2358 ) ;
#3303 = DIRECTION ( 'NONE',  ( 0.000000000000000000, 1.000000000000000000, 0.000000000000000000 ) ) ;
#3304 = FACE_OUTER_BOUND ( 'NONE', #1610, .T. ) ;
#3305 = EDGE_CURVE ( 'NONE', #2574, #2299, #173, .T. ) ;
#3306 = EDGE_CURVE ( 'NONE', #2703, #3309, #1013, .T. ) ;
#3307 = DIRECTION ( 'NONE',  ( -1.000000000000000000, 0.000000000000000000, 1.047444401652940007E-14 ) ) ;
#3308 = EDGE_CURVE ( 'NONE', #2881, #3369, #463, .T. ) ;
#3309 = VERTEX_POINT ( 'NONE', #2570 ) ;
#3310 = EDGE_CURVE ( 'NONE', #3, #3314, #2253, .T. ) ;
#3311 = CARTESIAN_POINT ( 'NONE',  ( 19.00000000000000000, 5.421010862427522170E-17, 1.249999999999801270 ) ) ;
#3312 = ORIENTED_EDGE ( 'NONE', *, *, #1719, .F. ) ;
#3313 = CARTESIAN_POINT ( 'NONE',  ( 3.061616997868383141E-16, 2.499999999999988898, 16.50000000000000000 ) ) ;
#3314 = VERTEX_POINT ( 'NONE', #2387 ) ;
#3315 = CIRCLE ( 'NONE', #3259, 0.1250000000000001110 ) ;
#3316 = DIRECTION ( 'NONE',  ( -0.000000000000000000, 1.000000000000000000, -0.000000000000000000 ) ) ;
#3317 = DIRECTION ( 'NONE',  ( 0.000000000000000000, 0.000000000000000000, 1.000000000000000000 ) ) ;
#3318 = ORIENTED_EDGE ( 'NONE', *, *, #1966, .F. ) ;
#3319 = CIRCLE ( 'NONE', #1993, 2.499999999999998668 ) ;
#3320 = CYLINDRICAL_SURFACE ( 'NONE', #1279, 2.500000000000000444 ) ;
#3321 = CARTESIAN_POINT ( 'NONE',  ( 16.14162600752876031, 2.992225738567158455, 14.73532153841590464 ) ) ;
#3322 = ORIENTED_EDGE ( 'NONE', *, *, #2257, .F. ) ;
#3323 =( GEOMETRIC_REPRESENTATION_CONTEXT ( 3 ) GLOBAL_UNCERTAINTY_ASSIGNED_CONTEXT ( ( #2044 ) ) GLOBAL_UNIT_ASSIGNED_CONTEXT ( ( #174, #2537, #1231 ) ) REPRESENTATION_CONTEXT ( 'NONE', 'WORKASPACE' ) );
#3324 = ORIENTED_EDGE ( 'NONE', *, *, #630, .T. ) ;
#3325 = EDGE_LOOP ( 'NONE', ( #949, #733, #3399, #1742 ) ) ;
#3326 = DIRECTION ( 'NONE',  ( 0.000000000000000000, 1.000000000000000000, 0.000000000000000000 ) ) ;
#3327 = ORIENTED_EDGE ( 'NONE', *, *, #1480, .F. ) ;
#3328 = CARTESIAN_POINT ( 'NONE',  ( -13.43502884254442620, 2.000000000000001776, -11.81002884254439245 ) ) ;
#3329 = AXIS2_PLACEMENT_3D ( 'NONE', #2974, #307, #2706 ) ;
#3330 = AXIS2_PLACEMENT_3D ( 'NONE', #2279, #2226, #3062 ) ;
#3331 = DIRECTION ( 'NONE',  ( 0.000000000000000000, 0.7071067811865456854, 0.7071067811865493491 ) ) ;
#3332 = DIRECTION ( 'NONE',  ( 0.000000000000000000, 0.000000000000000000, 1.000000000000000000 ) ) ;
#3333 = AXIS2_PLACEMENT_3D ( 'NONE', #2562, #759, #267 ) ;
#3334 = EDGE_CURVE ( 'NONE', #125, #1642, #896, .T. ) ;
#3335 = ORIENTED_EDGE ( 'NONE', *, *, #2681, .T. ) ;
#3336 = CYLINDRICAL_SURFACE ( 'NONE', #1988, 2.499999999999998668 ) ;
#3337 = ORIENTED_EDGE ( 'NONE', *, *, #1131, .T. ) ;
#3338 = ORIENTED_EDGE ( 'NONE', *, *, #1971, .F. ) ;
#3339 = CARTESIAN_POINT ( 'NONE',  ( 19.00000000000000000, 3.000000000000000000, -1.990144363140586139E-13 ) ) ;
#3340 = CARTESIAN_POINT ( 'NONE',  ( 0.000000000000000000, 2.000000000000000000, -17.37500000000000000 ) ) ;
#3341 = ORIENTED_EDGE ( 'NONE', *, *, #1531, .F. ) ;
#3342 = AXIS2_PLACEMENT_3D ( 'NONE', #1097, #2899, #1111 ) ;
#3343 = EDGE_CURVE ( 'NONE', #2703, #794, #555, .T. ) ;
#3344 = AXIS2_PLACEMENT_3D ( 'NONE', #2479, #336, #2501 ) ;
#3345 = EDGE_CURVE ( 'NONE', #2753, #1038, #729, .T. ) ;
#3346 = CYLINDRICAL_SURFACE ( 'NONE', #805, 1.125000000000000888 ) ;
#3347 = CARTESIAN_POINT ( 'NONE',  ( 0.000000000000000000, 3.000000000000000000, 0.000000000000000000 ) ) ;
#3348 = CARTESIAN_POINT ( 'NONE',  ( 0.000000000000000000, 1.600000000000000089, 0.000000000000000000 ) ) ;
#3349 = VERTEX_POINT ( 'NONE', #824 ) ;
#3350 = DIRECTION ( 'NONE',  ( 0.000000000000000000, 0.000000000000000000, -1.000000000000000000 ) ) ;
#3351 = AXIS2_PLACEMENT_3D ( 'NONE', #341, #1105, #1935 ) ;
#3352 = ORIENTED_EDGE ( 'NONE', *, *, #188, .F. ) ;
#3353 = UNCERTAINTY_MEASURE_WITH_UNIT (LENGTH_MEASURE( 1.000000000000000082E-05 ), #299, 'distance_accuracy_value', 'NONE');
#3354 = ORIENTED_EDGE ( 'NONE', *, *, #3261, .F. ) ;
#3355 = ORIENTED_EDGE ( 'NONE', *, *, #2647, .T. ) ;
#3356 = LINE ( 'NONE', #2817, #1580 ) ;
#3357 = LINE ( 'NONE', #3328, #1790 ) ;
#3358 = DIRECTION ( 'NONE',  ( -1.000000000000000000, -0.000000000000000000, -0.000000000000000000 ) ) ;
#3359 = ORIENTED_EDGE ( 'NONE', *, *, #2533, .F. ) ;
#3360 = EDGE_CURVE ( 'NONE', #2326, #2270, #2953, .T. ) ;
#3361 = DIRECTION ( 'NONE',  ( 0.000000000000000000, 1.000000000000000000, 0.000000000000000000 ) ) ;
#3362 = AXIS2_PLACEMENT_3D ( 'NONE', #1181, #2200, #929 ) ;
#3363 = EDGE_CURVE ( 'NONE', #3314, #3, #68, .T. ) ;
#3364 = CYLINDRICAL_SURFACE ( 'NONE', #677, 1.125000000000000888 ) ;
#3365 = CIRCLE ( 'NONE', #1677, 2.499999999999998668 ) ;
#3366 = ORIENTED_EDGE ( 'NONE', *, *, #1812, .T. ) ;
#3367 = ORIENTED_EDGE ( 'NONE', *, *, #594, .T. ) ;
#3368 = DIRECTION ( 'NONE',  ( -0.000000000000000000, 1.000000000000000000, -0.000000000000000000 ) ) ;
#3369 = VERTEX_POINT ( 'NONE', #543 ) ;
#3370 = LINE ( 'NONE', #1811, #1175 ) ;
#3371 = CARTESIAN_POINT ( 'NONE',  ( -13.43502884254442620, -14.00000000000000533, -12.31002884254437824 ) ) ;
#3372 = AXIS2_PLACEMENT_3D ( 'NONE', #3106, #773, #2866 ) ;
#3373 = ADVANCED_FACE ( 'NONE', ( #1381 ), #1574, .F. ) ;
#3374 = DIRECTION ( 'NONE',  ( 1.000000000000000000, -0.000000000000000000, 1.224646799147353207E-16 ) ) ;
#3375 = FACE_BOUND ( 'NONE', #2165, .T. ) ;
#3376 = CYLINDRICAL_SURFACE ( 'NONE', #2065, 1.125000000000000222 ) ;
#3377 = DIRECTION ( 'NONE',  ( 0.000000000000000000, 0.000000000000000000, 1.000000000000000000 ) ) ;
#3378 = AXIS2_PLACEMENT_3D ( 'NONE', #2485, #1177, #1932 ) ;
#3379 = EDGE_LOOP ( 'NONE', ( #133, #3388, #1342, #2118 ) ) ;
#3380 = ORIENTED_EDGE ( 'NONE', *, *, #1914, .T. ) ;
#3381 = AXIS2_PLACEMENT_3D ( 'NONE', #1665, #1140, #365 ) ;
#3382 = FACE_OUTER_BOUND ( 'NONE', #1789, .T. ) ;
#3383 = AXIS2_PLACEMENT_3D ( 'NONE', #576, #2166, #3221 ) ;
#3384 = EDGE_CURVE ( 'NONE', #3068, #2381, #802, .T. ) ;
#3385 = ADVANCED_FACE ( 'NONE', ( #318, #1100 ), #1875, .T. ) ;
#3386 = VECTOR ( 'NONE', #1780, 1000.000000000000000 ) ;
#3387 = DIRECTION ( 'NONE',  ( -0.000000000000000000, 1.000000000000000000, -0.000000000000000000 ) ) ;
#3388 = ORIENTED_EDGE ( 'NONE', *, *, #1235, .F. ) ;
#3389 = ORIENTED_EDGE ( 'NONE', *, *, #1819, .T. ) ;
#3390 = EDGE_CURVE ( 'NONE', #984, #333, #3198, .T. ) ;
#3391 = CARTESIAN_POINT ( 'NONE',  ( 1.164360066680218349E-13, 2.976602387146776607, -21.97660238714678371 ) ) ;
#3392 = ORIENTED_EDGE ( 'NONE', *, *, #551, .F. ) ;
#3393 = DIRECTION ( 'NONE',  ( 0.000000000000000000, 0.000000000000000000, 1.000000000000000000 ) ) ;
#3394 = DIRECTION ( 'NONE',  ( -0.000000000000000000, 1.000000000000000000, -0.000000000000000000 ) ) ;
#3395 = DIRECTION ( 'NONE',  ( 0.000000000000000000, 0.000000000000000000, 1.000000000000000000 ) ) ;
#3396 = CIRCLE ( 'NONE', #1908, 2.499999999999998668 ) ;
#3397 = DIRECTION ( 'NONE',  ( 0.000000000000000000, 0.000000000000000000, -1.000000000000000000 ) ) ;
#3398 = DIRECTION ( 'NONE',  ( -0.000000000000000000, -1.000000000000000000, -0.000000000000000000 ) ) ;
#3399 = ORIENTED_EDGE ( 'NONE', *, *, #448, .F. ) ;
#3400 = CARTESIAN_POINT ( 'NONE',  ( 13.43502884254423968, 3.000000000000000000, -13.43502884254456475 ) ) ;
#3401 = CARTESIAN_POINT ( 'NONE',  ( -13.43502884254442620, 0.1250000000000001110, -13.43502884254438001 ) ) ;
#3402 = VECTOR ( 'NONE', #1859, 1000.000000000000114 ) ;
#3403 = EDGE_CURVE ( 'NONE', #2385, #655, #2770, .T. ) ;
ENDSEC;
END-ISO-10303-21;
