ISO-10303-21;
HEADER;
FILE_DESCRIPTION (( 'STEP AP214' ),
    '1' );
FILE_NAME ('BRAZO DE TENSOR 2.STEP',
    '2026-07-08T20:17:26',
    ( '' ),
    ( '' ),
    'SwSTEP 2.0',
    'SolidWorks 2026',
    '' );
FILE_SCHEMA (( 'AUTOMOTIVE_DESIGN' ));
ENDSEC;

DATA;
#1 = DIRECTION ( 'NONE',  ( -0.000000000000000000, -1.000000000000000000, -0.000000000000000000 ) ) ;
#2 = ORIENTED_EDGE ( 'NONE', *, *, #1551, .F. ) ;
#3 = CARTESIAN_POINT ( 'NONE',  ( 10.24716631597210892, 2.222222222222222765, 8.746588436936573174 ) ) ;
#5 = CARTESIAN_POINT ( 'NONE',  ( 25.00000000000000000, 5.000000000000000000, 0.000000000000000000 ) ) ;
#4 = CIRCLE ( 'NONE', #1425, 10.23606797749978803 ) ;
#6 = FACE_OUTER_BOUND ( 'NONE', #1534, .T. ) ;
#7 = ORIENTED_EDGE ( 'NONE', *, *, #1538, .T. ) ;
#8 = CARTESIAN_POINT ( 'NONE',  ( 0.007823331453986172648, 1.693706630289498527, 7.372075441553439745 ) ) ;
#9 = CARTESIAN_POINT ( 'NONE',  ( 15.83889529124278894, 4.573024022220121942, -6.391569882803825209 ) ) ;
#10 = CARTESIAN_POINT ( 'NONE',  ( 14.91287949908399391, 4.750000000000000000, -7.500000000000000000 ) ) ;
#11 = EDGE_CURVE ( 'NONE', #16, #1490, #393, .T. ) ;
#12 = EDGE_LOOP ( 'NONE', ( #1935, #1630, #2010, #612 ) ) ;
#13 = AXIS2_PLACEMENT_3D ( 'NONE', #1828, #1290, #2042 ) ;
#14 = DIRECTION ( 'NONE',  ( 0.000000000000000000, 1.000000000000000000, 0.000000000000000000 ) ) ;
#15 = AXIS2_PLACEMENT_3D ( 'NONE', #1623, #2193, #1636 ) ;
#16 = VERTEX_POINT ( 'NONE', #1411 ) ;
#17 = LINE ( 'NONE', #1936, #376 ) ;
#18 = AXIS2_PLACEMENT_3D ( 'NONE', #1802, #497, #2422 ) ;
#19 = AXIS2_PLACEMENT_3D ( 'NONE', #647, #309, #451 ) ;
#20 = CARTESIAN_POINT ( 'NONE',  ( 0.000000000000000000, 1.500000000000000000, 2.000000000000000000 ) ) ;
#21 = CARTESIAN_POINT ( 'NONE',  ( 1.274786328127753388, 3.359449851891874061, 7.503581418768376032 ) ) ;
#22 = VERTEX_POINT ( 'NONE', #1602 ) ;
#23 = DIRECTION ( 'NONE',  ( -0.000000000000000000, -1.000000000000000000, -0.000000000000000000 ) ) ;
#24 = CARTESIAN_POINT ( 'NONE',  ( 1.214956131406423001, 3.179261271864151084, -7.552773421963842715 ) ) ;
#25 = ORIENTED_EDGE ( 'NONE', *, *, #1508, .F. ) ;
#26 = ORIENTED_EDGE ( 'NONE', *, *, #1100, .F. ) ;
#27 = DIRECTION ( 'NONE',  ( 0.000000000000000000, 0.000000000000000000, 1.000000000000000000 ) ) ;
#28 = CARTESIAN_POINT ( 'NONE',  ( 1.236426996297102621, 3.273525050216980148, -7.525870708337463633 ) ) ;
#29 = EDGE_CURVE ( 'NONE', #566, #464, #469, .T. ) ;
#30 = DIRECTION ( 'NONE',  ( -0.000000000000000000, 1.000000000000000000, -0.000000000000000000 ) ) ;
#31 = CARTESIAN_POINT ( 'NONE',  ( 25.00000000000000000, 1.084202172485504434E-16, -2.250000000000002665 ) ) ;
#32 = CIRCLE ( 'NONE', #1847, 4.849999999999999645 ) ;
#33 = ORIENTED_EDGE ( 'NONE', *, *, #1065, .T. ) ;
#34 = CARTESIAN_POINT ( 'NONE',  ( 0.1379379357465121969, 0.000000000000000000, 4.998096950428430496 ) ) ;
#35 = EDGE_CURVE ( 'NONE', #2131, #510, #2403, .T. ) ;
#36 = EDGE_LOOP ( 'NONE', ( #1915, #1797, #791, #878, #1434, #1808, #155, #1926 ) ) ;
#37 = FACE_BOUND ( 'NONE', #2322, .T. ) ;
#38 = EDGE_LOOP ( 'NONE', ( #120, #1381, #450, #831 ) ) ;
#39 = CARTESIAN_POINT ( 'NONE',  ( 0.000000000000000000, 4.750000000000000000, 0.000000000000000000 ) ) ;
#40 = CARTESIAN_POINT ( 'NONE',  ( 25.00000000000000000, 2.500000000000000000, 0.000000000000000000 ) ) ;
#41 = CARTESIAN_POINT ( 'NONE',  ( 0.000000000000000000, 5.000000000000000000, 5.099999999999999645 ) ) ;
#42 = FACE_BOUND ( 'NONE', #2481, .T. ) ;
#43 = VERTEX_POINT ( 'NONE', #46 ) ;
#44 = CARTESIAN_POINT ( 'NONE',  ( 0.004885113440845106035, 1.852554318228361696, 7.420199806418211530 ) ) ;
#45 = CARTESIAN_POINT ( 'NONE',  ( 1.310026641679735038, 3.321964901036211337, -7.515911488319375167 ) ) ;
#46 = CARTESIAN_POINT ( 'NONE',  ( 6.245698675651500839E-16, 5.000000000000000000, -5.099999999999999645 ) ) ;
#47 = ORIENTED_EDGE ( 'NONE', *, *, #1545, .T. ) ;
#48 = PLANE ( 'NONE',  #1030 ) ;
#49 = VECTOR ( 'NONE', #2056, 1000.000000000000114 ) ;
#50 = LINE ( 'NONE', #2189, #1377 ) ;
#51 = AXIS2_PLACEMENT_3D ( 'NONE', #2290, #527, #772 ) ;
#52 = DIRECTION ( 'NONE',  ( 1.224646799147352961E-16, 0.000000000000000000, -1.000000000000000000 ) ) ;
#53 = CIRCLE ( 'NONE', #825, 2.250000000000002665 ) ;
#54 = ORIENTED_EDGE ( 'NONE', *, *, #1579, .F. ) ;
#55 = CARTESIAN_POINT ( 'NONE',  ( 0.1055794130846258866, 0.08044962795365065422, 5.649268862514343681 ) ) ;
#56 = CARTESIAN_POINT ( 'NONE',  ( 1.204229647292468952, 3.215350555004410804, -7.541280516358894737 ) ) ;
#57 = CIRCLE ( 'NONE', #828, 0.2500000000000001665 ) ;
#58 = CIRCLE ( 'NONE', #2069, 7.124999999999999112 ) ;
#59 = ORIENTED_EDGE ( 'NONE', *, *, #1829, .T. ) ;
#60 = UNCERTAINTY_MEASURE_WITH_UNIT (LENGTH_MEASURE( 1.000000000000000082E-05 ), #728, 'distance_accuracy_value', 'NONE');
#61 = ORIENTED_EDGE ( 'NONE', *, *, #762, .F. ) ;
#62 = CARTESIAN_POINT ( 'NONE',  ( 25.00000000000000000, 0.2500000000000002220, -2.000000000000003109 ) ) ;
#63 = CARTESIAN_POINT ( 'NONE',  ( 1.527414679757606919, 3.405528440416762059, 7.504127435258584278 ) ) ;
#64 = AXIS2_PLACEMENT_3D ( 'NONE', #2167, #1058, #88 ) ;
#65 = CARTESIAN_POINT ( 'NONE',  ( 15.56301284316067601, 4.966613763344278176, -6.929565578356839062 ) ) ;
#66 = DIRECTION ( 'NONE',  ( 0.000000000000000000, 1.000000000000000000, 0.000000000000000000 ) ) ;
#67 = EDGE_LOOP ( 'NONE', ( #1144, #361, #1178, #1008 ) ) ;
#68 = FACE_OUTER_BOUND ( 'NONE', #804, .T. ) ;
#69 = ADVANCED_FACE ( 'NONE', ( #2359 ), #2367, .T. ) ;
#70 = ORIENTED_EDGE ( 'NONE', *, *, #445, .T. ) ;
#71 = CARTESIAN_POINT ( 'NONE',  ( 4.368195096872856453, 2.600074985488293855, -8.039832628510170665 ) ) ;
#72 = ADVANCED_FACE ( 'NONE', ( #1397 ), #1454, .F. ) ;
#73 = CARTESIAN_POINT ( 'NONE',  ( 16.59406624923666485, 3.500000000000000000, -5.416666666666666963 ) ) ;
#74 = VERTEX_POINT ( 'NONE', #631 ) ;
#75 = CARTESIAN_POINT ( 'NONE',  ( 15.70733569164058707, 4.715963669279561898, 7.112179288401155652 ) ) ;
#76 = EDGE_CURVE ( 'NONE', #566, #2072, #1292, .T. ) ;
#77 = CARTESIAN_POINT ( 'NONE',  ( 1.222651739797875781, 3.262449195086932985, 7.528328813108435824 ) ) ;
#78 = DIRECTION ( 'NONE',  ( -1.000000000000000000, 0.000000000000000000, 0.000000000000000000 ) ) ;
#79 = AXIS2_PLACEMENT_3D ( 'NONE', #1563, #949, #1553 ) ;
#80 = CARTESIAN_POINT ( 'NONE',  ( 1.510566453527580455, 3.432227517812450834, -7.500000000000000000 ) ) ;
#81 = DIRECTION ( 'NONE',  ( -0.000000000000000000, 1.000000000000000000, -0.000000000000000000 ) ) ;
#82 = CARTESIAN_POINT ( 'NONE',  ( 2.449293598294706414E-16, 0.000000000000000000, -2.000000000000000000 ) ) ;
#83 = EDGE_CURVE ( 'NONE', #2459, #131, #842, .T. ) ;
#84 = CARTESIAN_POINT ( 'NONE',  ( 25.00000000000000000, 0.000000000000000000, -7.999999999999996447 ) ) ;
#85 = DIRECTION ( 'NONE',  ( 0.000000000000000000, 1.000000000000000000, 0.000000000000000000 ) ) ;
#86 = ORIENTED_EDGE ( 'NONE', *, *, #827, .T. ) ;
#87 = DIRECTION ( 'NONE',  ( 0.000000000000000000, 0.000000000000000000, 1.000000000000000000 ) ) ;
#88 = DIRECTION ( 'NONE',  ( -0.1222502059739768721, 0.000000000000000000, -0.9924993134200750244 ) ) ;
#89 = AXIS2_PLACEMENT_3D ( 'NONE', #1173, #1751, #1158 ) ;
#90 = DIRECTION ( 'NONE',  ( -0.000000000000000000, 1.000000000000000000, -0.000000000000000000 ) ) ;
#91 = ADVANCED_FACE ( 'NONE', ( #486 ), #2161, .T. ) ;
#92 = DIRECTION ( 'NONE',  ( 0.000000000000000000, 1.000000000000000000, 0.000000000000000000 ) ) ;
#93 = CIRCLE ( 'NONE', #499, 7.249999999999999112 ) ;
#94 = CARTESIAN_POINT ( 'NONE',  ( 6.913062809691486343, 2.486399135919314052, 8.359028482052051956 ) ) ;
#95 = CARTESIAN_POINT ( 'NONE',  ( 2.258348203975746760, 2.748109052885039816, -7.766177237041542725 ) ) ;
#96 = CARTESIAN_POINT ( 'NONE',  ( 15.54609569473477748, 4.749999975312672262, -7.278059246106174385 ) ) ;
#97 = ORIENTED_EDGE ( 'NONE', *, *, #2396, .T. ) ;
#98 = CARTESIAN_POINT ( 'NONE',  ( 15.40380904928457007, 5.000000000000002665, 7.071744519894479275 ) ) ;
#99 = CARTESIAN_POINT ( 'NONE',  ( 15.88542123370017833, 4.574568043655932392, -6.765231099527104774 ) ) ;
#100 = DIRECTION ( 'NONE',  ( 0.000000000000000000, 0.000000000000000000, -1.000000000000000000 ) ) ;
#101 = AXIS2_PLACEMENT_3D ( 'NONE', #2138, #1956, #2126 ) ;
#102 = FACE_OUTER_BOUND ( 'NONE', #2150, .T. ) ;
#103 = DIRECTION ( 'NONE',  ( 1.000000000000000000, -0.000000000000000000, 1.224646799147353207E-16 ) ) ;
#104 = CARTESIAN_POINT ( 'NONE',  ( 25.00000000000000000, 5.750000000000000000, 0.000000000000000000 ) ) ;
#105 = AXIS2_PLACEMENT_3D ( 'NONE', #1050, #81, #2208 ) ;
#106 = DIRECTION ( 'NONE',  ( 0.000000000000000000, 0.000000000000000000, 1.000000000000000000 ) ) ;
#107 = CARTESIAN_POINT ( 'NONE',  ( 15.84192871397353741, 4.549691614482709312, -6.369340161970839631 ) ) ;
#108 = ORIENTED_EDGE ( 'NONE', *, *, #571, .T. ) ;
#109 = CARTESIAN_POINT ( 'NONE',  ( 15.75347287416032849, 4.000000000000000000, 5.958333333333333037 ) ) ;
#110 = CARTESIAN_POINT ( 'NONE',  ( 6.950801975078749528, 2.549938364757011744, 8.177215790961952280 ) ) ;
#111 = VERTEX_POINT ( 'NONE', #1091 ) ;
#112 = ADVANCED_FACE ( 'NONE', ( #2411 ), #1253, .T. ) ;
#113 = LINE ( 'NONE', #2398, #329 ) ;
#114 = LINE ( 'NONE', #1130, #2115 ) ;
#115 = LINE ( 'NONE', #846, #432 ) ;
#116 = ORIENTED_EDGE ( 'NONE', *, *, #1514, .F. ) ;
#117 = CARTESIAN_POINT ( 'NONE',  ( 2.481355436248752877, 2.790142961975539571, 7.790077354002766796 ) ) ;
#118 = CARTESIAN_POINT ( 'NONE',  ( 25.00000000000000000, 2.750000000000000000, -7.375000000000000000 ) ) ;
#119 = CARTESIAN_POINT ( 'NONE',  ( 15.82516106543357637, 4.225608719112896594, -6.102707842308471520 ) ) ;
#120 = ORIENTED_EDGE ( 'NONE', *, *, #369, .F. ) ;
#121 = CARTESIAN_POINT ( 'NONE',  ( 15.56268240569589167, 5.000623306619706554, 7.266621925033970975 ) ) ;
#122 = CARTESIAN_POINT ( 'NONE',  ( 0.07309372885919554474, 0.3304554538762606297, -6.252600410158595245 ) ) ;
#123 = EDGE_LOOP ( 'NONE', ( #1736, #1650, #1954, #1959 ) ) ;
#124 = DIRECTION ( 'NONE',  ( -0.9924993134200748024, -0.000000000000000000, 0.1222502059739775243 ) ) ;
#125 = CARTESIAN_POINT ( 'NONE',  ( 6.119033846878400240, 2.579845471922084688, -8.097952102768998017 ) ) ;
#126 = VECTOR ( 'NONE', #493, 1000.000000000000000 ) ;
#127 = DIRECTION ( 'NONE',  ( 0.000000000000000000, 1.000000000000000000, 0.000000000000000000 ) ) ;
#128 = TOROIDAL_SURFACE ( 'NONE', #913, 2.000000000000000000, 0.2500000000000000000 ) ;
#129 = VERTEX_POINT ( 'NONE', #291 ) ;
#130 = CARTESIAN_POINT ( 'NONE',  ( 8.590932892570419810, 2.510154936254003655, 8.335038010760561278 ) ) ;
#131 = VERTEX_POINT ( 'NONE', #270 ) ;
#132 =( NAMED_UNIT ( * ) SI_UNIT ( $, .STERADIAN. ) SOLID_ANGLE_UNIT ( ) );
#133 = TOROIDAL_SURFACE ( 'NONE', #1561, 2.000000000000000000, 0.2500000000000000000 ) ;
#134 = CARTESIAN_POINT ( 'NONE',  ( 4.874171754965088255, 2.645775452140554318, 7.978098343326162301 ) ) ;
#135 = ORIENTED_EDGE ( 'NONE', *, *, #1530, .F. ) ;
#136 = CARTESIAN_POINT ( 'NONE',  ( 0.000000000000000000, 5.000000000000000000, 0.000000000000000000 ) ) ;
#137 = CARTESIAN_POINT ( 'NONE',  ( 0.03226574411385773472, 2.250000000000000444, 7.238047648878970008 ) ) ;
#138 = TOROIDAL_SURFACE ( 'NONE', #1405, 4.250000000000000000, 0.2500000000000000000 ) ;
#139 = DIRECTION ( 'NONE',  ( -0.1222502059739782043, 0.000000000000000000, 0.9924993134200748024 ) ) ;
#140 = ORIENTED_EDGE ( 'NONE', *, *, #1833, .F. ) ;
#141 = CARTESIAN_POINT ( 'NONE',  ( 1.861611622012585121, 2.899691022896511150, 7.697692762087369189 ) ) ;
#142 = FACE_OUTER_BOUND ( 'NONE', #67, .T. ) ;
#143 = CARTESIAN_POINT ( 'NONE',  ( 1.395889040519301405, 2.997216688237108961, -7.621710002841642684 ) ) ;
#144 = CARTESIAN_POINT ( 'NONE',  ( 1.250762689780700931, 3.085197583124512644, 7.584162767738875210 ) ) ;
#145 = ORIENTED_EDGE ( 'NONE', *, *, #447, .T. ) ;
#146 = CARTESIAN_POINT ( 'NONE',  ( 15.92085215454153513, 4.429407773329733899, -6.513269799413796690 ) ) ;
#147 = DIRECTION ( 'NONE',  ( 0.000000000000000000, 1.000000000000000000, 0.000000000000000000 ) ) ;
#148 = VERTEX_POINT ( 'NONE', #82 ) ;
#149 = DIRECTION ( 'NONE',  ( -0.000000000000000000, -1.000000000000000000, -0.000000000000000000 ) ) ;
#150 = ORIENTED_EDGE ( 'NONE', *, *, #2164, .F. ) ;
#151 = CARTESIAN_POINT ( 'NONE',  ( 1.265480545340510687, 3.356791434905190386, 7.503714439094607336 ) ) ;
#152 = CARTESIAN_POINT ( 'NONE',  ( 25.00000000000000000, 2.500000000000000000, 0.000000000000000000 ) ) ;
#153 = CARTESIAN_POINT ( 'NONE',  ( 1.309632753901853963, 3.105916826489226956, -7.580854843107879049 ) ) ;
#154 = EDGE_CURVE ( 'NONE', #1104, #464, #348, .T. ) ;
#155 = ORIENTED_EDGE ( 'NONE', *, *, #1056, .T. ) ;
#156 = ADVANCED_BREP_SHAPE_REPRESENTATION ( 'BRAZO DE TENSOR 2', ( #2179, #662 ), #1942 ) ;
#157 = CARTESIAN_POINT ( 'NONE',  ( 0.000000000000000000, 4.750000000000000000, 0.000000000000000000 ) ) ;
#158 = DIRECTION ( 'NONE',  ( 0.000000000000000000, -0.000000000000000000, 1.000000000000000000 ) ) ;
#159 = EDGE_LOOP ( 'NONE', ( #70, #1160 ) ) ;
#160 = CARTESIAN_POINT ( 'NONE',  ( 15.91416447491077868, 4.349641318646678911, 6.393443575829520498 ) ) ;
#161 = CARTESIAN_POINT ( 'NONE',  ( 25.00000000000000000, 5.001253140723345147, 0.000000000000000000 ) ) ;
#162 = EDGE_CURVE ( 'NONE', #709, #599, #721, .T. ) ;
#163 = ORIENTED_EDGE ( 'NONE', *, *, #187, .F. ) ;
#164 = CARTESIAN_POINT ( 'NONE',  ( 1.190013960747422495, 3.272984598418193336, 7.523324258230841721 ) ) ;
#165 = DIRECTION ( 'NONE',  ( 0.000000000000000000, 0.000000000000000000, 1.000000000000000000 ) ) ;
#166 = CARTESIAN_POINT ( 'NONE',  ( 1.287783781425064111, 3.117240598683482133, -7.576042634580147705 ) ) ;
#167 = ORIENTED_EDGE ( 'NONE', *, *, #1722, .F. ) ;
#168 = EDGE_CURVE ( 'NONE', #131, #2459, #1643, .T. ) ;
#169 = DIRECTION ( 'NONE',  ( 0.000000000000000000, 0.000000000000000000, 1.000000000000000000 ) ) ;
#170 = CARTESIAN_POINT ( 'NONE',  ( 25.00000000000000000, 2.750000000000000000, 7.375000000000000000 ) ) ;
#171 = ORIENTED_EDGE ( 'NONE', *, *, #1686, .F. ) ;
#172 = CARTESIAN_POINT ( 'NONE',  ( 9.211718874338258090, 2.222222222222222765, 8.619048134083598711 ) ) ;
#173 = CARTESIAN_POINT ( 'NONE',  ( 1.214218454510407552, 3.148554831415488753, -7.563453855616647736 ) ) ;
#174 = LINE ( 'NONE', #1303, #457 ) ;
#175 = AXIS2_PLACEMENT_3D ( 'NONE', #1394, #2146, #1243 ) ;
#176 = EDGE_LOOP ( 'NONE', ( #1150, #749, #2420, #2261 ) ) ;
#177 = CARTESIAN_POINT ( 'NONE',  ( 1.172990391158878154, 3.218348652785713249, 7.538429632837823746 ) ) ;
#178 = DIRECTION ( 'NONE',  ( 0.9924993134200748024, 0.000000000000000000, -0.1222502059739791896 ) ) ;
#179 = AXIS2_PLACEMENT_3D ( 'NONE', #2234, #1291, #1102 ) ;
#180 = ORIENTED_EDGE ( 'NONE', *, *, #593, .F. ) ;
#181 = PLANE ( 'NONE',  #774 ) ;
#182 = PLANE ( 'NONE',  #592 ) ;
#183 = ADVANCED_FACE ( 'NONE', ( #1076 ), #2183, .T. ) ;
#184 = EDGE_LOOP ( 'NONE', ( #387, #1539, #1339, #1504 ) ) ;
#185 = AXIS2_PLACEMENT_3D ( 'NONE', #1968, #245, #1029 ) ;
#186 = FACE_OUTER_BOUND ( 'NONE', #2493, .T. ) ;
#187 = EDGE_CURVE ( 'NONE', #1054, #847, #790, .T. ) ;
#188 = FACE_OUTER_BOUND ( 'NONE', #2158, .T. ) ;
#189 = B_SPLINE_CURVE_WITH_KNOTS ( 'NONE', 3,
 ( #689, #1872, #1320, #2461, #2074, #1472, #1486, #1279, #546, #1896, #317, #1307, #2224, #734, #2425, #2035, #2240, #932 ),
 .UNSPECIFIED., .F., .F.,
 ( 4, 2, 2, 2, 2, 2, 2, 2, 4 ),
 ( 2.168404344971008868E-19, 0.0001034881275174379431, 0.0002069762550348756695, 0.0003104643825523134364, 0.0004139525100697511221, 0.0006209287651046260055, 0.0008279050201395009431, 0.001655810040279001236, 0.003311620080558000737 ),
 .UNSPECIFIED. ) ;
#190 = ADVANCED_FACE ( 'NONE', ( #1185 ), #2344, .T. ) ;
#191 = ORIENTED_EDGE ( 'NONE', *, *, #1722, .T. ) ;
#192 = CARTESIAN_POINT ( 'NONE',  ( 1.362712755738032078, 3.048823552782504720, 7.606707652981305579 ) ) ;
#193 = DIRECTION ( 'NONE',  ( 0.000000000000000000, 0.000000000000000000, 1.000000000000000000 ) ) ;
#194 = DIRECTION ( 'NONE',  ( 0.000000000000000000, 0.000000000000000000, 1.000000000000000000 ) ) ;
#195 = VERTEX_POINT ( 'NONE', #2356 ) ;
#196 = CIRCLE ( 'NONE', #79, 0.2500000000000002220 ) ;
#197 = DIRECTION ( 'NONE',  ( 0.9924993134200750244, 0.000000000000000000, -0.1222502059739775521 ) ) ;
#198 = VERTEX_POINT ( 'NONE', #423 ) ;
#199 = CYLINDRICAL_SURFACE ( 'NONE', #2102, 1.000000000000000000 ) ;
#200 = CARTESIAN_POINT ( 'NONE',  ( 1.176011075490233093, 3.187871795036195444, -7.547772536694923318 ) ) ;
#201 = CYLINDRICAL_SURFACE ( 'NONE', #2107, 11.00000000000000000 ) ;
#202 = ADVANCED_FACE ( 'NONE', ( #608 ), #1955, .T. ) ;
#203 = CARTESIAN_POINT ( 'NONE',  ( 1.581496442404346947, 2.922917046059702262, 7.658584326993857161 ) ) ;
#204 = EDGE_LOOP ( 'NONE', ( #116, #595, #613, #2256 ) ) ;
#205 = CARTESIAN_POINT ( 'NONE',  ( 0.0009971186164075850934, 2.172236591000622941, 7.483773668667782708 ) ) ;
#206 = ORIENTED_EDGE ( 'NONE', *, *, #2233, .F. ) ;
#207 = AXIS2_PLACEMENT_3D ( 'NONE', #1732, #1114, #366 ) ;
#208 = CIRCLE ( 'NONE', #1939, 2.500000000000000444 ) ;
#209 = ORIENTED_EDGE ( 'NONE', *, *, #1822, .F. ) ;
#210 = CARTESIAN_POINT ( 'NONE',  ( 14.91287949908399391, 4.750000000000000000, -7.249999999999999112 ) ) ;
#211 = EDGE_CURVE ( 'NONE', #1659, #2379, #355, .T. ) ;
#212 = CIRCLE ( 'NONE', #2270, 1.000000000000000000 ) ;
#213 = CARTESIAN_POINT ( 'NONE',  ( 1.964488247066473958, 3.626879772898921939, -7.471569011926214365 ) ) ;
#214 = AXIS2_PLACEMENT_3D ( 'NONE', #783, #1557, #2319 ) ;
#215 = CIRCLE ( 'NONE', #1633, 2.000000000000003109 ) ;
#216 = FACE_OUTER_BOUND ( 'NONE', #1838, .T. ) ;
#217 = ORIENTED_EDGE ( 'NONE', *, *, #2357, .F. ) ;
#218 = CIRCLE ( 'NONE', #1524, 2.000000000000000000 ) ;
#219 = CIRCLE ( 'NONE', #1246, 2.500000000000000444 ) ;
#220 = DIRECTION ( 'NONE',  ( 0.000000000000000000, 0.000000000000000000, 1.000000000000000000 ) ) ;
#221 = EDGE_CURVE ( 'NONE', #2250, #1118, #2081, .T. ) ;
#222 = AXIS2_PLACEMENT_3D ( 'NONE', #2248, #1840, #1302 ) ;
#223 = CIRCLE ( 'NONE', #101, 10.48451997499976329 ) ;
#224 = CIRCLE ( 'NONE', #1667, 0.2500000000000002220 ) ;
#225 = ORIENTED_EDGE ( 'NONE', *, *, #221, .F. ) ;
#226 = DIRECTION ( 'NONE',  ( 0.000000000000000000, 0.000000000000000000, -1.000000000000000000 ) ) ;
#227 = CARTESIAN_POINT ( 'NONE',  ( 1.294196887674170959, 3.316889846299302835, -7.516462613507543189 ) ) ;
#228 = TOROIDAL_SURFACE ( 'NONE', #2330, 7.375000000000000000, 0.2500000000000000000 ) ;
#229 = EDGE_CURVE ( 'NONE', #2360, #1400, #269, .T. ) ;
#230 = ADVANCED_FACE ( 'NONE', ( #809 ), #1330, .T. ) ;
#231 = DIRECTION ( 'NONE',  ( 0.000000000000000000, 0.000000000000000000, 1.000000000000000000 ) ) ;
#232 = CARTESIAN_POINT ( 'NONE',  ( 1.303478258507396292, 3.378270943769313028, -7.500000000000000000 ) ) ;
#233 = ORIENTED_EDGE ( 'NONE', *, *, #2027, .T. ) ;
#234 = CARTESIAN_POINT ( 'NONE',  ( 7.855833012397049418E-14, 2.500000000000000000, 7.500000000000000000 ) ) ;
#235 = CARTESIAN_POINT ( 'NONE',  ( 23.74863858138701644, 2.500000000000000000, 10.15929043978975166 ) ) ;
#236 = ORIENTED_EDGE ( 'NONE', *, *, #1166, .T. ) ;
#237 = ORIENTED_EDGE ( 'NONE', *, *, #895, .F. ) ;
#238 = DIRECTION ( 'NONE',  ( -0.000000000000000000, -1.000000000000000000, -0.000000000000000000 ) ) ;
#239 = CYLINDRICAL_SURFACE ( 'NONE', #302, 0.2500000000000002220 ) ;
#240 = DIRECTION ( 'NONE',  ( 0.000000000000000000, 1.000000000000000000, 0.000000000000000000 ) ) ;
#241 = ORIENTED_EDGE ( 'NONE', *, *, #2447, .F. ) ;
#242 = CARTESIAN_POINT ( 'NONE',  ( 0.03710457535177352772, 0.8469471563121175883, 6.882452662901858531 ) ) ;
#243 = CARTESIAN_POINT ( 'NONE',  ( 0.000000000000000000, 4.750000000000000000, 7.500000000000000000 ) ) ;
#244 = ADVANCED_FACE ( 'NONE', ( #978 ), #619, .F. ) ;
#245 = DIRECTION ( 'NONE',  ( 0.000000000000000000, 1.000000000000000000, 0.000000000000000000 ) ) ;
#246 = CIRCLE ( 'NONE', #1234, 0.2500000000000001665 ) ;
#247 = EDGE_LOOP ( 'NONE', ( #899, #976, #1948, #59 ) ) ;
#248 = CARTESIAN_POINT ( 'NONE',  ( 25.00000000000000000, 2.500000000000000000, 0.000000000000000000 ) ) ;
#249 = CARTESIAN_POINT ( 'NONE',  ( 1.830814909821270930, 3.479855264276010107, 7.500000000000004441 ) ) ;
#250 = EDGE_CURVE ( 'NONE', #195, #1965, #397, .T. ) ;
#251 = DIRECTION ( 'NONE',  ( 0.000000000000000000, 1.000000000000000000, 0.000000000000000000 ) ) ;
#252 = AXIS2_PLACEMENT_3D ( 'NONE', #1899, #1540, #573 ) ;
#253 = DIRECTION ( 'NONE',  ( 1.000000000000000000, -0.000000000000000000, 1.224646799147353207E-16 ) ) ;
#254 = TOROIDAL_SURFACE ( 'NONE', #214, 4.999999999999999112, 2.500000000000000000 ) ;
#255 = EDGE_LOOP ( 'NONE', ( #1237, #766, #411, #711, #590, #2295 ) ) ;
#256 = DIRECTION ( 'NONE',  ( 1.000000000000000000, -0.000000000000000000, 1.224646799147353207E-16 ) ) ;
#257 = ADVANCED_FACE ( 'NONE', ( #68 ), #1689, .F. ) ;
#258 = VERTEX_POINT ( 'NONE', #1074 ) ;
#259 = DIRECTION ( 'NONE',  ( 0.000000000000000000, 0.000000000000000000, 1.000000000000000000 ) ) ;
#260 = UNCERTAINTY_MEASURE_WITH_UNIT (LENGTH_MEASURE( 1.000000000000000082E-05 ), #2266, 'distance_accuracy_value', 'NONE');
#261 = CARTESIAN_POINT ( 'NONE',  ( 15.79698722884931250, 4.113139222272325313, -6.025861723989853758 ) ) ;
#262 = EDGE_CURVE ( 'NONE', #1965, #373, #115, .T. ) ;
#263 = ORIENTED_EDGE ( 'NONE', *, *, #2396, .F. ) ;
#264 = CARTESIAN_POINT ( 'NONE',  ( 15.48055015844143867, 4.999999999999999112, 7.323255745503597147 ) ) ;
#265 = AXIS2_PLACEMENT_3D ( 'NONE', #40, #1811, #1416 ) ;
#266 = CARTESIAN_POINT ( 'NONE',  ( 1.309448796849100871, 3.321668156865282828, 7.515964843323902578 ) ) ;
#267 = CARTESIAN_POINT ( 'NONE',  ( 0.000000000000000000, 0.2500000000000000000, 0.000000000000000000 ) ) ;
#268 = CARTESIAN_POINT ( 'NONE',  ( 1.303478258507472676, 3.378270943769311696, 7.500000000000000000 ) ) ;
#269 = CIRCLE ( 'NONE', #1013, 0.2500000000000002220 ) ;
#270 = CARTESIAN_POINT ( 'NONE',  ( 25.00000000000000000, 5.250000000000000000, 6.899999999999998579 ) ) ;
#271 = CARTESIAN_POINT ( 'NONE',  ( 6.904576799307997170, 2.551350138585477101, -8.172785775745488479 ) ) ;
#272 = FACE_OUTER_BOUND ( 'NONE', #1704, .T. ) ;
#273 = EDGE_LOOP ( 'NONE', ( #171, #1695 ) ) ;
#274 = CARTESIAN_POINT ( 'NONE',  ( 15.75347287416032849, 4.000000000000000000, 5.958333333333333037 ) ) ;
#275 = PLANE ( 'NONE',  #265 ) ;
#276 = DIRECTION ( 'NONE',  ( 0.000000000000000000, 0.000000000000000000, 1.000000000000000000 ) ) ;
#277 = CARTESIAN_POINT ( 'NONE',  ( 0.000000000000000000, 2.250000000000000444, 0.000000000000000000 ) ) ;
#278 = CARTESIAN_POINT ( 'NONE',  ( 0.000000000000000000, 0.000000000000000000, 0.000000000000000000 ) ) ;
#279 = ORIENTED_EDGE ( 'NONE', *, *, #2313, .T. ) ;
#280 = CARTESIAN_POINT ( 'NONE',  ( 8.597963042115143395, 2.469665376212613950, 8.569968097193468637 ) ) ;
#281 = DIRECTION ( 'NONE',  ( 0.000000000000000000, 0.000000000000000000, -1.000000000000000000 ) ) ;
#282 = DIRECTION ( 'NONE',  ( 0.000000000000000000, 0.000000000000000000, 1.000000000000000000 ) ) ;
#283 = ORIENTED_EDGE ( 'NONE', *, *, #942, .F. ) ;
#284 = CARTESIAN_POINT ( 'NONE',  ( 15.46303796602633973, 4.990634818896145575, 7.021622378768764605 ) ) ;
#285 = CARTESIAN_POINT ( 'NONE',  ( 15.33863249360207526, 4.750000000000000000, 7.117441809127698527 ) ) ;
#286 = DIRECTION ( 'NONE',  ( -0.000000000000000000, -1.000000000000000000, -0.000000000000000000 ) ) ;
#287 = EDGE_CURVE ( 'NONE', #2291, #2327, #2331, .T. ) ;
#288 = CARTESIAN_POINT ( 'NONE',  ( 14.91287949908399391, 3.500000000000000000, 6.500000000000000000 ) ) ;
#289 = DIRECTION ( 'NONE',  ( 0.000000000000000000, 0.000000000000000000, 1.000000000000000000 ) ) ;
#290 = CIRCLE ( 'NONE', #661, 4.849999999999999645 ) ;
#291 = CARTESIAN_POINT ( 'NONE',  ( 25.00000000000000000, 2.222222222222222765, -10.48451997499976329 ) ) ;
#292 = AXIS2_PLACEMENT_3D ( 'NONE', #1324, #738, #1138 ) ;
#293 = DIRECTION ( 'NONE',  ( 0.000000000000000000, 1.000000000000000000, 0.000000000000000000 ) ) ;
#294 = DIRECTION ( 'NONE',  ( 0.8405933750763345813, 0.000000000000000000, 0.5416666666666656305 ) ) ;
#295 = AXIS2_PLACEMENT_3D ( 'NONE', #1806, #85, #668 ) ;
#296 = ORIENTED_EDGE ( 'NONE', *, *, #1282, .T. ) ;
#297 = CARTESIAN_POINT ( 'NONE',  ( 15.81281069409106976, 4.084854505675898473, 6.050417601010724233 ) ) ;
#298 = CARTESIAN_POINT ( 'NONE',  ( 15.84303484818993724, 4.636697737957869769, -6.892498321749426893 ) ) ;
#299 = ORIENTED_EDGE ( 'NONE', *, *, #2129, .F. ) ;
#300 = DIRECTION ( 'NONE',  ( -0.9924993134200749134, 0.000000000000000000, -0.1222502059739776770 ) ) ;
#301 = FACE_OUTER_BOUND ( 'NONE', #2312, .T. ) ;
#302 = AXIS2_PLACEMENT_3D ( 'NONE', #1608, #1990, #626 ) ;
#303 = CARTESIAN_POINT ( 'NONE',  ( 2.496521876262286721, 2.851287704932695455, 7.738246076089190240 ) ) ;
#304 = DIRECTION ( 'NONE',  ( 0.000000000000000000, 1.000000000000000000, 0.000000000000000000 ) ) ;
#305 = AXIS2_PLACEMENT_3D ( 'NONE', #2236, #256, #870 ) ;
#306 = CARTESIAN_POINT ( 'NONE',  ( 10.27753962384105968, 2.500000000000000444, -8.500000000000000000 ) ) ;
#307 = DIRECTION ( 'NONE',  ( 0.000000000000000000, 0.000000000000000000, 1.000000000000000000 ) ) ;
#308 = VERTEX_POINT ( 'NONE', #1831 ) ;
#309 = DIRECTION ( 'NONE',  ( -0.5416666666666662966, -0.000000000000000000, -0.8405933750763343593 ) ) ;
#310 = PRODUCT_DEFINITION ( 'UNKNOWN', '', #1982, #2173 ) ;
#311 = DIRECTION ( 'NONE',  ( 0.000000000000000000, 0.000000000000000000, 1.000000000000000000 ) ) ;
#312 = VERTEX_POINT ( 'NONE', #1277 ) ;
#313 = CARTESIAN_POINT ( 'NONE',  ( 8.613874665601326086, 2.509886071132420682, -8.337263426328455296 ) ) ;
#314 = DIRECTION ( 'NONE',  ( 0.000000000000000000, 1.000000000000000000, 0.000000000000000000 ) ) ;
#315 = ORIENTED_EDGE ( 'NONE', *, *, #1056, .F. ) ;
#316 = DIRECTION ( 'NONE',  ( -0.000000000000000000, -1.000000000000000000, -0.000000000000000000 ) ) ;
#317 = CARTESIAN_POINT ( 'NONE',  ( 1.393728066988425329, 2.997636649671009845, -7.621409233551999840 ) ) ;
#318 = FACE_OUTER_BOUND ( 'NONE', #1587, .T. ) ;
#319 = EDGE_CURVE ( 'NONE', #2459, #407, #1412, .T. ) ;
#320 = CIRCLE ( 'NONE', #2342, 10.23606797749978803 ) ;
#321 = CARTESIAN_POINT ( 'NONE',  ( 0.000000000000000000, 1.500000000000000000, 4.000000000000000000 ) ) ;
#322 = ORIENTED_EDGE ( 'NONE', *, *, #1822, .T. ) ;
#323 =( NAMED_UNIT ( * ) PLANE_ANGLE_UNIT ( ) SI_UNIT ( $, .RADIAN. ) );
#324 = CARTESIAN_POINT ( 'NONE',  ( 2.595883482557202804, 2.838889413783270310, 7.749031097927131739 ) ) ;
#325 = VERTEX_POINT ( 'NONE', #1062 ) ;
#326 = DIRECTION ( 'NONE',  ( -0.1222502059739782876, 0.000000000000000000, 0.9924993134200746914 ) ) ;
#327 = CARTESIAN_POINT ( 'NONE',  ( 2.594789132088112460, 2.839022878759311919, -7.748913031937955331 ) ) ;
#328 = CARTESIAN_POINT ( 'NONE',  ( 0.000000000000000000, 0.2500000000000000000, 0.000000000000000000 ) ) ;
#329 = VECTOR ( 'NONE', #1660, 1000.000000000000000 ) ;
#330 = VERTEX_POINT ( 'NONE', #513 ) ;
#331 = CARTESIAN_POINT ( 'NONE',  ( 1.395889040519368463, 2.997216688237086313, 7.621710002841644460 ) ) ;
#332 = DIRECTION ( 'NONE',  ( 0.000000000000000000, 0.000000000000000000, 1.000000000000000000 ) ) ;
#333 = CARTESIAN_POINT ( 'NONE',  ( 1.658411514750329774, 2.948493170370567906, -7.663994514697493265 ) ) ;
#334 = CIRCLE ( 'NONE', #1750, 0.7499999999999997780 ) ;
#335 = CARTESIAN_POINT ( 'NONE',  ( 3.505530237969906260, 2.555278591137230215, 7.931790518990884387 ) ) ;
#336 = ORIENTED_EDGE ( 'NONE', *, *, #1717, .T. ) ;
#337 = APPLICATION_PROTOCOL_DEFINITION ( 'draft international standard', 'automotive_design', 1998, #1128 ) ;
#338 = CARTESIAN_POINT ( 'NONE',  ( 0.004885113440759187783, 1.852554318228371466, -7.420199806418215083 ) ) ;
#339 = ORIENTED_EDGE ( 'NONE', *, *, #2301, .T. ) ;
#340 = PRESENTATION_STYLE_ASSIGNMENT (( #1141 ) ) ;
#341 = CYLINDRICAL_SURFACE ( 'NONE', #2476, 7.124999999999999112 ) ;
#342 = DIRECTION ( 'NONE',  ( -0.000000000000000000, -1.000000000000000000, -0.000000000000000000 ) ) ;
#343 = EDGE_CURVE ( 'NONE', #1300, #1310, #652, .T. ) ;
#344 = AXIS2_PLACEMENT_3D ( 'NONE', #118, #848, #281 ) ;
#345 = ORIENTED_EDGE ( 'NONE', *, *, #1855, .T. ) ;
#346 = CARTESIAN_POINT ( 'NONE',  ( 1.176011075490350111, 3.187871795036227418, 7.547772536694917100 ) ) ;
#347 = DIRECTION ( 'NONE',  ( 0.000000000000000000, 0.000000000000000000, 1.000000000000000000 ) ) ;
#348 = CIRCLE ( 'NONE', #1132, 2.000000000000003109 ) ;
#349 = VERTEX_POINT ( 'NONE', #1469 ) ;
#350 = CARTESIAN_POINT ( 'NONE',  ( 15.60161133213387252, 4.750000000000004441, -7.239778798433484042 ) ) ;
#351 = DIRECTION ( 'NONE',  ( 0.000000000000000000, 1.000000000000000000, 0.000000000000000000 ) ) ;
#352 = ORIENTED_EDGE ( 'NONE', *, *, #2156, .T. ) ;
#353 = DIRECTION ( 'NONE',  ( -0.9924993134200748024, 0.000000000000000000, -0.1222502059739776631 ) ) ;
#354 = ADVANCED_FACE ( 'NONE', ( #857 ), #2386, .F. ) ;
#355 = B_SPLINE_CURVE_WITH_KNOTS ( 'NONE', 3,
 ( #234, #1772, #205, #44, #8, #2334, #800, #1966, #242, #1009, #412, #1601, #786, #1762, #55, #1558, #1201, #34 ),
 .UNSPECIFIED., .F., .F.,
 ( 4, 2, 2, 2, 2, 2, 2, 2, 4 ),
 ( 0.000000000000000000, 0.0004887576588463607517, 0.0009775153176927221538, 0.001466272976539083556, 0.001955030635385444741, 0.002443788294231806144, 0.002932545953078167979, 0.003421303611924529382, 0.003910061270770891217 ),
 .UNSPECIFIED. ) ;
#356 = DIRECTION ( 'NONE',  ( 0.000000000000000000, 0.000000000000000000, 1.000000000000000000 ) ) ;
#357 = EDGE_LOOP ( 'NONE', ( #1123, #1476, #1754, #1572 ) ) ;
#358 = CARTESIAN_POINT ( 'NONE',  ( 1.202266175873462073, 3.217211022043285240, 7.540601210463325543 ) ) ;
#359 = PLANE ( 'NONE',  #2135 ) ;
#360 = AXIS2_PLACEMENT_3D ( 'NONE', #563, #1541, #1177 ) ;
#361 = ORIENTED_EDGE ( 'NONE', *, *, #537, .F. ) ;
#362 = EDGE_CURVE ( 'NONE', #2245, #952, #224, .T. ) ;
#363 = CARTESIAN_POINT ( 'NONE',  ( 1.721127734193762526, 3.469966349426698571, 7.500000000000000000 ) ) ;
#364 = DIRECTION ( 'NONE',  ( 0.000000000000000000, 0.000000000000000000, 1.000000000000000000 ) ) ;
#365 = VERTEX_POINT ( 'NONE', #664 ) ;
#366 = DIRECTION ( 'NONE',  ( 0.000000000000000000, 0.000000000000000000, 1.000000000000000000 ) ) ;
#367 = CARTESIAN_POINT ( 'NONE',  ( 1.977264387371317156, 3.572598239037948264, -7.500759836132060876 ) ) ;
#368 = CARTESIAN_POINT ( 'NONE',  ( 10.24697707234763477, 2.250000000000000444, 8.748124828355019034 ) ) ;
#369 = EDGE_CURVE ( 'NONE', #1685, #812, #1977, .T. ) ;
#370 = ORIENTED_EDGE ( 'NONE', *, *, #2260, .T. ) ;
#371 = CARTESIAN_POINT ( 'NONE',  ( 1.889052299236811949, 3.491893470128237364, 7.499843500604063351 ) ) ;
#372 = AXIS2_PLACEMENT_3D ( 'NONE', #1961, #1220, #614 ) ;
#373 = VERTEX_POINT ( 'NONE', #1648 ) ;
#374 = CIRCLE ( 'NONE', #866, 4.000000000000000000 ) ;
#375 = CARTESIAN_POINT ( 'NONE',  ( 25.00000000000000000, 1.084202172485504434E-16, 2.250000000000002665 ) ) ;
#376 = VECTOR ( 'NONE', #1023, 1000.000000000000227 ) ;
#377 = DIRECTION ( 'NONE',  ( 0.9924993134200748024, 0.000000000000000000, -0.1222502059739791896 ) ) ;
#378 = EDGE_CURVE ( 'NONE', #984, #2456, #583, .T. ) ;
#379 = DIRECTION ( 'NONE',  ( -0.1222502059739782043, 0.000000000000000000, -0.9924993134200748024 ) ) ;
#380 = VERTEX_POINT ( 'NONE', #472 ) ;
#381 = CARTESIAN_POINT ( 'NONE',  ( 25.00000000000000000, 6.000000000000000000, 6.899999999999998579 ) ) ;
#382 = AXIS2_PLACEMENT_3D ( 'NONE', #2083, #1497, #1723 ) ;
#383 = CARTESIAN_POINT ( 'NONE',  ( 1.889052299236749111, 3.491893470128127230, -7.499843500604062463 ) ) ;
#384 = TOROIDAL_SURFACE ( 'NONE', #295, 10.23606797749978803, 0.2500000000000000000 ) ;
#385 = CIRCLE ( 'NONE', #1126, 0.2500000000000002220 ) ;
#386 = CARTESIAN_POINT ( 'NONE',  ( 14.91287949908399391, 3.500000000000000000, 6.500000000000000000 ) ) ;
#387 = ORIENTED_EDGE ( 'NONE', *, *, #362, .F. ) ;
#388 = CARTESIAN_POINT ( 'NONE',  ( 1.425842167342215250, 3.057996013473348373, 7.602826271584680384 ) ) ;
#389 = CARTESIAN_POINT ( 'NONE',  ( 15.77539887968314503, 4.766270228308414403, -6.603617200191314929 ) ) ;
#390 = AXIS2_PLACEMENT_3D ( 'NONE', #5, #615, #2012 ) ;
#391 = CIRCLE ( 'NONE', #1532, 10.48451997499976329 ) ;
#392 = ORIENTED_EDGE ( 'NONE', *, *, #502, .T. ) ;
#393 = CIRCLE ( 'NONE', #514, 0.2500000000000002220 ) ;
#394 = VERTEX_POINT ( 'NONE', #898 ) ;
#395 = PRODUCT_RELATED_PRODUCT_CATEGORY ( 'part', '', ( #1244 ) ) ;
#396 = FACE_OUTER_BOUND ( 'NONE', #2047, .T. ) ;
#397 = CIRCLE ( 'NONE', #1957, 11.00000000000000000 ) ;
#398 = CYLINDRICAL_SURFACE ( 'NONE', #2149, 0.2500000000000001665 ) ;
#399 = DIRECTION ( 'NONE',  ( 0.000000000000000000, 0.000000000000000000, 1.000000000000000000 ) ) ;
#400 = ORIENTED_EDGE ( 'NONE', *, *, #2032, .T. ) ;
#401 = CARTESIAN_POINT ( 'NONE',  ( 15.45940085805571407, 5.000000000000004441, 7.032767460195023190 ) ) ;
#402 = CARTESIAN_POINT ( 'NONE',  ( 15.79946103586344819, 4.119571188726556699, -6.029700737751028328 ) ) ;
#403 = LINE ( 'NONE', #243, #1043 ) ;
#404 = ORIENTED_EDGE ( 'NONE', *, *, #343, .T. ) ;
#405 = CARTESIAN_POINT ( 'NONE',  ( 25.00000000000000000, 5.750000000000000000, -6.649999999999998579 ) ) ;
#406 = AXIS2_PLACEMENT_3D ( 'NONE', #560, #304, #1500 ) ;
#407 = VERTEX_POINT ( 'NONE', #2401 ) ;
#408 = CARTESIAN_POINT ( 'NONE',  ( 14.91287949908399391, 2.500000000000000000, 6.500000000000000000 ) ) ;
#409 = CARTESIAN_POINT ( 'NONE',  ( 1.555976894999655968, 3.501888321189802422, -7.480847287623377362 ) ) ;
#410 = DIRECTION ( 'NONE',  ( -0.1222502059739782043, 0.000000000000000000, -0.9924993134200748024 ) ) ;
#411 = ORIENTED_EDGE ( 'NONE', *, *, #211, .T. ) ;
#412 = CARTESIAN_POINT ( 'NONE',  ( 0.05772978655319696561, 0.5130705622441795732, 6.525888804808545274 ) ) ;
#413 = AXIS2_PLACEMENT_3D ( 'NONE', #2363, #1789, #1737 ) ;
#414 = ORIENTED_EDGE ( 'NONE', *, *, #950, .T. ) ;
#415 = ORIENTED_EDGE ( 'NONE', *, *, #1628, .F. ) ;
#416 = DIRECTION ( 'NONE',  ( 0.000000000000000000, 0.000000000000000000, 1.000000000000000000 ) ) ;
#417 = CARTESIAN_POINT ( 'NONE',  ( 1.205395706835304281, 3.195267681516251734, -7.547368585852081146 ) ) ;
#418 = CIRCLE ( 'NONE', #748, 7.124999999999999112 ) ;
#419 = EDGE_CURVE ( 'NONE', #2072, #566, #53, .T. ) ;
#420 = CIRCLE ( 'NONE', #751, 6.899999999999998579 ) ;
#421 = CARTESIAN_POINT ( 'NONE',  ( 1.933008886877820132, 3.500000000000000000, -7.500000000000000000 ) ) ;
#422 = VERTEX_POINT ( 'NONE', #268 ) ;
#423 = CARTESIAN_POINT ( 'NONE',  ( 1.303478258507396292, 3.378270943769313028, -7.500000000000000000 ) ) ;
#424 = CIRCLE ( 'NONE', #2029, 0.2500000000000002220 ) ;
#425 = ADVANCED_FACE ( 'NONE', ( #1816 ), #2315, .T. ) ;
#426 = ORIENTED_EDGE ( 'NONE', *, *, #2206, .F. ) ;
#427 = AXIS2_PLACEMENT_3D ( 'NONE', #2404, #706, #890 ) ;
#428 = PLANE ( 'NONE',  #2191 ) ;
#429 = ORIENTED_EDGE ( 'NONE', *, *, #1514, .T. ) ;
#430 = DIRECTION ( 'NONE',  ( -1.000000000000000000, 0.000000000000000000, 0.000000000000000000 ) ) ;
#431 = DIRECTION ( 'NONE',  ( 0.000000000000000000, 1.000000000000000000, 0.000000000000000000 ) ) ;
#432 = VECTOR ( 'NONE', #1613, 1000.000000000000000 ) ;
#433 = CARTESIAN_POINT ( 'NONE',  ( 25.00000000000000000, 2.750000000000000000, 7.124999999999999112 ) ) ;
#434 = ORIENTED_EDGE ( 'NONE', *, *, #1006, .F. ) ;
#435 = DIRECTION ( 'NONE',  ( -0.1222502059739777047, 0.000000000000000000, 0.9924993134200749134 ) ) ;
#436 = FACE_OUTER_BOUND ( 'NONE', #2114, .T. ) ;
#437 = VERTEX_POINT ( 'NONE', #2221 ) ;
#438 = VERTEX_POINT ( 'NONE', #1880 ) ;
#439 = CARTESIAN_POINT ( 'NONE',  ( 10.24716631597203964, 2.222222222222222765, -8.746588436936573174 ) ) ;
#440 = DIRECTION ( 'NONE',  ( -0.000000000000000000, 1.000000000000000000, -0.000000000000000000 ) ) ;
#441 = CARTESIAN_POINT ( 'NONE',  ( 15.72118414304155287, 4.848885836594932108, -6.714097007341258028 ) ) ;
#442 = DIRECTION ( 'NONE',  ( 0.000000000000000000, 0.000000000000000000, 1.000000000000000000 ) ) ;
#443 = ORIENTED_EDGE ( 'NONE', *, *, #162, .F. ) ;
#444 = DIRECTION ( 'NONE',  ( 0.000000000000000000, 1.000000000000000000, 0.000000000000000000 ) ) ;
#445 = EDGE_CURVE ( 'NONE', #2456, #984, #1672, .T. ) ;
#446 = EDGE_LOOP ( 'NONE', ( #1862, #1947, #1921, #1298 ) ) ;
#447 = EDGE_CURVE ( 'NONE', #709, #43, #1981, .T. ) ;
#448 = CARTESIAN_POINT ( 'NONE',  ( 15.60429636806286702, 4.742976114210424754, -7.226544448970824597 ) ) ;
#449 = AXIS2_PLACEMENT_3D ( 'NONE', #2218, #2190, #1991 ) ;
#450 = ORIENTED_EDGE ( 'NONE', *, *, #2082, .F. ) ;
#451 = DIRECTION ( 'NONE',  ( -0.8405933750763345813, 0.000000000000000000, 0.5416666666666656305 ) ) ;
#452 = EDGE_CURVE ( 'NONE', #1038, #2170, #2226, .T. ) ;
#453 = AXIS2_PLACEMENT_3D ( 'NONE', #2080, #1165, #326 ) ;
#454 = DIRECTION ( 'NONE',  ( -1.000000000000000000, 0.000000000000000000, -0.000000000000000000 ) ) ;
#455 = DIRECTION ( 'NONE',  ( 0.000000000000000000, 0.000000000000000000, -1.000000000000000000 ) ) ;
#456 = DIRECTION ( 'NONE',  ( 0.000000000000000000, -0.000000000000000000, 1.000000000000000000 ) ) ;
#457 = VECTOR ( 'NONE', #1892, 1000.000000000000000 ) ;
#458 = DIRECTION ( 'NONE',  ( 0.000000000000000000, 0.000000000000000000, 1.000000000000000000 ) ) ;
#459 = CIRCLE ( 'NONE', #1211, 4.999999999999999112 ) ;
#460 = B_SPLINE_CURVE_WITH_KNOTS ( 'NONE', 3,
 ( #1798, #851, #2380, #363, #1706, #2283 ),
 .UNSPECIFIED., .F., .F.,
 ( 4, 2, 4 ),
 ( 4.336808689942017736E-19, 0.0003211831485098001109, 0.0006423662970195997881 ),
 .UNSPECIFIED. ) ;
#461 = DIRECTION ( 'NONE',  ( 0.000000000000000000, 0.000000000000000000, 1.000000000000000000 ) ) ;
#462 = CARTESIAN_POINT ( 'NONE',  ( 15.75347287416032849, 4.000000000000000000, -5.958333333333333037 ) ) ;
#463 = AXIS2_PLACEMENT_3D ( 'NONE', #844, #1432, #650 ) ;
#464 = VERTEX_POINT ( 'NONE', #742 ) ;
#465 = CARTESIAN_POINT ( 'NONE',  ( 4.898587196589412829E-16, 1.500000000000000000, -4.000000000000000000 ) ) ;
#466 = CARTESIAN_POINT ( 'NONE',  ( 1.204185985035727713, 3.214708727098185115, 7.541470003682207768 ) ) ;
#467 = ADVANCED_FACE ( 'NONE', ( #2304 ), #547, .T. ) ;
#468 = DIRECTION ( 'NONE',  ( -0.1222502059739776353, 0.000000000000000000, 0.9924993134200750244 ) ) ;
#469 = CIRCLE ( 'NONE', #471, 0.2500000000000002220 ) ;
#470 = CARTESIAN_POINT ( 'NONE',  ( 23.74863858138702000, 2.500000000000000000, -10.15929043978975521 ) ) ;
#471 = AXIS2_PLACEMENT_3D ( 'NONE', #2336, #1203, #1012 ) ;
#472 = CARTESIAN_POINT ( 'NONE',  ( 23.71807602989352759, 2.250000000000000444, -10.40741526814477780 ) ) ;
#473 = EDGE_CURVE ( 'NONE', #1133, #2117, #290, .T. ) ;
#474 = DIRECTION ( 'NONE',  ( 0.000000000000000000, 1.000000000000000000, 0.000000000000000000 ) ) ;
#475 = CARTESIAN_POINT ( 'NONE',  ( 2.496521876262310258, 2.851287704932714107, -7.738246076089173364 ) ) ;
#476 = CARTESIAN_POINT ( 'NONE',  ( 15.74975761608126845, 4.936970601773398748, -7.058943426994673587 ) ) ;
#477 = ORIENTED_EDGE ( 'NONE', *, *, #1759, .T. ) ;
#478 = DIRECTION ( 'NONE',  ( 0.000000000000000000, 1.000000000000000000, 0.000000000000000000 ) ) ;
#479 = CARTESIAN_POINT ( 'NONE',  ( 25.00000000000000000, 5.750000000000000000, 0.000000000000000000 ) ) ;
#480 = EDGE_CURVE ( 'NONE', #2379, #22, #999, .T. ) ;
#481 = CARTESIAN_POINT ( 'NONE',  ( 23.74863858138701644, 2.500000000000000000, -10.15929043978976054 ) ) ;
#482 = CYLINDRICAL_SURFACE ( 'NONE', #1637, 1.000000000000000000 ) ;
#483 = CARTESIAN_POINT ( 'NONE',  ( 0.000000000000000000, 2.250000000000000444, 0.000000000000000000 ) ) ;
#484 = EDGE_CURVE ( 'NONE', #572, #2245, #1590, .T. ) ;
#485 = AXIS2_PLACEMENT_3D ( 'NONE', #1242, #787, #455 ) ;
#486 = FACE_OUTER_BOUND ( 'NONE', #500, .T. ) ;
#487 = CARTESIAN_POINT ( 'NONE',  ( 9.440272059197203802, 2.477964211000508232, -8.676008876128291192 ) ) ;
#488 = CARTESIAN_POINT ( 'NONE',  ( 14.91287949908399391, 2.500000000000000000, -8.500000000000000000 ) ) ;
#489 = ORIENTED_EDGE ( 'NONE', *, *, #480, .F. ) ;
#490 = CARTESIAN_POINT ( 'NONE',  ( 15.85698721313830184, 4.169206540387563997, 6.151498046732646330 ) ) ;
#491 = CARTESIAN_POINT ( 'NONE',  ( 9.445827718353719149, 2.500000000000000888, 8.418043710151117409 ) ) ;
#492 = ORIENTED_EDGE ( 'NONE', *, *, #2153, .F. ) ;
#493 = DIRECTION ( 'NONE',  ( -0.000000000000000000, 1.000000000000000000, -0.000000000000000000 ) ) ;
#494 = COLOUR_RGB ( '',0.7921568627450980005, 0.8196078431372548767, 0.9333333333333333481 ) ;
#495 = AXIS2_PLACEMENT_3D ( 'NONE', #408, #238, #2338 ) ;
#496 = CYLINDRICAL_SURFACE ( 'NONE', #554, 1.000000000000000000 ) ;
#497 = DIRECTION ( 'NONE',  ( 0.000000000000000000, 1.000000000000000000, 0.000000000000000000 ) ) ;
#498 = B_SPLINE_CURVE_WITH_KNOTS ( 'NONE', 3,
 ( #1854, #2044, #313, #1867, #125, #915, #2435, #715, #1495, #327, #1115, #2446, #1507, #2258, #1752, #2324, #1738, #992, #1187, #24, #2345, #56, #1010, #1763, #1930, #1379, #45, #620, #810, #1396, #1578, #2160 ),
 .UNSPECIFIED., .F., .F.,
 ( 4, 2, 2, 2, 2, 2, 2, 2, 2, 2, 2, 2, 2, 2, 2, 4 ),
 ( 0.000000000000000000, 0.002507399478399216942, 0.005014798956798431281, 0.006268498695998037801, 0.007522198435197644320, 0.008149048304797446712, 0.008775898174397250839, 0.008932610641797201004, 0.009089323109197152903, 0.009167679342897128852, 0.009206857459747117695, 0.009246035576597106537, 0.009324391810297082486, 0.009402748043997058436, 0.009716172978796963969, 0.01002959791359686777 ),
 .UNSPECIFIED. ) ;
#499 = AXIS2_PLACEMENT_3D ( 'NONE', #2249, #314, #1103 ) ;
#500 = EDGE_LOOP ( 'NONE', ( #1614, #1911, #2147, #2477 ) ) ;
#501 = CARTESIAN_POINT ( 'NONE',  ( 4.368195096873140670, 2.600074985488213919, 8.039832628509403278 ) ) ;
#502 = EDGE_CURVE ( 'NONE', #1348, #394, #555, .T. ) ;
#503 = CARTESIAN_POINT ( 'NONE',  ( 0.000000000000000000, 1.500000000000000000, 0.000000000000000000 ) ) ;
#504 = CARTESIAN_POINT ( 'NONE',  ( 6.071043174273349052, 2.508395034942557000, -8.254243258413684003 ) ) ;
#505 = LINE ( 'NONE', #1236, #1753 ) ;
#506 = VECTOR ( 'NONE', #903, 1000.000000000000000 ) ;
#507 = EDGE_LOOP ( 'NONE', ( #392, #2023, #345, #322, #1824, #233, #2355, #2416, #2026, #370 ) ) ;
#508 = CARTESIAN_POINT ( 'NONE',  ( 2.449293598294706414E-16, 0.2500000000000000000, -2.000000000000000000 ) ) ;
#509 = DIRECTION ( 'NONE',  ( 0.000000000000000000, 0.000000000000000000, 1.000000000000000000 ) ) ;
#510 = VERTEX_POINT ( 'NONE', #368 ) ;
#511 = CARTESIAN_POINT ( 'NONE',  ( 24.02199835220818258, 0.000000000000000000, -7.939994507360600196 ) ) ;
#512 = CARTESIAN_POINT ( 'NONE',  ( 23.74863858138701289, 2.250000000000000444, 10.15929043978975344 ) ) ;
#513 = CARTESIAN_POINT ( 'NONE',  ( 15.48055015844143689, 4.750000000000000000, 7.323255745503598035 ) ) ;
#514 = AXIS2_PLACEMENT_3D ( 'NONE', #1571, #2368, #220 ) ;
#515 = EDGE_LOOP ( 'NONE', ( #1669, #206, #927, #1678 ) ) ;
#516 = DIRECTION ( 'NONE',  ( 0.000000000000000000, 1.000000000000000000, 0.000000000000000000 ) ) ;
#517 = DIRECTION ( 'NONE',  ( 0.000000000000000000, 1.000000000000000000, 0.000000000000000000 ) ) ;
#518 = CARTESIAN_POINT ( 'NONE',  ( 25.00000000000000000, 5.001253140723345147, 7.125000000000000888 ) ) ;
#519 = CARTESIAN_POINT ( 'NONE',  ( 0.000000000000000000, 1.500000000000000000, 0.000000000000000000 ) ) ;
#520 = ORIENTED_EDGE ( 'NONE', *, *, #1506, .T. ) ;
#521 = FACE_OUTER_BOUND ( 'NONE', #910, .T. ) ;
#522 = EDGE_CURVE ( 'NONE', #2327, #2291, #374, .T. ) ;
#523 = ORIENTED_EDGE ( 'NONE', *, *, #1970, .F. ) ;
#524 = CARTESIAN_POINT ( 'NONE',  ( 0.000000000000000000, 2.500000000000000000, -7.500000000000000000 ) ) ;
#525 = EDGE_CURVE ( 'NONE', #330, #2360, #212, .T. ) ;
#526 = DIRECTION ( 'NONE',  ( 1.000000000000000000, -0.000000000000000000, 1.224646799147353207E-16 ) ) ;
#527 = DIRECTION ( 'NONE',  ( 0.000000000000000000, 1.000000000000000000, 0.000000000000000000 ) ) ;
#528 = ORIENTED_EDGE ( 'NONE', *, *, #2423, .T. ) ;
#529 = CARTESIAN_POINT ( 'NONE',  ( 1.759140445015219045, 3.570442879428866512, 7.474414360161059534 ) ) ;
#530 = CARTESIAN_POINT ( 'NONE',  ( 25.00000000000000000, 2.500000000000000000, 0.000000000000000000 ) ) ;
#531 = CIRCLE ( 'NONE', #1774, 2.000000000000003109 ) ;
#532 = CYLINDRICAL_SURFACE ( 'NONE', #1786, 4.000000000000000000 ) ;
#533 = ORIENTED_EDGE ( 'NONE', *, *, #211, .F. ) ;
#534 = DIRECTION ( 'NONE',  ( 0.000000000000000000, -1.000000000000000000, 0.000000000000000000 ) ) ;
#535 = CARTESIAN_POINT ( 'NONE',  ( 14.91287949908399391, 5.000000000000000000, -7.249999999999999112 ) ) ;
#536 = ORIENTED_EDGE ( 'NONE', *, *, #1945, .F. ) ;
#537 = EDGE_CURVE ( 'NONE', #1766, #1490, #93, .T. ) ;
#538 = CARTESIAN_POINT ( 'NONE',  ( 15.84302865783401870, 4.636703522969310320, 6.892511752441191852 ) ) ;
#539 = DIRECTION ( 'NONE',  ( 0.000000000000000000, 0.000000000000000000, -1.000000000000000000 ) ) ;
#540 = CIRCLE ( 'NONE', #1744, 5.099999999999999645 ) ;
#541 = AXIS2_PLACEMENT_3D ( 'NONE', #2307, #251, #991 ) ;
#542 = CARTESIAN_POINT ( 'NONE',  ( 0.000000000000000000, 0.000000000000000000, 0.000000000000000000 ) ) ;
#543 = ORIENTED_EDGE ( 'NONE', *, *, #1855, .F. ) ;
#544 = CARTESIAN_POINT ( 'NONE',  ( 1.287783781425136720, 3.117240598683488351, 7.576042634580145041 ) ) ;
#545 = VECTOR ( 'NONE', #1238, 1000.000000000000114 ) ;
#546 = CARTESIAN_POINT ( 'NONE',  ( 1.250762689785113846, 3.085197583120807607, -7.584162767740328270 ) ) ;
#547 = TOROIDAL_SURFACE ( 'NONE', #1155, 4.999999999999999112, 2.500000000000000000 ) ;
#548 = EDGE_LOOP ( 'NONE', ( #989, #2006, #1271, #1878 ) ) ;
#549 = CARTESIAN_POINT ( 'NONE',  ( 1.774274960581879501, 2.962195632645564736, 7.654787531873284756 ) ) ;
#550 = CARTESIAN_POINT ( 'NONE',  ( 0.000000000000000000, 3.500000000000000000, -7.500000000000000000 ) ) ;
#551 = ORIENTED_EDGE ( 'NONE', *, *, #713, .F. ) ;
#552 = AXIS2_PLACEMENT_3D ( 'NONE', #807, #1963, #856 ) ;
#553 = DIRECTION ( 'NONE',  ( -1.000000000000000000, 0.000000000000000000, 0.000000000000000000 ) ) ;
#554 = AXIS2_PLACEMENT_3D ( 'NONE', #897, #1688, #1635 ) ;
#555 = LINE ( 'NONE', #2448, #1823 ) ;
#556 = VECTOR ( 'NONE', #643, 1000.000000000000114 ) ;
#557 = EDGE_LOOP ( 'NONE', ( #646, #47, #2453, #561 ) ) ;
#558 = CARTESIAN_POINT ( 'NONE',  ( 1.272789930333394492, 3.099098215787828181, 7.583516307424048364 ) ) ;
#559 = CIRCLE ( 'NONE', #64, 2.500000000000000888 ) ;
#560 = CARTESIAN_POINT ( 'NONE',  ( 0.000000000000000000, 1.250000000000000000, 0.000000000000000000 ) ) ;
#561 = ORIENTED_EDGE ( 'NONE', *, *, #762, .T. ) ;
#562 = CARTESIAN_POINT ( 'NONE',  ( 25.00000000000000000, 5.250000000000000000, -6.899999999999998579 ) ) ;
#563 = CARTESIAN_POINT ( 'NONE',  ( 0.000000000000000000, 2.500000000000000000, 4.999999999999999112 ) ) ;
#564 = FACE_OUTER_BOUND ( 'NONE', #2449, .T. ) ;
#565 = AXIS2_PLACEMENT_3D ( 'NONE', #2326, #377, #600 ) ;
#566 = VERTEX_POINT ( 'NONE', #1856 ) ;
#567 = DIRECTION ( 'NONE',  ( 0.000000000000000000, 0.000000000000000000, 1.000000000000000000 ) ) ;
#568 = EDGE_LOOP ( 'NONE', ( #1226, #736, #1843, #850 ) ) ;
#569 = CARTESIAN_POINT ( 'NONE',  ( 1.326978975804650407, 3.363034936669549335, 7.508850640397414011 ) ) ;
#570 = DIRECTION ( 'NONE',  ( 0.000000000000000000, 0.000000000000000000, 1.000000000000000000 ) ) ;
#571 = EDGE_CURVE ( 'NONE', #1300, #325, #917, .T. ) ;
#572 = VERTEX_POINT ( 'NONE', #916 ) ;
#573 = DIRECTION ( 'NONE',  ( 0.000000000000000000, 0.000000000000000000, 1.000000000000000000 ) ) ;
#574 = DIRECTION ( 'NONE',  ( -0.000000000000000000, -1.000000000000000000, -0.000000000000000000 ) ) ;
#575 = DIRECTION ( 'NONE',  ( -1.000000000000000000, 0.000000000000000000, 0.000000000000000000 ) ) ;
#576 = ORIENTED_EDGE ( 'NONE', *, *, #616, .T. ) ;
#577 = CARTESIAN_POINT ( 'NONE',  ( 15.88541611383781671, 4.574577005738793112, 6.765248738169829856 ) ) ;
#578 = DIRECTION ( 'NONE',  ( 0.000000000000000000, 0.000000000000000000, 1.000000000000000000 ) ) ;
#579 = TOROIDAL_SURFACE ( 'NONE', #1976, 2.250000000000002665, 0.2500000000000000000 ) ;
#580 = ORIENTED_EDGE ( 'NONE', *, *, #2471, .T. ) ;
#581 = CARTESIAN_POINT ( 'NONE',  ( 1.214218454510461509, 3.148554831415477206, 7.563453855616619315 ) ) ;
#582 = FACE_OUTER_BOUND ( 'NONE', #1728, .T. ) ;
#583 = CIRCLE ( 'NONE', #15, 4.250000000000000000 ) ;
#584 = ORIENTED_EDGE ( 'NONE', *, *, #1370, .F. ) ;
#585 = CIRCLE ( 'NONE', #2467, 7.375000000000000000 ) ;
#586 =( GEOMETRIC_REPRESENTATION_CONTEXT ( 3 ) GLOBAL_UNCERTAINTY_ASSIGNED_CONTEXT ( ( #60 ) ) GLOBAL_UNIT_ASSIGNED_CONTEXT ( ( #728, #1879, #1327 ) ) REPRESENTATION_CONTEXT ( 'NONE', 'WORKASPACE' ) );
#587 = DIRECTION ( 'NONE',  ( -0.000000000000000000, -1.000000000000000000, -0.000000000000000000 ) ) ;
#588 = FACE_OUTER_BOUND ( 'NONE', #1176, .T. ) ;
#589 = VECTOR ( 'NONE', #617, 1000.000000000000000 ) ;
#590 = ORIENTED_EDGE ( 'NONE', *, *, #2174, .T. ) ;
#591 = FACE_OUTER_BOUND ( 'NONE', #2172, .T. ) ;
#592 = AXIS2_PLACEMENT_3D ( 'NONE', #1554, #351, #158 ) ;
#593 = EDGE_CURVE ( 'NONE', #1018, #1931, #57, .T. ) ;
#594 = EDGE_CURVE ( 'NONE', #1391, #407, #418, .T. ) ;
#595 = ORIENTED_EDGE ( 'NONE', *, *, #1638, .T. ) ;
#596 = CARTESIAN_POINT ( 'NONE',  ( 1.964488247066556337, 3.626879772898922827, 7.471569011926213477 ) ) ;
#597 = B_SPLINE_CURVE_WITH_KNOTS ( 'NONE', 3,
 ( #421, #1017, #1801, #80, #1214, #232 ),
 .UNSPECIFIED., .F., .F.,
 ( 4, 2, 4 ),
 ( -2.938584317242155585E-05, 0.0002917078997825068480, 0.0006128016427374352723 ),
 .UNSPECIFIED. ) ;
#598 = CARTESIAN_POINT ( 'NONE',  ( 25.00000000000000000, 0.000000000000000000, 0.000000000000000000 ) ) ;
#599 = VERTEX_POINT ( 'NONE', #1316 ) ;
#600 = DIRECTION ( 'NONE',  ( -0.1222502059739782043, 0.000000000000000000, -0.9924993134200748024 ) ) ;
#601 = ORIENTED_EDGE ( 'NONE', *, *, #2196, .F. ) ;
#602 = DIRECTION ( 'NONE',  ( 1.000000000000000000, -0.000000000000000000, -0.000000000000000000 ) ) ;
#603 = AXIS2_PLACEMENT_3D ( 'NONE', #1027, #832, #2366 ) ;
#604 = CARTESIAN_POINT ( 'NONE',  ( 1.326978975804576022, 3.363034936669519581, -7.508850640397390919 ) ) ;
#605 = DIRECTION ( 'NONE',  ( 0.000000000000000000, 1.000000000000000000, 0.000000000000000000 ) ) ;
#606 = LINE ( 'NONE', #2050, #2320 ) ;
#607 = ORIENTED_EDGE ( 'NONE', *, *, #1065, .F. ) ;
#608 = FACE_OUTER_BOUND ( 'NONE', #814, .T. ) ;
#609 = CARTESIAN_POINT ( 'NONE',  ( 0.000000000000000000, 1.500000000000000000, 0.000000000000000000 ) ) ;
#610 = ADVANCED_FACE ( 'NONE', ( #2070 ), #929, .T. ) ;
#611 = EDGE_CURVE ( 'NONE', #312, #1979, #174, .T. ) ;
#612 = ORIENTED_EDGE ( 'NONE', *, *, #684, .F. ) ;
#613 = ORIENTED_EDGE ( 'NONE', *, *, #2027, .F. ) ;
#614 = DIRECTION ( 'NONE',  ( 0.000000000000000000, 0.000000000000000000, 1.000000000000000000 ) ) ;
#615 = DIRECTION ( 'NONE',  ( -0.000000000000000000, -1.000000000000000000, -0.000000000000000000 ) ) ;
#616 = EDGE_CURVE ( 'NONE', #373, #1054, #2318, .T. ) ;
#617 = DIRECTION ( 'NONE',  ( 0.000000000000000000, -1.000000000000000000, -0.000000000000000000 ) ) ;
#618 = ORIENTED_EDGE ( 'NONE', *, *, #593, .T. ) ;
#619 = CYLINDRICAL_SURFACE ( 'NONE', #105, 4.849999999999999645 ) ;
#620 = CARTESIAN_POINT ( 'NONE',  ( 1.427849400357680043, 3.377454661180400830, -7.506516349157745793 ) ) ;
#621 = ORIENTED_EDGE ( 'NONE', *, *, #319, .F. ) ;
#622 = ORIENTED_EDGE ( 'NONE', *, *, #2127, .T. ) ;
#624 = CARTESIAN_POINT ( 'NONE',  ( 25.00000000000000000, 4.000000000000000000, 0.000000000000000000 ) ) ;
#623 = CIRCLE ( 'NONE', #2316, 9.999999999999998224 ) ;
#625 = AXIS2_PLACEMENT_3D ( 'NONE', #2475, #2487, #578 ) ;
#626 = DIRECTION ( 'NONE',  ( 0.000000000000000000, 0.000000000000000000, -1.000000000000000000 ) ) ;
#627 = AXIS2_PLACEMENT_3D ( 'NONE', #170, #2455, #2269 ) ;
#628 = CARTESIAN_POINT ( 'NONE',  ( 2.449293598294706414E-16, 1.250000000000000000, -2.000000000000000000 ) ) ;
#629 = CARTESIAN_POINT ( 'NONE',  ( 0.000000000000000000, 1.250000000000000000, 0.000000000000000000 ) ) ;
#630 = ORIENTED_EDGE ( 'NONE', *, *, #1006, .T. ) ;
#631 = CARTESIAN_POINT ( 'NONE',  ( 14.91287949908399391, 3.500000000000000000, -7.500000000000000000 ) ) ;
#632 = ORIENTED_EDGE ( 'NONE', *, *, #2235, .T. ) ;
#633 = VECTOR ( 'NONE', #534, 1000.000000000000000 ) ;
#634 = FACE_OUTER_BOUND ( 'NONE', #739, .T. ) ;
#635 = CARTESIAN_POINT ( 'NONE',  ( 1.933008886877903842, 3.500000000000000000, 7.500000000000000000 ) ) ;
#636 = VECTOR ( 'NONE', #92, 1000.000000000000000 ) ;
#637 = ADVANCED_FACE ( 'NONE', ( #1342 ), #1712, .T. ) ;
#638 = CARTESIAN_POINT ( 'NONE',  ( 0.000000000000000000, 0.000000000000000000, 0.000000000000000000 ) ) ;
#639 = CARTESIAN_POINT ( 'NONE',  ( 6.123233995736765296E-16, 2.500000000000000000, -4.999999999999999112 ) ) ;
#640 = ORIENTED_EDGE ( 'NONE', *, *, #803, .T. ) ;
#641 = EDGE_CURVE ( 'NONE', #464, #572, #1699, .T. ) ;
#642 = CARTESIAN_POINT ( 'NONE',  ( 14.91287949908399391, 4.750000000000000000, 7.249999999999999112 ) ) ;
#643 = DIRECTION ( 'NONE',  ( 0.9924993134200748024, -0.000000000000000000, 0.1222502059739776631 ) ) ;
#644 = CARTESIAN_POINT ( 'NONE',  ( 25.00000000000000000, 2.500000000000000000, 0.000000000000000000 ) ) ;
#645 = EDGE_CURVE ( 'NONE', #325, #981, #2120, .T. ) ;
#646 = ORIENTED_EDGE ( 'NONE', *, *, #611, .F. ) ;
#647 = CARTESIAN_POINT ( 'NONE',  ( 16.59406624923666485, 3.500000000000000000, 5.416666666666666963 ) ) ;
#648 = CARTESIAN_POINT ( 'NONE',  ( 25.00000000000000000, 2.222222222222222765, 0.000000000000000000 ) ) ;
#649 = CYLINDRICAL_SURFACE ( 'NONE', #485, 6.899999999999998579 ) ;
#650 = DIRECTION ( 'NONE',  ( 1.224646799147353454E-16, 0.000000000000000000, -1.000000000000000000 ) ) ;
#651 = ORIENTED_EDGE ( 'NONE', *, *, #2471, .F. ) ;
#652 = LINE ( 'NONE', #1994, #636 ) ;
#653 = DIRECTION ( 'NONE',  ( 0.000000000000000000, 0.000000000000000000, 1.000000000000000000 ) ) ;
#654 = CARTESIAN_POINT ( 'NONE',  ( 3.530219695221238574, 2.667325934934298370, -7.931901575275766447 ) ) ;
#655 = CARTESIAN_POINT ( 'NONE',  ( 15.46303796602633973, 4.990634818896145575, -7.021622378768764605 ) ) ;
#656 = ORIENTED_EDGE ( 'NONE', *, *, #419, .F. ) ;
#657 = CARTESIAN_POINT ( 'NONE',  ( 15.88906555521807462, 4.784180497416533839, 6.779343577464594262 ) ) ;
#658 = STYLED_ITEM ( 'NONE', ( #340 ), #2179 ) ;
#659 = CARTESIAN_POINT ( 'NONE',  ( 23.71807602989352404, 2.250000000000000444, -10.40741526814477780 ) ) ;
#660 = CARTESIAN_POINT ( 'NONE',  ( 25.00000000000000000, 2.500000000000000000, -7.124999999999999112 ) ) ;
#661 = AXIS2_PLACEMENT_3D ( 'NONE', #731, #149, #2259 ) ;
#662 = AXIS2_PLACEMENT_3D ( 'NONE', #925, #2442, #960 ) ;
#663 = CARTESIAN_POINT ( 'NONE',  ( 0.000000000000000000, 0.2500000000000000000, 2.000000000000000000 ) ) ;
#664 = CARTESIAN_POINT ( 'NONE',  ( 25.00000000000000000, 6.000000000000000000, 6.649999999999998579 ) ) ;
#665 = CIRCLE ( 'NONE', #1594, 1.000000000000000666 ) ;
#666 = CARTESIAN_POINT ( 'NONE',  ( 0.000000000000000000, 2.500000000000000000, 0.000000000000000000 ) ) ;
#667 = CARTESIAN_POINT ( 'NONE',  ( 3.122204075803690415, 2.777823391708989842, -7.805127583007267056 ) ) ;
#668 = DIRECTION ( 'NONE',  ( 0.000000000000000000, 0.000000000000000000, 1.000000000000000000 ) ) ;
#669 = CIRCLE ( 'NONE', #1596, 6.649999999999998579 ) ;
#670 = VERTEX_POINT ( 'NONE', #20 ) ;
#671 = CARTESIAN_POINT ( 'NONE',  ( 14.91287949908399391, 5.000000000000000000, 6.500000000000000000 ) ) ;
#672 = CARTESIAN_POINT ( 'NONE',  ( 0.000000000000000000, 1.500000000000000000, 4.849999999999999645 ) ) ;
#673 = CARTESIAN_POINT ( 'NONE',  ( 0.000000000000000000, 1.250000000000000000, 0.000000000000000000 ) ) ;
#674 = DIRECTION ( 'NONE',  ( 0.000000000000000000, 0.000000000000000000, 1.000000000000000000 ) ) ;
#675 = DIRECTION ( 'NONE',  ( 0.000000000000000000, 1.000000000000000000, 0.000000000000000000 ) ) ;
#676 = ORIENTED_EDGE ( 'NONE', *, *, #1166, .F. ) ;
#677 = DIRECTION ( 'NONE',  ( 0.000000000000000000, 1.000000000000000000, 0.000000000000000000 ) ) ;
#678 = ADVANCED_FACE ( 'NONE', ( #1016 ), #398, .T. ) ;
#679 = DIRECTION ( 'NONE',  ( -0.000000000000000000, -1.000000000000000000, -0.000000000000000000 ) ) ;
#680 = CARTESIAN_POINT ( 'NONE',  ( 15.85698721313830184, 4.169206540387563997, -6.151498046732646330 ) ) ;
#681 = ORIENTED_EDGE ( 'NONE', *, *, #1883, .F. ) ;
#682 = CARTESIAN_POINT ( 'NONE',  ( 15.84759084222648795, 4.445266961767699421, 6.275657090196920862 ) ) ;
#683 = CARTESIAN_POINT ( 'NONE',  ( 0.000000000000000000, 0.000000000000000000, 0.000000000000000000 ) ) ;
#684 = EDGE_CURVE ( 'NONE', #670, #1310, #2229, .T. ) ;
#685 = FACE_OUTER_BOUND ( 'NONE', #1876, .T. ) ;
#686 = CARTESIAN_POINT ( 'NONE',  ( 24.02199835220818258, 2.500000000000000000, -7.939994507360600196 ) ) ;
#687 = AXIS2_PLACEMENT_3D ( 'NONE', #2125, #2112, #193 ) ;
#688 = CARTESIAN_POINT ( 'NONE',  ( 4.770122043846701132, 2.430714487836804327, 8.086788294211729067 ) ) ;
#689 = CARTESIAN_POINT ( 'NONE',  ( 1.303478258507396292, 3.378270943769313028, -7.500000000000000000 ) ) ;
#690 = CARTESIAN_POINT ( 'NONE',  ( 8.590932892569982826, 2.510154936253816249, -8.335038010761298466 ) ) ;
#691 = CARTESIAN_POINT ( 'NONE',  ( 25.00000000000000000, 5.750000000000000000, 0.000000000000000000 ) ) ;
#692 = ORIENTED_EDGE ( 'NONE', *, *, #362, .T. ) ;
#693 = CARTESIAN_POINT ( 'NONE',  ( 15.92047225392154175, 4.412268726624466453, 6.486761250238218146 ) ) ;
#694 = CARTESIAN_POINT ( 'NONE',  ( 7.654042494670955634E-16, 0.000000000000000000, -4.999999999999999112 ) ) ;
#695 = ADVANCED_FACE ( 'NONE', ( #1769 ), #201, .F. ) ;
#696 = VECTOR ( 'NONE', #1917, 1000.000000000000000 ) ;
#697 = ORIENTED_EDGE ( 'NONE', *, *, #895, .T. ) ;
#698 = CYLINDRICAL_SURFACE ( 'NONE', #1978, 0.2500000000000001110 ) ;
#699 = PRESENTATION_LAYER_ASSIGNMENT (  '', '', ( #658 ) ) ;
#700 = DIRECTION ( 'NONE',  ( 0.9924993134200748024, -0.000000000000000000, -0.1222502059739775243 ) ) ;
#701 = DIRECTION ( 'NONE',  ( -0.000000000000000000, -1.000000000000000000, -0.000000000000000000 ) ) ;
#702 = AXIS2_PLACEMENT_3D ( 'NONE', #1924, #1356, #1005 ) ;
#703 = VERTEX_POINT ( 'NONE', #817 ) ;
#704 = DIRECTION ( 'NONE',  ( 0.000000000000000000, 0.000000000000000000, 1.000000000000000000 ) ) ;
#705 = CARTESIAN_POINT ( 'NONE',  ( 0.000000000000000000, 0.000000000000000000, 0.000000000000000000 ) ) ;
#706 = DIRECTION ( 'NONE',  ( -0.000000000000000000, 1.000000000000000000, -0.000000000000000000 ) ) ;
#707 = CARTESIAN_POINT ( 'NONE',  ( 15.88906555521827180, 4.784180497416533839, -6.779343577464594262 ) ) ;
#708 = AXIS2_PLACEMENT_3D ( 'NONE', #2321, #1681, #399 ) ;
#709 = VERTEX_POINT ( 'NONE', #41 ) ;
#710 = CARTESIAN_POINT ( 'NONE',  ( 15.48055015844143689, 4.750000000000000000, -7.323255745503598035 ) ) ;
#711 = ORIENTED_EDGE ( 'NONE', *, *, #2216, .F. ) ;
#712 = CIRCLE ( 'NONE', #344, 0.2500000000000002220 ) ;
#713 = EDGE_CURVE ( 'NONE', #308, #981, #1399, .T. ) ;
#714 = FACE_OUTER_BOUND ( 'NONE', #12, .T. ) ;
#715 = CARTESIAN_POINT ( 'NONE',  ( 3.629186060335996888, 2.733204284724080946, -7.856064819574794633 ) ) ;
#716 = CARTESIAN_POINT ( 'NONE',  ( 25.00000000000000000, 0.2500000000000002220, 0.000000000000000000 ) ) ;
#717 = VECTOR ( 'NONE', #1583, 1000.000000000000227 ) ;
#718 = ORIENTED_EDGE ( 'NONE', *, *, #1169, .F. ) ;
#719 = CARTESIAN_POINT ( 'NONE',  ( 1.312797899746913410, 3.386198838072899786, 7.498302331139751864 ) ) ;
#720 = DIRECTION ( 'NONE',  ( 0.000000000000000000, 0.000000000000000000, 1.000000000000000000 ) ) ;
#721 = CIRCLE ( 'NONE', #1175, 0.2500000000000002220 ) ;
#722 = TOROIDAL_SURFACE ( 'NONE', #935, 5.099999999999999645, 0.2500000000000000000 ) ;
#723 = EDGE_CURVE ( 'NONE', #1685, #1944, #2391, .T. ) ;
#724 = ORIENTED_EDGE ( 'NONE', *, *, #1365, .T. ) ;
#725 = DIRECTION ( 'NONE',  ( 0.000000000000000000, 0.000000000000000000, 1.000000000000000000 ) ) ;
#726 = CARTESIAN_POINT ( 'NONE',  ( 5.939536975864661982E-16, 4.750000000000000000, -4.849999999999999645 ) ) ;
#727 = ORIENTED_EDGE ( 'NONE', *, *, #1609, .F. ) ;
#728 =( LENGTH_UNIT ( ) NAMED_UNIT ( * ) SI_UNIT ( .MILLI., .METRE. ) );
#729 =( BOUNDED_SURFACE ( )  B_SPLINE_SURFACE ( 3, 2, ( 
 ( #875, #1257, #306 ),
 ( #902, #487, #2021 ),
 ( #1077, #1795, #690 ),
 ( #2210, #2377, #271 ),
 ( #2225, #504, #1487 ),
 ( #2036, #1247, #1052 ),
 ( #859, #71, #1819 ),
 ( #1616, #654, #1439 ),
 ( #1805, #1627, #667 ),
 ( #1450, #2198, #475 ),
 ( #95, #1461, #1308 ),
 ( #1873, #1727, #922 ),
 ( #1537, #2491, #2294 ),
 ( #934, #333, #2480 ),
 ( #1321, #1334, #1363 ),
 ( #143, #1694, #2452 ),
 ( #1159, #1897, #1885 ),
 ( #2113, #1107, #153 ),
 ( #947, #2462, #166 ),
 ( #746, #1152, #1180 ),
 ( #1015, #173, #2302 ),
 ( #200, #1210, #417 ),
 ( #1923, #966, #1950 ),
 ( #986, #796, #1566 ),
 ( #1004, #1768, #28 ),
 ( #758, #2329, #227 ),
 ( #2144, #604, #1385 ),
 ( #1758, #1721, #1529 ),
 ( #409, #1195, #1938 ),
 ( #2486, #771, #2288 ),
 ( #2092, #1546, #383 ),
 ( #213, #367, #2106 ) ),
 .UNSPECIFIED., .F., .F., .F. ) 
 B_SPLINE_SURFACE_WITH_KNOTS ( ( 4, 2, 2, 2, 2, 2, 2, 2, 2, 2, 2, 2, 2, 2, 2, 4 ),
 ( 3, 3 ),
 ( 1.734723475976807094E-18, 0.002548708740661178446, 0.005097417481322355157, 0.006371771851652943512, 0.007646126221983531868, 0.008283303407148825612, 0.008601891999731471616, 0.008920480592314119356, 0.009079774888605443225, 0.009159422036751106028, 0.009239069184896767095, 0.009318716333042428163, 0.009398363481188090965, 0.009557657777479414835, 0.009876246370062062574, 0.01019483496264470858 ),
 ( 0.000000000000000000, 1.000000000000000000 ),
 .UNSPECIFIED. ) 
 GEOMETRIC_REPRESENTATION_ITEM ( )  RATIONAL_B_SPLINE_SURFACE ( (
 ( 1.000000000000000000, 0.6666666666666668517, 1.000000000000000000),
 ( 1.000000000000000000, 0.6974022125953526219, 1.000000000000000000),
 ( 1.000000000000000000, 0.7281716277990090136, 1.000000000000000000),
 ( 1.000000000000000000, 0.7897383784361121650, 1.000000000000000000),
 ( 1.000000000000000000, 0.8205134552841446549, 1.000000000000000000),
 ( 1.000000000000000000, 0.8666212565242910060, 1.000000000000000000),
 ( 1.000000000000000000, 0.8819813017809381428, 1.000000000000000000),
 ( 1.000000000000000000, 0.9126648981105569547, 1.000000000000000000),
 ( 1.000000000000000000, 0.9280030876050539002, 1.000000000000000000),
 ( 1.000000000000000000, 0.9509022141797874861, 1.000000000000000000),
 ( 1.000000000000000000, 0.9585077321015333940, 1.000000000000000000),
 ( 1.000000000000000000, 0.9698256640509638205, 1.000000000000000000),
 ( 1.000000000000000000, 0.9735831590799010060, 1.000000000000000000),
 ( 1.000000000000000000, 0.9810419059796293695, 1.000000000000000000),
 ( 1.000000000000000000, 0.9847628613820307297, 1.000000000000000000),
 ( 1.000000000000000000, 0.9901370976012909830, 1.000000000000000000),
 ( 1.000000000000000000, 0.9919009904178789361, 1.000000000000000000),
 ( 1.000000000000000000, 0.9944107751797892636, 1.000000000000000000),
 ( 1.000000000000000000, 0.9952156630682084115, 1.000000000000000000),
 ( 1.000000000000000000, 0.9966957713628273874, 1.000000000000000000),
 ( 1.000000000000000000, 0.9973853941147972080, 1.000000000000000000),
 ( 1.000000000000000000, 0.9982717932526938842, 1.000000000000000000),
 ( 1.000000000000000000, 0.9983992028529604656, 1.000000000000000000),
 ( 1.000000000000000000, 0.9978084561175111222, 1.000000000000000000),
 ( 1.000000000000000000, 0.9971849675781112587, 1.000000000000000000),
 ( 1.000000000000000000, 0.9951006270025303246, 1.000000000000000000),
 ( 1.000000000000000000, 0.9933898542798980102, 1.000000000000000000),
 ( 1.000000000000000000, 0.9882327159161674590, 1.000000000000000000),
 ( 1.000000000000000000, 0.9845779703419237361, 1.000000000000000000),
 ( 1.000000000000000000, 0.9772005730236987819, 1.000000000000000000),
 ( 1.000000000000000000, 0.9734765483827098054, 1.000000000000000000),
 ( 1.000000000000000000, 0.9697368460194478734, 1.000000000000000000) ) ) 
 REPRESENTATION_ITEM ( '' )  SURFACE ( )  );
#730 = DIRECTION ( 'NONE',  ( -0.1222502059739768721, 0.000000000000000000, -0.9924993134200750244 ) ) ;
#731 = CARTESIAN_POINT ( 'NONE',  ( 0.000000000000000000, 2.500000000000000000, 0.000000000000000000 ) ) ;
#732 = EDGE_LOOP ( 'NONE', ( #2213, #1528, #1761, #576 ) ) ;
#733 = CARTESIAN_POINT ( 'NONE',  ( 1.247696860172979649, 3.143651887326861960, 7.565538660508597246 ) ) ;
#734 = CARTESIAN_POINT ( 'NONE',  ( 1.903447257391538860, 2.820158207093129921, -7.715124061768458219 ) ) ;
#735 = AXIS2_PLACEMENT_3D ( 'NONE', #1884, #2439, #2252 ) ;
#736 = ORIENTED_EDGE ( 'NONE', *, *, #2203, .F. ) ;
#737 = CARTESIAN_POINT ( 'NONE',  ( 0.08111940984726122295, 0.2529285486937477567, -6.107218617320851806 ) ) ;
#738 = DIRECTION ( 'NONE',  ( 0.000000000000000000, 1.000000000000000000, 0.000000000000000000 ) ) ;
#739 = EDGE_LOOP ( 'NONE', ( #536, #2019, #1852, #1641 ) ) ;
#740 = DIRECTION ( 'NONE',  ( -0.000000000000000000, -1.000000000000000000, -0.000000000000000000 ) ) ;
#741 = CIRCLE ( 'NONE', #2141, 1.750000000000000000 ) ;
#742 = CARTESIAN_POINT ( 'NONE',  ( 25.00000000000000000, 5.750000000000000000, 2.000000000000003109 ) ) ;
#743 = VERTEX_POINT ( 'NONE', #1940 ) ;
#744 = CARTESIAN_POINT ( 'NONE',  ( 1.205395706835425962, 3.195267681516274383, 7.547368585852072265 ) ) ;
#745 = CARTESIAN_POINT ( 'NONE',  ( 10.27753962384112718, 2.250000000000000444, 8.500000000000000000 ) ) ;
#746 = CARTESIAN_POINT ( 'NONE',  ( 1.218076274738208564, 3.116183186131951111, -7.572400733170014497 ) ) ;
#747 = EDGE_CURVE ( 'NONE', #1318, #74, #987, .T. ) ;
#748 = AXIS2_PLACEMENT_3D ( 'NONE', #161, #2436, #1869 ) ;
#749 = ORIENTED_EDGE ( 'NONE', *, *, #2281, .T. ) ;
#750 = PRODUCT_CONTEXT ( 'NONE', #2045, 'mechanical' ) ;
#751 = AXIS2_PLACEMENT_3D ( 'NONE', #1730, #1, #1424 ) ;
#752 = DIRECTION ( 'NONE',  ( 0.000000000000000000, 1.000000000000000000, 0.000000000000000000 ) ) ;
#753 = CARTESIAN_POINT ( 'NONE',  ( 25.00000000000000000, 5.750000000000000000, 0.000000000000000000 ) ) ;
#754 = ORIENTED_EDGE ( 'NONE', *, *, #35, .F. ) ;
#755 = CIRCLE ( 'NONE', #1595, 0.2500000000000002220 ) ;
#756 = CARTESIAN_POINT ( 'NONE',  ( 25.00000000000000000, 2.750000000000000000, -7.124999999999999112 ) ) ;
#757 = AXIS2_PLACEMENT_3D ( 'NONE', #1770, #526, #539 ) ;
#758 = CARTESIAN_POINT ( 'NONE',  ( 1.265480545340384566, 3.356791434905226801, -7.503714439094590460 ) ) ;
#759 = EDGE_CURVE ( 'NONE', #2176, #2459, #1393, .T. ) ;
#760 = AXIS2_PLACEMENT_3D ( 'NONE', #2421, #1647, #2057 ) ;
#761 = CARTESIAN_POINT ( 'NONE',  ( 0.000000000000000000, 2.500000000000000000, 0.000000000000000000 ) ) ;
#762 = EDGE_CURVE ( 'NONE', #1348, #1979, #2428, .T. ) ;
#763 = ORIENTED_EDGE ( 'NONE', *, *, #1337, .T. ) ;
#764 = CARTESIAN_POINT ( 'NONE',  ( 1.557056522561452994, 2.975931181488961741, 7.646355433184383266 ) ) ;
#765 = CARTESIAN_POINT ( 'NONE',  ( 25.00000000000000000, 2.500000000000000000, 0.000000000000000000 ) ) ;
#766 = ORIENTED_EDGE ( 'NONE', *, *, #1883, .T. ) ;
#767 = CARTESIAN_POINT ( 'NONE',  ( 0.000000000000000000, 2.500000000000000444, 4.250000000000000000 ) ) ;
#768 = LINE ( 'NONE', #2297, #778 ) ;
#769 = EDGE_LOOP ( 'NONE', ( #2286, #489, #533 ) ) ;
#770 = DIRECTION ( 'NONE',  ( -0.000000000000000000, 1.000000000000000000, -0.000000000000000000 ) ) ;
#771 = CARTESIAN_POINT ( 'NONE',  ( 1.772682528090389065, 3.523401268505422568, -7.498454891196131733 ) ) ;
#772 = DIRECTION ( 'NONE',  ( 0.000000000000000000, 0.000000000000000000, 1.000000000000000000 ) ) ;
#773 = ORIENTED_EDGE ( 'NONE', *, *, #2075, .T. ) ;
#774 = AXIS2_PLACEMENT_3D ( 'NONE', #975, #1729, #1900 ) ;
#775 = CARTESIAN_POINT ( 'NONE',  ( 1.219081022349404408, 3.256548918823527039, 7.529872578218590462 ) ) ;
#776 = CARTESIAN_POINT ( 'NONE',  ( 15.48055015844143689, 4.750000000000000000, -7.323255745503598035 ) ) ;
#777 = ORIENTED_EDGE ( 'NONE', *, *, #2097, .F. ) ;
#778 = VECTOR ( 'NONE', #574, 1000.000000000000000 ) ;
#779 = ADVANCED_FACE ( 'NONE', ( #188 ), #254, .T. ) ;
#780 = DIRECTION ( 'NONE',  ( -0.1222502059739782043, 0.000000000000000000, -0.9924993134200748024 ) ) ;
#781 = EDGE_LOOP ( 'NONE', ( #1589, #1305, #1577, #241, #434, #601 ) ) ;
#782 = LINE ( 'NONE', #2314, #49 ) ;
#783 = CARTESIAN_POINT ( 'NONE',  ( 0.000000000000000000, 2.500000000000000000, 0.000000000000000000 ) ) ;
#784 = VECTOR ( 'NONE', #883, 1000.000000000000000 ) ;
#785 = ORIENTED_EDGE ( 'NONE', *, *, #452, .F. ) ;
#786 = CARTESIAN_POINT ( 'NONE',  ( 0.08111940984734275495, 0.2529285486937283278, 6.107218617320813614 ) ) ;
#787 = DIRECTION ( 'NONE',  ( -0.000000000000000000, -1.000000000000000000, -0.000000000000000000 ) ) ;
#788 = DIRECTION ( 'NONE',  ( 0.000000000000000000, 1.000000000000000000, 0.000000000000000000 ) ) ;
#789 = AXIS2_PLACEMENT_3D ( 'NONE', #2002, #1085, #276 ) ;
#790 = B_SPLINE_CURVE_WITH_KNOTS ( 'NONE', 3,
 ( #820, #990, #1376, #1570, #1019, #1588, #1395, #2137, #401, #1409 ),
 .UNSPECIFIED., .F., .F.,
 ( 4, 2, 2, 2, 4 ),
 ( -6.339942506795639954E-06, 0.0004336016408817112912, 0.0008735432242702182359, 0.001313484807658725235, 0.001753426391047232125 ),
 .UNSPECIFIED. ) ;
#791 = ORIENTED_EDGE ( 'NONE', *, *, #1970, .T. ) ;
#792 = FACE_OUTER_BOUND ( 'NONE', #273, .T. ) ;
#793 = ORIENTED_EDGE ( 'NONE', *, *, #645, .T. ) ;
#794 = ADVANCED_FACE ( 'NONE', ( #6 ), #1946, .T. ) ;
#795 = DIRECTION ( 'NONE',  ( 0.000000000000000000, 0.000000000000000000, -1.000000000000000000 ) ) ;
#796 = CARTESIAN_POINT ( 'NONE',  ( 1.204486053578258220, 3.265078139078425146, -7.527648480902487726 ) ) ;
#797 = DIRECTION ( 'NONE',  ( -0.8232557455035984795, 0.000000000000000000, -0.5676706593574430970 ) ) ;
#798 = CARTESIAN_POINT ( 'NONE',  ( 1.303478258507472676, 3.378270943769311696, 7.500000000000000000 ) ) ;
#799 = EDGE_LOOP ( 'NONE', ( #1864, #236, #209, #1284 ) ) ;
#800 = CARTESIAN_POINT ( 'NONE',  ( 0.02005879526119010159, 1.247295848848917865, 7.169635570114575529 ) ) ;
#801 = FACE_OUTER_BOUND ( 'NONE', #1655, .T. ) ;
#802 = ORIENTED_EDGE ( 'NONE', *, *, #1169, .T. ) ;
#803 = EDGE_CURVE ( 'NONE', #74, #1225, #2078, .T. ) ;
#804 = EDGE_LOOP ( 'NONE', ( #697, #1108, #1960, #1026 ) ) ;
#805 = DIRECTION ( 'NONE',  ( 0.000000000000000000, 1.000000000000000000, 0.000000000000000000 ) ) ;
#806 = CARTESIAN_POINT ( 'NONE',  ( 15.33863249360207526, 4.750000000000000000, -7.117441809127698527 ) ) ;
#807 = CARTESIAN_POINT ( 'NONE',  ( 25.00000000000000000, 5.750000000000000000, 0.000000000000000000 ) ) ;
#808 = ORIENTED_EDGE ( 'NONE', *, *, #1470, .F. ) ;
#809 = FACE_OUTER_BOUND ( 'NONE', #38, .T. ) ;
#810 = CARTESIAN_POINT ( 'NONE',  ( 1.527811801402862102, 3.405640784267145005, -7.504117697459704139 ) ) ;
#811 =( BOUNDED_SURFACE ( )  B_SPLINE_SURFACE ( 3, 2, ( 
 ( #1834, #1281, #1258 ),
 ( #2378, #891, #96 ),
 ( #655, #1270, #448 ),
 ( #1629, #476, #849 ),
 ( #1640, #2427, #1617 ),
 ( #1440, #707, #2022 ),
 ( #2009, #1067, #1248 ),
 ( #107, #2405, #877 ),
 ( #1654, #2175, #1796 ),
 ( #119, #2186, #680 ),
 ( #261, #1668, #1044 ),
 ( #462, #2414, #1996 ) ),
 .UNSPECIFIED., .F., .F., .F. ) 
 B_SPLINE_SURFACE_WITH_KNOTS ( ( 4, 2, 2, 2, 2, 4 ),
 ( 3, 3 ),
 ( -5.881796785733861554E-18, 0.0001760946858450441804, 0.0003521893716900942697, 0.0007043787433801943941, 0.001056568115070294573, 0.001408757486760394643 ),
 ( 0.000000000000000000, 1.000000000000000000 ),
 .UNSPECIFIED. ) 
 GEOMETRIC_REPRESENTATION_ITEM ( )  RATIONAL_B_SPLINE_SURFACE ( (
 ( 1.000000000000000000, 0.7071067811865483499, 1.000000000000000000),
 ( 1.000000000000000000, 0.7062039299304108120, 1.000000000000000000),
 ( 1.000000000000000000, 0.7121420000846269138, 1.000000000000000000),
 ( 1.000000000000000000, 0.7349425425045262861, 1.000000000000000000),
 ( 1.000000000000000000, 0.7514602969284656098, 1.000000000000000000),
 ( 1.000000000000000000, 0.8070673155984607883, 1.000000000000000000),
 ( 1.000000000000000000, 0.8504151911124204766, 1.000000000000000000),
 ( 1.000000000000000000, 0.9223138968526822801, 1.000000000000000000),
 ( 1.000000000000000000, 0.9510240611186323578, 1.000000000000000000),
 ( 1.000000000000000000, 0.9900899149452319081, 1.000000000000000000),
 ( 1.000000000000000000, 0.9999997760319453421, 1.000000000000000000),
 ( 1.000000000000000000, 1.000000000000000000, 1.000000000000000000) ) ) 
 REPRESENTATION_ITEM ( '' )  SURFACE ( )  );
#812 = VERTEX_POINT ( 'NONE', #535 ) ;
#813 = AXIS2_PLACEMENT_3D ( 'NONE', #2311, #2468, #962 ) ;
#814 = EDGE_LOOP ( 'NONE', ( #727, #339, #279, #2394, #2187, #839 ) ) ;
#815 = CARTESIAN_POINT ( 'NONE',  ( 4.898587196589412829E-16, 2.250000000000000444, -4.000000000000000000 ) ) ;
#816 = CARTESIAN_POINT ( 'NONE',  ( 24.02199835220817903, 0.000000000000000000, 7.939994507360596643 ) ) ;
#817 = CARTESIAN_POINT ( 'NONE',  ( 10.24716631597203964, 2.222222222222222765, -8.746588436936573174 ) ) ;
#818 = PLANE ( 'NONE',  #2431 ) ;
#819 = ORIENTED_EDGE ( 'NONE', *, *, #1964, .T. ) ;
#820 = CARTESIAN_POINT ( 'NONE',  ( 15.75347287416032849, 4.000000000000000000, 5.958333333333333925 ) ) ;
#821 = ORIENTED_EDGE ( 'NONE', *, *, #2371, .T. ) ;
#822 = ADVANCED_FACE ( 'NONE', ( #588 ), #2273, .T. ) ;
#823 = ORIENTED_EDGE ( 'NONE', *, *, #1061, .T. ) ;
#824 = EDGE_CURVE ( 'NONE', #1038, #111, #2473, .T. ) ;
#825 = AXIS2_PLACEMENT_3D ( 'NONE', #2033, #2004, #458 ) ;
#826 = FACE_OUTER_BOUND ( 'NONE', #2110, .T. ) ;
#827 = EDGE_CURVE ( 'NONE', #703, #2084, #871, .T. ) ;
#828 = AXIS2_PLACEMENT_3D ( 'NONE', #1677, #1143, #139 ) ;
#829 = ADVANCED_FACE ( 'NONE', ( #2285, #564 ), #182, .T. ) ;
#830 = DIRECTION ( 'NONE',  ( 0.000000000000000000, 0.000000000000000000, 1.000000000000000000 ) ) ;
#831 = ORIENTED_EDGE ( 'NONE', *, *, #2296, .F. ) ;
#832 = DIRECTION ( 'NONE',  ( 0.000000000000000000, 1.000000000000000000, 0.000000000000000000 ) ) ;
#833 = CIRCLE ( 'NONE', #757, 0.2500000000000002220 ) ;
#834 = EDGE_CURVE ( 'NONE', #2170, #1038, #58, .T. ) ;
#835 = B_SPLINE_CURVE_WITH_KNOTS ( 'NONE', 3,
 ( #635, #249, #1787, #63, #841, #266, #1047, #1799, #77, #852, #466, #1251, #1632, #2397, #1684, #1287, #926, #2077, #1465, #549, #2268, #1827, #324, #1323, #1478, #1877, #134, #906, #110, #2418, #491, #1670 ),
 .UNSPECIFIED., .F., .F.,
 ( 4, 2, 2, 2, 2, 2, 2, 2, 2, 2, 2, 2, 2, 2, 2, 4 ),
 ( 4.336808689942017736E-19, 0.0003123839700188583762, 0.0006247679400377163187, 0.0007028639325424307230, 0.0007809599250471450189, 0.0008200079212995018416, 0.0008590559175518587727, 0.0009371519100565738275, 0.001093343895066003178, 0.001249535880075432854, 0.001874303820113152426, 0.002499071760150872214, 0.003748607640226310923, 0.004998143520301751366, 0.007497215280452631386, 0.009996287040603509672 ),
 .UNSPECIFIED. ) ;
#836 = ORIENTED_EDGE ( 'NONE', *, *, #2235, .F. ) ;
#837 = CIRCLE ( 'NONE', #179, 6.899999999999998579 ) ;
#838 = EDGE_CURVE ( 'NONE', #2456, #2327, #961, .T. ) ;
#839 = ORIENTED_EDGE ( 'NONE', *, *, #1204, .F. ) ;
#840 = CARTESIAN_POINT ( 'NONE',  ( 0.000000000000000000, 5.000000000000000000, -7.500000000000000000 ) ) ;
#841 = CARTESIAN_POINT ( 'NONE',  ( 1.427351901447272420, 3.377317323184436226, 7.506527335848963922 ) ) ;
#842 = CIRCLE ( 'NONE', #1605, 6.899999999999998579 ) ;
#843 = DIRECTION ( 'NONE',  ( 0.000000000000000000, 0.000000000000000000, 1.000000000000000000 ) ) ;
#844 = CARTESIAN_POINT ( 'NONE',  ( 6.245698675651500839E-16, 4.750000000000000000, -5.099999999999999645 ) ) ;
#845 = ORIENTED_EDGE ( 'NONE', *, *, #2043, .F. ) ;
#846 = CARTESIAN_POINT ( 'NONE',  ( 15.75347287416032849, 2.500000000000000000, -5.958333333333333037 ) ) ;
#847 = VERTEX_POINT ( 'NONE', #951 ) ;
#848 = DIRECTION ( 'NONE',  ( 1.000000000000000000, -0.000000000000000000, 1.224646799147353207E-16 ) ) ;
#849 = CARTESIAN_POINT ( 'NONE',  ( 15.70733569164058707, 4.715963669279561898, -7.112179288401155652 ) ) ;
#850 = ORIENTED_EDGE ( 'NONE', *, *, #522, .T. ) ;
#851 = CARTESIAN_POINT ( 'NONE',  ( 1.405357753626005568, 3.411463771846773962, 7.500000000000000000 ) ) ;
#852 = CARTESIAN_POINT ( 'NONE',  ( 1.206310057825523474, 3.227715860030288209, 7.537708377253292014 ) ) ;
#853 = CYLINDRICAL_SURFACE ( 'NONE', #1199, 2.000000000000003109 ) ;
#854 = EDGE_CURVE ( 'NONE', #2365, #1002, #1121, .T. ) ;
#855 = TOROIDAL_SURFACE ( 'NONE', #1265, 7.149999999999999467, 0.2500000000000000000 ) ;
#856 = DIRECTION ( 'NONE',  ( 0.000000000000000000, 0.000000000000000000, 1.000000000000000000 ) ) ;
#857 = FACE_OUTER_BOUND ( 'NONE', #1042, .T. ) ;
#858 = DIRECTION ( 'NONE',  ( 0.000000000000000000, 1.000000000000000000, 0.000000000000000000 ) ) ;
#859 = CARTESIAN_POINT ( 'NONE',  ( 4.349973120013079786, 2.467351900253844654, -8.035988324579133035 ) ) ;
#860 = CARTESIAN_POINT ( 'NONE',  ( 0.000000000000000000, 2.500000000000000000, -7.500000000000000000 ) ) ;
#861 = EDGE_CURVE ( 'NONE', #2176, #2369, #420, .T. ) ;
#862 = EDGE_LOOP ( 'NONE', ( #1784, #1794 ) ) ;
#863 = CARTESIAN_POINT ( 'NONE',  ( 15.79390261050807887, 4.902052516926030279, 6.986208773826076524 ) ) ;
#864 = VECTOR ( 'NONE', #1151, 1000.000000000000000 ) ;
#865 = LINE ( 'NONE', #660, #126 ) ;
#866 = AXIS2_PLACEMENT_3D ( 'NONE', #1547, #127, #943 ) ;
#867 = EDGE_CURVE ( 'NONE', #2176, #1562, #921, .T. ) ;
#868 = CARTESIAN_POINT ( 'NONE',  ( 14.91287949908399391, 2.500000000000000000, -6.500000000000000000 ) ) ;
#869 = VECTOR ( 'NONE', #575, 1000.000000000000000 ) ;
#870 = DIRECTION ( 'NONE',  ( 0.000000000000000000, 0.000000000000000000, -1.000000000000000000 ) ) ;
#871 = CIRCLE ( 'NONE', #1075, 0.2500000000000001665 ) ;
#872 = VERTEX_POINT ( 'NONE', #488 ) ;
#873 = CARTESIAN_POINT ( 'NONE',  ( 9.403897370527863231, 2.222222222345739517, 8.642719546687198218 ) ) ;
#874 = PRODUCT_DEFINITION_SHAPE ( 'NONE', 'NONE',  #310 ) ;
#875 = CARTESIAN_POINT ( 'NONE',  ( 10.24716631597203964, 2.222222222222222765, -8.746588436936573174 ) ) ;
#876 = EDGE_CURVE ( 'NONE', #812, #1766, #505, .T. ) ;
#877 = CARTESIAN_POINT ( 'NONE',  ( 15.92047225392154175, 4.412268726624466453, -6.486761250238218146 ) ) ;
#878 = ORIENTED_EDGE ( 'NONE', *, *, #2216, .T. ) ;
#879 = CARTESIAN_POINT ( 'NONE',  ( 15.78644073587925156, 4.743749918317973879, 6.576254539191985771 ) ) ;
#880 = EDGE_CURVE ( 'NONE', #1463, #437, #1402, .T. ) ;
#881 = CYLINDRICAL_SURFACE ( 'NONE', #2119, 1.750000000000000000 ) ;
#882 = TOROIDAL_SURFACE ( 'NONE', #968, 6.649999999999998579, 0.2500000000000000000 ) ;
#883 = DIRECTION ( 'NONE',  ( -0.000000000000000000, 1.000000000000000000, -0.000000000000000000 ) ) ;
#884 = CARTESIAN_POINT ( 'NONE',  ( 1.933008886877820132, 3.500000000000000000, -7.500000000000000000 ) ) ;
#885 = CARTESIAN_POINT ( 'NONE',  ( 14.91287949908399391, 5.000000000000000000, -6.500000000000000000 ) ) ;
#886 = CIRCLE ( 'NONE', #2162, 2.250000000000002665 ) ;
#887 = ORIENTED_EDGE ( 'NONE', *, *, #522, .F. ) ;
#888 = CARTESIAN_POINT ( 'NONE',  ( 6.071043174273468068, 2.508395034942555224, 8.254243258413691109 ) ) ;
#889 = CARTESIAN_POINT ( 'NONE',  ( 25.00000000000000000, 2.250000000000000444, 0.000000000000000000 ) ) ;
#890 = DIRECTION ( 'NONE',  ( 0.000000000000000000, 0.000000000000000000, 1.000000000000000000 ) ) ;
#891 = CARTESIAN_POINT ( 'NONE',  ( 15.56268240569583128, 5.000623306619706554, -7.266621925034010943 ) ) ;
#892 = EDGE_LOOP ( 'NONE', ( #777, #97, #1231, #1312 ) ) ;
#893 = LINE ( 'NONE', #2432, #633 ) ;
#894 = ORIENTED_EDGE ( 'NONE', *, *, #1233, .T. ) ;
#895 = EDGE_CURVE ( 'NONE', #2305, #1965, #665, .T. ) ;
#896 = CARTESIAN_POINT ( 'NONE',  ( -3.168161746920070357E-15, 2.800757560448505323, -7.500000000000000888 ) ) ;
#897 = CARTESIAN_POINT ( 'NONE',  ( 0.000000000000000000, 3.500000000000000000, 8.500000000000000000 ) ) ;
#898 = CARTESIAN_POINT ( 'NONE',  ( 10.27753962384112718, 2.500000000000000000, 8.500000000000000000 ) ) ;
#899 = ORIENTED_EDGE ( 'NONE', *, *, #641, .F. ) ;
#900 = CARTESIAN_POINT ( 'NONE',  ( 2.466064613487392698, 2.710121813068786967, 7.795077628140757220 ) ) ;
#901 = FACE_BOUND ( 'NONE', #1259, .T. ) ;
#902 = CARTESIAN_POINT ( 'NONE',  ( 9.403897370528005339, 2.222222222345577425, -8.642719546687208876 ) ) ;
#903 = DIRECTION ( 'NONE',  ( 1.000000000000000000, -0.000000000000000000, 0.000000000000000000 ) ) ;
#904 = EDGE_LOOP ( 'NONE', ( #1793, #2140, #54 ) ) ;
#905 = CARTESIAN_POINT ( 'NONE',  ( 15.84192871397353741, 4.549691614482709312, 6.369340161970839631 ) ) ;
#906 = CARTESIAN_POINT ( 'NONE',  ( 6.119626507610672839, 2.579822528057181596, 8.098008594935709681 ) ) ;
#907 = ADVANCED_FACE ( 'NONE', ( #1462 ), #811, .T. ) ;
#908 = CIRCLE ( 'NONE', #449, 1.000000000000000000 ) ;
#909 = AXIS2_PLACEMENT_3D ( 'NONE', #885, #1458, #1447 ) ;
#910 = EDGE_LOOP ( 'NONE', ( #1206, #1127, #404, #1408 ) ) ;
#912 = FACE_OUTER_BOUND ( 'NONE', #1189, .T. ) ;
#911 = CIRCLE ( 'NONE', #495, 2.000000000000000888 ) ;
#913 = AXIS2_PLACEMENT_3D ( 'NONE', #673, #2205, #2445 ) ;
#914 = ADVANCED_FACE ( 'NONE', ( #272 ), #384, .T. ) ;
#915 = CARTESIAN_POINT ( 'NONE',  ( 4.873402248135989545, 2.645820426922274038, -7.978023972064136160 ) ) ;
#916 = CARTESIAN_POINT ( 'NONE',  ( 25.00000000000000000, 0.2500000000000002220, 2.000000000000003109 ) ) ;
#917 = CIRCLE ( 'NONE', #1001, 1.750000000000000000 ) ;
#918 = ORIENTED_EDGE ( 'NONE', *, *, #2492, .F. ) ;
#919 = DIRECTION ( 'NONE',  ( 0.000000000000000000, 0.000000000000000000, 1.000000000000000000 ) ) ;
#920 = CARTESIAN_POINT ( 'NONE',  ( 25.00000000000000000, 5.250000000000000000, 0.000000000000000000 ) ) ;
#921 = CIRCLE ( 'NONE', #1444, 0.2500000000000002220 ) ;
#922 = CARTESIAN_POINT ( 'NONE',  ( 1.979755165303557440, 2.928778907304496304, -7.678943746722849184 ) ) ;
#923 = CARTESIAN_POINT ( 'NONE',  ( 1.393728066980812308, 2.997636649674685128, 7.621409233550298978 ) ) ;
#924 = ORIENTED_EDGE ( 'NONE', *, *, #571, .F. ) ;
#925 = CARTESIAN_POINT ( 'NONE',  ( 0.000000000000000000, 0.000000000000000000, 0.000000000000000000 ) ) ;
#926 = CARTESIAN_POINT ( 'NONE',  ( 1.376055084887299218, 3.075939625322585691, 7.594172135881343877 ) ) ;
#927 = ORIENTED_EDGE ( 'NONE', *, *, #1433, .T. ) ;
#928 = DIRECTION ( 'NONE',  ( 0.000000000000000000, 0.000000000000000000, 1.000000000000000000 ) ) ;
#929 = CYLINDRICAL_SURFACE ( 'NONE', #382, 6.899999999999998579 ) ;
#930 = ORIENTED_EDGE ( 'NONE', *, *, #1973, .T. ) ;
#931 = CARTESIAN_POINT ( 'NONE',  ( 1.377828640034808316, 3.074710832856212495, 7.594656643786694694 ) ) ;
#932 = CARTESIAN_POINT ( 'NONE',  ( 4.044071306083405482, 2.499999999998043343, -7.998124828357352278 ) ) ;
#933 = AXIS2_PLACEMENT_3D ( 'NONE', #2017, #2376, #1482 ) ;
#934 = CARTESIAN_POINT ( 'NONE',  ( 1.643529042095018378, 2.901539088383489062, -7.669915841255050992 ) ) ;
#935 = AXIS2_PLACEMENT_3D ( 'NONE', #157, #14, #364 ) ;
#936 = CARTESIAN_POINT ( 'NONE',  ( 1.224913362472514811, 3.107150819749071591, 7.575622890572434542 ) ) ;
#937 = VERTEX_POINT ( 'NONE', #860 ) ;
#938 = CARTESIAN_POINT ( 'NONE',  ( 0.03710457535169402882, 0.8469471563121387936, -6.882452662901878959 ) ) ;
#939 = ORIENTED_EDGE ( 'NONE', *, *, #1181, .F. ) ;
#940 = EDGE_CURVE ( 'NONE', #464, #1104, #215, .T. ) ;
#941 = CARTESIAN_POINT ( 'NONE',  ( 15.48055015844143689, 4.750000000000000000, 7.323255745503598035 ) ) ;
#942 = EDGE_CURVE ( 'NONE', #1490, #1400, #1848, .T. ) ;
#943 = DIRECTION ( 'NONE',  ( 0.000000000000000000, 0.000000000000000000, 1.000000000000000000 ) ) ;
#944 = EDGE_LOOP ( 'NONE', ( #1441, #1548, #237, #1749 ) ) ;
#945 = CARTESIAN_POINT ( 'NONE',  ( 1.455271337978285784, 3.463972554626992384, 7.485144501545723195 ) ) ;
#946 = DIRECTION ( 'NONE',  ( 0.000000000000000000, 0.000000000000000000, 1.000000000000000000 ) ) ;
#947 = CARTESIAN_POINT ( 'NONE',  ( 1.258052754601887813, 3.079500822215739841, -7.586427298103716410 ) ) ;
#948 = ORIENTED_EDGE ( 'NONE', *, *, #834, .F. ) ;
#949 = DIRECTION ( 'NONE',  ( -1.000000000000000000, 0.000000000000000000, 0.000000000000000000 ) ) ;
#950 = EDGE_CURVE ( 'NONE', #1902, #380, #1987, .T. ) ;
#951 = CARTESIAN_POINT ( 'NONE',  ( 15.33863249360207526, 5.000000000000000000, 7.117441809127698527 ) ) ;
#952 = VERTEX_POINT ( 'NONE', #31 ) ;
#953 = FILL_AREA_STYLE ('',( #1890 ) ) ;
#954 = DIRECTION ( 'NONE',  ( -0.000000000000000000, -1.000000000000000000, -0.000000000000000000 ) ) ;
#955 = ORIENTED_EDGE ( 'NONE', *, *, #2075, .F. ) ;
#956 = CARTESIAN_POINT ( 'NONE',  ( 1.236426996297171677, 3.273525050217004129, 7.525870708337457415 ) ) ;
#957 = DIRECTION ( 'NONE',  ( 0.000000000000000000, 1.000000000000000000, 0.000000000000000000 ) ) ;
#958 = VECTOR ( 'NONE', #2351, 1000.000000000000000 ) ;
#959 = ORIENTED_EDGE ( 'NONE', *, *, #11, .F. ) ;
#960 = DIRECTION ( 'NONE',  ( 1.000000000000000000, 0.000000000000000000, 0.000000000000000000 ) ) ;
#961 = CIRCLE ( 'NONE', #2274, 0.2500000000000002220 ) ;
#962 = DIRECTION ( 'NONE',  ( 0.000000000000000000, 0.000000000000000000, 1.000000000000000000 ) ) ;
#963 = CARTESIAN_POINT ( 'NONE',  ( 0.000000000000000000, 2.250000000000000444, 4.250000000000000000 ) ) ;
#964 = CARTESIAN_POINT ( 'NONE',  ( 25.00000000000000000, 5.250000000000000000, 7.149999999999999467 ) ) ;
#965 = AXIS2_PLACEMENT_3D ( 'NONE', #137, #1457, #2030 ) ;
#966 = CARTESIAN_POINT ( 'NONE',  ( 1.187583780015575297, 3.218016144330110961, -7.540279611120669578 ) ) ;
#967 = AXIS2_PLACEMENT_3D ( 'NONE', #288, #1087, #1661 ) ;
#968 = AXIS2_PLACEMENT_3D ( 'NONE', #479, #431, #2350 ) ;
#969 = AXIS2_PLACEMENT_3D ( 'NONE', #278, #1435, #289 ) ;
#970 = ORIENTED_EDGE ( 'NONE', *, *, #2129, .T. ) ;
#971 = CARTESIAN_POINT ( 'NONE',  ( 1.861592601196640606, 3.599849095381014497, 7.472647490234851197 ) ) ;
#972 = DIRECTION ( 'NONE',  ( 0.000000000000000000, 0.000000000000000000, 1.000000000000000000 ) ) ;
#973 = AXIS2_PLACEMENT_3D ( 'NONE', #1773, #1764, #1983 ) ;
#974 = ORIENTED_EDGE ( 'NONE', *, *, #616, .F. ) ;
#975 = CARTESIAN_POINT ( 'NONE',  ( 0.000000000000000000, 2.500000000000000000, 0.000000000000000000 ) ) ;
#976 = ORIENTED_EDGE ( 'NONE', *, *, #940, .T. ) ;
#977 = ORIENTED_EDGE ( 'NONE', *, *, #1129, .T. ) ;
#978 = FACE_OUTER_BOUND ( 'NONE', #1325, .T. ) ;
#979 = DIRECTION ( 'NONE',  ( -0.1222502059739782043, 0.000000000000000000, -0.9924993134200748024 ) ) ;
#980 = FACE_OUTER_BOUND ( 'NONE', #1184, .T. ) ;
#981 = VERTEX_POINT ( 'NONE', #2332 ) ;
#982 = CARTESIAN_POINT ( 'NONE',  ( 25.00000000000000000, 2.750000000000000000, 0.000000000000000000 ) ) ;
#983 = ADVANCED_FACE ( 'NONE', ( #216 ), #1208, .F. ) ;
#984 = VERTEX_POINT ( 'NONE', #1488 ) ;
#985 = ADVANCED_FACE ( 'NONE', ( #2122 ), #532, .F. ) ;
#986 = CARTESIAN_POINT ( 'NONE',  ( 1.190013960747375421, 3.272984598418162694, -7.523324258230855932 ) ) ;
#987 = LINE ( 'NONE', #2339, #589 ) ;
#988 = AXIS2_PLACEMENT_3D ( 'NONE', #638, #2180, #165 ) ;
#989 = ORIENTED_EDGE ( 'NONE', *, *, #861, .T. ) ;
#990 = CARTESIAN_POINT ( 'NONE',  ( 15.79946103586344819, 4.119571188726556699, 6.029700737751028328 ) ) ;
#991 = DIRECTION ( 'NONE',  ( 0.000000000000000000, 0.000000000000000000, 1.000000000000000000 ) ) ;
#992 = CARTESIAN_POINT ( 'NONE',  ( 1.260227200391286217, 3.134432820802028008, -7.569108196166109082 ) ) ;
#993 = ADVANCED_FACE ( 'NONE', ( #1734 ), #1161, .T. ) ;
#994 = AXIS2_PLACEMENT_3D ( 'NONE', #1785, #1033, #1742 ) ;
#995 = MECHANICAL_DESIGN_GEOMETRIC_PRESENTATION_REPRESENTATION (  '', ( #658 ), #586 ) ;
#996 =( BOUNDED_CURVE ( )  B_SPLINE_CURVE ( 3, ( #1263, #1778, #1428, #2178 ),
 .UNSPECIFIED., .F., .F. ) 
 B_SPLINE_CURVE_WITH_KNOTS ( ( 4, 4 ),
 ( 0.000000000000000000, 0.3589681892353611681 ),
 .UNSPECIFIED. ) 
 CURVE ( )  GEOMETRIC_REPRESENTATION_ITEM ( )  RATIONAL_B_SPLINE_CURVE ( ( 1.000000000000000000, 0.9892906161169587875, 0.9892906161169587875, 1.000000000000000000 ) ) 
 REPRESENTATION_ITEM ( '' )  );
#997 = TOROIDAL_SURFACE ( 'NONE', #1820, 7.999999999999996447, 2.500000000000000000 ) ;
#998 = ORIENTED_EDGE ( 'NONE', *, *, #1337, .F. ) ;
#999 = CIRCLE ( 'NONE', #1943, 4.999999999999999112 ) ;
#1000 = DIRECTION ( 'NONE',  ( 0.000000000000000000, 0.000000000000000000, -1.000000000000000000 ) ) ;
#1001 = AXIS2_PLACEMENT_3D ( 'NONE', #328, #1116, #1711 ) ;
#1002 = VERTEX_POINT ( 'NONE', #321 ) ;
#1003 = CARTESIAN_POINT ( 'NONE',  ( 0.000000000000000000, 3.500000000000000000, -8.500000000000000000 ) ) ;
#1004 = CARTESIAN_POINT ( 'NONE',  ( 1.207456174100183910, 3.296562578889930428, -7.517540636406581989 ) ) ;
#1005 = DIRECTION ( 'NONE',  ( 0.000000000000000000, 0.000000000000000000, 1.000000000000000000 ) ) ;
#1006 = EDGE_CURVE ( 'NONE', #258, #422, #1262, .T. ) ;
#1007 = AXIS2_PLACEMENT_3D ( 'NONE', #512, #1276, #2014 ) ;
#1008 = ORIENTED_EDGE ( 'NONE', *, *, #1174, .F. ) ;
#1009 = CARTESIAN_POINT ( 'NONE',  ( 0.05050949930016617601, 0.6164802088217653520, 6.651758625788928292 ) ) ;
#1010 = CARTESIAN_POINT ( 'NONE',  ( 1.206519984888159369, 3.228453584945845556, -7.537500605200450288 ) ) ;
#1011 = EDGE_CURVE ( 'NONE', #1979, #2360, #606, .T. ) ;
#1012 = DIRECTION ( 'NONE',  ( 0.000000000000000000, 0.000000000000000000, 1.000000000000000000 ) ) ;
#1013 = AXIS2_PLACEMENT_3D ( 'NONE', #642, #1420, #1232 ) ;
#1014 = DIRECTION ( 'NONE',  ( 1.000000000000000000, 0.000000000000000000, -0.000000000000000000 ) ) ;
#1015 = CARTESIAN_POINT ( 'NONE',  ( 1.199513651579873663, 3.137411923487467114, -7.564643122951586918 ) ) ;
#1016 = FACE_OUTER_BOUND ( 'NONE', #1426, .T. ) ;
#1017 = CARTESIAN_POINT ( 'NONE',  ( 1.826962085570624783, 3.485516771536707470, -7.499999999999976019 ) ) ;
#1018 = VERTEX_POINT ( 'NONE', #2134 ) ;
#1019 = CARTESIAN_POINT ( 'NONE',  ( 15.83889529124278894, 4.573024022220121942, 6.391569882803825209 ) ) ;
#1020 = ADVANCED_FACE ( 'NONE', ( #42, #2169 ), #818, .T. ) ;
#1021 = ORIENTED_EDGE ( 'NONE', *, *, #162, .T. ) ;
#1022 = ORIENTED_EDGE ( 'NONE', *, *, #2020, .T. ) ;
#1023 = DIRECTION ( 'NONE',  ( 0.9924993134200748024, 0.000000000000000000, -0.1222502059739775243 ) ) ;
#1024 = EDGE_CURVE ( 'NONE', #148, #1771, #1366, .T. ) ;
#1025 = FACE_OUTER_BOUND ( 'NONE', #2333, .T. ) ;
#1026 = ORIENTED_EDGE ( 'NONE', *, *, #2347, .F. ) ;
#1027 = CARTESIAN_POINT ( 'NONE',  ( 25.00000000000000000, 2.500000000000000000, 0.000000000000000000 ) ) ;
#1028 = VECTOR ( 'NONE', #124, 1000.000000000000227 ) ;
#1029 = DIRECTION ( 'NONE',  ( 0.000000000000000000, 0.000000000000000000, 1.000000000000000000 ) ) ;
#1030 = AXIS2_PLACEMENT_3D ( 'NONE', #840, #416, #1014 ) ;
#1031 = ORIENTED_EDGE ( 'NONE', *, *, #445, .F. ) ;
#1033 = DIRECTION ( 'NONE',  ( 1.000000000000000000, -0.000000000000000000, 0.000000000000000000 ) ) ;
#1032 = AXIS2_PLACEMENT_3D ( 'NONE', #39, #805, #2328 ) ;
#1034 = AXIS2_PLACEMENT_3D ( 'NONE', #628, #2108, #1196 ) ;
#1035 = DIRECTION ( 'NONE',  ( -0.000000000000000000, 1.000000000000000000, -0.000000000000000000 ) ) ;
#1036 = CARTESIAN_POINT ( 'NONE',  ( 15.45940085805571407, 5.000000000000004441, -7.032767460195023190 ) ) ;
#1037 = DIRECTION ( 'NONE',  ( 0.000000000000000000, 0.000000000000000000, 1.000000000000000000 ) ) ;
#1038 = VERTEX_POINT ( 'NONE', #433 ) ;
#1039 = AXIS2_PLACEMENT_3D ( 'NONE', #686, #1481, #730 ) ;
#1040 = ORIENTED_EDGE ( 'NONE', *, *, #229, .F. ) ;
#1041 = ADVANCED_FACE ( 'NONE', ( #1025 ), #133, .T. ) ;
#1042 = EDGE_LOOP ( 'NONE', ( #108, #793, #1063, #1493 ) ) ;
#1043 = VECTOR ( 'NONE', #1918, 1000.000000000000000 ) ;
#1044 = CARTESIAN_POINT ( 'NONE',  ( 15.81281069409106266, 4.084854505675918901, -6.050417601010710911 ) ) ;
#1045 = ORIENTED_EDGE ( 'NONE', *, *, #1233, .F. ) ;
#1046 = CARTESIAN_POINT ( 'NONE',  ( 15.63277230074605306, 4.987231781123880658, 7.201286465965320183 ) ) ;
#1047 = CARTESIAN_POINT ( 'NONE',  ( 1.286288113489518548, 3.309364976171864647, 7.518223720938705945 ) ) ;
#1048 = DIRECTION ( 'NONE',  ( 0.000000000000000000, 1.000000000000000000, 0.000000000000000000 ) ) ;
#1049 = CARTESIAN_POINT ( 'NONE',  ( 23.71826527351799996, 2.222222222222222765, -10.40587887672633016 ) ) ;
#1050 = CARTESIAN_POINT ( 'NONE',  ( 0.000000000000000000, 1.500000000000000000, 0.000000000000000000 ) ) ;
#1051 = CARTESIAN_POINT ( 'NONE',  ( 0.000000000000000000, 4.750000000000000000, 5.099999999999999645 ) ) ;
#1052 = CARTESIAN_POINT ( 'NONE',  ( 4.800675286938560049, 2.650114431089904965, -7.970991229473905371 ) ) ;
#1053 = CARTESIAN_POINT ( 'NONE',  ( 23.74863858138702000, 2.250000000000000444, -10.15929043978975876 ) ) ;
#1054 = VERTEX_POINT ( 'NONE', #1599 ) ;
#1055 = DIRECTION ( 'NONE',  ( 0.000000000000000000, 1.000000000000000000, 0.000000000000000000 ) ) ;
#1056 = EDGE_CURVE ( 'NONE', #1569, #2038, #459, .T. ) ;
#1057 = ADVANCED_FACE ( 'NONE', ( #2385 ), #2071, .T. ) ;
#1058 = DIRECTION ( 'NONE',  ( 0.9924993134200751355, 0.000000000000000000, -0.1222502059739769414 ) ) ;
#1059 = DIRECTION ( 'NONE',  ( 0.000000000000000000, 0.000000000000000000, 1.000000000000000000 ) ) ;
#1060 = FACE_OUTER_BOUND ( 'NONE', #1081, .T. ) ;
#1061 = EDGE_CURVE ( 'NONE', #308, #670, #218, .T. ) ;
#1062 = CARTESIAN_POINT ( 'NONE',  ( 2.143131898507868297E-16, 0.2500000000000000000, -1.750000000000000000 ) ) ;
#1063 = ORIENTED_EDGE ( 'NONE', *, *, #1776, .T. ) ;
#1064 = CARTESIAN_POINT ( 'NONE',  ( 6.874116618613840934, 2.293541859216726930, 8.338275941493876076 ) ) ;
#1065 = EDGE_CURVE ( 'NONE', #2072, #1104, #424, .T. ) ;
#1066 = DIRECTION ( 'NONE',  ( 1.000000000000000000, -0.000000000000000000, 1.224646799147353207E-16 ) ) ;
#1067 = CARTESIAN_POINT ( 'NONE',  ( 15.91284674586224845, 4.688575478052487533, -6.650000463150451679 ) ) ;
#1068 = VECTOR ( 'NONE', #2484, 1000.000000000000000 ) ;
#1069 = ORIENTED_EDGE ( 'NONE', *, *, #1328, .F. ) ;
#1070 = CARTESIAN_POINT ( 'NONE',  ( 15.54609569473477748, 4.749999975312672262, 7.278059246106174385 ) ) ;
#1071 = CARTESIAN_POINT ( 'NONE',  ( 0.000000000000000000, 5.000000000000000000, 7.500000000000000000 ) ) ;
#1072 = DIRECTION ( 'NONE',  ( 0.000000000000000000, 1.000000000000000000, 0.000000000000000000 ) ) ;
#1073 = CARTESIAN_POINT ( 'NONE',  ( 25.00000000000000000, 6.000000000000000000, 0.000000000000000000 ) ) ;
#1074 = CARTESIAN_POINT ( 'NONE',  ( 4.044071306032157587, 2.500000000003337775, 7.998124828351015125 ) ) ;
#1075 = AXIS2_PLACEMENT_3D ( 'NONE', #2469, #1149, #379 ) ;
#1076 = FACE_OUTER_BOUND ( 'NONE', #781, .T. ) ;
#1077 = CARTESIAN_POINT ( 'NONE',  ( 8.560538772374231442, 2.236326300282705404, -8.540554917120283918 ) ) ;
#1078 = EDGE_CURVE ( 'NONE', #572, #2488, #755, .T. ) ;
#1079 = B_SPLINE_CURVE_WITH_KNOTS ( 'NONE', 3,
 ( #710, #350, #2064, #298, #99, #146, #2244, #1492, #1110, #1125 ),
 .UNSPECIFIED., .F., .F.,
 ( 4, 2, 2, 2, 4 ),
 ( 0.000000000000000000, 0.0004352199026466632334, 0.0008704398052933264669, 0.001305659707939989646, 0.001740879610586652934 ),
 .UNSPECIFIED. ) ;
#1080 = DIRECTION ( 'NONE',  ( 0.5416666666666662966, -0.000000000000000000, -0.8405933750763343593 ) ) ;
#1081 = EDGE_LOOP ( 'NONE', ( #1709, #1521, #887, #1889 ) ) ;
#1082 = CARTESIAN_POINT ( 'NONE',  ( 15.91097600474478746, 4.333950220272882348, 6.371173168339327120 ) ) ;
#1083 = CARTESIAN_POINT ( 'NONE',  ( 0.3056255149350227684, 2.500000000000000000, 5.018751716449813216 ) ) ;
#1084 = EDGE_LOOP ( 'NONE', ( #819, #1289 ) ) ;
#1085 = DIRECTION ( 'NONE',  ( 0.000000000000000000, 1.000000000000000000, 0.000000000000000000 ) ) ;
#1086 = EDGE_CURVE ( 'NONE', #1569, #937, #219, .T. ) ;
#1087 = DIRECTION ( 'NONE',  ( -0.000000000000000000, -1.000000000000000000, -0.000000000000000000 ) ) ;
#1088 = AXIS2_PLACEMENT_3D ( 'NONE', #2159, #1781, #1224 ) ;
#1089 = CIRCLE ( 'NONE', #565, 0.2500000000000001665 ) ;
#1090 = EDGE_CURVE ( 'NONE', #1300, #1771, #385, .T. ) ;
#1091 = CARTESIAN_POINT ( 'NONE',  ( 25.00000000000000000, 2.499999999999999556, 7.375000000000000000 ) ) ;
#1092 = DIRECTION ( 'NONE',  ( 0.000000000000000000, 0.000000000000000000, 1.000000000000000000 ) ) ;
#1093 = DIRECTION ( 'NONE',  ( 0.000000000000000000, -0.000000000000000000, 1.000000000000000000 ) ) ;
#1094 = CARTESIAN_POINT ( 'NONE',  ( 25.00000000000000000, 2.250000000000000444, 10.23606797749978803 ) ) ;
#1095 = ORIENTED_EDGE ( 'NONE', *, *, #83, .T. ) ;
#1096 = ADVANCED_FACE ( 'NONE', ( #1060 ), #138, .T. ) ;
#1097 = LINE ( 'NONE', #1850, #545 ) ;
#1098 = CARTESIAN_POINT ( 'NONE',  ( 0.03087008047130036098, 0.9755490577689676091, -6.988085905695367472 ) ) ;
#1099 = ORIENTED_EDGE ( 'NONE', *, *, #2492, .T. ) ;
#1100 = EDGE_CURVE ( 'NONE', #703, #1902, #2181, .T. ) ;
#1101 = LINE ( 'NONE', #2246, #784 ) ;
#1102 = DIRECTION ( 'NONE',  ( 0.000000000000000000, 0.000000000000000000, 1.000000000000000000 ) ) ;
#1103 = DIRECTION ( 'NONE',  ( 0.000000000000000000, 0.000000000000000000, 1.000000000000000000 ) ) ;
#1104 = VERTEX_POINT ( 'NONE', #1993 ) ;
#1105 = CARTESIAN_POINT ( 'NONE',  ( 2.288765243255933779, 2.878638519291123021, 7.715387011684043728 ) ) ;
#1106 = DIRECTION ( 'NONE',  ( -0.9924993134200748024, 0.000000000000000000, -0.1222502059739791896 ) ) ;
#1107 = CARTESIAN_POINT ( 'NONE',  ( 1.294596155656957404, 3.085706687253706004, -7.589493365834801608 ) ) ;
#1108 = ORIENTED_EDGE ( 'NONE', *, *, #250, .F. ) ;
#1109 = DIRECTION ( 'NONE',  ( -0.000000000000000000, -1.000000000000000000, -0.000000000000000000 ) ) ;
#1110 = CARTESIAN_POINT ( 'NONE',  ( 15.81559702858247007, 4.088839033737641238, -6.054741615129279886 ) ) ;
#1111 = CIRCLE ( 'NONE', #13, 1.750000000000000000 ) ;
#1112 = DIRECTION ( 'NONE',  ( 0.000000000000000000, 0.000000000000000000, 1.000000000000000000 ) ) ;
#1113 = EDGE_LOOP ( 'NONE', ( #1171, #528, #754, #1352 ) ) ;
#1114 = DIRECTION ( 'NONE',  ( 0.000000000000000000, 1.000000000000000000, 0.000000000000000000 ) ) ;
#1115 = CARTESIAN_POINT ( 'NONE',  ( 2.388541163393145705, 2.864993709982915249, -7.726496876966323590 ) ) ;
#1116 = DIRECTION ( 'NONE',  ( -0.000000000000000000, -1.000000000000000000, -0.000000000000000000 ) ) ;
#1117 = TOROIDAL_SURFACE ( 'NONE', #1314, 12.00000000000000000, 1.000000000000000000 ) ;
#1118 = VERTEX_POINT ( 'NONE', #470 ) ;
#1119 = CARTESIAN_POINT ( 'NONE',  ( 2.258348203975802271, 2.748109052884873726, 7.766177237041558712 ) ) ;
#1120 = CARTESIAN_POINT ( 'NONE',  ( 0.000000000000000000, 0.000000000000000000, 2.000000000000000000 ) ) ;
#1121 = CIRCLE ( 'NONE', #2474, 4.000000000000000000 ) ;
#1122 = DIRECTION ( 'NONE',  ( -0.000000000000000000, 1.000000000000000000, -0.000000000000000000 ) ) ;
#1123 = ORIENTED_EDGE ( 'NONE', *, *, #854, .F. ) ;
#1124 = DIRECTION ( 'NONE',  ( 0.000000000000000000, 0.000000000000000000, 1.000000000000000000 ) ) ;
#1125 = CARTESIAN_POINT ( 'NONE',  ( 15.75347287416032849, 4.000000000000000000, -5.958333333333333925 ) ) ;
#1126 = AXIS2_PLACEMENT_3D ( 'NONE', #663, #2341, #830 ) ;
#1127 = ORIENTED_EDGE ( 'NONE', *, *, #2097, .T. ) ;
#1128 = APPLICATION_CONTEXT ( 'automotive_design' ) ;
#1129 = EDGE_CURVE ( 'NONE', #43, #1581, #1280, .T. ) ;
#1130 = CARTESIAN_POINT ( 'NONE',  ( 24.02199835220818258, 0.000000000000000000, -7.939994507360600196 ) ) ;
#1131 = DIRECTION ( 'NONE',  ( 0.000000000000000000, 1.000000000000000000, 0.000000000000000000 ) ) ;
#1132 = AXIS2_PLACEMENT_3D ( 'NONE', #104, #858, #919 ) ;
#1133 = VERTEX_POINT ( 'NONE', #2003 ) ;
#1134 = CARTESIAN_POINT ( 'NONE',  ( 1.572221653238042638, 3.012696942284291524, 7.626107202113830752 ) ) ;
#1135 = CARTESIAN_POINT ( 'NONE',  ( 25.00000000000000000, 0.2500000000000002220, 0.000000000000000000 ) ) ;
#1136 = ORIENTED_EDGE ( 'NONE', *, *, #1370, .T. ) ;
#1137 = DIRECTION ( 'NONE',  ( 0.000000000000000000, 1.000000000000000000, 0.000000000000000000 ) ) ;
#1138 = DIRECTION ( 'NONE',  ( 0.000000000000000000, 0.000000000000000000, 1.000000000000000000 ) ) ;
#1139 = VERTEX_POINT ( 'NONE', #2364 ) ;
#1140 = EDGE_CURVE ( 'NONE', #1463, #1235, #1718, .T. ) ;
#1141 = SURFACE_STYLE_USAGE ( .BOTH. , #2067 ) ;
#1142 = EDGE_CURVE ( 'NONE', #1225, #198, #597, .T. ) ;
#1143 = DIRECTION ( 'NONE',  ( -0.9924993134200748024, 0.000000000000000000, -0.1222502059739791896 ) ) ;
#1144 = ORIENTED_EDGE ( 'NONE', *, *, #11, .T. ) ;
#1145 = CARTESIAN_POINT ( 'NONE',  ( 1.949439129533647952, 2.817748483210545274, 7.719803152594258755 ) ) ;
#1146 = CYLINDRICAL_SURFACE ( 'NONE', #1347, 4.000000000000000000 ) ;
#1147 = ORIENTED_EDGE ( 'NONE', *, *, #2206, .T. ) ;
#1148 = DIRECTION ( 'NONE',  ( -0.000000000000000000, -1.000000000000000000, -0.000000000000000000 ) ) ;
#1149 = DIRECTION ( 'NONE',  ( 0.9924993134200748024, 0.000000000000000000, -0.1222502059739791896 ) ) ;
#1150 = ORIENTED_EDGE ( 'NONE', *, *, #1604, .F. ) ;
#1151 = DIRECTION ( 'NONE',  ( -0.000000000000000000, -1.000000000000000000, -0.000000000000000000 ) ) ;
#1152 = CARTESIAN_POINT ( 'NONE',  ( 1.232803118959333810, 3.130405134246296406, -7.570549073767467441 ) ) ;
#1153 = CIRCLE ( 'NONE', #453, 2.500000000000000000 ) ;
#1154 = DIRECTION ( 'NONE',  ( -0.000000000000000000, -1.000000000000000000, -0.000000000000000000 ) ) ;
#1155 = AXIS2_PLACEMENT_3D ( 'NONE', #1520, #2046, #2276 ) ;
#1156 = ORIENTED_EDGE ( 'NONE', *, *, #262, .F. ) ;
#1157 = CARTESIAN_POINT ( 'NONE',  ( 1.207456174100257629, 3.296562578889965511, 7.517540636406567778 ) ) ;
#1158 = DIRECTION ( 'NONE',  ( 0.000000000000000000, 0.000000000000000000, 1.000000000000000000 ) ) ;
#1159 = CARTESIAN_POINT ( 'NONE',  ( 1.347933458231148407, 3.020431704570571085, -7.611027519965104737 ) ) ;
#1160 = ORIENTED_EDGE ( 'NONE', *, *, #378, .T. ) ;
#1161 = TOROIDAL_SURFACE ( 'NONE', #708, 0.7500000000000000000, 0.2500000000000000000 ) ;
#1162 = FACE_OUTER_BOUND ( 'NONE', #2325, .T. ) ;
#1163 = DIRECTION ( 'NONE',  ( 0.000000000000000000, 0.000000000000000000, 1.000000000000000000 ) ) ;
#1164 = ORIENTED_EDGE ( 'NONE', *, *, #1282, .F. ) ;
#1165 = DIRECTION ( 'NONE',  ( -0.9924993134200749134, -0.000000000000000000, -0.1222502059739783153 ) ) ;
#1166 = EDGE_CURVE ( 'NONE', #129, #2250, #833, .T. ) ;
#1167 = AXIS2_PLACEMENT_3D ( 'NONE', #1846, #679, #106 ) ;
#1168 = CARTESIAN_POINT ( 'NONE',  ( 25.00000000000000000, 6.000000000000000000, -6.899999999999998579 ) ) ;
#1169 = EDGE_CURVE ( 'NONE', #1562, #365, #669, .T. ) ;
#1170 = CARTESIAN_POINT ( 'NONE',  ( 1.185394547342010441, 3.160469206298283762, 7.556675553966424097 ) ) ;
#1171 = ORIENTED_EDGE ( 'NONE', *, *, #1181, .T. ) ;
#1172 = CARTESIAN_POINT ( 'NONE',  ( 1.410654126127179220, 3.029174330977008278, 7.616966063472001558 ) ) ;
#1173 = CARTESIAN_POINT ( 'NONE',  ( 0.000000000000000000, 0.2500000000000000000, 0.000000000000000000 ) ) ;
#1174 = EDGE_CURVE ( 'NONE', #16, #1139, #2031, .T. ) ;
#1175 = AXIS2_PLACEMENT_3D ( 'NONE', #1051, #1639, #2402 ) ;
#1176 = EDGE_LOOP ( 'NONE', ( #656, #33, #2104, #2429 ) ) ;
#1177 = DIRECTION ( 'NONE',  ( 0.000000000000000000, 0.000000000000000000, 1.000000000000000000 ) ) ;
#1178 = ORIENTED_EDGE ( 'NONE', *, *, #2280, .F. ) ;
#1179 = CARTESIAN_POINT ( 'NONE',  ( 25.00000000000000000, 2.500000000000000000, -7.999999999999996447 ) ) ;
#1180 = CARTESIAN_POINT ( 'NONE',  ( 1.247696860172907041, 3.143651887326855743, -7.565538660508599911 ) ) ;
#1181 = EDGE_CURVE ( 'NONE', #1235, #1018, #1874, .T. ) ;
#1182 = CARTESIAN_POINT ( 'NONE',  ( 25.00000000000000000, 0.2500000000000002220, 0.000000000000000000 ) ) ;
#1183 = CARTESIAN_POINT ( 'NONE',  ( 2.168144655870040793, 2.765884109431903770, 7.753251554115468736 ) ) ;
#1184 = EDGE_LOOP ( 'NONE', ( #1988, #7, #580, #808 ) ) ;
#1185 = FACE_OUTER_BOUND ( 'NONE', #255, .T. ) ;
#1186 = DIRECTION ( 'NONE',  ( -0.9924993134200748024, 0.000000000000000000, -0.1222502059739776631 ) ) ;
#1187 = CARTESIAN_POINT ( 'NONE',  ( 1.238720189374009850, 3.149362664429250280, -7.563250542374845509 ) ) ;
#1188 = VECTOR ( 'NONE', #587, 1000.000000000000000 ) ;
#1189 = EDGE_LOOP ( 'NONE', ( #607, #1274, #1756, #2271 ) ) ;
#1190 = CIRCLE ( 'NONE', #1807, 0.2500000000000001665 ) ;
#1191 = DIRECTION ( 'NONE',  ( 0.000000000000000000, 0.000000000000000000, 1.000000000000000000 ) ) ;
#1192 = ADVANCED_FACE ( 'NONE', ( #2207 ), #482, .T. ) ;
#1193 = EDGE_LOOP ( 'NONE', ( #2444, #1156, #2123, #1255, #1375 ) ) ;
#1194 = CARTESIAN_POINT ( 'NONE',  ( 25.00000000000000000, 4.750000000000000000, -7.500000000000000000 ) ) ;
#1195 = CARTESIAN_POINT ( 'NONE',  ( 1.569916866611098527, 3.463635964564911962, -7.499336302390182674 ) ) ;
#1196 = DIRECTION ( 'NONE',  ( 1.224646799147351482E-16, 0.000000000000000000, -1.000000000000000000 ) ) ;
#1197 = ADVANCED_FACE ( 'NONE', ( #2219 ), #496, .F. ) ;
#1198 = CARTESIAN_POINT ( 'NONE',  ( 1.201093450285994901, 3.289315681770803135, 7.519248122636210674 ) ) ;
#1199 = AXIS2_PLACEMENT_3D ( 'NONE', #1264, #286, #100 ) ;
#1200 = EDGE_LOOP ( 'NONE', ( #970, #2076, #2217, #1849 ) ) ;
#1201 = CARTESIAN_POINT ( 'NONE',  ( 0.1301891328681774318, 6.776263578034396550E-17, 5.160833946959736629 ) ) ;
#1202 = AXIS2_PLACEMENT_3D ( 'NONE', #1207, #1757, #795 ) ;
#1203 = DIRECTION ( 'NONE',  ( -1.000000000000000000, 0.000000000000000000, 0.000000000000000000 ) ) ;
#1204 = EDGE_CURVE ( 'NONE', #2038, #2090, #114, .T. ) ;
#1205 = AXIS2_PLACEMENT_3D ( 'NONE', #753, #147, #1351 ) ;
#1206 = ORIENTED_EDGE ( 'NONE', *, *, #645, .F. ) ;
#1207 = CARTESIAN_POINT ( 'NONE',  ( 0.000000000000000000, 5.000000000000000000, 0.000000000000000000 ) ) ;
#1208 = TOROIDAL_SURFACE ( 'NONE', #2358, 2.000000000000000000, 1.000000000000000000 ) ;
#1209 = ADVANCED_FACE ( 'NONE', ( #102 ), #341, .T. ) ;
#1210 = CARTESIAN_POINT ( 'NONE',  ( 1.190657754249186739, 3.191810383318961719, -7.548400158007815719 ) ) ;
#1211 = AXIS2_PLACEMENT_3D ( 'NONE', #2374, #1222, #442 ) ;
#1212 = DIRECTION ( 'NONE',  ( 0.000000000000000000, 1.000000000000000000, 0.000000000000000000 ) ) ;
#1213 = VECTOR ( 'NONE', #1791, 1000.000000000000227 ) ;
#1214 = CARTESIAN_POINT ( 'NONE',  ( 1.405708509530510852, 3.411578049802552748, -7.500000000000001776 ) ) ;
#1215 = ORIENTED_EDGE ( 'NONE', *, *, #1609, .T. ) ;
#1216 = LINE ( 'NONE', #235, #556 ) ;
#1217 = ORIENTED_EDGE ( 'NONE', *, *, #1638, .F. ) ;
#1218 = ADVANCED_FACE ( 'NONE', ( #1676 ), #2410, .T. ) ;
#1219 = ORIENTED_EDGE ( 'NONE', *, *, #594, .T. ) ;
#1220 = DIRECTION ( 'NONE',  ( -0.000000000000000000, -1.000000000000000000, -0.000000000000000000 ) ) ;
#1221 = ADVANCED_FACE ( 'NONE', ( #301 ), #1468, .T. ) ;
#1222 = DIRECTION ( 'NONE',  ( -0.000000000000000000, -1.000000000000000000, -0.000000000000000000 ) ) ;
#1223 = ORIENTED_EDGE ( 'NONE', *, *, #747, .T. ) ;
#1224 = DIRECTION ( 'NONE',  ( -0.1222502059739768721, 0.000000000000000000, -0.9924993134200750244 ) ) ;
#1225 = VERTEX_POINT ( 'NONE', #884 ) ;
#1226 = ORIENTED_EDGE ( 'NONE', *, *, #2194, .F. ) ;
#1227 = LINE ( 'NONE', #1194, #2062 ) ;
#1228 = CARTESIAN_POINT ( 'NONE',  ( 25.00000000000000000, 2.222222222222222765, 10.48451997499976329 ) ) ;
#1229 = DIRECTION ( 'NONE',  ( 0.000000000000000000, 0.000000000000000000, 1.000000000000000000 ) ) ;
#1230 = DIRECTION ( 'NONE',  ( 0.000000000000000000, 0.000000000000000000, 1.000000000000000000 ) ) ;
#1231 = ORIENTED_EDGE ( 'NONE', *, *, #1964, .F. ) ;
#1232 = DIRECTION ( 'NONE',  ( 0.000000000000000000, 0.000000000000000000, 1.000000000000000000 ) ) ;
#1233 = EDGE_CURVE ( 'NONE', #195, #1979, #1788, .T. ) ;
#1234 = AXIS2_PLACEMENT_3D ( 'NONE', #1907, #178, #979 ) ;
#1235 = VERTEX_POINT ( 'NONE', #1830 ) ;
#1236 = CARTESIAN_POINT ( 'NONE',  ( 0.000000000000000000, 5.000000000000000000, -7.249999999999999112 ) ) ;
#1237 = ORIENTED_EDGE ( 'NONE', *, *, #2196, .T. ) ;
#1238 = DIRECTION ( 'NONE',  ( -0.9924993134200748024, 0.000000000000000000, -0.1222502059739776631 ) ) ;
#1239 = AXIS2_PLACEMENT_3D ( 'NONE', #1182, #1212, #231 ) ;
#1240 = FACE_BOUND ( 'NONE', #2254, .T. ) ;
#1241 = AXIS2_PLACEMENT_3D ( 'NONE', #1814, #240, #1230 ) ;
#1242 = CARTESIAN_POINT ( 'NONE',  ( 25.00000000000000000, 6.000000000000000000, 0.000000000000000000 ) ) ;
#1243 = DIRECTION ( 'NONE',  ( 0.000000000000000000, 0.000000000000000000, 1.000000000000000000 ) ) ;
#1244 = PRODUCT ( 'BRAZO DE TENSOR 2', 'BRAZO DE TENSOR 2', '', ( #750 ) ) ;
#1245 = CARTESIAN_POINT ( 'NONE',  ( 25.00000000000000000, 3.500000000000000000, 0.000000000000000000 ) ) ;
#1246 = AXIS2_PLACEMENT_3D ( 'NONE', #639, #253, #52 ) ;
#1247 = CARTESIAN_POINT ( 'NONE',  ( 4.787798279790112410, 2.573904989403759114, -8.092865885225977607 ) ) ;
#1248 = CARTESIAN_POINT ( 'NONE',  ( 15.89311087464200689, 4.557812422976047273, -6.733591255118904328 ) ) ;
#1249 = CARTESIAN_POINT ( 'NONE',  ( 15.82516106543357637, 4.225608719112896594, 6.102707842308471520 ) ) ;
#1250 = AXIS2_PLACEMENT_3D ( 'NONE', #644, #2346, #259 ) ;
#1251 = CARTESIAN_POINT ( 'NONE',  ( 1.209040556213795803, 3.189751624834820554, 7.549254602986535723 ) ) ;
#1252 = EDGE_CURVE ( 'NONE', #74, #1965, #1682, .T. ) ;
#1253 = TOROIDAL_SURFACE ( 'NONE', #2197, 10.23606797749978803, 0.2500000000000000000 ) ;
#1254 = CARTESIAN_POINT ( 'NONE',  ( 25.00000000000000000, 0.2500000000000002220, 2.250000000000002665 ) ) ;
#1255 = ORIENTED_EDGE ( 'NONE', *, *, #747, .F. ) ;
#1256 = CARTESIAN_POINT ( 'NONE',  ( 4.349973120013284955, 2.467351900253848651, 8.035988324579149022 ) ) ;
#1257 = CARTESIAN_POINT ( 'NONE',  ( 10.24336965248841302, 2.500000000000000444, -8.777411991553645265 ) ) ;
#1258 = CARTESIAN_POINT ( 'NONE',  ( 15.48055015844144400, 4.750000000000000000, -7.323255745503593594 ) ) ;
#1259 = EDGE_LOOP ( 'NONE', ( #1359, #400 ) ) ;
#1260 = CIRCLE ( 'NONE', #813, 2.000000000000000000 ) ;
#1261 = CARTESIAN_POINT ( 'NONE',  ( 14.91287949908399391, 4.750000000000000000, 7.500000000000000000 ) ) ;
#1262 = B_SPLINE_CURVE_WITH_KNOTS ( 'NONE', 3,
 ( #1309, #335, #1358, #1183, #1747, #203, #1875, #923, #1860, #144, #936, #1170, #1925, #1297, #1198, #2440, #21, #798 ),
 .UNSPECIFIED., .F., .F.,
 ( 4, 2, 2, 2, 2, 2, 2, 2, 4 ),
 ( 0.006258781559936728647, 0.007896044115257403948, 0.008714675392917741598, 0.008919333212332824709, 0.009123991031747909555, 0.009226319941455451978, 0.009328648851162994401, 0.009430977760870536825, 0.009533306670578079248 ),
 .UNSPECIFIED. ) ;
#1263 = CARTESIAN_POINT ( 'NONE',  ( 7.855833012397049418E-14, 2.500000000000000000, 7.500000000000000000 ) ) ;
#1264 = CARTESIAN_POINT ( 'NONE',  ( 25.00000000000000000, 5.000000000000000000, 0.000000000000000000 ) ) ;
#1265 = AXIS2_PLACEMENT_3D ( 'NONE', #920, #2263, #347 ) ;
#1266 = CARTESIAN_POINT ( 'NONE',  ( 25.00000000000000000, 2.500000000000000000, 0.000000000000000000 ) ) ;
#1267 = DIRECTION ( 'NONE',  ( 0.000000000000000000, 0.000000000000000000, 1.000000000000000000 ) ) ;
#1268 = CARTESIAN_POINT ( 'NONE',  ( 25.00000000000000000, 5.250000000000000000, 0.000000000000000000 ) ) ;
#1269 = FACE_OUTER_BOUND ( 'NONE', #2441, .T. ) ;
#1270 = CARTESIAN_POINT ( 'NONE',  ( 15.63277230074616142, 4.987231781123880658, -7.201286465965320183 ) ) ;
#1271 = ORIENTED_EDGE ( 'NONE', *, *, #168, .T. ) ;
#1272 = CARTESIAN_POINT ( 'NONE',  ( 15.60429636806286702, 4.742976114210424754, 7.226544448970824597 ) ) ;
#1273 = CARTESIAN_POINT ( 'NONE',  ( 0.1055794130845556233, 0.08044962795366415731, -5.649268862514396083 ) ) ;
#1274 = ORIENTED_EDGE ( 'NONE', *, *, #76, .F. ) ;
#1275 = DIRECTION ( 'NONE',  ( 0.000000000000000000, 0.000000000000000000, 1.000000000000000000 ) ) ;
#1276 = DIRECTION ( 'NONE',  ( -0.9924993134200748024, 0.000000000000000000, -0.1222502059739791896 ) ) ;
#1277 = CARTESIAN_POINT ( 'NONE',  ( 1.933008886877903842, 3.500000000000000000, 7.500000000000000000 ) ) ;
#1278 = CARTESIAN_POINT ( 'NONE',  ( 3.111336715615807158, 2.707290755837664875, 7.877198467799684245 ) ) ;
#1279 = CARTESIAN_POINT ( 'NONE',  ( 1.224913362476206302, 3.107150819745302162, -7.575622890573852963 ) ) ;
#1280 = CIRCLE ( 'NONE', #463, 0.2500000000000002220 ) ;
#1281 = CARTESIAN_POINT ( 'NONE',  ( 15.48055015844143867, 4.999999999999999112, -7.323255745503597147 ) ) ;
#1282 = EDGE_CURVE ( 'NONE', #2369, #2176, #837, .T. ) ;
#1283 = AXIS2_PLACEMENT_3D ( 'NONE', #1421, #788, #194 ) ;
#1284 = ORIENTED_EDGE ( 'NONE', *, *, #880, .F. ) ;
#1285 = DIRECTION ( 'NONE',  ( 0.000000000000000000, 1.000000000000000000, 0.000000000000000000 ) ) ;
#1286 = CIRCLE ( 'NONE', #1491, 0.2499999999999999167 ) ;
#1287 = CARTESIAN_POINT ( 'NONE',  ( 1.327380111522395767, 3.094830788276979217, 7.585325170400058603 ) ) ;
#1288 = EDGE_CURVE ( 'NONE', #2163, #1225, #498, .T. ) ;
#1289 = ORIENTED_EDGE ( 'NONE', *, *, #1024, .T. ) ;
#1290 = DIRECTION ( 'NONE',  ( -0.000000000000000000, -1.000000000000000000, -0.000000000000000000 ) ) ;
#1291 = DIRECTION ( 'NONE',  ( -0.000000000000000000, -1.000000000000000000, -0.000000000000000000 ) ) ;
#1292 = CIRCLE ( 'NONE', #1533, 2.250000000000002665 ) ;
#1293 = ORIENTED_EDGE ( 'NONE', *, *, #876, .F. ) ;
#1294 = CARTESIAN_POINT ( 'NONE',  ( 4.800675286938815844, 2.650114431089905409, 7.970991229473905371 ) ) ;
#1295 = DIRECTION ( 'NONE',  ( 0.000000000000000000, 1.000000000000000000, 0.000000000000000000 ) ) ;
#1296 = DIRECTION ( 'NONE',  ( 0.000000000000000000, 0.000000000000000000, 1.000000000000000000 ) ) ;
#1297 = CARTESIAN_POINT ( 'NONE',  ( 1.181657923657637221, 3.259577911775228376, 7.526724043049608959 ) ) ;
#1298 = ORIENTED_EDGE ( 'NONE', *, *, #2156, .F. ) ;
#1299 = CARTESIAN_POINT ( 'NONE',  ( 0.000000000000000000, 2.500000000000000000, -7.500000000000000000 ) ) ;
#1300 = VERTEX_POINT ( 'NONE', #2148 ) ;
#1301 = CARTESIAN_POINT ( 'NONE',  ( 15.60160807388608006, 4.750000000000004441, 7.239781045137116067 ) ) ;
#1302 = DIRECTION ( 'NONE',  ( 0.000000000000000000, 0.000000000000000000, 1.000000000000000000 ) ) ;
#1303 = CARTESIAN_POINT ( 'NONE',  ( 0.000000000000000000, 3.500000000000000000, 7.500000000000000000 ) ) ;
#1304 = EDGE_CURVE ( 'NONE', #129, #1463, #223, .T. ) ;
#1305 = ORIENTED_EDGE ( 'NONE', *, *, #1833, .T. ) ;
#1306 = CARTESIAN_POINT ( 'NONE',  ( 1.658411514750407934, 2.948493170370594108, 7.663994514697447080 ) ) ;
#1307 = CARTESIAN_POINT ( 'NONE',  ( 1.517622536539780631, 2.945451660977118635, -7.646768485685877081 ) ) ;
#1308 = CARTESIAN_POINT ( 'NONE',  ( 2.288765243255910686, 2.878638519291282005, -7.715387011683929153 ) ) ;
#1309 = CARTESIAN_POINT ( 'NONE',  ( 4.044071306032157587, 2.500000000003337775, 7.998124828351015125 ) ) ;
#1310 = VERTEX_POINT ( 'NONE', #2335 ) ;
#1311 = CARTESIAN_POINT ( 'NONE',  ( 25.00000000000000000, 6.000000000000000000, -6.649999999999998579 ) ) ;
#1312 = ORIENTED_EDGE ( 'NONE', *, *, #1090, .F. ) ;
#1313 = CARTESIAN_POINT ( 'NONE',  ( 15.70106525622952809, 4.725077505978712011, 7.130877282489036517 ) ) ;
#1314 = AXIS2_PLACEMENT_3D ( 'NONE', #624, #1401, #1373 ) ;
#1315 = DIRECTION ( 'NONE',  ( 0.000000000000000000, 1.000000000000000000, 0.000000000000000000 ) ) ;
#1316 = CARTESIAN_POINT ( 'NONE',  ( 0.000000000000000000, 4.750000000000000000, 4.849999999999999645 ) ) ;
#1317 = AXIS2_PLACEMENT_3D ( 'NONE', #806, #797, #1386 ) ;
#1318 = VERTEX_POINT ( 'NONE', #10 ) ;
#1319 = CARTESIAN_POINT ( 'NONE',  ( 1.190657754249298872, 3.191810383318997690, 7.548400158007833483 ) ) ;
#1320 = CARTESIAN_POINT ( 'NONE',  ( 1.247541891014346538, 3.338749373342139393, -7.507816702236652873 ) ) ;
#1321 = CARTESIAN_POINT ( 'NONE',  ( 1.542119274141000362, 2.934301303013252760, -7.652022871707092833 ) ) ;
#1322 = ORIENTED_EDGE ( 'NONE', *, *, #1011, .T. ) ;
#1323 = CARTESIAN_POINT ( 'NONE',  ( 3.215849320384230658, 2.768981871336519074, 7.814654472606142654 ) ) ;
#1324 = CARTESIAN_POINT ( 'NONE',  ( 25.00000000000000000, 0.2500000000000002220, 0.000000000000000000 ) ) ;
#1325 = EDGE_LOOP ( 'NONE', ( #2348, #2087, #1780, #2065 ) ) ;
#1326 = CIRCLE ( 'NONE', #2152, 0.2500000000000002220 ) ;
#1327 =( NAMED_UNIT ( * ) SI_UNIT ( $, .STERADIAN. ) SOLID_ANGLE_UNIT ( ) );
#1328 = EDGE_CURVE ( 'NONE', #394, #1931, #1216, .T. ) ;
#1329 = DIRECTION ( 'NONE',  ( -1.000000000000000000, 0.000000000000000000, -0.000000000000000000 ) ) ;
#1330 = TOROIDAL_SURFACE ( 'NONE', #2243, 0.7500000000000000000, 0.2500000000000000000 ) ;
#1331 = ORIENTED_EDGE ( 'NONE', *, *, #950, .F. ) ;
#1332 = CARTESIAN_POINT ( 'NONE',  ( 1.232803118959399535, 3.130405134246299070, 7.570549073767473658 ) ) ;
#1333 = DIRECTION ( 'NONE',  ( 0.000000000000000000, 0.000000000000000000, 1.000000000000000000 ) ) ;
#1334 = CARTESIAN_POINT ( 'NONE',  ( 1.557056522561382383, 2.975931181488980837, -7.646355433184479189 ) ) ;
#1335 = EDGE_LOOP ( 'NONE', ( #640, #1905, #773, #299, #2136, #1223 ) ) ;
#1336 = FACE_OUTER_BOUND ( 'NONE', #515, .T. ) ;
#1337 = EDGE_CURVE ( 'NONE', #2360, #16, #403, .T. ) ;
#1338 = DIRECTION ( 'NONE',  ( 0.000000000000000000, 1.000000000000000000, 0.000000000000000000 ) ) ;
#1339 = ORIENTED_EDGE ( 'NONE', *, *, #1078, .T. ) ;
#1340 = CARTESIAN_POINT ( 'NONE',  ( 6.106653007914654374, 2.330390403073477223, 8.246764066265365400 ) ) ;
#1341 = ADVANCED_FACE ( 'NONE', ( #436 ), #2399, .T. ) ;
#1342 = FACE_OUTER_BOUND ( 'NONE', #184, .T. ) ;
#1343 = ORIENTED_EDGE ( 'NONE', *, *, #154, .T. ) ;
#1344 = CARTESIAN_POINT ( 'NONE',  ( 1.555976894999778759, 3.501888321189805531, 7.480847287623380915 ) ) ;
#1345 = ADVANCED_FACE ( 'NONE', ( #980 ), #1560, .F. ) ;
#1346 = CARTESIAN_POINT ( 'NONE',  ( 7.855044739657479624E-14, 2.500000000000000000, 7.500000000000000000 ) ) ;
#1347 = AXIS2_PLACEMENT_3D ( 'NONE', #503, #2086, #1333 ) ;
#1348 = VERTEX_POINT ( 'NONE', #2100 ) ;
#1349 = DIRECTION ( 'NONE',  ( 0.000000000000000000, 0.000000000000000000, 1.000000000000000000 ) ) ;
#1350 = CARTESIAN_POINT ( 'NONE',  ( 25.00000000000000000, 0.000000000000000000, 0.000000000000000000 ) ) ;
#1351 = DIRECTION ( 'NONE',  ( 0.000000000000000000, 0.000000000000000000, 1.000000000000000000 ) ) ;
#1352 = ORIENTED_EDGE ( 'NONE', *, *, #2222, .F. ) ;
#1353 = CARTESIAN_POINT ( 'NONE',  ( 25.00000000000000000, 5.750000000000000000, -6.899999999999998579 ) ) ;
#1354 = AXIS2_PLACEMENT_3D ( 'NONE', #2293, #1378, #570 ) ;
#1355 = ADVANCED_FACE ( 'NONE', ( #1368 ), #1598, .F. ) ;
#1356 = DIRECTION ( 'NONE',  ( -1.000000000000000000, 0.000000000000000000, 0.000000000000000000 ) ) ;
#1357 = ADVANCED_FACE ( 'NONE', ( #1603, #37 ), #428, .T. ) ;
#1358 = CARTESIAN_POINT ( 'NONE',  ( 2.966550957873206329, 2.620651649305818065, 7.864372115216227144 ) ) ;
#1359 = ORIENTED_EDGE ( 'NONE', *, *, #1628, .T. ) ;
#1360 = CARTESIAN_POINT ( 'NONE',  ( 1.877191934821991204, 2.947020517419433272, 7.666434594393899182 ) ) ;
#1361 = CIRCLE ( 'NONE', #2066, 0.2500000000000002220 ) ;
#1362 = CARTESIAN_POINT ( 'NONE',  ( 15.84775002221775253, 4.466744836021812937, -6.293995328161043901 ) ) ;
#1363 = CARTESIAN_POINT ( 'NONE',  ( 1.572221653237948269, 3.012696942284251556, -7.626107202113852068 ) ) ;
#1364 = AXIS2_PLACEMENT_3D ( 'NONE', #1404, #1746, #1913 ) ;
#1365 = EDGE_CURVE ( 'NONE', #743, #1463, #1449, .T. ) ;
#1366 = CIRCLE ( 'NONE', #1241, 2.000000000000000000 ) ;
#1367 = EDGE_LOOP ( 'NONE', ( #681, #630, #135 ) ) ;
#1368 = FACE_OUTER_BOUND ( 'NONE', #2200, .T. ) ;
#1369 = FACE_OUTER_BOUND ( 'NONE', #799, .T. ) ;
#1370 = EDGE_CURVE ( 'NONE', #2170, #349, #712, .T. ) ;
#1371 = DIRECTION ( 'NONE',  ( 0.000000000000000000, 0.000000000000000000, 1.000000000000000000 ) ) ;
#1372 = ORIENTED_EDGE ( 'NONE', *, *, #1090, .T. ) ;
#1373 = DIRECTION ( 'NONE',  ( 0.000000000000000000, 0.000000000000000000, 1.000000000000000000 ) ) ;
#1374 = CARTESIAN_POINT ( 'NONE',  ( 25.00000000000000000, 2.500000000000000000, 0.000000000000000000 ) ) ;
#1375 = ORIENTED_EDGE ( 'NONE', *, *, #2082, .T. ) ;
#1376 = CARTESIAN_POINT ( 'NONE',  ( 15.82827419125456103, 4.239001170231177618, 6.112027250721664196 ) ) ;
#1377 = VECTOR ( 'NONE', #1035, 1000.000000000000000 ) ;
#1378 = DIRECTION ( 'NONE',  ( -0.000000000000000000, 1.000000000000000000, -0.000000000000000000 ) ) ;
#1379 = CARTESIAN_POINT ( 'NONE',  ( 1.286872022144324390, 3.309696837987835316, -7.518160329825035681 ) ) ;
#1380 = AXIS2_PLACEMENT_3D ( 'NONE', #1928, #2124, #435 ) ;
#1381 = ORIENTED_EDGE ( 'NONE', *, *, #723, .T. ) ;
#1382 = FACE_BOUND ( 'NONE', #159, .T. ) ;
#1383 = ORIENTED_EDGE ( 'NONE', *, *, #287, .F. ) ;
#1384 = CARTESIAN_POINT ( 'NONE',  ( 25.00000000000000000, 2.500000000000000000, -10.23606797749978803 ) ) ;
#1385 = CARTESIAN_POINT ( 'NONE',  ( 1.341377862171151625, 3.338063160948479435, -7.513018657813492318 ) ) ;
#1386 = DIRECTION ( 'NONE',  ( 0.5676706593574432080, 0.000000000000000000, -0.8232557455035984795 ) ) ;
#1387 = DIRECTION ( 'NONE',  ( 0.000000000000000000, 1.000000000000000000, 0.000000000000000000 ) ) ;
#1388 = ORIENTED_EDGE ( 'NONE', *, *, #1140, .F. ) ;
#1389 = ADVANCED_FACE ( 'NONE', ( #318 ), #2392, .T. ) ;
#1390 = VERTEX_POINT ( 'NONE', #84 ) ;
#1391 = VERTEX_POINT ( 'NONE', #518 ) ;
#1392 = DIRECTION ( 'NONE',  ( -1.000000000000000000, 0.000000000000000000, 0.000000000000000000 ) ) ;
#1393 = LINE ( 'NONE', #1168, #1984 ) ;
#1394 = CARTESIAN_POINT ( 'NONE',  ( 25.00000000000000000, 2.222222222222222765, 0.000000000000000000 ) ) ;
#1395 = CARTESIAN_POINT ( 'NONE',  ( 15.72118414304155287, 4.848885836594932108, 6.714097007341258028 ) ) ;
#1396 = CARTESIAN_POINT ( 'NONE',  ( 1.729190709048791463, 3.457872227201744142, -7.500544912031690714 ) ) ;
#1397 = FACE_OUTER_BOUND ( 'NONE', #944, .T. ) ;
#1398 = EDGE_CURVE ( 'NONE', #984, #2291, #1326, .T. ) ;
#1399 = CIRCLE ( 'NONE', #1034, 0.2500000000000002220 ) ;
#1400 = VERTEX_POINT ( 'NONE', #2185 ) ;
#1401 = DIRECTION ( 'NONE',  ( 0.000000000000000000, 1.000000000000000000, 0.000000000000000000 ) ) ;
#1402 = CIRCLE ( 'NONE', #1483, 0.2500000000000002220 ) ;
#1403 = FACE_OUTER_BOUND ( 'NONE', #507, .T. ) ;
#1404 = CARTESIAN_POINT ( 'NONE',  ( 14.91287949908399391, 3.500000000000000000, 8.500000000000000000 ) ) ;
#1405 = AXIS2_PLACEMENT_3D ( 'NONE', #277, #66, #2192 ) ;
#1406 = EDGE_CURVE ( 'NONE', #847, #1685, #2237, .T. ) ;
#1407 = DIRECTION ( 'NONE',  ( 0.000000000000000000, 1.000000000000000000, 0.000000000000000000 ) ) ;
#1408 = ORIENTED_EDGE ( 'NONE', *, *, #2008, .T. ) ;
#1409 = CARTESIAN_POINT ( 'NONE',  ( 15.33863249360207526, 5.000000000000000000, 7.117441809127698527 ) ) ;
#1410 = ADVANCED_FACE ( 'NONE', ( #1269 ), #729, .T. ) ;
#1411 = CARTESIAN_POINT ( 'NONE',  ( 0.000000000000000000, 4.750000000000000000, 7.500000000000000000 ) ) ;
#1412 = CIRCLE ( 'NONE', #305, 0.2500000000000002220 ) ;
#1413 = EDGE_LOOP ( 'NONE', ( #477, #2165, #1741, #1724, #1322, #763 ) ) ;
#1414 = ADVANCED_FACE ( 'NONE', ( #186 ), #1574, .F. ) ;
#1415 = CARTESIAN_POINT ( 'NONE',  ( 4.044071306083405482, 2.499999999998043343, -7.998124828357352278 ) ) ;
#1416 = DIRECTION ( 'NONE',  ( 0.000000000000000000, -0.000000000000000000, 1.000000000000000000 ) ) ;
#1417 = CARTESIAN_POINT ( 'NONE',  ( 15.82827419125456103, 4.239001170231177618, -6.112027250721664196 ) ) ;
#1418 = CARTESIAN_POINT ( 'NONE',  ( 25.00000000000000000, 5.750000000000000000, -2.250000000000002665 ) ) ;
#1419 = ORIENTED_EDGE ( 'NONE', *, *, #1829, .F. ) ;
#1420 = DIRECTION ( 'NONE',  ( -1.000000000000000000, 0.000000000000000000, 0.000000000000000000 ) ) ;
#1421 = CARTESIAN_POINT ( 'NONE',  ( 0.000000000000000000, 2.250000000000000444, 0.000000000000000000 ) ) ;
#1422 = ORIENTED_EDGE ( 'NONE', *, *, #827, .F. ) ;
#1423 = CIRCLE ( 'NONE', #406, 1.750000000000000000 ) ;
#1424 = DIRECTION ( 'NONE',  ( 0.000000000000000000, 0.000000000000000000, 1.000000000000000000 ) ) ;
#1425 = AXIS2_PLACEMENT_3D ( 'NONE', #152, #1295, #1092 ) ;
#1426 = EDGE_LOOP ( 'NONE', ( #86, #429, #1331, #26 ) ) ;
#1427 = CARTESIAN_POINT ( 'NONE',  ( 15.84583492500642699, 4.199300881476684566, 6.126200106069728868 ) ) ;
#1428 = CARTESIAN_POINT ( 'NONE',  ( 0.4391962743377588740, 3.096683728641154598, 7.500000000000000888 ) ) ;
#1429 = ADVANCED_FACE ( 'NONE', ( #2372 ), #1443, .F. ) ;
#1430 = CARTESIAN_POINT ( 'NONE',  ( 23.74863858138701289, 2.500000000000000000, 10.15929043978975344 ) ) ;
#1431 = ADVANCED_FACE ( 'NONE', ( #1240, #1403 ), #275, .T. ) ;
#1432 = DIRECTION ( 'NONE',  ( 1.000000000000000000, -0.000000000000000000, 1.224646799147353207E-16 ) ) ;
#1433 = EDGE_CURVE ( 'NONE', #2090, #1902, #559, .T. ) ;
#1434 = ORIENTED_EDGE ( 'NONE', *, *, #480, .T. ) ;
#1435 = DIRECTION ( 'NONE',  ( 0.000000000000000000, 1.000000000000000000, 0.000000000000000000 ) ) ;
#1436 = CIRCLE ( 'NONE', #1937, 1.000000000000000000 ) ;
#1437 = CARTESIAN_POINT ( 'NONE',  ( 6.904576799307696966, 2.551350138585290583, 8.172785775746222114 ) ) ;
#1438 = CIRCLE ( 'NONE', #789, 6.649999999999998579 ) ;
#1439 = CARTESIAN_POINT ( 'NONE',  ( 3.541506347242953101, 2.740578360047075890, -7.847292507616716151 ) ) ;
#1440 = CARTESIAN_POINT ( 'NONE',  ( 15.73649372397713897, 4.831236278978907173, -6.687808225964237074 ) ) ;
#1441 = ORIENTED_EDGE ( 'NONE', *, *, #2109, .T. ) ;
#1442 = DIRECTION ( 'NONE',  ( 0.000000000000000000, 0.000000000000000000, 1.000000000000000000 ) ) ;
#1443 = PLANE ( 'NONE',  #1489 ) ;
#1444 = AXIS2_PLACEMENT_3D ( 'NONE', #405, #1934, #1000 ) ;
#1445 = CARTESIAN_POINT ( 'NONE',  ( 0.4391962743376793266, 3.096683728641155486, -7.500000000000000888 ) ) ;
#1446 = DIRECTION ( 'NONE',  ( 0.000000000000000000, 0.000000000000000000, -1.000000000000000000 ) ) ;
#1447 = DIRECTION ( 'NONE',  ( 0.000000000000000000, 0.000000000000000000, 1.000000000000000000 ) ) ;
#1448 = CARTESIAN_POINT ( 'NONE',  ( 9.434272071338769550, 2.500000000000000444, 8.416905025058998291 ) ) ;
#1449 = CIRCLE ( 'NONE', #1992, 2.500000000000000444 ) ;
#1450 = CARTESIAN_POINT ( 'NONE',  ( 2.466064613487438439, 2.710121813068752772, -7.795077628140775872 ) ) ;
#1451 = DIRECTION ( 'NONE',  ( -0.1222502059739782043, 0.000000000000000000, -0.9924993134200748024 ) ) ;
#1452 = ORIENTED_EDGE ( 'NONE', *, *, #1140, .T. ) ;
#1453 = CARTESIAN_POINT ( 'NONE',  ( 15.91823532621160275, 4.495144576154314286, 6.419854870460639518 ) ) ;
#1454 = TOROIDAL_SURFACE ( 'NONE', #185, 2.000000000000000000, 1.000000000000000000 ) ;
#1455 = DIRECTION ( 'NONE',  ( -0.5676706593574432080, 0.000000000000000000, -0.8232557455035984795 ) ) ;
#1456 = CARTESIAN_POINT ( 'NONE',  ( 25.00000000000000000, 5.750000000000000000, 0.000000000000000000 ) ) ;
#1457 = DIRECTION ( 'NONE',  ( -0.9924993134200749134, 0.000000000000000000, -0.1222502059739776770 ) ) ;
#1458 = DIRECTION ( 'NONE',  ( 0.000000000000000000, 1.000000000000000000, 0.000000000000000000 ) ) ;
#1459 = ORIENTED_EDGE ( 'NONE', *, *, #2174, .F. ) ;
#1460 = CARTESIAN_POINT ( 'NONE',  ( 8.560538772374576055, 2.236326300282450052, 8.540554917120292799 ) ) ;
#1461 = CARTESIAN_POINT ( 'NONE',  ( 2.273834479933801944, 2.820990475727573443, -7.760625894817319015 ) ) ;
#1462 = FACE_OUTER_BOUND ( 'NONE', #904, .T. ) ;
#1463 = VERTEX_POINT ( 'NONE', #1228 ) ;
#1464 = CARTESIAN_POINT ( 'NONE',  ( 15.61757176736376707, 4.928329117680793736, 6.857261344530358294 ) ) ;
#1465 = CARTESIAN_POINT ( 'NONE',  ( 1.523461048957125863, 3.027935968908580744, 7.618307506035235654 ) ) ;
#1466 = DIRECTION ( 'NONE',  ( 0.000000000000000000, 0.000000000000000000, 1.000000000000000000 ) ) ;
#1467 = TOROIDAL_SURFACE ( 'NONE', #1735, 7.249999999999999112, 0.2500000000000000000 ) ;
#1468 = CYLINDRICAL_SURFACE ( 'NONE', #1039, 2.500000000000000888 ) ;
#1469 = CARTESIAN_POINT ( 'NONE',  ( 25.00000000000000000, 2.499999999999999556, -7.375000000000000000 ) ) ;
#1470 = EDGE_CURVE ( 'NONE', #2117, #599, #2154, .T. ) ;
#1471 = DIRECTION ( 'NONE',  ( 0.000000000000000000, 0.000000000000000000, 1.000000000000000000 ) ) ;
#1472 = CARTESIAN_POINT ( 'NONE',  ( 1.172804391468700080, 3.193411264173910968, -7.545880465344653842 ) ) ;
#1473 = CIRCLE ( 'NONE', #1743, 7.999999999999996447 ) ;
#1474 = DIRECTION ( 'NONE',  ( 0.000000000000000000, 1.000000000000000000, 0.000000000000000000 ) ) ;
#1475 = AXIS2_PLACEMENT_3D ( 'NONE', #2151, #2132, #1949 ) ;
#1476 = ORIENTED_EDGE ( 'NONE', *, *, #2194, .T. ) ;
#1477 = CARTESIAN_POINT ( 'NONE',  ( 15.33863249360207526, 5.000000000000000000, 7.117441809127699415 ) ) ;
#1478 = CARTESIAN_POINT ( 'NONE',  ( 3.630131554002863581, 2.733125875212583988, 7.856159230900222390 ) ) ;
#1479 = EDGE_LOOP ( 'NONE', ( #584, #785, #1692, #918 ) ) ;
#1480 = CARTESIAN_POINT ( 'NONE',  ( 25.00000000000000000, 6.000000000000000000, -2.250000000000002665 ) ) ;
#1481 = DIRECTION ( 'NONE',  ( 0.9924993134200750244, 0.000000000000000000, -0.1222502059739775521 ) ) ;
#1482 = DIRECTION ( 'NONE',  ( 0.000000000000000000, 0.000000000000000000, 1.000000000000000000 ) ) ;
#1483 = AXIS2_PLACEMENT_3D ( 'NONE', #1094, #2199, #282 ) ;
#1484 = CARTESIAN_POINT ( 'NONE',  ( 10.27753962384112718, 2.500000000000000444, 8.500000000000000000 ) ) ;
#1485 = ADVANCED_FACE ( 'NONE', ( #2001 ), #882, .T. ) ;
#1486 = CARTESIAN_POINT ( 'NONE',  ( 1.185394547343803673, 3.160469206294437061, -7.556675553967715508 ) ) ;
#1487 = CARTESIAN_POINT ( 'NONE',  ( 6.062165174940099988, 2.582071679890870719, -8.092531427860212290 ) ) ;
#1488 = CARTESIAN_POINT ( 'NONE',  ( 5.204748896376250699E-16, 2.500000000000000444, -4.250000000000000000 ) ) ;
#1489 = AXIS2_PLACEMENT_3D ( 'NONE', #1071, #1974, #454 ) ;
#1490 = VERTEX_POINT ( 'NONE', #1962 ) ;
#1491 = AXIS2_PLACEMENT_3D ( 'NONE', #285, #2381, #1455 ) ;
#1492 = CARTESIAN_POINT ( 'NONE',  ( 15.86184604818126687, 4.178902243247591741, -6.163267020584952682 ) ) ;
#1493 = ORIENTED_EDGE ( 'NONE', *, *, #343, .F. ) ;
#1494 = CLOSED_SHELL ( 'NONE', ( #1645, #1096, #1941, #2139, #2121, #1765, #112, #678, #190, #69, #425, #779, #91, #202, #985, #1209, #1671, #1485, #822, #794, #610, #1345, #1414, #1803, #354, #1580, #1355, #1357, #1783, #2309, #1429, #2247, #2055, #244, #829, #1870, #637, #2052, #1057, #1901, #1861, #1526, #2353, #1431, #695, #1389, #1691, #1020, #1809, #1221, #467, #2466, #1615, #907, #230, #2340, #1192, #2241, #993, #2384, #72, #2016, #257, #983, #1197, #1410, #1649, #914, #1218, #183, #1041, #2133, #1341, #1967 ) ) ;
#1495 = CARTESIAN_POINT ( 'NONE',  ( 3.214853263373406822, 2.769074133028446294, -7.814553480877672875 ) ) ;
#1496 = AXIS2_PLACEMENT_3D ( 'NONE', #666, #474, #1804 ) ;
#1497 = DIRECTION ( 'NONE',  ( -0.000000000000000000, -1.000000000000000000, -0.000000000000000000 ) ) ;
#1498 = ORIENTED_EDGE ( 'NONE', *, *, #1776, .F. ) ;
#1499 = CARTESIAN_POINT ( 'NONE',  ( 1.469366469533903485, 3.430657247014563538, 7.500726058375948746 ) ) ;
#1500 = DIRECTION ( 'NONE',  ( 0.000000000000000000, 0.000000000000000000, 1.000000000000000000 ) ) ;
#1501 = DIRECTION ( 'NONE',  ( 0.000000000000000000, 1.000000000000000000, 0.000000000000000000 ) ) ;
#1502 = ORIENTED_EDGE ( 'NONE', *, *, #2153, .T. ) ;
#1503 = CARTESIAN_POINT ( 'NONE',  ( 0.09730806131023601868, 0.1283741307006309451, -5.806552403942156992 ) ) ;
#1504 = ORIENTED_EDGE ( 'NONE', *, *, #2032, .F. ) ;
#1505 = TOROIDAL_SURFACE ( 'NONE', #1658, 10.23606797749978803, 0.2500000000000000000 ) ;
#1506 = EDGE_CURVE ( 'NONE', #847, #330, #1286, .T. ) ;
#1507 = CARTESIAN_POINT ( 'NONE',  ( 1.772414446007404276, 2.962570439457101301, -7.654549074525044183 ) ) ;
#1508 = EDGE_CURVE ( 'NONE', #1902, #129, #391, .T. ) ;
#1509 = VERTEX_POINT ( 'NONE', #816 ) ;
#1510 = CARTESIAN_POINT ( 'NONE',  ( 1.964040247922841154, 2.878693377748052118, 7.713697186728165178 ) ) ;
#1511 =( BOUNDED_CURVE ( )  B_SPLINE_CURVE ( 3, ( #1812, #1445, #896, #524 ),
 .UNSPECIFIED., .F., .T. ) 
 B_SPLINE_CURVE_WITH_KNOTS ( ( 4, 4 ),
 ( 2.782624464354431559, 3.141592653589793116 ),
 .UNSPECIFIED. ) 
 CURVE ( )  GEOMETRIC_REPRESENTATION_ITEM ( )  RATIONAL_B_SPLINE_CURVE ( ( 1.000000000000000000, 0.9892906161169587875, 0.9892906161169587875, 1.000000000000000000 ) ) 
 REPRESENTATION_ITEM ( '' )  );
#1512 = FACE_OUTER_BOUND ( 'NONE', #2094, .T. ) ;
#1513 = ORIENTED_EDGE ( 'NONE', *, *, #1813, .T. ) ;
#1514 = EDGE_CURVE ( 'NONE', #2084, #380, #2362, .T. ) ;
#1515 = CARTESIAN_POINT ( 'NONE',  ( 25.00000000000000000, 2.500000000000000000, 0.000000000000000000 ) ) ;
#1516 = CYLINDRICAL_SURFACE ( 'NONE', #2289, 2.499999999999999556 ) ;
#1517 = ORIENTED_EDGE ( 'NONE', *, *, #1024, .F. ) ;
#1518 = DIRECTION ( 'NONE',  ( 0.000000000000000000, 0.000000000000000000, 1.000000000000000000 ) ) ;
#1519 = AXIS2_PLACEMENT_3D ( 'NONE', #2177, #1055, #87 ) ;
#1520 = CARTESIAN_POINT ( 'NONE',  ( 0.000000000000000000, 2.500000000000000000, 0.000000000000000000 ) ) ;
#1521 = ORIENTED_EDGE ( 'NONE', *, *, #1398, .T. ) ;
#1522 = CARTESIAN_POINT ( 'NONE',  ( 1.229067850389815808, 3.158936595820761362, 7.559763778894040165 ) ) ;
#1523 = CARTESIAN_POINT ( 'NONE',  ( 0.000000000000000000, 4.750000000000000000, 0.000000000000000000 ) ) ;
#1524 = AXIS2_PLACEMENT_3D ( 'NONE', #1779, #1622, #1576 ) ;
#1525 = ORIENTED_EDGE ( 'NONE', *, *, #942, .T. ) ;
#1526 = ADVANCED_FACE ( 'NONE', ( #826 ), #239, .T. ) ;
#1527 = LINE ( 'NONE', #2482, #1188 ) ;
#1528 = ORIENTED_EDGE ( 'NONE', *, *, #250, .T. ) ;
#1529 = CARTESIAN_POINT ( 'NONE',  ( 1.483478722297512098, 3.394060244259439418, -7.504912261748372337 ) ) ;
#1530 = EDGE_CURVE ( 'NONE', #1659, #422, #996, .T. ) ;
#1531 = DIRECTION ( 'NONE',  ( 4.618527782440651208E-14, 0.000000000000000000, 1.000000000000000000 ) ) ;
#1532 = AXIS2_PLACEMENT_3D ( 'NONE', #648, #2202, #1620 ) ;
#1533 = AXIS2_PLACEMENT_3D ( 'NONE', #1995, #316, #653 ) ;
#1534 = EDGE_LOOP ( 'NONE', ( #1419, #692, #415, #1555 ) ) ;
#1535 = CARTESIAN_POINT ( 'NONE',  ( 1.279750671066415268, 3.337542052740657184, 7.512441231249929352 ) ) ;
#1536 = LINE ( 'NONE', #1597, #696 ) ;
#1537 = CARTESIAN_POINT ( 'NONE',  ( 1.846916388349475913, 2.843084050199608193, -7.703837992994287731 ) ) ;
#1538 = EDGE_CURVE ( 'NONE', #1133, #1581, #50, .T. ) ;
#1539 = ORIENTED_EDGE ( 'NONE', *, *, #484, .F. ) ;
#1540 = DIRECTION ( 'NONE',  ( 0.000000000000000000, 1.000000000000000000, 0.000000000000000000 ) ) ;
#1541 = DIRECTION ( 'NONE',  ( -1.000000000000000000, 0.000000000000000000, 0.000000000000000000 ) ) ;
#1542 = DIRECTION ( 'NONE',  ( -1.000000000000000000, 0.000000000000000000, 0.000000000000000000 ) ) ;
#1543 = EDGE_LOOP ( 'NONE', ( #2063, #2041 ) ) ;
#1544 = LINE ( 'NONE', #2272, #1068 ) ;
#1545 = EDGE_CURVE ( 'NONE', #312, #394, #835, .T. ) ;
#1546 = CARTESIAN_POINT ( 'NONE',  ( 1.874959390926392855, 3.549061971627720968, -7.499305066273232789 ) ) ;
#1547 = CARTESIAN_POINT ( 'NONE',  ( 0.000000000000000000, 2.250000000000000444, 0.000000000000000000 ) ) ;
#1548 = ORIENTED_EDGE ( 'NONE', *, *, #1252, .T. ) ;
#1549 = CARTESIAN_POINT ( 'NONE',  ( 1.977264387371400423, 3.572598239037947820, 7.500759836132060876 ) ) ;
#1550 = LINE ( 'NONE', #1346, #1891 ) ;
#1551 = EDGE_CURVE ( 'NONE', #1054, #195, #893, .T. ) ;
#1552 = ORIENTED_EDGE ( 'NONE', *, *, #1893, .T. ) ;
#1553 = DIRECTION ( 'NONE',  ( 0.000000000000000000, 0.000000000000000000, 1.000000000000000000 ) ) ;
#1554 = CARTESIAN_POINT ( 'NONE',  ( 25.00000000000000000, 6.000000000000000000, 0.000000000000000000 ) ) ;
#1555 = ORIENTED_EDGE ( 'NONE', *, *, #1078, .F. ) ;
#1556 = SURFACE_STYLE_FILL_AREA ( #953 ) ;
#1557 = DIRECTION ( 'NONE',  ( 0.000000000000000000, 1.000000000000000000, 0.000000000000000000 ) ) ;
#1558 = CARTESIAN_POINT ( 'NONE',  ( 0.1220347130057774232, 0.01612329263505403801, 5.326329763042285670 ) ) ;
#1559 = CYLINDRICAL_SURFACE ( 'NONE', #687, 0.2500000000000002220 ) ;
#1560 = CYLINDRICAL_SURFACE ( 'NONE', #1567, 4.849999999999999645 ) ;
#1561 = AXIS2_PLACEMENT_3D ( 'NONE', #629, #1407, #2157 ) ;
#1562 = VERTEX_POINT ( 'NONE', #1311 ) ;
#1563 = CARTESIAN_POINT ( 'NONE',  ( 25.00000000000000000, 5.750000000000000000, 6.649999999999998579 ) ) ;
#1564 = ORIENTED_EDGE ( 'NONE', *, *, #187, .T. ) ;
#1565 = CARTESIAN_POINT ( 'NONE',  ( 9.211718874346800590, 2.222222222222222321, -8.619048134084660973 ) ) ;
#1566 = CARTESIAN_POINT ( 'NONE',  ( 1.219081022349365329, 3.256548918823507055, -7.529872578218594903 ) ) ;
#1567 = AXIS2_PLACEMENT_3D ( 'NONE', #609, #2387, #1349 ) ;
#1568 = DIRECTION ( 'NONE',  ( 0.000000000000000000, 0.000000000000000000, 1.000000000000000000 ) ) ;
#1569 = VERTEX_POINT ( 'NONE', #694 ) ;
#1570 = CARTESIAN_POINT ( 'NONE',  ( 15.84775002221775253, 4.466744836021812937, 6.293995328161043901 ) ) ;
#1571 = CARTESIAN_POINT ( 'NONE',  ( 0.000000000000000000, 4.750000000000000000, 7.249999999999999112 ) ) ;
#1572 = ORIENTED_EDGE ( 'NONE', *, *, #2088, .F. ) ;
#1573 = DIRECTION ( 'NONE',  ( 0.000000000000000000, 1.000000000000000000, 0.000000000000000000 ) ) ;
#1574 = CYLINDRICAL_SURFACE ( 'NONE', #390, 2.000000000000003109 ) ;
#1575 = DIRECTION ( 'NONE',  ( 0.9924993134200750244, 0.000000000000000000, -0.1222502059739775521 ) ) ;
#1576 = DIRECTION ( 'NONE',  ( 0.000000000000000000, 0.000000000000000000, 1.000000000000000000 ) ) ;
#1577 = ORIENTED_EDGE ( 'NONE', *, *, #1545, .F. ) ;
#1578 = CARTESIAN_POINT ( 'NONE',  ( 1.830916336934226507, 3.479875257845557623, -7.500000000000004441 ) ) ;
#1579 = EDGE_CURVE ( 'NONE', #1944, #373, #1079, .T. ) ;
#1580 = ADVANCED_FACE ( 'NONE', ( #521 ), #881, .F. ) ;
#1581 = VERTEX_POINT ( 'NONE', #726 ) ;
#1582 = CARTESIAN_POINT ( 'NONE',  ( 16.59406624923666485, 2.500000000000000000, -5.416666666666666963 ) ) ;
#1583 = DIRECTION ( 'NONE',  ( 0.9924993134200748024, 0.000000000000000000, -0.1222502059739775243 ) ) ;
#1584 = DIRECTION ( 'NONE',  ( -0.000000000000000000, -1.000000000000000000, -0.000000000000000000 ) ) ;
#1585 = CARTESIAN_POINT ( 'NONE',  ( 0.000000000000000000, 1.500000000000000000, 0.000000000000000000 ) ) ;
#1586 = CIRCLE ( 'NONE', #2463, 0.2500000000000002220 ) ;
#1587 = EDGE_LOOP ( 'NONE', ( #845, #2231, #2051, #1219 ) ) ;
#1588 = CARTESIAN_POINT ( 'NONE',  ( 15.77539887968314503, 4.766270228308414403, 6.603617200191314929 ) ) ;
#1589 = ORIENTED_EDGE ( 'NONE', *, *, #35, .T. ) ;
#1590 = CIRCLE ( 'NONE', #2388, 2.000000000000003109 ) ;
#1591 = VECTOR ( 'NONE', #605, 1000.000000000000000 ) ;
#1592 = ORIENTED_EDGE ( 'NONE', *, *, #452, .T. ) ;
#1593 = FACE_OUTER_BOUND ( 'NONE', #1335, .T. ) ;
#1594 = AXIS2_PLACEMENT_3D ( 'NONE', #73, #1080, #294 ) ;
#1595 = AXIS2_PLACEMENT_3D ( 'NONE', #1254, #1953, #1037 ) ;
#1596 = AXIS2_PLACEMENT_3D ( 'NONE', #1073, #1315, #928 ) ;
#1597 = CARTESIAN_POINT ( 'NONE',  ( 25.00000000000000000, 2.500000000000000000, -8.500000000000000000 ) ) ;
#1598 = TOROIDAL_SURFACE ( 'NONE', #1790, 7.149999999999999467, 0.2500000000000000000 ) ;
#1599 = CARTESIAN_POINT ( 'NONE',  ( 15.75347287416032849, 4.000000000000000000, 5.958333333333333925 ) ) ;
#1600 = ORIENTED_EDGE ( 'NONE', *, *, #838, .T. ) ;
#1601 = CARTESIAN_POINT ( 'NONE',  ( 0.07309372885927174768, 0.3304554538762397020, 6.252600410158558830 ) ) ;
#1602 = CARTESIAN_POINT ( 'NONE',  ( 0.000000000000000000, 0.000000000000000000, 4.999999999999999112 ) ) ;
#1603 = FACE_OUTER_BOUND ( 'NONE', #1716, .T. ) ;
#1604 = EDGE_CURVE ( 'NONE', #1390, #743, #2037, .T. ) ;
#1605 = AXIS2_PLACEMENT_3D ( 'NONE', #2390, #1651, #461 ) ;
#1606 = ORIENTED_EDGE ( 'NONE', *, *, #1288, .F. ) ;
#1607 = CARTESIAN_POINT ( 'NONE',  ( 8.175901838810974098, 2.243244699964233480, -8.494127215701178457 ) ) ;
#1608 = CARTESIAN_POINT ( 'NONE',  ( 0.000000000000000000, 4.750000000000000000, -7.249999999999999112 ) ) ;
#1609 = EDGE_CURVE ( 'NONE', #937, #2038, #1933, .T. ) ;
#1610 = CARTESIAN_POINT ( 'NONE',  ( 0.000000000000000000, 1.250000000000000000, 0.000000000000000000 ) ) ;
#1611 = DIRECTION ( 'NONE',  ( 1.000000000000000000, -0.000000000000000000, 1.224646799147353207E-16 ) ) ;
#1612 = EDGE_LOOP ( 'NONE', ( #426, #977, #2433, #443 ) ) ;
#1613 = DIRECTION ( 'NONE',  ( -0.000000000000000000, 1.000000000000000000, -0.000000000000000000 ) ) ;
#1614 = ORIENTED_EDGE ( 'NONE', *, *, #1086, .F. ) ;
#1615 = ADVANCED_FACE ( 'NONE', ( #2454 ), #1516, .T. ) ;
#1616 = CARTESIAN_POINT ( 'NONE',  ( 3.510946719388098991, 2.556358833850707502, -7.932216727365348774 ) ) ;
#1617 = CARTESIAN_POINT ( 'NONE',  ( 15.75054328612615251, 4.696246830084975343, -7.050896063277034109 ) ) ;
#1618 = EDGE_LOOP ( 'NONE', ( #1673, #618, #1069, #140 ) ) ;
#1619 = CARTESIAN_POINT ( 'NONE',  ( 15.85581382984780774, 4.623427225585428069, 6.862688872852000799 ) ) ;
#1620 = DIRECTION ( 'NONE',  ( 0.000000000000000000, 0.000000000000000000, 1.000000000000000000 ) ) ;
#1621 = FACE_OUTER_BOUND ( 'NONE', #1113, .T. ) ;
#1622 = DIRECTION ( 'NONE',  ( -0.000000000000000000, -1.000000000000000000, -0.000000000000000000 ) ) ;
#1623 = CARTESIAN_POINT ( 'NONE',  ( 0.000000000000000000, 2.500000000000000000, 0.000000000000000000 ) ) ;
#1624 = AXIS2_PLACEMENT_3D ( 'NONE', #2383, #1072, #1466 ) ;
#1625 = CARTESIAN_POINT ( 'NONE',  ( 10.24336965248848053, 2.500000000000000888, 8.777411991553645265 ) ) ;
#1626 = CIRCLE ( 'NONE', #994, 0.2500000000000002220 ) ;
#1627 = CARTESIAN_POINT ( 'NONE',  ( 3.111336715615435455, 2.707290755837572060, -7.877198467800056392 ) ) ;
#1628 = EDGE_CURVE ( 'NONE', #2488, #952, #886, .T. ) ;
#1629 = CARTESIAN_POINT ( 'NONE',  ( 15.57075668984806427, 4.954618225757170258, -6.913625992936234255 ) ) ;
#1630 = ORIENTED_EDGE ( 'NONE', *, *, #713, .T. ) ;
#1631 = CARTESIAN_POINT ( 'NONE',  ( 15.89311087464200689, 4.557812422976047273, 6.733591255118904328 ) ) ;
#1632 = CARTESIAN_POINT ( 'NONE',  ( 1.215392585912947521, 3.178563567878980756, 7.553010269701033508 ) ) ;
#1633 = AXIS2_PLACEMENT_3D ( 'NONE', #691, #1474, #307 ) ;
#1634 = CARTESIAN_POINT ( 'NONE',  ( 15.75347287416032849, 4.000000000000000000, 5.958333333333333925 ) ) ;
#1635 = DIRECTION ( 'NONE',  ( 0.000000000000000000, 0.000000000000000000, -1.000000000000000000 ) ) ;
#1636 = DIRECTION ( 'NONE',  ( 0.000000000000000000, 0.000000000000000000, 1.000000000000000000 ) ) ;
#1637 = AXIS2_PLACEMENT_3D ( 'NONE', #868, #2068, #674 ) ;
#1638 = EDGE_CURVE ( 'NONE', #2084, #2163, #1089, .T. ) ;
#1639 = DIRECTION ( 'NONE',  ( -1.000000000000000000, 0.000000000000000000, 0.000000000000000000 ) ) ;
#1640 = CARTESIAN_POINT ( 'NONE',  ( 15.61757176736376707, 4.928329117680793736, -6.857261344530358294 ) ) ;
#1641 = ORIENTED_EDGE ( 'NONE', *, *, #2109, .F. ) ;
#1642 = CARTESIAN_POINT ( 'NONE',  ( 0.1379379357465121969, 0.000000000000000000, 4.998096950428430496 ) ) ;
#1643 = CIRCLE ( 'NONE', #1997, 6.899999999999998579 ) ;
#1644 = DIRECTION ( 'NONE',  ( 0.000000000000000000, 1.000000000000000000, 0.000000000000000000 ) ) ;
#1645 = ADVANCED_FACE ( 'NONE', ( #1162 ), #228, .F. ) ;
#1646 = DIRECTION ( 'NONE',  ( 0.000000000000000000, 0.000000000000000000, 1.000000000000000000 ) ) ;
#1647 = DIRECTION ( 'NONE',  ( -0.000000000000000000, -1.000000000000000000, -0.000000000000000000 ) ) ;
#1648 = CARTESIAN_POINT ( 'NONE',  ( 15.75347287416032849, 4.000000000000000000, -5.958333333333333925 ) ) ;
#1649 = ADVANCED_FACE ( 'NONE', ( #1888 ), #1920, .T. ) ;
#1650 = ORIENTED_EDGE ( 'NONE', *, *, #867, .T. ) ;
#1651 = DIRECTION ( 'NONE',  ( 0.000000000000000000, 1.000000000000000000, 0.000000000000000000 ) ) ;
#1652 = CARTESIAN_POINT ( 'NONE',  ( 0.000000000000000000, 5.000000000000000000, -7.249999999999999112 ) ) ;
#1653 = DIRECTION ( 'NONE',  ( 1.224646799147353454E-16, 0.000000000000000000, -1.000000000000000000 ) ) ;
#1654 = CARTESIAN_POINT ( 'NONE',  ( 15.84759084222648795, 4.445266961767699421, -6.275657090196920862 ) ) ;
#1655 = EDGE_LOOP ( 'NONE', ( #998, #1701, #283, #959 ) ) ;
#1656 = CARTESIAN_POINT ( 'NONE',  ( 15.48055015844144400, 4.750000000000000000, 7.323255745503593594 ) ) ;
#1657 = CARTESIAN_POINT ( 'NONE',  ( 25.00000000000000000, 0.000000000000000000, 0.000000000000000000 ) ) ;
#1658 = AXIS2_PLACEMENT_3D ( 'NONE', #889, #517, #946 ) ;
#1659 = VERTEX_POINT ( 'NONE', #2284 ) ;
#1660 = DIRECTION ( 'NONE',  ( -0.000000000000000000, -1.000000000000000000, -0.000000000000000000 ) ) ;
#1661 = DIRECTION ( 'NONE',  ( 0.000000000000000000, 0.000000000000000000, 1.000000000000000000 ) ) ;
#1662 = CARTESIAN_POINT ( 'NONE',  ( 25.00000000000000000, 0.2500000000000002220, -2.250000000000002665 ) ) ;
#1663 = CARTESIAN_POINT ( 'NONE',  ( 3.510946719388031934, 2.556358833850707057, 7.932216727365330122 ) ) ;
#1664 = FACE_OUTER_BOUND ( 'NONE', #568, .T. ) ;
#1665 = CARTESIAN_POINT ( 'NONE',  ( 5.204748896376250699E-16, 2.250000000000000444, -4.250000000000000000 ) ) ;
#1666 = CIRCLE ( 'NONE', #1624, 2.250000000000002665 ) ;
#1667 = AXIS2_PLACEMENT_3D ( 'NONE', #1662, #103, #2182 ) ;
#1668 = CARTESIAN_POINT ( 'NONE',  ( 15.80491347524793433, 4.099024818945938620, -6.038162186012719701 ) ) ;
#1669 = ORIENTED_EDGE ( 'NONE', *, *, #2281, .F. ) ;
#1670 = CARTESIAN_POINT ( 'NONE',  ( 10.27753962384112718, 2.500000000000000000, 8.500000000000000000 ) ) ;
#1671 = ADVANCED_FACE ( 'NONE', ( #1707 ), #722, .T. ) ;
#1672 = CIRCLE ( 'NONE', #1748, 4.250000000000000000 ) ;
#1673 = ORIENTED_EDGE ( 'NONE', *, *, #2423, .F. ) ;
#1674 = CIRCLE ( 'NONE', #1032, 4.849999999999999645 ) ;
#1675 = DIRECTION ( 'NONE',  ( 0.000000000000000000, 1.000000000000000000, 0.000000000000000000 ) ) ;
#1676 = FACE_OUTER_BOUND ( 'NONE', #1618, .T. ) ;
#1677 = CARTESIAN_POINT ( 'NONE',  ( 23.74863858138701289, 2.250000000000000444, 10.15929043978975344 ) ) ;
#1678 = ORIENTED_EDGE ( 'NONE', *, *, #1508, .T. ) ;
#1679 = CARTESIAN_POINT ( 'NONE',  ( 1.347933458231232340, 3.020431704570590181, 7.611027519965100296 ) ) ;
#1680 = DIRECTION ( 'NONE',  ( -0.1222502059739782043, 0.000000000000000000, 0.9924993134200748024 ) ) ;
#1681 = DIRECTION ( 'NONE',  ( 0.000000000000000000, 1.000000000000000000, 0.000000000000000000 ) ) ;
#1682 = CIRCLE ( 'NONE', #760, 1.000000000000000000 ) ;
#1683 = ORIENTED_EDGE ( 'NONE', *, *, #684, .T. ) ;
#1684 = CARTESIAN_POINT ( 'NONE',  ( 1.261011088589093498, 3.133896379743854155, 7.569319510925835104 ) ) ;
#1685 = VERTEX_POINT ( 'NONE', #1740 ) ;
#1686 = EDGE_CURVE ( 'NONE', #2117, #1133, #32, .T. ) ;
#1687 = CARTESIAN_POINT ( 'NONE',  ( 0.3056255149350227129, 0.000000000000000000, 5.018751716449813216 ) ) ;
#1688 = DIRECTION ( 'NONE',  ( 1.000000000000000000, -0.000000000000000000, 0.000000000000000000 ) ) ;
#1689 = TOROIDAL_SURFACE ( 'NONE', #933, 9.999999999999998224, 1.000000000000000000 ) ;
#1690 = CARTESIAN_POINT ( 'NONE',  ( 14.91287949908399391, 4.750000000000000000, 6.500000000000000000 ) ) ;
#1691 = ADVANCED_FACE ( 'NONE', ( #1382, #792 ), #181, .T. ) ;
#1692 = ORIENTED_EDGE ( 'NONE', *, *, #824, .T. ) ;
#1693 = CARTESIAN_POINT ( 'NONE',  ( 1.569916866611245743, 3.463635964564799163, 7.499336302390184450 ) ) ;
#1694 = CARTESIAN_POINT ( 'NONE',  ( 1.410654126127108388, 3.029174330976993179, -7.616966063471958925 ) ) ;
#1695 = ORIENTED_EDGE ( 'NONE', *, *, #473, .F. ) ;
#1696 = CARTESIAN_POINT ( 'NONE',  ( 0.1379379357464436129, 0.000000000000000000, -4.998096950428433161 ) ) ;
#1697 = ORIENTED_EDGE ( 'NONE', *, *, #525, .F. ) ;
#1698 = CARTESIAN_POINT ( 'NONE',  ( 8.175901838793821597, 2.243244699964569211, 8.494127215699110778 ) ) ;
#1699 = LINE ( 'NONE', #2155, #958 ) ;
#1700 = EDGE_CURVE ( 'NONE', #22, #1659, #1733, .T. ) ;
#1701 = ORIENTED_EDGE ( 'NONE', *, *, #229, .T. ) ;
#1702 = CARTESIAN_POINT ( 'NONE',  ( 1.583981635623802342, 3.421359590403534767, 7.502790619082837509 ) ) ;
#1703 = DIRECTION ( 'NONE',  ( 0.000000000000000000, 1.000000000000000000, 0.000000000000000000 ) ) ;
#1704 = EDGE_LOOP ( 'NONE', ( #676, #25, #414, #1022, #225 ) ) ;
#1705 = CIRCLE ( 'NONE', #988, 2.000000000000000000 ) ;
#1706 = CARTESIAN_POINT ( 'NONE',  ( 1.826932557830678983, 3.485512738816262779, 7.500000000000000888 ) ) ;
#1707 = FACE_OUTER_BOUND ( 'NONE', #1612, .T. ) ;
#1708 = DIRECTION ( 'NONE',  ( 0.000000000000000000, 1.000000000000000000, 0.000000000000000000 ) ) ;
#1709 = ORIENTED_EDGE ( 'NONE', *, *, #378, .F. ) ;
#1710 = CARTESIAN_POINT ( 'NONE',  ( 15.86185636493460116, 4.178926153588085057, 6.163297189752128702 ) ) ;
#1711 = DIRECTION ( 'NONE',  ( 0.000000000000000000, 0.000000000000000000, 1.000000000000000000 ) ) ;
#1712 = TOROIDAL_SURFACE ( 'NONE', #1239, 2.250000000000002665, 0.2500000000000000000 ) ;
#1713 = ORIENTED_EDGE ( 'NONE', *, *, #2280, .T. ) ;
#1714 = CARTESIAN_POINT ( 'NONE',  ( 1.294196887674309071, 3.316889846299278855, 7.516462613507547630 ) ) ;
#1715 = DIRECTION ( 'NONE',  ( 0.000000000000000000, 0.000000000000000000, 1.000000000000000000 ) ) ;
#1716 = EDGE_LOOP ( 'NONE', ( #1775, #2079, #2483, #2242, #1525, #1782 ) ) ;
#1717 = EDGE_CURVE ( 'NONE', #2369, #365, #196, .T. ) ;
#1718 = CIRCLE ( 'NONE', #175, 10.48451997499976329 ) ;
#1719 = DIRECTION ( 'NONE',  ( -0.1222502059739777047, 0.000000000000000000, 0.9924993134200749134 ) ) ;
#1720 = DIRECTION ( 'NONE',  ( 0.000000000000000000, 0.000000000000000000, 1.000000000000000000 ) ) ;
#1721 = CARTESIAN_POINT ( 'NONE',  ( 1.469366469533776920, 3.430657247014602618, -7.500726058375994043 ) ) ;
#1722 = EDGE_CURVE ( 'NONE', #670, #308, #1260, .T. ) ;
#1723 = DIRECTION ( 'NONE',  ( 0.000000000000000000, 0.000000000000000000, -1.000000000000000000 ) ) ;
#1724 = ORIENTED_EDGE ( 'NONE', *, *, #611, .T. ) ;
#1725 = CARTESIAN_POINT ( 'NONE',  ( 1.483478722297569607, 3.394060244259517134, 7.504912261748359903 ) ) ;
#1726 = CARTESIAN_POINT ( 'NONE',  ( 15.75347287416032849, 4.000000000000000000, -5.958333333333333925 ) ) ;
#1727 = CARTESIAN_POINT ( 'NONE',  ( 1.964040247922726135, 2.878693377748004156, -7.713697186728351696 ) ) ;
#1728 = EDGE_LOOP ( 'NONE', ( #1835, #2343, #1045, #2, #1502 ) ) ;
#1729 = DIRECTION ( 'NONE',  ( 0.000000000000000000, 1.000000000000000000, 0.000000000000000000 ) ) ;
#1730 = CARTESIAN_POINT ( 'NONE',  ( 25.00000000000000000, 5.750000000000000000, 0.000000000000000000 ) ) ;
#1731 = EDGE_LOOP ( 'NONE', ( #2308, #1164, #336, #718 ) ) ;
#1732 = CARTESIAN_POINT ( 'NONE',  ( 0.000000000000000000, 1.500000000000000000, 0.000000000000000000 ) ) ;
#1733 = CIRCLE ( 'NONE', #360, 2.500000000000000444 ) ;
#1734 = FACE_OUTER_BOUND ( 'NONE', #2465, .T. ) ;
#1735 = AXIS2_PLACEMENT_3D ( 'NONE', #1523, #2279, #972 ) ;
#1736 = ORIENTED_EDGE ( 'NONE', *, *, #861, .F. ) ;
#1737 = DIRECTION ( 'NONE',  ( 1.734723475976807094E-15, 0.000000000000000000, 1.000000000000000000 ) ) ;
#1738 = CARTESIAN_POINT ( 'NONE',  ( 1.326383097383297738, 3.095271841153268255, -7.585128003902147142 ) ) ;
#1739 = ORIENTED_EDGE ( 'NONE', *, *, #1086, .T. ) ;
#1740 = CARTESIAN_POINT ( 'NONE',  ( 15.33863249360207526, 5.000000000000000000, -7.117441809127698527 ) ) ;
#1741 = ORIENTED_EDGE ( 'NONE', *, *, #2447, .T. ) ;
#1742 = DIRECTION ( 'NONE',  ( 0.000000000000000000, 0.000000000000000000, -1.000000000000000000 ) ) ;
#1743 = AXIS2_PLACEMENT_3D ( 'NONE', #598, #23, #843 ) ;
#1744 = AXIS2_PLACEMENT_3D ( 'NONE', #136, #740, #1518 ) ;
#1745 = TOROIDAL_SURFACE ( 'NONE', #2018, 2.000000000000000000, 0.2500000000000000000 ) ;
#1746 = DIRECTION ( 'NONE',  ( 1.000000000000000000, 0.000000000000000000, 0.000000000000000000 ) ) ;
#1747 = CARTESIAN_POINT ( 'NONE',  ( 1.903447257374979218, 2.820158207097275493, 7.715124061765859409 ) ) ;
#1748 = AXIS2_PLACEMENT_3D ( 'NONE', #761, #2458, #356 ) ;
#1749 = ORIENTED_EDGE ( 'NONE', *, *, #1958, .F. ) ;
#1750 = AXIS2_PLACEMENT_3D ( 'NONE', #671, #478, #1442 ) ;
#1751 = DIRECTION ( 'NONE',  ( 0.000000000000000000, 1.000000000000000000, 0.000000000000000000 ) ) ;
#1752 = CARTESIAN_POINT ( 'NONE',  ( 1.472440657046887980, 3.042690245502515545, -7.610494780365206324 ) ) ;
#1753 = VECTOR ( 'NONE', #1986, 1000.000000000000000 ) ;
#1754 = ORIENTED_EDGE ( 'NONE', *, *, #287, .T. ) ;
#1755 = EDGE_CURVE ( 'NONE', #1104, #2245, #1527, .T. ) ;
#1756 = ORIENTED_EDGE ( 'NONE', *, *, #29, .T. ) ;
#1757 = DIRECTION ( 'NONE',  ( -0.000000000000000000, -1.000000000000000000, -0.000000000000000000 ) ) ;
#1758 = CARTESIAN_POINT ( 'NONE',  ( 1.455271337978234270, 3.463972554626877809, -7.485144501545772044 ) ) ;
#1759 = EDGE_CURVE ( 'NONE', #16, #1659, #768, .T. ) ;
#1760 = CARTESIAN_POINT ( 'NONE',  ( 23.74863858138701644, 2.250000000000000444, -10.15929043978975876 ) ) ;
#1761 = ORIENTED_EDGE ( 'NONE', *, *, #262, .T. ) ;
#1762 = CARTESIAN_POINT ( 'NONE',  ( 0.09730806131032009032, 0.1283741307006151799, 5.806552403942112583 ) ) ;
#1763 = CARTESIAN_POINT ( 'NONE',  ( 1.223216094385287889, 3.263038711497327160, -7.528187513033416600 ) ) ;
#1764 = DIRECTION ( 'NONE',  ( -0.9924993134200748024, 0.000000000000000000, -0.1222502059739791896 ) ) ;
#1765 = ADVANCED_FACE ( 'NONE', ( #1369 ), #1505, .T. ) ;
#1766 = VERTEX_POINT ( 'NONE', #1652 ) ;
#1767 = CARTESIAN_POINT ( 'NONE',  ( 6.106653007948946055, 2.330390403071640471, -8.246764066269463456 ) ) ;
#1768 = CARTESIAN_POINT ( 'NONE',  ( 1.221873080705374148, 3.285442177996671820, -7.523056157894061791 ) ) ;
#1769 = FACE_OUTER_BOUND ( 'NONE', #732, .T. ) ;
#1770 = CARTESIAN_POINT ( 'NONE',  ( 25.00000000000000000, 2.250000000000000444, -10.23606797749978803 ) ) ;
#1771 = VERTEX_POINT ( 'NONE', #1120 ) ;
#1772 = CARTESIAN_POINT ( 'NONE',  ( 7.855818980710826734E-14, 2.334733531232364712, 7.500000000000000000 ) ) ;
#1773 = CARTESIAN_POINT ( 'NONE',  ( 10.27753962384112718, 2.250000000000000444, 8.500000000000000000 ) ) ;
#1774 = AXIS2_PLACEMENT_3D ( 'NONE', #1135, #2049, #720 ) ;
#1775 = ORIENTED_EDGE ( 'NONE', *, *, #1406, .T. ) ;
#1776 = EDGE_CURVE ( 'NONE', #981, #1310, #1423, .T. ) ;
#1777 = FACE_OUTER_BOUND ( 'NONE', #1200, .T. ) ;
#1778 = CARTESIAN_POINT ( 'NONE',  ( 7.632783294297951215E-14, 2.800757560448504879, 7.500000000000000888 ) ) ;
#1779 = CARTESIAN_POINT ( 'NONE',  ( 0.000000000000000000, 1.500000000000000000, 0.000000000000000000 ) ) ;
#1780 = ORIENTED_EDGE ( 'NONE', *, *, #1470, .T. ) ;
#1781 = DIRECTION ( 'NONE',  ( 0.9924993134200750244, 0.000000000000000000, -0.1222502059739775521 ) ) ;
#1782 = ORIENTED_EDGE ( 'NONE', *, *, #2357, .T. ) ;
#1783 = ADVANCED_FACE ( 'NONE', ( #1845, #2451, #901 ), #359, .F. ) ;
#1784 = ORIENTED_EDGE ( 'NONE', *, *, #76, .T. ) ;
#1785 = CARTESIAN_POINT ( 'NONE',  ( 0.000000000000000000, 4.750000000000000000, -7.249999999999999112 ) ) ;
#1786 = AXIS2_PLACEMENT_3D ( 'NONE', #519, #1122, #1568 ) ;
#1787 = CARTESIAN_POINT ( 'NONE',  ( 1.728987640671068027, 3.457828872602538350, 7.500545830571123673 ) ) ;
#1788 = CIRCLE ( 'NONE', #967, 1.000000000000000000 ) ;
#1789 = DIRECTION ( 'NONE',  ( -0.000000000000000000, -1.000000000000000000, -0.000000000000000000 ) ) ;
#1790 = AXIS2_PLACEMENT_3D ( 'NONE', #1932, #1969, #2130 ) ;
#1791 = DIRECTION ( 'NONE',  ( 0.9924993134200748024, 0.000000000000000000, -0.1222502059739775243 ) ) ;
#1792 = ORIENTED_EDGE ( 'NONE', *, *, #1506, .F. ) ;
#1793 = ORIENTED_EDGE ( 'NONE', *, *, #723, .F. ) ;
#1794 = ORIENTED_EDGE ( 'NONE', *, *, #419, .T. ) ;
#1795 = CARTESIAN_POINT ( 'NONE',  ( 8.597963042114411536, 2.469665376212616170, -8.569968097194204049 ) ) ;
#1796 = CARTESIAN_POINT ( 'NONE',  ( 15.91097600474478746, 4.333950220272882348, -6.371173168339327120 ) ) ;
#1797 = ORIENTED_EDGE ( 'NONE', *, *, #1604, .T. ) ;
#1798 = CARTESIAN_POINT ( 'NONE',  ( 1.303478258507472676, 3.378270943769311696, 7.500000000000000000 ) ) ;
#1799 = CARTESIAN_POINT ( 'NONE',  ( 1.243604289435527921, 3.279914841978408102, 7.524403311990039533 ) ) ;
#1800 = CARTESIAN_POINT ( 'NONE',  ( 10.24697707234756372, 2.250000000000000444, -8.748124828355019034 ) ) ;
#1801 = CARTESIAN_POINT ( 'NONE',  ( 1.721024808036276221, 3.469949981055997945, -7.500000000000000888 ) ) ;
#1802 = CARTESIAN_POINT ( 'NONE',  ( 25.00000000000000000, 2.500000000000000000, 0.000000000000000000 ) ) ;
#1803 = ADVANCED_FACE ( 'NONE', ( #1859 ), #855, .F. ) ;
#1804 = DIRECTION ( 'NONE',  ( 0.000000000000000000, 0.000000000000000000, 1.000000000000000000 ) ) ;
#1805 = CARTESIAN_POINT ( 'NONE',  ( 3.091658724685324877, 2.608088042715853927, -7.879394663070254268 ) ) ;
#1806 = CARTESIAN_POINT ( 'NONE',  ( 25.00000000000000000, 2.250000000000000444, 0.000000000000000000 ) ) ;
#1807 = AXIS2_PLACEMENT_3D ( 'NONE', #745, #1106, #1680 ) ;
#1808 = ORIENTED_EDGE ( 'NONE', *, *, #1842, .T. ) ;
#1809 = ADVANCED_FACE ( 'NONE', ( #1664 ), #1146, .F. ) ;
#1810 = CARTESIAN_POINT ( 'NONE',  ( 16.59406624923666485, 2.500000000000000000, 5.416666666666666963 ) ) ;
#1811 = DIRECTION ( 'NONE',  ( 0.000000000000000000, 1.000000000000000000, 0.000000000000000000 ) ) ;
#1812 = CARTESIAN_POINT ( 'NONE',  ( 1.303478258507396292, 3.378270943769313028, -7.500000000000000000 ) ) ;
#1813 = EDGE_CURVE ( 'NONE', #198, #438, #189, .T. ) ;
#1814 = CARTESIAN_POINT ( 'NONE',  ( 0.000000000000000000, 0.000000000000000000, 0.000000000000000000 ) ) ;
#1815 = TOROIDAL_SURFACE ( 'NONE', #541, 7.375000000000000000, 0.2500000000000000000 ) ;
#1816 = FACE_OUTER_BOUND ( 'NONE', #2098, .T. ) ;
#1817 = CIRCLE ( 'NONE', #207, 4.000000000000000000 ) ;
#1818 = CARTESIAN_POINT ( 'NONE',  ( 3.541506347242838970, 2.740578360047110973, 7.847292507616669965 ) ) ;
#1819 = CARTESIAN_POINT ( 'NONE',  ( 4.380537907852021462, 2.676493368508144233, -7.930276272452163155 ) ) ;
#1820 = AXIS2_PLACEMENT_3D ( 'NONE', #1515, #1137, #1124 ) ;
#1821 = CARTESIAN_POINT ( 'NONE',  ( 25.00000000000000000, 5.000000000000000000, 7.249999999999999112 ) ) ;
#1822 = EDGE_CURVE ( 'NONE', #437, #2250, #4, .T. ) ;
#1823 = VECTOR ( 'NONE', #1329, 1000.000000000000000 ) ;
#1824 = ORIENTED_EDGE ( 'NONE', *, *, #221, .T. ) ;
#1825 = CARTESIAN_POINT ( 'NONE',  ( 15.57075668984806427, 4.954618225757170258, 6.913625992936234255 ) ) ;
#1826 = AXIS2_PLACEMENT_3D ( 'NONE', #2058, #1131, #567 ) ;
#1827 = CARTESIAN_POINT ( 'NONE',  ( 2.389705410329468815, 2.864840858076536101, 7.726624942261402396 ) ) ;
#1828 = CARTESIAN_POINT ( 'NONE',  ( 0.000000000000000000, 0.2500000000000000000, 0.000000000000000000 ) ) ;
#1829 = EDGE_CURVE ( 'NONE', #2245, #572, #531, .T. ) ;
#1830 = CARTESIAN_POINT ( 'NONE',  ( 23.71826527351799641, 2.222222222222222765, 10.40587887672632661 ) ) ;
#1831 = CARTESIAN_POINT ( 'NONE',  ( 2.449293598294706414E-16, 1.500000000000000000, -2.000000000000000000 ) ) ;
#1832 = CARTESIAN_POINT ( 'NONE',  ( 25.00000000000000000, 2.500000000000000000, 7.999999999999996447 ) ) ;
#1833 = EDGE_CURVE ( 'NONE', #510, #394, #1190, .T. ) ;
#1834 = CARTESIAN_POINT ( 'NONE',  ( 15.33863249360207526, 5.000000000000000000, -7.117441809127699415 ) ) ;
#1835 = ORIENTED_EDGE ( 'NONE', *, *, #525, .T. ) ;
#1836 = CARTESIAN_POINT ( 'NONE',  ( 15.80491347525497225, 4.099024818945829374, 6.038162186008306342 ) ) ;
#1837 = DIRECTION ( 'NONE',  ( -0.9924993134200749134, 0.000000000000000000, -0.1222502059739776770 ) ) ;
#1838 = EDGE_LOOP ( 'NONE', ( #821, #894, #61, #1898 ) ) ;
#1839 = CARTESIAN_POINT ( 'NONE',  ( 0.1379379357464436129, 0.000000000000000000, -4.998096950428433161 ) ) ;
#1840 = DIRECTION ( 'NONE',  ( -0.000000000000000000, -1.000000000000000000, -0.000000000000000000 ) ) ;
#1841 = DIRECTION ( 'NONE',  ( 0.000000000000000000, 0.000000000000000000, 1.000000000000000000 ) ) ;
#1842 = EDGE_CURVE ( 'NONE', #22, #1569, #2415, .T. ) ;
#1843 = ORIENTED_EDGE ( 'NONE', *, *, #2088, .T. ) ;
#1844 = CARTESIAN_POINT ( 'NONE',  ( 6.031658545823865403, 2.336210666091307786, 8.238335102099354046 ) ) ;
#1845 = FACE_BOUND ( 'NONE', #1084, .T. ) ;
#1846 = CARTESIAN_POINT ( 'NONE',  ( 25.00000000000000000, 5.000000000000000000, 0.000000000000000000 ) ) ;
#1847 = AXIS2_PLACEMENT_3D ( 'NONE', #2089, #1148, #169 ) ;
#1848 = LINE ( 'NONE', #1821, #506 ) ;
#1849 = ORIENTED_EDGE ( 'NONE', *, *, #1174, .T. ) ;
#1850 = CARTESIAN_POINT ( 'NONE',  ( 0.001703192620363311142, 2.250000000000000444, 7.486172477233988154 ) ) ;
#1851 = CARTESIAN_POINT ( 'NONE',  ( 0.05772978655311920837, 0.5130705622442017777, -6.525888804808575472 ) ) ;
#1852 = ORIENTED_EDGE ( 'NONE', *, *, #803, .F. ) ;
#1853 = CARTESIAN_POINT ( 'NONE',  ( 10.24716631597210892, 2.222222222222222765, 8.746588436936573174 ) ) ;
#1854 = CARTESIAN_POINT ( 'NONE',  ( 10.27753962384105968, 2.500000000000000000, -8.500000000000000000 ) ) ;
#1855 = EDGE_CURVE ( 'NONE', #1931, #437, #320, .T. ) ;
#1856 = CARTESIAN_POINT ( 'NONE',  ( 25.00000000000000000, 6.000000000000000000, 2.250000000000002665 ) ) ;
#1857 = EDGE_LOOP ( 'NONE', ( #1564, #520, #492 ) ) ;
#1858 = CARTESIAN_POINT ( 'NONE',  ( 2.273834479933779296, 2.820990475727482849, 7.760625894817687609 ) ) ;
#1859 = FACE_OUTER_BOUND ( 'NONE', #446, .T. ) ;
#1860 = CARTESIAN_POINT ( 'NONE',  ( 1.332566141466153153, 3.027010864469353635, 7.607860669164631773 ) ) ;
#1861 = ADVANCED_FACE ( 'NONE', ( #142 ), #1467, .T. ) ;
#1862 = ORIENTED_EDGE ( 'NONE', *, *, #83, .F. ) ;
#1863 = CARTESIAN_POINT ( 'NONE',  ( 0.007823331453903948490, 1.693706630289510739, -7.372075441553445074 ) ) ;
#1864 = ORIENTED_EDGE ( 'NONE', *, *, #1304, .F. ) ;
#1865 = CIRCLE ( 'NONE', #1519, 7.500000000000000000 ) ;
#1866 = CARTESIAN_POINT ( 'NONE',  ( 5.073414735130640452, 2.394342961147891025, 8.124913274976503175 ) ) ;
#1867 = CARTESIAN_POINT ( 'NONE',  ( 6.950327646670258375, 2.549952744375745706, -8.177170328766441898 ) ) ;
#1868 = AXIS2_PLACEMENT_3D ( 'NONE', #1053, #2393, #1451 ) ;
#1869 = DIRECTION ( 'NONE',  ( 0.000000000000000000, 0.000000000000000000, 1.000000000000000000 ) ) ;
#1870 = ADVANCED_FACE ( 'NONE', ( #1512 ), #649, .T. ) ;
#1871 = ORIENTED_EDGE ( 'NONE', *, *, #880, .T. ) ;
#1872 = CARTESIAN_POINT ( 'NONE',  ( 1.274786328127251123, 3.359449851891538330, -7.503581418768447087 ) ) ;
#1873 = CARTESIAN_POINT ( 'NONE',  ( 1.949439129533571347, 2.817748483210457788, -7.719803152594271189 ) ) ;
#1874 = CIRCLE ( 'NONE', #1007, 0.2500000000000001665 ) ;
#1875 = CARTESIAN_POINT ( 'NONE',  ( 1.517622536529843469, 2.945451660980901831, 7.646768485683952399 ) ) ;
#1876 = EDGE_LOOP ( 'NONE', ( #263, #924, #1372, #1517 ) ) ;
#1877 = CARTESIAN_POINT ( 'NONE',  ( 4.459241335642892601, 2.671319765508683552, 7.937936010594099479 ) ) ;
#1878 = ORIENTED_EDGE ( 'NONE', *, *, #759, .F. ) ;
#1879 =( NAMED_UNIT ( * ) PLANE_ANGLE_UNIT ( ) SI_UNIT ( $, .RADIAN. ) );
#1880 = CARTESIAN_POINT ( 'NONE',  ( 4.044071306083405482, 2.499999999998043343, -7.998124828357352278 ) ) ;
#1881 = ORIENTED_EDGE ( 'NONE', *, *, #1973, .F. ) ;
#1882 = CARTESIAN_POINT ( 'NONE',  ( 1.187583780015620594, 3.218016144330126949, 7.540279611120657144 ) ) ;
#1883 = EDGE_CURVE ( 'NONE', #258, #1659, #1550, .T. ) ;
#1884 = CARTESIAN_POINT ( 'NONE',  ( 0.000000000000000000, 0.000000000000000000, 0.000000000000000000 ) ) ;
#1885 = CARTESIAN_POINT ( 'NONE',  ( 1.377828640034729935, 3.074710832856188514, -7.594656643786704464 ) ) ;
#1886 = ORIENTED_EDGE ( 'NONE', *, *, #2043, .T. ) ;
#1887 = APPLICATION_PROTOCOL_DEFINITION ( 'draft international standard', 'automotive_design', 1998, #2045 ) ;
#1888 = FACE_OUTER_BOUND ( 'NONE', #204, .T. ) ;
#1889 = ORIENTED_EDGE ( 'NONE', *, *, #838, .F. ) ;
#1890 = FILL_AREA_STYLE_COLOUR ( '', #494 ) ;
#1891 = VECTOR ( 'NONE', #1186, 1000.000000000000114 ) ;
#1892 = DIRECTION ( 'NONE',  ( 1.000000000000000000, -0.000000000000000000, 0.000000000000000000 ) ) ;
#1893 = EDGE_CURVE ( 'NONE', #373, #1685, #2204, .T. ) ;
#1894 = ORIENTED_EDGE ( 'NONE', *, *, #1755, .F. ) ;
#1895 = CARTESIAN_POINT ( 'NONE',  ( 1.204486053578390337, 3.265078139078429142, 7.527648480902497496 ) ) ;
#1896 = CARTESIAN_POINT ( 'NONE',  ( 1.332566141472673049, 3.027010864465673912, -7.607860669166245593 ) ) ;
#1897 = CARTESIAN_POINT ( 'NONE',  ( 1.362712755738004100, 3.048823552782552682, -7.606707652981285150 ) ) ;
#1898 = ORIENTED_EDGE ( 'NONE', *, *, #2260, .F. ) ;
#1899 = CARTESIAN_POINT ( 'NONE',  ( 0.000000000000000000, 4.750000000000000000, 0.000000000000000000 ) ) ;
#1900 = DIRECTION ( 'NONE',  ( 0.000000000000000000, -0.000000000000000000, 1.000000000000000000 ) ) ;
#1901 = ADVANCED_FACE ( 'NONE', ( #801 ), #1559, .T. ) ;
#1902 = VERTEX_POINT ( 'NONE', #2373 ) ;
#1903 = CIRCLE ( 'NONE', #2464, 0.2500000000000002220 ) ;
#1904 = DIRECTION ( 'NONE',  ( 3.469446951953614189E-15, 0.000000000000000000, 1.000000000000000000 ) ) ;
#1905 = ORIENTED_EDGE ( 'NONE', *, *, #1142, .T. ) ;
#1906 = CARTESIAN_POINT ( 'NONE',  ( 1.874959390926444591, 3.549061971627950562, 7.499305066273237230 ) ) ;
#1907 = CARTESIAN_POINT ( 'NONE',  ( 23.74863858138702000, 2.250000000000000444, -10.15929043978975876 ) ) ;
#1908 = ORIENTED_EDGE ( 'NONE', *, *, #2296, .T. ) ;
#1909 = CARTESIAN_POINT ( 'NONE',  ( 25.00000000000000000, 2.500000000000000000, 0.000000000000000000 ) ) ;
#1910 = CARTESIAN_POINT ( 'NONE',  ( 23.74863858138701644, 2.250000000000000444, -10.15929043978975876 ) ) ;
#1911 = ORIENTED_EDGE ( 'NONE', *, *, #1842, .F. ) ;
#1912 = CARTESIAN_POINT ( 'NONE',  ( 10.27753962384105968, 2.500000000000000000, -8.500000000000000000 ) ) ;
#1913 = DIRECTION ( 'NONE',  ( 0.000000000000000000, 0.000000000000000000, 1.000000000000000000 ) ) ;
#1914 = AXIS2_PLACEMENT_3D ( 'NONE', #1657, #2230, #509 ) ;
#1915 = ORIENTED_EDGE ( 'NONE', *, *, #2233, .T. ) ;
#1916 = CARTESIAN_POINT ( 'NONE',  ( 1.542119274141077634, 2.934301303013310491, 7.652022871707080398 ) ) ;
#1917 = DIRECTION ( 'NONE',  ( 1.000000000000000000, -0.000000000000000000, -0.000000000000000000 ) ) ;
#1918 = DIRECTION ( 'NONE',  ( -1.000000000000000000, -0.000000000000000000, -0.000000000000000000 ) ) ;
#1919 = ORIENTED_EDGE ( 'NONE', *, *, #2211, .F. ) ;
#1920 = CYLINDRICAL_SURFACE ( 'NONE', #1998, 0.2500000000000001665 ) ;
#1921 = ORIENTED_EDGE ( 'NONE', *, *, #594, .F. ) ;
#1922 = DIRECTION ( 'NONE',  ( 0.000000000000000000, 0.000000000000000000, 1.000000000000000000 ) ) ;
#1923 = CARTESIAN_POINT ( 'NONE',  ( 1.172990391158754919, 3.218348652785717690, -7.538429632837816641 ) ) ;
#1924 = CARTESIAN_POINT ( 'NONE',  ( 0.000000000000000000, 1.250000000000000000, 2.000000000000000000 ) ) ;
#1925 = CARTESIAN_POINT ( 'NONE',  ( 1.172804391468331486, 3.193411264177790532, 7.545880465343455690 ) ) ;
#1926 = ORIENTED_EDGE ( 'NONE', *, *, #1204, .T. ) ;
#1927 = B_SPLINE_CURVE_WITH_KNOTS ( 'NONE', 3,
 ( #1415, #2166, #1767, #1607, #1565, #439 ),
 .UNSPECIFIED., .F., .F.,
 ( 4, 2, 4 ),
 ( 0.003311620080558000737, 0.006476461697721770314, 0.009641303314885539891 ),
 .UNSPECIFIED. ) ;
#1928 = CARTESIAN_POINT ( 'NONE',  ( 0.3056255149350227684, 2.500000000000000000, 5.018751716449813216 ) ) ;
#1929 = FACE_OUTER_BOUND ( 'NONE', #892, .T. ) ;
#1930 = CARTESIAN_POINT ( 'NONE',  ( 1.244165075668390852, 3.280370891295922853, -7.524301539403198014 ) ) ;
#1931 = VERTEX_POINT ( 'NONE', #1430 ) ;
#1932 = CARTESIAN_POINT ( 'NONE',  ( 25.00000000000000000, 5.250000000000000000, 0.000000000000000000 ) ) ;
#1933 = B_SPLINE_CURVE_WITH_KNOTS ( 'NONE', 3,
 ( #1299, #2053, #2040, #338, #1863, #2443, #2408, #1098, #938, #2215, #1851, #122, #737, #1503, #1273, #2025, #2255, #1696 ),
 .UNSPECIFIED., .F., .F.,
 ( 4, 2, 2, 2, 2, 2, 2, 2, 4 ),
 ( 0.000000000000000000, 0.0004887576588463537043, 0.0009775153176927074087, 0.001466272976539061221, 0.001955030635385414817, 0.002443788294231768413, 0.002932545953078122443, 0.003421303611924476039, 0.003910061270770829635 ),
 .UNSPECIFIED. ) ;
#1934 = DIRECTION ( 'NONE',  ( 1.000000000000000000, -0.000000000000000000, 1.224646799147353207E-16 ) ) ;
#1935 = ORIENTED_EDGE ( 'NONE', *, *, #1061, .F. ) ;
#1936 = CARTESIAN_POINT ( 'NONE',  ( 23.71637283727324075, 2.500000000000000000, -10.42124279091078876 ) ) ;
#1937 = AXIS2_PLACEMENT_3D ( 'NONE', #2434, #78, #1646 ) ;
#1938 = CARTESIAN_POINT ( 'NONE',  ( 1.583981635623713080, 3.421359590403536100, -7.502790619082837509 ) ) ;
#1939 = AXIS2_PLACEMENT_3D ( 'NONE', #1179, #2361, #226 ) ;
#1940 = CARTESIAN_POINT ( 'NONE',  ( 25.00000000000000000, 0.000000000000000000, 7.999999999999996447 ) ) ;
#1941 = ADVANCED_FACE ( 'NONE', ( #1929 ), #2212, .T. ) ;
#1942 =( GEOMETRIC_REPRESENTATION_CONTEXT ( 3 ) GLOBAL_UNCERTAINTY_ASSIGNED_CONTEXT ( ( #260 ) ) GLOBAL_UNIT_ASSIGNED_CONTEXT ( ( #2266, #323, #132 ) ) REPRESENTATION_CONTEXT ( 'NONE', 'WORKASPACE' ) );
#1943 = AXIS2_PLACEMENT_3D ( 'NONE', #542, #954, #1531 ) ;
#1944 = VERTEX_POINT ( 'NONE', #776 ) ;
#1945 = EDGE_CURVE ( 'NONE', #2163, #872, #1536, .T. ) ;
#1946 = TOROIDAL_SURFACE ( 'NONE', #292, 2.250000000000002665, 0.2500000000000000000 ) ;
#1947 = ORIENTED_EDGE ( 'NONE', *, *, #319, .T. ) ;
#1948 = ORIENTED_EDGE ( 'NONE', *, *, #1755, .T. ) ;
#1949 = DIRECTION ( 'NONE',  ( 1.084202172485504907E-14, 0.000000000000000000, 1.000000000000000000 ) ) ;
#1950 = CARTESIAN_POINT ( 'NONE',  ( 1.202266175873329512, 3.217211022043286572, -7.540601210463324655 ) ) ;
#1951 = CARTESIAN_POINT ( 'NONE',  ( 2.143131898507868297E-16, 0.000000000000000000, -1.750000000000000000 ) ) ;
#1952 = VECTOR ( 'NONE', #440, 1000.000000000000000 ) ;
#1953 = DIRECTION ( 'NONE',  ( -1.000000000000000000, 0.000000000000000000, 0.000000000000000000 ) ) ;
#1954 = ORIENTED_EDGE ( 'NONE', *, *, #2127, .F. ) ;
#1955 = CYLINDRICAL_SURFACE ( 'NONE', #1088, 2.500000000000000888 ) ;
#1956 = DIRECTION ( 'NONE',  ( -0.000000000000000000, -1.000000000000000000, -0.000000000000000000 ) ) ;
#1957 = AXIS2_PLACEMENT_3D ( 'NONE', #1245, #701, #1841 ) ;
#1958 = EDGE_CURVE ( 'NONE', #872, #2305, #2310, .T. ) ;
#1959 = ORIENTED_EDGE ( 'NONE', *, *, #1717, .F. ) ;
#1960 = ORIENTED_EDGE ( 'NONE', *, *, #2371, .F. ) ;
#1961 = CARTESIAN_POINT ( 'NONE',  ( 25.00000000000000000, 5.001253140723345147, 0.000000000000000000 ) ) ;
#1962 = CARTESIAN_POINT ( 'NONE',  ( 0.000000000000000000, 5.000000000000000000, 7.249999999999999112 ) ) ;
#1963 = DIRECTION ( 'NONE',  ( 0.000000000000000000, 1.000000000000000000, 0.000000000000000000 ) ) ;
#1964 = EDGE_CURVE ( 'NONE', #1771, #148, #1705, .T. ) ;
#1965 = VERTEX_POINT ( 'NONE', #2323 ) ;
#1966 = CARTESIAN_POINT ( 'NONE',  ( 0.03087008047139388686, 0.9755490577689476250, 6.988085905695350597 ) ) ;
#1967 = ADVANCED_FACE ( 'NONE', ( #2490 ), #1815, .F. ) ;
#1968 = CARTESIAN_POINT ( 'NONE',  ( 14.91287949908399391, 3.500000000000000000, -6.500000000000000000 ) ) ;
#1969 = DIRECTION ( 'NONE',  ( 0.000000000000000000, 1.000000000000000000, 0.000000000000000000 ) ) ;
#1970 = EDGE_CURVE ( 'NONE', #743, #1509, #1473, .T. ) ;
#1971 = ORIENTED_EDGE ( 'NONE', *, *, #1406, .F. ) ;
#1972 = CARTESIAN_POINT ( 'NONE',  ( 0.000000000000000000, 2.250000000000000444, 4.000000000000000000 ) ) ;
#1973 = EDGE_CURVE ( 'NONE', #111, #349, #2099, .T. ) ;
#1974 = DIRECTION ( 'NONE',  ( 0.000000000000000000, 0.000000000000000000, -1.000000000000000000 ) ) ;
#1975 = CARTESIAN_POINT ( 'NONE',  ( 14.91287949908399391, 3.500000000000000000, 7.500000000000000000 ) ) ;
#1976 = AXIS2_PLACEMENT_3D ( 'NONE', #1456, #1675, #1275 ) ;
#1977 = CIRCLE ( 'NONE', #909, 0.7499999999999997780 ) ;
#1978 = AXIS2_PLACEMENT_3D ( 'NONE', #2409, #300, #468 ) ;
#1979 = VERTEX_POINT ( 'NONE', #1975 ) ;
#1980 = DIRECTION ( 'NONE',  ( 0.000000000000000000, 0.000000000000000000, 1.000000000000000000 ) ) ;
#1981 = CIRCLE ( 'NONE', #625, 5.099999999999999645 ) ;
#1982 = PRODUCT_DEFINITION_FORMATION_WITH_SPECIFIED_SOURCE ( 'ANY', '', #1244, .NOT_KNOWN. ) ;
#1983 = DIRECTION ( 'NONE',  ( -0.1222502059739782043, 0.000000000000000000, 0.9924993134200748024 ) ) ;
#1984 = VECTOR ( 'NONE', #1584, 1000.000000000000000 ) ;
#1985 = CARTESIAN_POINT ( 'NONE',  ( 0.000000000000000000, 5.000000000000000000, 0.000000000000000000 ) ) ;
#1986 = DIRECTION ( 'NONE',  ( -1.000000000000000000, 0.000000000000000000, 0.000000000000000000 ) ) ;
#1987 = CIRCLE ( 'NONE', #1868, 0.2500000000000001665 ) ;
#1988 = ORIENTED_EDGE ( 'NONE', *, *, #1686, .T. ) ;
#1989 = FACE_OUTER_BOUND ( 'NONE', #1857, .T. ) ;
#1990 = DIRECTION ( 'NONE',  ( 1.000000000000000000, 0.000000000000000000, 0.000000000000000000 ) ) ;
#1991 = DIRECTION ( 'NONE',  ( 0.000000000000000000, 0.000000000000000000, 1.000000000000000000 ) ) ;
#1992 = AXIS2_PLACEMENT_3D ( 'NONE', #1832, #2413, #1296 ) ;
#1993 = CARTESIAN_POINT ( 'NONE',  ( 25.00000000000000000, 5.750000000000000000, -2.000000000000003109 ) ) ;
#1994 = CARTESIAN_POINT ( 'NONE',  ( 0.000000000000000000, 0.000000000000000000, 1.750000000000000000 ) ) ;
#1995 = CARTESIAN_POINT ( 'NONE',  ( 25.00000000000000000, 6.000000000000000000, 0.000000000000000000 ) ) ;
#1996 = CARTESIAN_POINT ( 'NONE',  ( 15.75347287416032849, 4.000000000000000000, -5.958333333333333037 ) ) ;
#1997 = AXIS2_PLACEMENT_3D ( 'NONE', #1268, #516, #1471 ) ;
#1998 = AXIS2_PLACEMENT_3D ( 'NONE', #1910, #197, #780 ) ;
#1999 = ORIENTED_EDGE ( 'NONE', *, *, #1142, .F. ) ;
#2000 = CARTESIAN_POINT ( 'NONE',  ( 15.74975761608137148, 4.936970601773398748, 7.058943426994673587 ) ) ;
#2001 = FACE_OUTER_BOUND ( 'NONE', #123, .T. ) ;
#2002 = CARTESIAN_POINT ( 'NONE',  ( 25.00000000000000000, 6.000000000000000000, 0.000000000000000000 ) ) ;
#2003 = CARTESIAN_POINT ( 'NONE',  ( 5.939536975864661982E-16, 2.500000000000000000, -4.849999999999999645 ) ) ;
#2004 = DIRECTION ( 'NONE',  ( -0.000000000000000000, -1.000000000000000000, -0.000000000000000000 ) ) ;
#2005 =( BOUNDED_SURFACE ( )  B_SPLINE_SURFACE ( 3, 2, ( 
 ( #1656, #264, #1477 ),
 ( #1070, #121, #98 ),
 ( #1272, #1046, #284 ),
 ( #75, #2000, #1825 ),
 ( #2228, #863, #1464 ),
 ( #1619, #657, #2188 ),
 ( #1631, #2024, #879 ),
 ( #693, #1453, #905 ),
 ( #1082, #2407, #682 ),
 ( #490, #1427, #1249 ),
 ( #297, #1836, #2201 ),
 ( #2370, #274, #109 ) ),
 .UNSPECIFIED., .F., .F., .T. ) 
 B_SPLINE_SURFACE_WITH_KNOTS ( ( 4, 2, 2, 2, 2, 4 ),
 ( 3, 3 ),
 ( -5.881796785733861554E-18, 0.0001760946858450441804, 0.0003521893716900942697, 0.0007043787433801943941, 0.001056568115070294573, 0.001408757486760394643 ),
 ( 0.000000000000000000, 1.000000000000000000 ),
 .UNSPECIFIED. ) 
 GEOMETRIC_REPRESENTATION_ITEM ( )  RATIONAL_B_SPLINE_SURFACE ( (
 ( 1.000000000000000000, 0.7071067811865483499, 1.000000000000000000),
 ( 1.000000000000000000, 0.7062039299304108120, 1.000000000000000000),
 ( 1.000000000000000000, 0.7121420000846269138, 1.000000000000000000),
 ( 1.000000000000000000, 0.7349425425045262861, 1.000000000000000000),
 ( 1.000000000000000000, 0.7514602969284656098, 1.000000000000000000),
 ( 1.000000000000000000, 0.8070673155984607883, 1.000000000000000000),
 ( 1.000000000000000000, 0.8504151911124204766, 1.000000000000000000),
 ( 1.000000000000000000, 0.9223138968526822801, 1.000000000000000000),
 ( 1.000000000000000000, 0.9510240611186323578, 1.000000000000000000),
 ( 1.000000000000000000, 0.9900899149452319081, 1.000000000000000000),
 ( 1.000000000000000000, 0.9999997760319453421, 1.000000000000000000),
 ( 1.000000000000000000, 1.000000000000000000, 1.000000000000000000) ) ) 
 REPRESENTATION_ITEM ( '' )  SURFACE ( )  );
#2006 = ORIENTED_EDGE ( 'NONE', *, *, #2164, .T. ) ;
#2007 = CARTESIAN_POINT ( 'NONE',  ( 25.00000000000000000, 2.250000000000000444, 0.000000000000000000 ) ) ;
#2008 = EDGE_CURVE ( 'NONE', #1310, #981, #741, .T. ) ;
#2009 = CARTESIAN_POINT ( 'NONE',  ( 15.78644073587925156, 4.743749918317973879, -6.576254539191985771 ) ) ;
#2010 = ORIENTED_EDGE ( 'NONE', *, *, #2008, .F. ) ;
#2011 = CARTESIAN_POINT ( 'NONE',  ( 25.00000000000000000, 5.750000000000000000, 6.899999999999998579 ) ) ;
#2012 = DIRECTION ( 'NONE',  ( 0.000000000000000000, 0.000000000000000000, -1.000000000000000000 ) ) ;
#2013 = LINE ( 'NONE', #481, #1028 ) ;
#2014 = DIRECTION ( 'NONE',  ( -0.1222502059739782043, 0.000000000000000000, 0.9924993134200748024 ) ) ;
#2015 = AXIS2_PLACEMENT_3D ( 'NONE', #765, #2168, #1229 ) ;
#2016 = ADVANCED_FACE ( 'NONE', ( #582 ), #2479, .T. ) ;
#2017 = CARTESIAN_POINT ( 'NONE',  ( 25.00000000000000000, 3.500000000000000000, 0.000000000000000000 ) ) ;
#2018 = AXIS2_PLACEMENT_3D ( 'NONE', #267, #1048, #1059 ) ;
#2019 = ORIENTED_EDGE ( 'NONE', *, *, #1288, .T. ) ;
#2020 = EDGE_CURVE ( 'NONE', #380, #1118, #246, .T. ) ;
#2021 = CARTESIAN_POINT ( 'NONE',  ( 9.434272071338927645, 2.500000000000000444, -8.416905025059021384 ) ) ;
#2022 = CARTESIAN_POINT ( 'NONE',  ( 15.85581382984780774, 4.623427225585428069, -6.862688872852000799 ) ) ;
#2023 = ORIENTED_EDGE ( 'NONE', *, *, #1328, .T. ) ;
#2024 = CARTESIAN_POINT ( 'NONE',  ( 15.91284674586224845, 4.688575478052487533, 6.650000463150451679 ) ) ;
#2025 = CARTESIAN_POINT ( 'NONE',  ( 0.1220347130057147234, 0.01612329263506142446, -5.326329763042345178 ) ) ;
#2026 = ORIENTED_EDGE ( 'NONE', *, *, #2347, .T. ) ;
#2027 = EDGE_CURVE ( 'NONE', #1118, #2163, #2013, .T. ) ;
#2028 = CARTESIAN_POINT ( 'NONE',  ( 0.000000000000000000, 2.500000000000000000, 4.849999999999999645 ) ) ;
#2029 = AXIS2_PLACEMENT_3D ( 'NONE', #1418, #1611, #1446 ) ;
#2030 = DIRECTION ( 'NONE',  ( -0.1222502059739776353, 0.000000000000000000, 0.9924993134200750244 ) ) ;
#2031 = CIRCLE ( 'NONE', #222, 7.500000000000000000 ) ;
#2032 = EDGE_CURVE ( 'NONE', #952, #2488, #1666, .T. ) ;
#2033 = CARTESIAN_POINT ( 'NONE',  ( 25.00000000000000000, 6.000000000000000000, 0.000000000000000000 ) ) ;
#2034 = CARTESIAN_POINT ( 'NONE',  ( 3.091658724685620196, 2.608088042715793087, 7.879394663070286242 ) ) ;
#2035 = CARTESIAN_POINT ( 'NONE',  ( 2.966550957907233332, 2.620651649300812736, -7.864372115220683135 ) ) ;
#2036 = CARTESIAN_POINT ( 'NONE',  ( 4.770122043846450666, 2.430714487836804327, -8.086788294211705974 ) ) ;
#2037 = CIRCLE ( 'NONE', #1914, 7.999999999999996447 ) ;
#2038 = VERTEX_POINT ( 'NONE', #1839 ) ;
#2039 = DIRECTION ( 'NONE',  ( 1.224646799147351482E-16, 0.000000000000000000, -1.000000000000000000 ) ) ;
#2040 = CARTESIAN_POINT ( 'NONE',  ( 0.0009971186163215443269, 2.172236591000629158, -7.483773668667786261 ) ) ;
#2041 = ORIENTED_EDGE ( 'NONE', *, *, #854, .T. ) ;
#2042 = DIRECTION ( 'NONE',  ( 0.000000000000000000, 0.000000000000000000, 1.000000000000000000 ) ) ;
#2043 = EDGE_CURVE ( 'NONE', #2170, #407, #865, .T. ) ;
#2044 = CARTESIAN_POINT ( 'NONE',  ( 9.445709091032327365, 2.500000000000000000, -8.418032020700637830 ) ) ;
#2045 = APPLICATION_CONTEXT ( 'automotive_design' ) ;
#2046 = DIRECTION ( 'NONE',  ( 0.000000000000000000, 1.000000000000000000, 0.000000000000000000 ) ) ;
#2047 = EDGE_LOOP ( 'NONE', ( #2299, #2059, #1021, #651 ) ) ;
#2048 = CARTESIAN_POINT ( 'NONE',  ( 4.380537907852275481, 2.676493368508110926, 7.930276272452206676 ) ) ;
#2049 = DIRECTION ( 'NONE',  ( -0.000000000000000000, -1.000000000000000000, -0.000000000000000000 ) ) ;
#2050 = CARTESIAN_POINT ( 'NONE',  ( 14.91287949908399391, 5.000000000000000000, 7.500000000000000000 ) ) ;
#2051 = ORIENTED_EDGE ( 'NONE', *, *, #2211, .T. ) ;
#2052 = ADVANCED_FACE ( 'NONE', ( #912 ), #579, .T. ) ;
#2053 = CARTESIAN_POINT ( 'NONE',  ( 1.191140082076359370E-19, 2.334733531232367820, -7.500000000000000000 ) ) ;
#2054 = ORIENTED_EDGE ( 'NONE', *, *, #1813, .F. ) ;
#2055 = ADVANCED_FACE ( 'NONE', ( #2232 ), #853, .F. ) ;
#2056 = DIRECTION ( 'NONE',  ( -0.9924993134200748024, 0.000000000000000000, -0.1222502059739776631 ) ) ;
#2057 = DIRECTION ( 'NONE',  ( -1.734723475976807094E-15, 0.000000000000000000, 1.000000000000000000 ) ) ;
#2058 = CARTESIAN_POINT ( 'NONE',  ( 25.00000000000000000, 4.000000000000000000, 0.000000000000000000 ) ) ;
#2059 = ORIENTED_EDGE ( 'NONE', *, *, #447, .F. ) ;
#2060 = CARTESIAN_POINT ( 'NONE',  ( 1.218076274738280729, 3.116183186131965765, 7.572400733170008280 ) ) ;
#2061 = DIRECTION ( 'NONE',  ( 0.000000000000000000, 1.000000000000000000, 0.000000000000000000 ) ) ;
#2062 = VECTOR ( 'NONE', #602, 1000.000000000000000 ) ;
#2063 = ORIENTED_EDGE ( 'NONE', *, *, #2203, .T. ) ;
#2064 = CARTESIAN_POINT ( 'NONE',  ( 15.70107052849981777, 4.725076155206838990, -7.130871466461234043 ) ) ;
#2065 = ORIENTED_EDGE ( 'NONE', *, *, #2317, .T. ) ;
#2066 = AXIS2_PLACEMENT_3D ( 'NONE', #508, #2417, #2039 ) ;
#2067 = SURFACE_SIDE_STYLE ('',( #1556 ) ) ;
#2068 = DIRECTION ( 'NONE',  ( -0.000000000000000000, 1.000000000000000000, -0.000000000000000000 ) ) ;
#2069 = AXIS2_PLACEMENT_3D ( 'NONE', #2116, #1708, #1371 ) ;
#2070 = FACE_OUTER_BOUND ( 'NONE', #548, .T. ) ;
#2071 = TOROIDAL_SURFACE ( 'NONE', #552, 6.649999999999998579, 0.2500000000000000000 ) ;
#2072 = VERTEX_POINT ( 'NONE', #1480 ) ;
#2073 = CARTESIAN_POINT ( 'NONE',  ( 1.643529042095085657, 2.901539088383469522, 7.669915841255052769 ) ) ;
#2074 = CARTESIAN_POINT ( 'NONE',  ( 1.181657923656262987, 3.259577911772808090, -7.526724043050239565 ) ) ;
#2075 = EDGE_CURVE ( 'NONE', #198, #937, #1511, .T. ) ;
#2076 = ORIENTED_EDGE ( 'NONE', *, *, #2419, .T. ) ;
#2077 = CARTESIAN_POINT ( 'NONE',  ( 1.473732595102994036, 3.042292543227322454, 7.610699598110961972 ) ) ;
#2078 = LINE ( 'NONE', #550, #869 ) ;
#2079 = ORIENTED_EDGE ( 'NONE', *, *, #369, .T. ) ;
#2080 = CARTESIAN_POINT ( 'NONE',  ( 24.02199835220817903, 2.500000000000000000, 7.939994507360596643 ) ) ;
#2081 = CIRCLE ( 'NONE', #603, 10.23606797749978803 ) ;
#2082 = EDGE_CURVE ( 'NONE', #1318, #1944, #908, .T. ) ;
#2083 = CARTESIAN_POINT ( 'NONE',  ( 25.00000000000000000, 6.000000000000000000, 0.000000000000000000 ) ) ;
#2084 = VERTEX_POINT ( 'NONE', #1800 ) ;
#2085 = CARTESIAN_POINT ( 'NONE',  ( 1.199513651579912299, 3.137411923487458676, 7.564643122951582477 ) ) ;
#2086 = DIRECTION ( 'NONE',  ( -0.000000000000000000, 1.000000000000000000, -0.000000000000000000 ) ) ;
#2087 = ORIENTED_EDGE ( 'NONE', *, *, #473, .T. ) ;
#2088 = EDGE_CURVE ( 'NONE', #1002, #2327, #1101, .T. ) ;
#2089 = CARTESIAN_POINT ( 'NONE',  ( 0.000000000000000000, 2.500000000000000000, 0.000000000000000000 ) ) ;
#2090 = VERTEX_POINT ( 'NONE', #511 ) ;
#2091 = CARTESIAN_POINT ( 'NONE',  ( 4.898587196589412829E-16, 1.500000000000000000, -4.000000000000000000 ) ) ;
#2092 = CARTESIAN_POINT ( 'NONE',  ( 1.861592601196535579, 3.599849095380998953, -7.472647490234855638 ) ) ;
#2093 = DIRECTION ( 'NONE',  ( 0.000000000000000000, 0.000000000000000000, 1.000000000000000000 ) ) ;
#2094 = EDGE_LOOP ( 'NONE', ( #150, #296, #2337, #1095 ) ) ;
#2095 = CARTESIAN_POINT ( 'NONE',  ( 1.772682528090421261, 3.523401268505538919, 7.498454891196134398 ) ) ;
#2096 = CARTESIAN_POINT ( 'NONE',  ( 15.33863249360207526, 5.000000000000000000, -7.117441809127698527 ) ) ;
#2097 = EDGE_CURVE ( 'NONE', #325, #1300, #1111, .T. ) ;
#2098 = EDGE_LOOP ( 'NONE', ( #523, #724, #1452, #1459 ) ) ;
#2099 = CIRCLE ( 'NONE', #2015, 7.375000000000000000 ) ;
#2100 = CARTESIAN_POINT ( 'NONE',  ( 14.91287949908399391, 2.500000000000000000, 8.500000000000000000 ) ) ;
#2101 = DIRECTION ( 'NONE',  ( 0.000000000000000000, 0.000000000000000000, 1.000000000000000000 ) ) ;
#2102 = AXIS2_PLACEMENT_3D ( 'NONE', #1003, #430, #27 ) ;
#2103 = DIRECTION ( 'NONE',  ( 0.000000000000000000, 1.000000000000000000, 0.000000000000000000 ) ) ;
#2104 = ORIENTED_EDGE ( 'NONE', *, *, #940, .F. ) ;
#2105 = CARTESIAN_POINT ( 'NONE',  ( 15.81606948295748793, 4.089514654847535624, 6.055474800392663504 ) ) ;
#2106 = CARTESIAN_POINT ( 'NONE',  ( 1.991769886297816816, 3.511353436487225199, -7.500064452337019461 ) ) ;
#2107 = AXIS2_PLACEMENT_3D ( 'NONE', #1374, #30, #2145 ) ;
#2108 = DIRECTION ( 'NONE',  ( 1.000000000000000000, -0.000000000000000000, 1.224646799147353207E-16 ) ) ;
#2109 = EDGE_CURVE ( 'NONE', #872, #74, #1436, .T. ) ;
#2110 = EDGE_LOOP ( 'NONE', ( #1293, #1908, #2470, #1713 ) ) ;
#2111 = CARTESIAN_POINT ( 'NONE',  ( 1.673696965092977162, 2.989108142360401565, 7.639995870140209533 ) ) ;
#2112 = DIRECTION ( 'NONE',  ( -1.000000000000000000, 0.000000000000000000, 0.000000000000000000 ) ) ;
#2113 = CARTESIAN_POINT ( 'NONE',  ( 1.279856912242641753, 3.063773373988792681, -7.592806413637073426 ) ) ;
#2114 = EDGE_LOOP ( 'NONE', ( #2265, #1031, #1600, #1383 ) ) ;
#2115 = VECTOR ( 'NONE', #700, 1000.000000000000227 ) ;
#2116 = CARTESIAN_POINT ( 'NONE',  ( 25.00000000000000000, 2.750000000000000000, 0.000000000000000000 ) ) ;
#2117 = VERTEX_POINT ( 'NONE', #2028 ) ;
#2118 = DIRECTION ( 'NONE',  ( 0.000000000000000000, 0.000000000000000000, 1.000000000000000000 ) ) ;
#2119 = AXIS2_PLACEMENT_3D ( 'NONE', #683, #1644, #311 ) ;
#2120 = LINE ( 'NONE', #1951, #1591 ) ;
#2121 = ADVANCED_FACE ( 'NONE', ( #1621 ), #698, .T. ) ;
#2122 = FACE_OUTER_BOUND ( 'NONE', #357, .T. ) ;
#2123 = ORIENTED_EDGE ( 'NONE', *, *, #1252, .F. ) ;
#2124 = DIRECTION ( 'NONE',  ( -0.9924993134200749134, 0.000000000000000000, -0.1222502059739776770 ) ) ;
#2125 = CARTESIAN_POINT ( 'NONE',  ( 0.000000000000000000, 4.750000000000000000, 7.249999999999999112 ) ) ;
#2126 = DIRECTION ( 'NONE',  ( 0.000000000000000000, 0.000000000000000000, 1.000000000000000000 ) ) ;
#2127 = EDGE_CURVE ( 'NONE', #365, #1562, #1438, .T. ) ;
#2128 = EDGE_LOOP ( 'NONE', ( #1388, #1871, #543, #180, #939 ) ) ;
#2129 = EDGE_CURVE ( 'NONE', #1139, #937, #113, .T. ) ;
#2130 = DIRECTION ( 'NONE',  ( 0.000000000000000000, 0.000000000000000000, 1.000000000000000000 ) ) ;
#2131 = VERTEX_POINT ( 'NONE', #1853 ) ;
#2132 = DIRECTION ( 'NONE',  ( -0.000000000000000000, -1.000000000000000000, -0.000000000000000000 ) ) ;
#2133 = ADVANCED_FACE ( 'NONE', ( #685 ), #1745, .T. ) ;
#2134 = CARTESIAN_POINT ( 'NONE',  ( 23.71807602989352404, 2.250000000000000444, 10.40741526814477069 ) ) ;
#2135 = AXIS2_PLACEMENT_3D ( 'NONE', #705, #1703, #2412 ) ;
#2136 = ORIENTED_EDGE ( 'NONE', *, *, #2275, .T. ) ;
#2137 = CARTESIAN_POINT ( 'NONE',  ( 15.56301284316067601, 4.966613763344278176, 6.929565578356839062 ) ) ;
#2138 = CARTESIAN_POINT ( 'NONE',  ( 25.00000000000000000, 2.222222222222222765, 0.000000000000000000 ) ) ;
#2139 = ADVANCED_FACE ( 'NONE', ( #714 ), #128, .T. ) ;
#2140 = ORIENTED_EDGE ( 'NONE', *, *, #1893, .F. ) ;
#2141 = AXIS2_PLACEMENT_3D ( 'NONE', #1610, #957, #1715 ) ;
#2142 = ORIENTED_EDGE ( 'NONE', *, *, #484, .T. ) ;
#2143 = CYLINDRICAL_SURFACE ( 'NONE', #1202, 7.500000000000000000 ) ;
#2144 = CARTESIAN_POINT ( 'NONE',  ( 1.312797899746801722, 3.386198838072948636, -7.498302331139729660 ) ) ;
#2145 = DIRECTION ( 'NONE',  ( 0.000000000000000000, 0.000000000000000000, 1.000000000000000000 ) ) ;
#2146 = DIRECTION ( 'NONE',  ( -0.000000000000000000, -1.000000000000000000, -0.000000000000000000 ) ) ;
#2147 = ORIENTED_EDGE ( 'NONE', *, *, #1700, .T. ) ;
#2148 = CARTESIAN_POINT ( 'NONE',  ( 0.000000000000000000, 0.2500000000000000000, 1.750000000000000000 ) ) ;
#2149 = AXIS2_PLACEMENT_3D ( 'NONE', #1760, #1575, #410 ) ;
#2150 = EDGE_LOOP ( 'NONE', ( #1592, #1886, #632, #1919 ) ) ;
#2151 = CARTESIAN_POINT ( 'NONE',  ( 25.00000000000000000, 0.000000000000000000, 0.000000000000000000 ) ) ;
#2152 = AXIS2_PLACEMENT_3D ( 'NONE', #1665, #1066, #1653 ) ;
#2153 = EDGE_CURVE ( 'NONE', #1054, #330, #2303, .T. ) ;
#2154 = LINE ( 'NONE', #672, #1952 ) ;
#2155 = CARTESIAN_POINT ( 'NONE',  ( 25.00000000000000000, 5.000000000000000000, 2.000000000000003109 ) ) ;
#2156 = EDGE_CURVE ( 'NONE', #131, #1391, #1586, .T. ) ;
#2157 = DIRECTION ( 'NONE',  ( 0.000000000000000000, 0.000000000000000000, 1.000000000000000000 ) ) ;
#2158 = EDGE_LOOP ( 'NONE', ( #315, #1739, #1215 ) ) ;
#2159 = CARTESIAN_POINT ( 'NONE',  ( 24.02199835220818258, 2.500000000000000000, -7.939994507360600196 ) ) ;
#2160 = CARTESIAN_POINT ( 'NONE',  ( 1.933008886877820132, 3.500000000000000000, -7.500000000000000000 ) ) ;
#2161 = TOROIDAL_SURFACE ( 'NONE', #1496, 4.999999999999999112, 2.500000000000000000 ) ;
#2162 = AXIS2_PLACEMENT_3D ( 'NONE', #1350, #752, #2101 ) ;
#2163 = VERTEX_POINT ( 'NONE', #1912 ) ;
#2164 = EDGE_CURVE ( 'NONE', #2369, #131, #2472, .T. ) ;
#2165 = ORIENTED_EDGE ( 'NONE', *, *, #1530, .T. ) ;
#2166 = CARTESIAN_POINT ( 'NONE',  ( 5.073414735173485290, 2.394342961145047521, -8.124913274981560463 ) ) ;
#2167 = CARTESIAN_POINT ( 'NONE',  ( 24.02199835220818258, 2.500000000000000000, -7.939994507360600196 ) ) ;
#2168 = DIRECTION ( 'NONE',  ( -0.000000000000000000, -1.000000000000000000, -0.000000000000000000 ) ) ;
#2169 = FACE_OUTER_BOUND ( 'NONE', #1543, .T. ) ;
#2170 = VERTEX_POINT ( 'NONE', #756 ) ;
#2171 = CARTESIAN_POINT ( 'NONE',  ( 14.91287949908399391, 4.750000000000000000, -6.500000000000000000 ) ) ;
#2172 = EDGE_LOOP ( 'NONE', ( #1552, #1971, #163, #974 ) ) ;
#2173 = PRODUCT_DEFINITION_CONTEXT ( 'detailed design', #1128, 'design' ) ;
#2174 = EDGE_CURVE ( 'NONE', #1509, #1235, #1153, .T. ) ;
#2175 = CARTESIAN_POINT ( 'NONE',  ( 15.90264010340853496, 4.396856368131131454, -6.316350744397570161 ) ) ;
#2176 = VERTEX_POINT ( 'NONE', #1353 ) ;
#2177 = CARTESIAN_POINT ( 'NONE',  ( 0.000000000000000000, 2.500000000000000000, 0.000000000000000000 ) ) ;
#2178 = CARTESIAN_POINT ( 'NONE',  ( 1.303478258507472676, 3.378270943769311696, 7.500000000000000000 ) ) ;
#2179 = MANIFOLD_SOLID_BREP ( 'Redondeo5', #1494 ) ;
#2180 = DIRECTION ( 'NONE',  ( 0.000000000000000000, 1.000000000000000000, 0.000000000000000000 ) ) ;
#2181 = LINE ( 'NONE', #1049, #1213 ) ;
#2182 = DIRECTION ( 'NONE',  ( 0.000000000000000000, 0.000000000000000000, -1.000000000000000000 ) ) ;
#2183 =( BOUNDED_SURFACE ( )  B_SPLINE_SURFACE ( 3, 2, ( 
 ( #1484, #1625, #2239 ),
 ( #1448, #2184, #873 ),
 ( #130, #280, #1460 ),
 ( #1437, #94, #1064 ),
 ( #2195, #888, #1844 ),
 ( #1294, #2424, #688 ),
 ( #2048, #501, #1256 ),
 ( #1818, #2209, #1663 ),
 ( #2223, #1278, #2034 ),
 ( #303, #117, #900 ),
 ( #1105, #1858, #1119 ),
 ( #2450, #1510, #1145 ),
 ( #1360, #141, #2278 ),
 ( #2111, #1306, #2073 ),
 ( #1134, #764, #1916 ),
 ( #388, #1172, #331 ),
 ( #931, #192, #1679 ),
 ( #2478, #2262, #2438 ),
 ( #544, #558, #2306 ),
 ( #733, #1332, #2060 ),
 ( #1522, #581, #2085 ),
 ( #744, #1319, #346 ),
 ( #358, #1882, #177 ),
 ( #775, #1895, #164 ),
 ( #956, #2251, #1157 ),
 ( #1714, #1535, #151 ),
 ( #2292, #569, #719 ),
 ( #1725, #1499, #945 ),
 ( #1702, #1693, #1344 ),
 ( #2460, #2095, #529 ),
 ( #371, #1906, #971 ),
 ( #2489, #1549, #596 ) ),
 .UNSPECIFIED., .F., .F., .F. ) 
 B_SPLINE_SURFACE_WITH_KNOTS ( ( 4, 2, 2, 2, 2, 2, 2, 2, 2, 2, 2, 2, 2, 2, 2, 4 ),
 ( 3, 3 ),
 ( 0.000000000000000000, 0.002548708740661175844, 0.005097417481322351687, 0.006371771851652939175, 0.007646126221983527531, 0.008283303407148822142, 0.008601891999731468147, 0.008920480592314115886, 0.009079774888605439756, 0.009159422036751102558, 0.009239069184896763626, 0.009318716333042424693, 0.009398363481188085761, 0.009557657777479409630, 0.009876246370062055635, 0.01019483496264470337 ),
 ( 0.000000000000000000, 1.000000000000000000 ),
 .UNSPECIFIED. ) 
 GEOMETRIC_REPRESENTATION_ITEM ( )  RATIONAL_B_SPLINE_SURFACE ( (
 ( 1.000000000000000000, 0.6666666666666668517, 1.000000000000000000),
 ( 1.000000000000000000, 0.6974022125955308127, 1.000000000000000000),
 ( 1.000000000000000000, 0.7281716277987730912, 1.000000000000000000),
 ( 1.000000000000000000, 0.7897383784363478654, 1.000000000000000000),
 ( 1.000000000000000000, 0.8205134552840980255, 1.000000000000000000),
 ( 1.000000000000000000, 0.8666212565243150978, 1.000000000000000000),
 ( 1.000000000000000000, 0.8819813017812681011, 1.000000000000000000),
 ( 1.000000000000000000, 0.9126648981102267744, 1.000000000000000000),
 ( 1.000000000000000000, 0.9280030876050070487, 1.000000000000000000),
 ( 1.000000000000000000, 0.9509022141798114669, 1.000000000000000000),
 ( 1.000000000000000000, 0.9585077321015336160, 1.000000000000000000),
 ( 1.000000000000000000, 0.9698256640509640425, 1.000000000000000000),
 ( 1.000000000000000000, 0.9735831590799128854, 1.000000000000000000),
 ( 1.000000000000000000, 0.9810419059796176011, 1.000000000000000000),
 ( 1.000000000000000000, 0.9847628613820310628, 1.000000000000000000),
 ( 1.000000000000000000, 0.9901370976012913161, 1.000000000000000000),
 ( 1.000000000000000000, 0.9919009904178792691, 1.000000000000000000),
 ( 1.000000000000000000, 0.9944107751797895967, 1.000000000000000000),
 ( 1.000000000000000000, 0.9952156630682071903, 1.000000000000000000),
 ( 1.000000000000000000, 0.9966957713628292748, 1.000000000000000000),
 ( 1.000000000000000000, 0.9973853941147973190, 1.000000000000000000),
 ( 1.000000000000000000, 0.9982717932526939952, 1.000000000000000000),
 ( 1.000000000000000000, 0.9983992028529586893, 1.000000000000000000),
 ( 1.000000000000000000, 0.9978084561175124545, 1.000000000000000000),
 ( 1.000000000000000000, 0.9971849675781108147, 1.000000000000000000),
 ( 1.000000000000000000, 0.9951006270025298805, 1.000000000000000000),
 ( 1.000000000000000000, 0.9933898542799004527, 1.000000000000000000),
 ( 1.000000000000000000, 0.9882327159161610197, 1.000000000000000000),
 ( 1.000000000000000000, 0.9845779703419293982, 1.000000000000000000),
 ( 1.000000000000000000, 0.9772005730236926757, 1.000000000000000000),
 ( 1.000000000000000000, 0.9734765483827141352, 1.000000000000000000),
 ( 1.000000000000000000, 0.9697368460194476514, 1.000000000000000000) ) ) 
 REPRESENTATION_ITEM ( '' )  SURFACE ( )  );
#2184 = CARTESIAN_POINT ( 'NONE',  ( 9.440272059197102550, 2.477964211000856398, 8.676008876129680303 ) ) ;
#2185 = CARTESIAN_POINT ( 'NONE',  ( 14.91287949908399391, 5.000000000000000000, 7.249999999999999112 ) ) ;
#2186 = CARTESIAN_POINT ( 'NONE',  ( 15.84583492500642699, 4.199300881476684566, -6.126200106069728868 ) ) ;
#2187 = ORIENTED_EDGE ( 'NONE', *, *, #1433, .F. ) ;
#2188 = CARTESIAN_POINT ( 'NONE',  ( 15.73649372397713897, 4.831236278978907173, 6.687808225964237074 ) ) ;
#2189 = CARTESIAN_POINT ( 'NONE',  ( 5.939536975864661982E-16, 1.500000000000000000, -4.849999999999999645 ) ) ;
#2190 = DIRECTION ( 'NONE',  ( -0.000000000000000000, -1.000000000000000000, -0.000000000000000000 ) ) ;
#2191 = AXIS2_PLACEMENT_3D ( 'NONE', #1985, #293, #1093 ) ;
#2192 = DIRECTION ( 'NONE',  ( 0.000000000000000000, 0.000000000000000000, 1.000000000000000000 ) ) ;
#2193 = DIRECTION ( 'NONE',  ( -0.000000000000000000, -1.000000000000000000, -0.000000000000000000 ) ) ;
#2194 = EDGE_CURVE ( 'NONE', #2365, #2291, #2257, .T. ) ;
#2195 = CARTESIAN_POINT ( 'NONE',  ( 6.062165174939801560, 2.582071679890871163, 8.092531427860212290 ) ) ;
#2196 = EDGE_CURVE ( 'NONE', #2131, #258, #2238, .T. ) ;
#2197 = AXIS2_PLACEMENT_3D ( 'NONE', #2007, #677, #704 ) ;
#2198 = CARTESIAN_POINT ( 'NONE',  ( 2.481355436248818158, 2.790142961975583979, -7.790077354002583832 ) ) ;
#2199 = DIRECTION ( 'NONE',  ( -1.000000000000000000, 0.000000000000000000, 0.000000000000000000 ) ) ;
#2200 = EDGE_LOOP ( 'NONE', ( #621, #2437, #352, #836 ) ) ;
#2201 = CARTESIAN_POINT ( 'NONE',  ( 15.79698722884912598, 4.113139222272570450, 6.025861723989565100 ) ) ;
#2202 = DIRECTION ( 'NONE',  ( -0.000000000000000000, -1.000000000000000000, -0.000000000000000000 ) ) ;
#2203 = EDGE_CURVE ( 'NONE', #1002, #2365, #1817, .T. ) ;
#2204 = B_SPLINE_CURVE_WITH_KNOTS ( 'NONE', 3,
 ( #1726, #402, #1417, #1362, #9, #389, #441, #65, #1036, #2096 ),
 .UNSPECIFIED., .F., .F.,
 ( 4, 2, 2, 2, 4 ),
 ( -6.339942506795639954E-06, 0.0004336016408817112912, 0.0008735432242702182359, 0.001313484807658725235, 0.001753426391047232125 ),
 .UNSPECIFIED. ) ;
#2205 = DIRECTION ( 'NONE',  ( 0.000000000000000000, 1.000000000000000000, 0.000000000000000000 ) ) ;
#2206 = EDGE_CURVE ( 'NONE', #43, #709, #540, .T. ) ;
#2207 = FACE_OUTER_BOUND ( 'NONE', #1193, .T. ) ;
#2208 = DIRECTION ( 'NONE',  ( 0.000000000000000000, 0.000000000000000000, 1.000000000000000000 ) ) ;
#2209 = CARTESIAN_POINT ( 'NONE',  ( 3.530219695220797149, 2.667325934934401399, 7.931901575276468108 ) ) ;
#2210 = CARTESIAN_POINT ( 'NONE',  ( 6.874116618614049656, 2.293541859216471135, -8.338275941493888510 ) ) ;
#2211 = EDGE_CURVE ( 'NONE', #1038, #1391, #1544, .T. ) ;
#2212 = TOROIDAL_SURFACE ( 'NONE', #89, 2.000000000000000000, 0.2500000000000000000 ) ;
#2213 = ORIENTED_EDGE ( 'NONE', *, *, #1551, .T. ) ;
#2214 = CARTESIAN_POINT ( 'NONE',  ( 0.000000000000000000, 4.750000000000000000, 0.000000000000000000 ) ) ;
#2215 = CARTESIAN_POINT ( 'NONE',  ( 0.05050949930008651056, 0.6164802088217866682, -6.651758625788953161 ) ) ;
#2216 = EDGE_CURVE ( 'NONE', #1509, #2379, #2300, .T. ) ;
#2217 = ORIENTED_EDGE ( 'NONE', *, *, #1759, .F. ) ;
#2218 = CARTESIAN_POINT ( 'NONE',  ( 14.91287949908399391, 4.750000000000000000, -6.500000000000000000 ) ) ;
#2219 = FACE_OUTER_BOUND ( 'NONE', #557, .T. ) ;
#2220 = VECTOR ( 'NONE', #770, 1000.000000000000000 ) ;
#2221 = CARTESIAN_POINT ( 'NONE',  ( 25.00000000000000000, 2.500000000000000000, 10.23606797749978803 ) ) ;
#2222 = EDGE_CURVE ( 'NONE', #1235, #2131, #782, .T. ) ;
#2223 = CARTESIAN_POINT ( 'NONE',  ( 3.122204075803943990, 2.777823391709032919, 7.805127583007227088 ) ) ;
#2224 = CARTESIAN_POINT ( 'NONE',  ( 1.581496442415447623, 2.922917046055841350, -7.658584326995899083 ) ) ;
#2225 = CARTESIAN_POINT ( 'NONE',  ( 6.031658545824159390, 2.336210666091305121, -8.238335102099398455 ) ) ;
#2226 = CIRCLE ( 'NONE', #51, 7.124999999999999112 ) ;
#2227 = ORIENTED_EDGE ( 'NONE', *, *, #2313, .F. ) ;
#2228 = CARTESIAN_POINT ( 'NONE',  ( 15.75054328612615251, 4.696246830084975343, 7.050896063277034109 ) ) ;
#2229 = CIRCLE ( 'NONE', #702, 0.2500000000000002220 ) ;
#2230 = DIRECTION ( 'NONE',  ( -0.000000000000000000, -1.000000000000000000, -0.000000000000000000 ) ) ;
#2231 = ORIENTED_EDGE ( 'NONE', *, *, #834, .T. ) ;
#2232 = FACE_OUTER_BOUND ( 'NONE', #247, .T. ) ;
#2233 = EDGE_CURVE ( 'NONE', #2090, #1390, #2264, .T. ) ;
#2234 = CARTESIAN_POINT ( 'NONE',  ( 25.00000000000000000, 5.750000000000000000, 0.000000000000000000 ) ) ;
#2235 = EDGE_CURVE ( 'NONE', #407, #1391, #2349, .T. ) ;
#2236 = CARTESIAN_POINT ( 'NONE',  ( 25.00000000000000000, 5.250000000000000000, -7.149999999999999467 ) ) ;
#2237 = CIRCLE ( 'NONE', #1167, 12.00000000000000000 ) ;
#2238 = B_SPLINE_CURVE_WITH_KNOTS ( 'NONE', 3,
 ( #3, #172, #1698, #1340, #1866, #2457 ),
 .UNSPECIFIED., .F., .F.,
 ( 4, 2, 4 ),
 ( 0.000000000000000000, 0.003129390779968364324, 0.006258781559936728647 ),
 .UNSPECIFIED. ) ;
#2239 = CARTESIAN_POINT ( 'NONE',  ( 10.24716631597210892, 2.222222222222222765, 8.746588436936573174 ) ) ;
#2240 = CARTESIAN_POINT ( 'NONE',  ( 3.505530238012522837, 2.555278591132029931, -7.931790518996258754 ) ) ;
#2241 = ADVANCED_FACE ( 'NONE', ( #634 ), #199, .F. ) ;
#2242 = ORIENTED_EDGE ( 'NONE', *, *, #537, .T. ) ;
#2243 = AXIS2_PLACEMENT_3D ( 'NONE', #2171, #444, #1980 ) ;
#2244 = CARTESIAN_POINT ( 'NONE',  ( 15.91416212011640496, 4.349623875902297598, -6.393417996126061986 ) ) ;
#2245 = VERTEX_POINT ( 'NONE', #62 ) ;
#2246 = CARTESIAN_POINT ( 'NONE',  ( 0.000000000000000000, 1.500000000000000000, 4.000000000000000000 ) ) ;
#2247 = ADVANCED_FACE ( 'NONE', ( #1593 ), #48, .F. ) ;
#2248 = CARTESIAN_POINT ( 'NONE',  ( 0.000000000000000000, 4.750000000000000000, 0.000000000000000000 ) ) ;
#2249 = CARTESIAN_POINT ( 'NONE',  ( 0.000000000000000000, 5.000000000000000000, 0.000000000000000000 ) ) ;
#2250 = VERTEX_POINT ( 'NONE', #1384 ) ;
#2251 = CARTESIAN_POINT ( 'NONE',  ( 1.221873080705395243, 3.285442177996753976, 7.523056157894048468 ) ) ;
#2252 = DIRECTION ( 'NONE',  ( 0.000000000000000000, 0.000000000000000000, 1.000000000000000000 ) ) ;
#2253 = DIRECTION ( 'NONE',  ( 0.000000000000000000, 0.000000000000000000, 1.000000000000000000 ) ) ;
#2254 = EDGE_LOOP ( 'NONE', ( #930, #1099 ) ) ;
#2255 = CARTESIAN_POINT ( 'NONE',  ( 0.1301891328682135418, 4.009430455828223555E-15, -5.160833946959800578 ) ) ;
#2256 = ORIENTED_EDGE ( 'NONE', *, *, #2020, .F. ) ;
#2257 = LINE ( 'NONE', #2091, #2220 ) ;
#2258 = CARTESIAN_POINT ( 'NONE',  ( 1.522073784454444745, 3.028328317599836339, -7.618097547050823870 ) ) ;
#2259 = DIRECTION ( 'NONE',  ( 0.000000000000000000, 0.000000000000000000, 1.000000000000000000 ) ) ;
#2260 = EDGE_CURVE ( 'NONE', #2406, #1348, #911, .T. ) ;
#2261 = ORIENTED_EDGE ( 'NONE', *, *, #1365, .F. ) ;
#2262 = CARTESIAN_POINT ( 'NONE',  ( 1.294596155657054659, 3.085706687253745084, 7.589493365834785621 ) ) ;
#2263 = DIRECTION ( 'NONE',  ( 0.000000000000000000, 1.000000000000000000, 0.000000000000000000 ) ) ;
#2264 = CIRCLE ( 'NONE', #1475, 7.999999999999996447 ) ;
#2265 = ORIENTED_EDGE ( 'NONE', *, *, #1398, .F. ) ;
#2266 =( LENGTH_UNIT ( ) NAMED_UNIT ( * ) SI_UNIT ( .MILLI., .METRE. ) );
#2267 = CIRCLE ( 'NONE', #19, 1.000000000000000666 ) ;
#2268 = CARTESIAN_POINT ( 'NONE',  ( 1.979301551108969326, 2.927318496623868338, 7.679285670167757871 ) ) ;
#2269 = DIRECTION ( 'NONE',  ( 0.000000000000000000, 0.000000000000000000, 1.000000000000000000 ) ) ;
#2270 = AXIS2_PLACEMENT_3D ( 'NONE', #1690, #342, #1904 ) ;
#2271 = ORIENTED_EDGE ( 'NONE', *, *, #154, .F. ) ;
#2272 = CARTESIAN_POINT ( 'NONE',  ( 25.00000000000000000, 2.500000000000000000, 7.124999999999999112 ) ) ;
#2273 = TOROIDAL_SURFACE ( 'NONE', #1205, 2.250000000000002665, 0.2500000000000000000 ) ;
#2274 = AXIS2_PLACEMENT_3D ( 'NONE', #963, #1542, #1112 ) ;
#2275 = EDGE_CURVE ( 'NONE', #1139, #1318, #1227, .T. ) ;
#2276 = DIRECTION ( 'NONE',  ( 0.000000000000000000, 0.000000000000000000, 1.000000000000000000 ) ) ;
#2277 = ORIENTED_EDGE ( 'NONE', *, *, #2301, .F. ) ;
#2278 = CARTESIAN_POINT ( 'NONE',  ( 1.846916388349543858, 2.843084050199633950, 7.703837992994282402 ) ) ;
#2279 = DIRECTION ( 'NONE',  ( 0.000000000000000000, 1.000000000000000000, 0.000000000000000000 ) ) ;
#2280 = EDGE_CURVE ( 'NONE', #1139, #1766, #1626, .T. ) ;
#2281 = EDGE_CURVE ( 'NONE', #1390, #129, #208, .T. ) ;
#2282 = ORIENTED_EDGE ( 'NONE', *, *, #641, .T. ) ;
#2283 = CARTESIAN_POINT ( 'NONE',  ( 1.933008886877903842, 3.500000000000000000, 7.500000000000000000 ) ) ;
#2284 = CARTESIAN_POINT ( 'NONE',  ( 7.855833012397049418E-14, 2.500000000000000000, 7.500000000000000000 ) ) ;
#2285 = FACE_BOUND ( 'NONE', #862, .T. ) ;
#2286 = ORIENTED_EDGE ( 'NONE', *, *, #1700, .F. ) ;
#2287 = CARTESIAN_POINT ( 'NONE',  ( 15.92085155242235750, 4.429422252230982515, 6.513292848692334047 ) ) ;
#2288 = CARTESIAN_POINT ( 'NONE',  ( 1.786763502151563543, 3.470718874041906155, -7.500123268060848503 ) ) ;
#2289 = AXIS2_PLACEMENT_3D ( 'NONE', #1083, #1837, #1719 ) ;
#2290 = CARTESIAN_POINT ( 'NONE',  ( 25.00000000000000000, 2.750000000000000000, 0.000000000000000000 ) ) ;
#2291 = VERTEX_POINT ( 'NONE', #815 ) ;
#2292 = CARTESIAN_POINT ( 'NONE',  ( 1.341377862171261315, 3.338063160948446573, 7.513018657813496759 ) ) ;
#2293 = CARTESIAN_POINT ( 'NONE',  ( 14.91287949908399391, 2.500000000000000000, 6.500000000000000000 ) ) ;
#2294 = CARTESIAN_POINT ( 'NONE',  ( 1.877191934821911046, 2.947020517419430607, -7.666434594393900070 ) ) ;
#2295 = ORIENTED_EDGE ( 'NONE', *, *, #2222, .T. ) ;
#2296 = EDGE_CURVE ( 'NONE', #812, #1318, #1903, .T. ) ;
#2297 = CARTESIAN_POINT ( 'NONE',  ( 0.000000000000000000, 5.000000000000000000, 7.500000000000000000 ) ) ;
#2298 = CARTESIAN_POINT ( 'NONE',  ( 0.000000000000000000, 1.500000000000000000, 0.000000000000000000 ) ) ;
#2299 = ORIENTED_EDGE ( 'NONE', *, *, #1129, .F. ) ;
#2300 = LINE ( 'NONE', #1687, #2382 ) ;
#2301 = EDGE_CURVE ( 'NONE', #937, #438, #17, .T. ) ;
#2302 = CARTESIAN_POINT ( 'NONE',  ( 1.229067850389781391, 3.158936595820766691, -7.559763778894038389 ) ) ;
#2303 = B_SPLINE_CURVE_WITH_KNOTS ( 'NONE', 3,
 ( #1634, #2105, #1710, #160, #2287, #577, #538, #1313, #1301, #941 ),
 .UNSPECIFIED., .F., .F.,
 ( 4, 2, 2, 2, 4 ),
 ( -6.185924958366953776E-06, 0.0004323438263134248742, 0.0008708735775852167234, 0.001309403328857008681, 0.001747933080128800422 ),
 .UNSPECIFIED. ) ;
#2304 = FACE_OUTER_BOUND ( 'NONE', #769, .T. ) ;
#2305 = VERTEX_POINT ( 'NONE', #1582 ) ;
#2306 = CARTESIAN_POINT ( 'NONE',  ( 1.258052754601959755, 3.079500822215743394, 7.586427298103714634 ) ) ;
#2307 = CARTESIAN_POINT ( 'NONE',  ( 25.00000000000000000, 2.750000000000000000, 0.000000000000000000 ) ) ;
#2308 = ORIENTED_EDGE ( 'NONE', *, *, #867, .F. ) ;
#2309 = ADVANCED_FACE ( 'NONE', ( #1777 ), #2143, .T. ) ;
#2310 = CIRCLE ( 'NONE', #413, 2.000000000000000000 ) ;
#2311 = CARTESIAN_POINT ( 'NONE',  ( 0.000000000000000000, 1.500000000000000000, 0.000000000000000000 ) ) ;
#2312 = EDGE_LOOP ( 'NONE', ( #2277, #955, #1513 ) ) ;
#2313 = EDGE_CURVE ( 'NONE', #438, #703, #1927, .T. ) ;
#2314 = CARTESIAN_POINT ( 'NONE',  ( 0.001892436244839434695, 2.222222222222222765, 7.484636085815543183 ) ) ;
#2315 = TOROIDAL_SURFACE ( 'NONE', #18, 7.999999999999996447, 2.500000000000000000 ) ;
#2316 = AXIS2_PLACEMENT_3D ( 'NONE', #248, #1573, #2118 ) ;
#2317 = EDGE_CURVE ( 'NONE', #599, #1581, #1674, .T. ) ;
#2318 = CIRCLE ( 'NONE', #1826, 11.00000000000000000 ) ;
#2319 = DIRECTION ( 'NONE',  ( 0.000000000000000000, 0.000000000000000000, 1.000000000000000000 ) ) ;
#2320 = VECTOR ( 'NONE', #1387, 1000.000000000000000 ) ;
#2321 = CARTESIAN_POINT ( 'NONE',  ( 14.91287949908399391, 4.750000000000000000, 6.500000000000000000 ) ) ;
#2322 = EDGE_LOOP ( 'NONE', ( #145, #1147 ) ) ;
#2323 = CARTESIAN_POINT ( 'NONE',  ( 15.75347287416032849, 3.500000000000000000, -5.958333333333333925 ) ) ;
#2324 = CARTESIAN_POINT ( 'NONE',  ( 1.374960080277166874, 3.076365327651500170, -7.593972731260105746 ) ) ;
#2325 = EDGE_LOOP ( 'NONE', ( #948, #1136, #1881, #2375 ) ) ;
#2326 = CARTESIAN_POINT ( 'NONE',  ( 10.27753962384105968, 2.250000000000000444, -8.500000000000000000 ) ) ;
#2327 = VERTEX_POINT ( 'NONE', #1972 ) ;
#2328 = DIRECTION ( 'NONE',  ( 0.000000000000000000, 0.000000000000000000, 1.000000000000000000 ) ) ;
#2329 = CARTESIAN_POINT ( 'NONE',  ( 1.279750671066185896, 3.337542052740785081, -7.512441231249908036 ) ) ;
#2330 = AXIS2_PLACEMENT_3D ( 'NONE', #982, #1338, #1191 ) ;
#2331 = CIRCLE ( 'NONE', #2485, 4.000000000000000000 ) ;
#2332 = CARTESIAN_POINT ( 'NONE',  ( 2.143131898507868297E-16, 1.250000000000000000, -1.750000000000000000 ) ) ;
#2333 = EDGE_LOOP ( 'NONE', ( #551, #167, #1683, #1498 ) ) ;
#2334 = CARTESIAN_POINT ( 'NONE',  ( 0.01542876049055815629, 1.390898669396034126, 7.246484109514842231 ) ) ;
#2335 = CARTESIAN_POINT ( 'NONE',  ( 0.000000000000000000, 1.250000000000000000, 1.750000000000000000 ) ) ;
#2336 = CARTESIAN_POINT ( 'NONE',  ( 25.00000000000000000, 5.750000000000000000, 2.250000000000002665 ) ) ;
#2337 = ORIENTED_EDGE ( 'NONE', *, *, #759, .T. ) ;
#2338 = DIRECTION ( 'NONE',  ( 2.602085213965209458E-15, 0.000000000000000000, 1.000000000000000000 ) ) ;
#2339 = CARTESIAN_POINT ( 'NONE',  ( 14.91287949908399391, 5.000000000000000000, -7.500000000000000000 ) ) ;
#2340 = ADVANCED_FACE ( 'NONE', ( #591 ), #1117, .T. ) ;
#2341 = DIRECTION ( 'NONE',  ( -1.000000000000000000, 0.000000000000000000, 0.000000000000000000 ) ) ;
#2342 = AXIS2_PLACEMENT_3D ( 'NONE', #530, #2061, #332 ) ;
#2343 = ORIENTED_EDGE ( 'NONE', *, *, #1011, .F. ) ;
#2344 = CYLINDRICAL_SURFACE ( 'NONE', #1380, 2.499999999999999556 ) ;
#2345 = CARTESIAN_POINT ( 'NONE',  ( 1.208722226590526860, 3.190571488173914005, -7.548988774557072290 ) ) ;
#2346 = DIRECTION ( 'NONE',  ( 0.000000000000000000, 1.000000000000000000, 0.000000000000000000 ) ) ;
#2347 = EDGE_CURVE ( 'NONE', #2305, #2406, #623, .T. ) ;
#2348 = ORIENTED_EDGE ( 'NONE', *, *, #1538, .F. ) ;
#2349 = CIRCLE ( 'NONE', #372, 7.124999999999999112 ) ;
#2350 = DIRECTION ( 'NONE',  ( 0.000000000000000000, 0.000000000000000000, 1.000000000000000000 ) ) ;
#2351 = DIRECTION ( 'NONE',  ( -0.000000000000000000, -1.000000000000000000, -0.000000000000000000 ) ) ;
#2352 = CIRCLE ( 'NONE', #252, 4.849999999999999645 ) ;
#2353 = ADVANCED_FACE ( 'NONE', ( #396 ), #2389, .T. ) ;
#2354 = DIRECTION ( 'NONE',  ( 0.000000000000000000, 1.000000000000000000, 0.000000000000000000 ) ) ;
#2355 = ORIENTED_EDGE ( 'NONE', *, *, #1945, .T. ) ;
#2356 = CARTESIAN_POINT ( 'NONE',  ( 15.75347287416032849, 3.500000000000000000, 5.958333333333333925 ) ) ;
#2357 = EDGE_CURVE ( 'NONE', #1400, #847, #334, .T. ) ;
#2358 = AXIS2_PLACEMENT_3D ( 'NONE', #386, #1501, #2253 ) ;
#2359 = FACE_OUTER_BOUND ( 'NONE', #176, .T. ) ;
#2360 = VERTEX_POINT ( 'NONE', #1261 ) ;
#2361 = DIRECTION ( 'NONE',  ( 1.000000000000000000, -0.000000000000000000, 1.224646799147353207E-16 ) ) ;
#2362 = LINE ( 'NONE', #659, #717 ) ;
#2363 = CARTESIAN_POINT ( 'NONE',  ( 14.91287949908399391, 2.500000000000000000, -6.500000000000000000 ) ) ;
#2364 = CARTESIAN_POINT ( 'NONE',  ( 0.000000000000000000, 4.750000000000000000, -7.500000000000000000 ) ) ;
#2365 = VERTEX_POINT ( 'NONE', #465 ) ;
#2366 = DIRECTION ( 'NONE',  ( 0.000000000000000000, 0.000000000000000000, 1.000000000000000000 ) ) ;
#2367 = TOROIDAL_SURFACE ( 'NONE', #1250, 7.999999999999996447, 2.500000000000000000 ) ;
#2368 = DIRECTION ( 'NONE',  ( -1.000000000000000000, 0.000000000000000000, 0.000000000000000000 ) ) ;
#2369 = VERTEX_POINT ( 'NONE', #2011 ) ;
#2370 = CARTESIAN_POINT ( 'NONE',  ( 15.75347287416032849, 4.000000000000000000, 5.958333333333333037 ) ) ;
#2371 = EDGE_CURVE ( 'NONE', #2406, #195, #2267, .T. ) ;
#2372 = FACE_OUTER_BOUND ( 'NONE', #1413, .T. ) ;
#2373 = CARTESIAN_POINT ( 'NONE',  ( 23.71826527351800351, 2.222222222222222321, -10.40587887672633016 ) ) ;
#2374 = CARTESIAN_POINT ( 'NONE',  ( 0.000000000000000000, 0.000000000000000000, 0.000000000000000000 ) ) ;
#2375 = ORIENTED_EDGE ( 'NONE', *, *, #824, .F. ) ;
#2376 = DIRECTION ( 'NONE',  ( 0.000000000000000000, 1.000000000000000000, 0.000000000000000000 ) ) ;
#2377 = CARTESIAN_POINT ( 'NONE',  ( 6.913062809691529864, 2.486399135919314940, -8.359028482051314768 ) ) ;
#2378 = CARTESIAN_POINT ( 'NONE',  ( 15.40380904928457007, 5.000000000000002665, -7.071744519894479275 ) ) ;
#2379 = VERTEX_POINT ( 'NONE', #1642 ) ;
#2380 = CARTESIAN_POINT ( 'NONE',  ( 1.510650444564649142, 3.432244651060436080, 7.500000000000001776 ) ) ;
#2381 = DIRECTION ( 'NONE',  ( 0.8232557455035984795, 0.000000000000000000, -0.5676706593574430970 ) ) ;
#2383 = CARTESIAN_POINT ( 'NONE',  ( 25.00000000000000000, 0.000000000000000000, 0.000000000000000000 ) ) ;
#2382 = VECTOR ( 'NONE', #353, 1000.000000000000114 ) ;
#2384 = ADVANCED_FACE ( 'NONE', ( #1989 ), #2005, .T. ) ;
#2385 = FACE_OUTER_BOUND ( 'NONE', #1731, .T. ) ;
#2386 = CYLINDRICAL_SURFACE ( 'NONE', #969, 1.750000000000000000 ) ;
#2387 = DIRECTION ( 'NONE',  ( -0.000000000000000000, 1.000000000000000000, -0.000000000000000000 ) ) ;
#2388 = AXIS2_PLACEMENT_3D ( 'NONE', #716, #1154, #2093 ) ;
#2389 = TOROIDAL_SURFACE ( 'NONE', #2426, 5.099999999999999645, 0.2500000000000000000 ) ;
#2390 = CARTESIAN_POINT ( 'NONE',  ( 25.00000000000000000, 5.250000000000000000, 0.000000000000000000 ) ) ;
#2391 = CIRCLE ( 'NONE', #1317, 0.2499999999999999167 ) ;
#2392 = CYLINDRICAL_SURFACE ( 'NONE', #427, 7.124999999999999112 ) ;
#2393 = DIRECTION ( 'NONE',  ( 0.9924993134200748024, 0.000000000000000000, -0.1222502059739791896 ) ) ;
#2394 = ORIENTED_EDGE ( 'NONE', *, *, #1100, .T. ) ;
#2395 = DIRECTION ( 'NONE',  ( 0.000000000000000000, 0.000000000000000000, 1.000000000000000000 ) ) ;
#2396 = EDGE_CURVE ( 'NONE', #325, #148, #1361, .T. ) ;
#2397 = CARTESIAN_POINT ( 'NONE',  ( 1.239454143530798413, 3.148751926255852762, 7.563480642252049968 ) ) ;
#2398 = CARTESIAN_POINT ( 'NONE',  ( 0.000000000000000000, 5.000000000000000000, -7.500000000000000000 ) ) ;
#2399 = TOROIDAL_SURFACE ( 'NONE', #1283, 4.250000000000000000, 0.2500000000000000000 ) ;
#2400 = DIRECTION ( 'NONE',  ( 0.000000000000000000, 0.000000000000000000, 1.000000000000000000 ) ) ;
#2401 = CARTESIAN_POINT ( 'NONE',  ( 25.00000000000000000, 5.001253140723345147, -7.125000000000000888 ) ) ;
#2402 = DIRECTION ( 'NONE',  ( 0.000000000000000000, 0.000000000000000000, 1.000000000000000000 ) ) ;
#2403 = CIRCLE ( 'NONE', #973, 0.2500000000000001665 ) ;
#2404 = CARTESIAN_POINT ( 'NONE',  ( 25.00000000000000000, 2.500000000000000000, 0.000000000000000000 ) ) ;
#2405 = CARTESIAN_POINT ( 'NONE',  ( 15.91823532621160275, 4.495144576154314286, -6.419854870460639518 ) ) ;
#2406 = VERTEX_POINT ( 'NONE', #1810 ) ;
#2407 = CARTESIAN_POINT ( 'NONE',  ( 15.90264010340853496, 4.396856368131131454, 6.316350744397570161 ) ) ;
#2408 = CARTESIAN_POINT ( 'NONE',  ( 0.02005879526109680122, 1.247295848848934963, -7.169635570114584411 ) ) ;
#2409 = CARTESIAN_POINT ( 'NONE',  ( 0.03226574411385773472, 2.250000000000000444, 7.238047648878970008 ) ) ;
#2410 = CYLINDRICAL_SURFACE ( 'NONE', #965, 0.2500000000000001110 ) ;
#2411 = FACE_OUTER_BOUND ( 'NONE', #2128, .T. ) ;
#2412 = DIRECTION ( 'NONE',  ( 0.000000000000000000, -0.000000000000000000, 1.000000000000000000 ) ) ;
#2413 = DIRECTION ( 'NONE',  ( -1.000000000000000000, 0.000000000000000000, 0.000000000000000000 ) ) ;
#2414 = CARTESIAN_POINT ( 'NONE',  ( 15.75347287416032849, 4.000000000000000000, -5.958333333333333037 ) ) ;
#2415 = CIRCLE ( 'NONE', #735, 4.999999999999999112 ) ;
#2416 = ORIENTED_EDGE ( 'NONE', *, *, #1958, .T. ) ;
#2417 = DIRECTION ( 'NONE',  ( 1.000000000000000000, -0.000000000000000000, 1.224646799147353207E-16 ) ) ;
#2418 = CARTESIAN_POINT ( 'NONE',  ( 8.614112052391842411, 2.509883310294140912, 8.337286456830392822 ) ) ;
#2419 = EDGE_CURVE ( 'NONE', #937, #1659, #1865, .T. ) ;
#2420 = ORIENTED_EDGE ( 'NONE', *, *, #1304, .T. ) ;
#2421 = CARTESIAN_POINT ( 'NONE',  ( 14.91287949908399391, 3.500000000000000000, -6.500000000000000000 ) ) ;
#2422 = DIRECTION ( 'NONE',  ( 0.000000000000000000, 0.000000000000000000, 1.000000000000000000 ) ) ;
#2423 = EDGE_CURVE ( 'NONE', #1018, #510, #1097, .T. ) ;
#2424 = CARTESIAN_POINT ( 'NONE',  ( 4.787798279790193234, 2.573904989403758670, 8.092865885225979383 ) ) ;
#2425 = CARTESIAN_POINT ( 'NONE',  ( 2.168144655890955619, 2.765884109427486415, -7.753251554118533839 ) ) ;
#2426 = AXIS2_PLACEMENT_3D ( 'NONE', #2214, #1285, #2395 ) ;
#2427 = CARTESIAN_POINT ( 'NONE',  ( 15.79390261050797051, 4.902052516926030279, -6.986208773826076524 ) ) ;
#2428 = CIRCLE ( 'NONE', #1364, 1.000000000000000888 ) ;
#2429 = ORIENTED_EDGE ( 'NONE', *, *, #29, .F. ) ;
#2430 = SHAPE_DEFINITION_REPRESENTATION ( #874, #156 ) ;
#2431 = AXIS2_PLACEMENT_3D ( 'NONE', #1585, #2354, #456 ) ;
#2432 = CARTESIAN_POINT ( 'NONE',  ( 15.75347287416032849, 2.500000000000000000, 5.958333333333333037 ) ) ;
#2433 = ORIENTED_EDGE ( 'NONE', *, *, #2317, .F. ) ;
#2434 = CARTESIAN_POINT ( 'NONE',  ( 14.91287949908399391, 3.500000000000000000, -8.500000000000000000 ) ) ;
#2435 = CARTESIAN_POINT ( 'NONE',  ( 4.458412987802936378, 2.671373604210271147, -7.937855461864767648 ) ) ;
#2436 = DIRECTION ( 'NONE',  ( -0.000000000000000000, -1.000000000000000000, -0.000000000000000000 ) ) ;
#2437 = ORIENTED_EDGE ( 'NONE', *, *, #168, .F. ) ;
#2438 = CARTESIAN_POINT ( 'NONE',  ( 1.279856912242707923, 3.063773373988794457, 7.592806413637070762 ) ) ;
#2439 = DIRECTION ( 'NONE',  ( -0.000000000000000000, -1.000000000000000000, -0.000000000000000000 ) ) ;
#2440 = CARTESIAN_POINT ( 'NONE',  ( 1.247541891015295556, 3.338749373342786431, 7.507816702236522310 ) ) ;
#2441 = EDGE_LOOP ( 'NONE', ( #1999, #1606, #1217, #1422, #2227, #2054 ) ) ;
#2442 = DIRECTION ( 'NONE',  ( 0.000000000000000000, 0.000000000000000000, 1.000000000000000000 ) ) ;
#2443 = CARTESIAN_POINT ( 'NONE',  ( 0.01542876049047633286, 1.390898669396050336, -7.246484109514850225 ) ) ;
#2444 = ORIENTED_EDGE ( 'NONE', *, *, #1579, .T. ) ;
#2445 = DIRECTION ( 'NONE',  ( 0.000000000000000000, 0.000000000000000000, 1.000000000000000000 ) ) ;
#2446 = CARTESIAN_POINT ( 'NONE',  ( 1.977853128706567487, 2.927563538794053066, -7.679112329495606737 ) ) ;
#2447 = EDGE_CURVE ( 'NONE', #422, #312, #460, .T. ) ;
#2448 = CARTESIAN_POINT ( 'NONE',  ( 25.00000000000000000, 2.500000000000000000, 8.500000000000000000 ) ) ;
#2449 = EDGE_LOOP ( 'NONE', ( #622, #802 ) ) ;
#2450 = CARTESIAN_POINT ( 'NONE',  ( 1.979755165303649811, 2.928778907304578905, 7.678943746722787900 ) ) ;
#2451 = FACE_OUTER_BOUND ( 'NONE', #36, .T. ) ;
#2452 = CARTESIAN_POINT ( 'NONE',  ( 1.425842167342155298, 3.057996013473363917, -7.602826271584672391 ) ) ;
#2453 = ORIENTED_EDGE ( 'NONE', *, *, #502, .F. ) ;
#2454 = FACE_OUTER_BOUND ( 'NONE', #1367, .T. ) ;
#2455 = DIRECTION ( 'NONE',  ( -1.000000000000000000, 0.000000000000000000, 0.000000000000000000 ) ) ;
#2456 = VERTEX_POINT ( 'NONE', #767 ) ;
#2457 = CARTESIAN_POINT ( 'NONE',  ( 4.044071306032157587, 2.500000000003337775, 7.998124828351015125 ) ) ;
#2458 = DIRECTION ( 'NONE',  ( -0.000000000000000000, -1.000000000000000000, -0.000000000000000000 ) ) ;
#2459 = VERTEX_POINT ( 'NONE', #562 ) ;
#2460 = CARTESIAN_POINT ( 'NONE',  ( 1.786763502151653027, 3.470718874041909263, 7.500123268060848503 ) ) ;
#2461 = CARTESIAN_POINT ( 'NONE',  ( 1.201093450284577591, 3.289315681769091615, -7.519248122636626341 ) ) ;
#2462 = CARTESIAN_POINT ( 'NONE',  ( 1.272789930333310560, 3.099098215787812194, -7.583516307424064351 ) ) ;
#2463 = AXIS2_PLACEMENT_3D ( 'NONE', #964, #553, #1720 ) ;
#2464 = AXIS2_PLACEMENT_3D ( 'NONE', #210, #1392, #1922 ) ;
#2465 = EDGE_LOOP ( 'NONE', ( #1792, #217, #1040, #1697 ) ) ;
#2466 = ADVANCED_FACE ( 'NONE', ( #1336 ), #997, .T. ) ;
#2467 = AXIS2_PLACEMENT_3D ( 'NONE', #1909, #1109, #725 ) ;
#2468 = DIRECTION ( 'NONE',  ( -0.000000000000000000, -1.000000000000000000, -0.000000000000000000 ) ) ;
#2469 = CARTESIAN_POINT ( 'NONE',  ( 10.27753962384105968, 2.250000000000000444, -8.500000000000000000 ) ) ;
#2470 = ORIENTED_EDGE ( 'NONE', *, *, #2275, .F. ) ;
#2471 = EDGE_CURVE ( 'NONE', #1581, #599, #2352, .T. ) ;
#2472 = LINE ( 'NONE', #381, #864 ) ;
#2473 = CIRCLE ( 'NONE', #627, 0.2500000000000002220 ) ;
#2474 = AXIS2_PLACEMENT_3D ( 'NONE', #2298, #2103, #1163 ) ;
#2475 = CARTESIAN_POINT ( 'NONE',  ( 0.000000000000000000, 5.000000000000000000, 0.000000000000000000 ) ) ;
#2476 = AXIS2_PLACEMENT_3D ( 'NONE', #1266, #90, #2400 ) ;
#2477 = ORIENTED_EDGE ( 'NONE', *, *, #2419, .F. ) ;
#2478 = CARTESIAN_POINT ( 'NONE',  ( 1.309632753901923463, 3.105916826489223848, 7.580854843107881713 ) ) ;
#2479 = CYLINDRICAL_SURFACE ( 'NONE', #1354, 1.000000000000000000 ) ;
#2480 = CARTESIAN_POINT ( 'NONE',  ( 1.673696965092920097, 2.989108142360398901, -7.639995870140210421 ) ) ;
#2481 = EDGE_LOOP ( 'NONE', ( #191, #823 ) ) ;
#2482 = CARTESIAN_POINT ( 'NONE',  ( 25.00000000000000000, 5.000000000000000000, -2.000000000000003109 ) ) ;
#2483 = ORIENTED_EDGE ( 'NONE', *, *, #876, .T. ) ;
#2484 = DIRECTION ( 'NONE',  ( -0.000000000000000000, 1.000000000000000000, -0.000000000000000000 ) ) ;
#2485 = AXIS2_PLACEMENT_3D ( 'NONE', #483, #675, #1267 ) ;
#2486 = CARTESIAN_POINT ( 'NONE',  ( 1.759140445015164200, 3.570442879428866512, -7.474414360161063087 ) ) ;
#2487 = DIRECTION ( 'NONE',  ( -0.000000000000000000, -1.000000000000000000, -0.000000000000000000 ) ) ;
#2488 = VERTEX_POINT ( 'NONE', #375 ) ;
#2489 = CARTESIAN_POINT ( 'NONE',  ( 1.991769886297900527, 3.511353436487226087, 7.500064452337019461 ) ) ;
#2490 = FACE_OUTER_BOUND ( 'NONE', #1479, .T. ) ;
#2491 = CARTESIAN_POINT ( 'NONE',  ( 1.861611622012529832, 2.899691022896530246, -7.697692762087324780 ) ) ;
#2492 = EDGE_CURVE ( 'NONE', #349, #111, #585, .T. ) ;
#2493 = EDGE_LOOP ( 'NONE', ( #1343, #2282, #2142, #1894 ) ) ;
ENDSEC;
END-ISO-10303-21;
