ISO-10303-21;
HEADER;
FILE_DESCRIPTION (( 'STEP AP214' ),
    '1' );
FILE_NAME ('CUBIERTA DE RING VOLTIMOR new.STEP',
    '2026-07-08T20:31:41',
    ( '' ),
    ( '' ),
    'SwSTEP 2.0',
    'SolidWorks 2026',
    '' );
FILE_SCHEMA (( 'AUTOMOTIVE_DESIGN' ));
ENDSEC;

DATA;
#1 = ADVANCED_FACE ( 'NONE', ( #499 ), #2276, .F. ) ;
#2 = CARTESIAN_POINT ( 'NONE',  ( -7.000000000000002665, 3.113713576308559272, -1.839538712466523229 ) ) ;
#3 = STYLED_ITEM ( 'NONE', ( #2353 ), #1818 ) ;
#4 = ORIENTED_EDGE ( 'NONE', *, *, #160, .F. ) ;
#5 = ADVANCED_FACE ( 'NONE', ( #1097 ), #1152, .T. ) ;
#6 = DIRECTION ( 'NONE',  ( -0.000000000000000000, -1.000000000000000000, -0.000000000000000000 ) ) ;
#7 = ORIENTED_EDGE ( 'NONE', *, *, #566, .T. ) ;
#8 = DIRECTION ( 'NONE',  ( -0.000000000000000000, 1.000000000000000000, -0.000000000000000000 ) ) ;
#9 = DIRECTION ( 'NONE',  ( 0.000000000000000000, 0.000000000000000000, 1.000000000000000000 ) ) ;
#10 = AXIS2_PLACEMENT_3D ( 'NONE', #2326, #2499, #1312 ) ;
#11 = DIRECTION ( 'NONE',  ( 0.000000000000000000, 1.000000000000000000, 0.000000000000000000 ) ) ;
#12 = CIRCLE ( 'NONE', #2152, 7.249999999999997335 ) ;
#13 = FACE_OUTER_BOUND ( 'NONE', #433, .T. ) ;
#14 = CARTESIAN_POINT ( 'NONE',  ( 0.000000000000000000, 4.500000000000000888, -1.500000000000000222 ) ) ;
#15 = AXIS2_PLACEMENT_3D ( 'NONE', #1734, #2550, #751 ) ;
#16 = EDGE_LOOP ( 'NONE', ( #719, #460 ) ) ;
#17 = CARTESIAN_POINT ( 'NONE',  ( -7.000000000000000888, 3.437104277582589518, -2.157861318091851111 ) ) ;
#18 = EDGE_LOOP ( 'NONE', ( #392, #2170, #1392, #2279 ) ) ;
#19 = DIRECTION ( 'NONE',  ( -0.000000000000000000, -1.000000000000000000, -0.000000000000000000 ) ) ;
#20 = LINE ( 'NONE', #599, #1054 ) ;
#21 = EDGE_CURVE ( 'NONE', #2317, #1134, #1400, .T. ) ;
#22 = PLANE ( 'NONE',  #2469 ) ;
#23 = CARTESIAN_POINT ( 'NONE',  ( -7.000000000000003553, 3.575611919912899950, 3.827446560612033366 ) ) ;
#24 = CARTESIAN_POINT ( 'NONE',  ( 2.112515728529183672E-15, 7.500000000000000000, 17.24999999999999645 ) ) ;
#25 = CIRCLE ( 'NONE', #2124, 0.5000000000000000000 ) ;
#26 = EDGE_LOOP ( 'NONE', ( #545, #283 ) ) ;
#27 = AXIS2_PLACEMENT_3D ( 'NONE', #2069, #2280, #1439 ) ;
#28 = ORIENTED_EDGE ( 'NONE', *, *, #2266, .F. ) ;
#29 = CARTESIAN_POINT ( 'NONE',  ( -15.41103500742243781, 4.000000000000000000, -7.750000000000000000 ) ) ;
#30 = ORIENTED_EDGE ( 'NONE', *, *, #1941, .T. ) ;
#31 = DIRECTION ( 'NONE',  ( 0.000000000000000000, 0.000000000000000000, -1.000000000000000000 ) ) ;
#32 = EDGE_CURVE ( 'NONE', #238, #2502, #314, .T. ) ;
#33 = CARTESIAN_POINT ( 'NONE',  ( -12.49999999999999645, 6.000000000000000000, 4.999999999999985789 ) ) ;
#34 = CIRCLE ( 'NONE', #244, 0.5000000000000000000 ) ;
#35 = PRODUCT_DEFINITION_CONTEXT ( 'detailed design', #600, 'design' ) ;
#36 = EDGE_CURVE ( 'NONE', #2477, #506, #1227, .T. ) ;
#37 = CARTESIAN_POINT ( 'NONE',  ( -6.701365751265194959, 3.449214120365367009, 3.424893143001344509 ) ) ;
#38 = ORIENTED_EDGE ( 'NONE', *, *, #1107, .T. ) ;
#39 = ORIENTED_EDGE ( 'NONE', *, *, #892, .F. ) ;
#40 = CARTESIAN_POINT ( 'NONE',  ( -6.748332253769670608, 3.421071051125162743, -3.220132607335421060 ) ) ;
#41 = VERTEX_POINT ( 'NONE', #919 ) ;
#42 = CYLINDRICAL_SURFACE ( 'NONE', #1157, 2.750000000000000000 ) ;
#43 = DIRECTION ( 'NONE',  ( -0.000000000000000000, 1.000000000000000000, -0.000000000000000000 ) ) ;
#44 = EDGE_CURVE ( 'NONE', #1058, #2421, #2168, .T. ) ;
#45 = LINE ( 'NONE', #441, #1462 ) ;
#46 = AXIS2_PLACEMENT_3D ( 'NONE', #1752, #1777, #754 ) ;
#47 = CARTESIAN_POINT ( 'NONE',  ( 16.43167672515497557, 4.000000000000000000, -5.249999999999998224 ) ) ;
#48 = DIRECTION ( 'NONE',  ( -0.000000000000000000, -1.000000000000000000, -0.000000000000000000 ) ) ;
#49 = ORIENTED_EDGE ( 'NONE', *, *, #702, .F. ) ;
#50 = EDGE_CURVE ( 'NONE', #1567, #1735, #652, .T. ) ;
#51 = ORIENTED_EDGE ( 'NONE', *, *, #2122, .T. ) ;
#52 = CIRCLE ( 'NONE', #2156, 0.4999999999999997224 ) ;
#53 = CARTESIAN_POINT ( 'NONE',  ( -7.000000000000001776, 3.161289701166345889, -1.966591974935318232 ) ) ;
#54 = ORIENTED_EDGE ( 'NONE', *, *, #721, .T. ) ;
#55 = CARTESIAN_POINT ( 'NONE',  ( 0.000000000000000000, 3.000000000000000000, 0.000000000000000000 ) ) ;
#56 = DIRECTION ( 'NONE',  ( 0.000000000000000000, 0.000000000000000000, -1.000000000000000000 ) ) ;
#57 = EDGE_CURVE ( 'NONE', #2316, #1977, #2491, .T. ) ;
#58 = ORIENTED_EDGE ( 'NONE', *, *, #2122, .F. ) ;
#59 = ORIENTED_EDGE ( 'NONE', *, *, #1849, .T. ) ;
#60 = CARTESIAN_POINT ( 'NONE',  ( 16.43167672515497912, 7.500000000000000000, 5.250000000000001776 ) ) ;
#61 = EDGE_CURVE ( 'NONE', #1673, #2576, #2371, .T. ) ;
#62 = AXIS2_PLACEMENT_3D ( 'NONE', #711, #1882, #1321 ) ;
#63 = VERTEX_POINT ( 'NONE', #564 ) ;
#64 = DIRECTION ( 'NONE',  ( -1.000000000000000000, 0.000000000000000000, 0.000000000000000000 ) ) ;
#65 = CARTESIAN_POINT ( 'NONE',  ( -6.825712624112141746, 3.357689501008152444, -2.855931808804362149 ) ) ;
#66 = CIRCLE ( 'NONE', #743, 1.124999999999999334 ) ;
#67 = CYLINDRICAL_SURFACE ( 'NONE', #10, 2.125000000000002665 ) ;
#68 = AXIS2_PLACEMENT_3D ( 'NONE', #2073, #676, #1299 ) ;
#69 = AXIS2_PLACEMENT_3D ( 'NONE', #1966, #775, #2385 ) ;
#70 = CARTESIAN_POINT ( 'NONE',  ( 8.999999999999998224, 5.500000000000000000, -5.249999999999999112 ) ) ;
#71 = CIRCLE ( 'NONE', #624, 1.124999999999999334 ) ;
#72 = ADVANCED_FACE ( 'NONE', ( #773 ), #2343, .T. ) ;
#73 = CARTESIAN_POINT ( 'NONE',  ( -7.000000000000003553, 4.000000000000000000, 7.750000000000000000 ) ) ;
#74 = CARTESIAN_POINT ( 'NONE',  ( 2.449293598294706414E-16, 7.500000000000000000, -2.000000000000000000 ) ) ;
#75 = ADVANCED_FACE ( 'NONE', ( #977 ), #945, .T. ) ;
#76 = EDGE_LOOP ( 'NONE', ( #213, #205, #1628, #1612 ) ) ;
#77 = DIRECTION ( 'NONE',  ( -0.000000000000000000, 1.000000000000000000, 0.000000000000000000 ) ) ;
#78 = DIRECTION ( 'NONE',  ( -0.000000000000000000, -1.000000000000000000, -0.000000000000000000 ) ) ;
#79 = FACE_OUTER_BOUND ( 'NONE', #780, .T. ) ;
#80 = DIRECTION ( 'NONE',  ( 0.000000000000000000, -1.000000000000000000, 0.000000000000000000 ) ) ;
#81 = DIRECTION ( 'NONE',  ( 1.000000000000000000, -0.000000000000000000, 1.577021341797097314E-16 ) ) ;
#82 = ORIENTED_EDGE ( 'NONE', *, *, #1902, .T. ) ;
#83 = VECTOR ( 'NONE', #1985, 1000.000000000000000 ) ;
#84 = ORIENTED_EDGE ( 'NONE', *, *, #2043, .T. ) ;
#85 = CYLINDRICAL_SURFACE ( 'NONE', #2459, 2.124999999999999112 ) ;
#86 = CARTESIAN_POINT ( 'NONE',  ( -6.500000000000001776, 3.500000000000000000, -4.220485754033528103 ) ) ;
#87 = AXIS2_PLACEMENT_3D ( 'NONE', #742, #797, #1973 ) ;
#88 = AXIS2_PLACEMENT_3D ( 'NONE', #2468, #1294, #2100 ) ;
#89 = ORIENTED_EDGE ( 'NONE', *, *, #1230, .T. ) ;
#90 = DIRECTION ( 'NONE',  ( -0.000000000000000000, -1.000000000000000000, -0.000000000000000000 ) ) ;
#91 = DIRECTION ( 'NONE',  ( 0.000000000000000000, 1.000000000000000000, 0.000000000000000000 ) ) ;
#92 = AXIS2_PLACEMENT_3D ( 'NONE', #923, #950, #376 ) ;
#93 = ORIENTED_EDGE ( 'NONE', *, *, #687, .T. ) ;
#94 = PLANE ( 'NONE',  #605 ) ;
#95 = LINE ( 'NONE', #1079, #1975 ) ;
#96 = ADVANCED_FACE ( 'NONE', ( #201 ), #2143, .T. ) ;
#97 = AXIS2_PLACEMENT_3D ( 'NONE', #1386, #999, #2586 ) ;
#98 = DIRECTION ( 'NONE',  ( -2.797941090285172590E-16, -0.000000000000000000, 1.000000000000000000 ) ) ;
#99 = ORIENTED_EDGE ( 'NONE', *, *, #918, .F. ) ;
#100 = EDGE_LOOP ( 'NONE', ( #570, #2161 ) ) ;
#101 = DIRECTION ( 'NONE',  ( -0.000000000000000000, 1.000000000000000000, -0.000000000000000000 ) ) ;
#102 = VECTOR ( 'NONE', #1965, 1000.000000000000000 ) ;
#103 = ORIENTED_EDGE ( 'NONE', *, *, #454, .F. ) ;
#104 = DIRECTION ( 'NONE',  ( -0.000000000000000000, 1.000000000000000000, -0.000000000000000000 ) ) ;
#105 = DIRECTION ( 'NONE',  ( -0.000000000000000000, -1.000000000000000000, -0.000000000000000000 ) ) ;
#106 = ORIENTED_EDGE ( 'NONE', *, *, #408, .F. ) ;
#107 = TOROIDAL_SURFACE ( 'NONE', #62, 2.375000000000003109, 0.2500000000000000000 ) ;
#108 = EDGE_CURVE ( 'NONE', #1583, #1485, #1225, .T. ) ;
#109 = DIRECTION ( 'NONE',  ( 0.000000000000000000, -1.000000000000000000, 0.000000000000000000 ) ) ;
#110 = CARTESIAN_POINT ( 'NONE',  ( 15.73213272255227047, 3.500000000000000000, 5.750000000000001776 ) ) ;
#111 = EDGE_CURVE ( 'NONE', #221, #1648, #440, .T. ) ;
#112 = DIRECTION ( 'NONE',  ( -1.734723475976807094E-15, 0.000000000000000000, 1.000000000000000000 ) ) ;
#113 = ORIENTED_EDGE ( 'NONE', *, *, #918, .T. ) ;
#114 = CIRCLE ( 'NONE', #1910, 2.125000000000002665 ) ;
#115 = ORIENTED_EDGE ( 'NONE', *, *, #1292, .F. ) ;
#116 = FACE_OUTER_BOUND ( 'NONE', #964, .T. ) ;
#117 = CARTESIAN_POINT ( 'NONE',  ( 0.000000000000000000, 4.000000000000000000, 0.000000000000000000 ) ) ;
#118 = VECTOR ( 'NONE', #341, 1000.000000000000000 ) ;
#119 = VERTEX_POINT ( 'NONE', #1358 ) ;
#120 = DIRECTION ( 'NONE',  ( -0.000000000000000000, 1.000000000000000000, -0.000000000000000000 ) ) ;
#121 = DIRECTION ( 'NONE',  ( 0.000000000000000000, 0.000000000000000000, -1.000000000000000000 ) ) ;
#122 = EDGE_LOOP ( 'NONE', ( #2328, #678, #2394, #2242 ) ) ;
#123 = CARTESIAN_POINT ( 'NONE',  ( -6.915313016133526780, 3.240983136802944475, 2.374075996755054430 ) ) ;
#124 = CARTESIAN_POINT ( 'NONE',  ( 8.999999999999998224, 3.707106781186547906, 5.250000000000000888 ) ) ;
#125 = AXIS2_PLACEMENT_3D ( 'NONE', #1765, #2583, #785 ) ;
#126 = CYLINDRICAL_SURFACE ( 'NONE', #68, 2.125000000000002665 ) ;
#127 = DIRECTION ( 'NONE',  ( 0.000000000000000000, 0.000000000000000000, 1.000000000000000000 ) ) ;
#128 = ORIENTED_EDGE ( 'NONE', *, *, #2196, .F. ) ;
#129 = ORIENTED_EDGE ( 'NONE', *, *, #1107, .F. ) ;
#130 = LINE ( 'NONE', #934, #1327 ) ;
#131 = CIRCLE ( 'NONE', #294, 16.74999999999999645 ) ;
#132 = EDGE_CURVE ( 'NONE', #1939, #1800, #2171, .T. ) ;
#133 = VERTEX_POINT ( 'NONE', #1570 ) ;
#134 = DIRECTION ( 'NONE',  ( 0.000000000000000000, -1.000000000000000000, -0.000000000000000000 ) ) ;
#135 = CARTESIAN_POINT ( 'NONE',  ( -6.999999999999999112, 4.000000000000000000, -7.750000000000000000 ) ) ;
#136 = AXIS2_PLACEMENT_3D ( 'NONE', #381, #534, #2195 ) ;
#137 = ORIENTED_EDGE ( 'NONE', *, *, #1970, .T. ) ;
#138 = CARTESIAN_POINT ( 'NONE',  ( 0.000000000000000000, 3.000000000000000000, 0.000000000000000000 ) ) ;
#139 = CARTESIAN_POINT ( 'NONE',  ( 0.000000000000000000, 0.5000000000000000000, 0.000000000000000000 ) ) ;
#140 = ORIENTED_EDGE ( 'NONE', *, *, #867, .F. ) ;
#141 = DIRECTION ( 'NONE',  ( 1.000000000000000000, 0.000000000000000000, 0.000000000000000000 ) ) ;
#142 = ADVANCED_FACE ( 'NONE', ( #1989 ), #1569, .T. ) ;
#143 = CARTESIAN_POINT ( 'NONE',  ( 0.000000000000000000, 7.500000000000000000, 2.000000000000000000 ) ) ;
#144 = DIRECTION ( 'NONE',  ( 0.000000000000000000, 0.000000000000000000, -1.000000000000000000 ) ) ;
#145 = ORIENTED_EDGE ( 'NONE', *, *, #1593, .T. ) ;
#146 = AXIS2_PLACEMENT_3D ( 'NONE', #1584, #2395, #1153 ) ;
#147 = EDGE_CURVE ( 'NONE', #238, #342, #2544, .T. ) ;
#148 = LINE ( 'NONE', #1704, #1068 ) ;
#149 = CARTESIAN_POINT ( 'NONE',  ( -12.50000000000000000, 6.249999999999999112, -6.125000000000013323 ) ) ;
#150 = ORIENTED_EDGE ( 'NONE', *, *, #971, .T. ) ;
#151 = CARTESIAN_POINT ( 'NONE',  ( 12.50000000000000000, 6.000000000000000000, 1.125000000000001110 ) ) ;
#152 = CARTESIAN_POINT ( 'NONE',  ( 0.000000000000000000, 4.500000000000000888, 0.000000000000000000 ) ) ;
#153 = AXIS2_PLACEMENT_3D ( 'NONE', #2309, #290, #2494 ) ;
#154 = CARTESIAN_POINT ( 'NONE',  ( 16.17445707741181238, 5.550529673518331819, 5.250000000000001776 ) ) ;
#155 = VERTEX_POINT ( 'NONE', #1140 ) ;
#156 = DIRECTION ( 'NONE',  ( -0.000000000000000000, -1.000000000000000000, -0.000000000000000000 ) ) ;
#157 = CARTESIAN_POINT ( 'NONE',  ( 8.999999999999998224, 5.500000000000000000, -5.249999999999999112 ) ) ;
#158 = AXIS2_PLACEMENT_3D ( 'NONE', #1645, #2001, #1011 ) ;
#159 = PRODUCT_RELATED_PRODUCT_CATEGORY ( 'part', '', ( #1339 ) ) ;
#160 = EDGE_CURVE ( 'NONE', #2190, #916, #2451, .T. ) ;
#161 = ORIENTED_EDGE ( 'NONE', *, *, #847, .F. ) ;
#162 = VECTOR ( 'NONE', #2405, 1000.000000000000000 ) ;
#163 = CARTESIAN_POINT ( 'NONE',  ( -7.000000000000003553, 4.000000000000000888, 3.991573360814561600 ) ) ;
#164 = CARTESIAN_POINT ( 'NONE',  ( 0.000000000000000000, 3.500000000000000000, 0.000000000000000000 ) ) ;
#165 = ORIENTED_EDGE ( 'NONE', *, *, #1143, .F. ) ;
#166 = CARTESIAN_POINT ( 'NONE',  ( 8.999999999999998224, 5.500000000000000000, -5.249999999999999112 ) ) ;
#167 = CARTESIAN_POINT ( 'NONE',  ( -21.00000000000000355, 5.500000000000000000, 7.750000000000000000 ) ) ;
#168 = EDGE_CURVE ( 'NONE', #2400, #1475, #2067, .T. ) ;
#169 = CARTESIAN_POINT ( 'NONE',  ( 12.50000000000000000, 6.000000000000000000, -1.125000000000001110 ) ) ;
#170 = ORIENTED_EDGE ( 'NONE', *, *, #247, .T. ) ;
#171 = CARTESIAN_POINT ( 'NONE',  ( -6.999999999999999112, 5.500000000000000000, -7.750000000000000000 ) ) ;
#172 = CARTESIAN_POINT ( 'NONE',  ( -7.000000000000002665, 3.438391504338027982, 2.159873293981746656 ) ) ;
#173 = TOROIDAL_SURFACE ( 'NONE', #877, 1.624999999999999556, 0.5000000000000000000 ) ;
#174 = DIRECTION ( 'NONE',  ( -0.000000000000000000, 1.000000000000000000, -0.000000000000000000 ) ) ;
#175 = AXIS2_PLACEMENT_3D ( 'NONE', #139, #11, #810 ) ;
#176 = VERTEX_POINT ( 'NONE', #989 ) ;
#177 = CARTESIAN_POINT ( 'NONE',  ( -7.000000000000003553, 3.256807504440398127, 1.938083369907336984 ) ) ;
#178 = DIRECTION ( 'NONE',  ( 0.000000000000000000, 0.000000000000000000, 1.000000000000000000 ) ) ;
#179 = ORIENTED_EDGE ( 'NONE', *, *, #1354, .F. ) ;
#180 = CARTESIAN_POINT ( 'NONE',  ( 12.50000000000000000, 6.249999999999999112, 0.000000000000000000 ) ) ;
#181 = EDGE_CURVE ( 'NONE', #302, #1642, #1436, .T. ) ;
#182 = CARTESIAN_POINT ( 'NONE',  ( 0.000000000000000000, 3.000000000000000000, -7.749999999999998224 ) ) ;
#183 = CIRCLE ( 'NONE', #1724, 0.5000000000000000000 ) ;
#184 = AXIS2_PLACEMENT_3D ( 'NONE', #2192, #390, #1185 ) ;
#185 = EDGE_CURVE ( 'NONE', #342, #740, #1611, .T. ) ;
#186 = FILL_AREA_STYLE_COLOUR ( '', #632 ) ;
#187 = ORIENTED_EDGE ( 'NONE', *, *, #1593, .F. ) ;
#188 = DIRECTION ( 'NONE',  ( 0.000000000000000000, 0.000000000000000000, -1.000000000000000000 ) ) ;
#189 = CARTESIAN_POINT ( 'NONE',  ( -6.999999999999905853, 3.490767386040916964, 2.756229156106415168 ) ) ;
#190 = CARTESIAN_POINT ( 'NONE',  ( -7.000000000000000000, 4.000000000000000000, -4.220485754033528103 ) ) ;
#191 = EDGE_LOOP ( 'NONE', ( #1166, #1789 ) ) ;
#192 = CARTESIAN_POINT ( 'NONE',  ( -6.500000000000000888, 4.000000000000000000, -4.220485754033528103 ) ) ;
#193 = AXIS2_PLACEMENT_3D ( 'NONE', #796, #1594, #1018 ) ;
#194 = EDGE_LOOP ( 'NONE', ( #2338, #187, #2450, #1933 ) ) ;
#195 = DIRECTION ( 'NONE',  ( 0.9629629629629636867, 0.000000000000000000, 0.2696336996029796151 ) ) ;
#196 = DIRECTION ( 'NONE',  ( -0.000000000000000000, -1.000000000000000000, -0.000000000000000000 ) ) ;
#197 = AXIS2_PLACEMENT_3D ( 'NONE', #2105, #507, #1091 ) ;
#198 = EDGE_CURVE ( 'NONE', #2488, #1437, #1781, .T. ) ;
#199 = EDGE_CURVE ( 'NONE', #176, #2488, #1313, .T. ) ;
#200 = ADVANCED_FACE ( 'NONE', ( #728, #1296 ), #1105, .T. ) ;
#201 = FACE_OUTER_BOUND ( 'NONE', #2176, .T. ) ;
#202 = CARTESIAN_POINT ( 'NONE',  ( 0.000000000000000000, 3.500000000000000000, -16.74999999999999645 ) ) ;
#203 = CARTESIAN_POINT ( 'NONE',  ( 9.067872715333312142E-16, 4.000000000000000000, -5.750000000000000888 ) ) ;
#204 = CIRCLE ( 'NONE', #1658, 1.624999999999999778 ) ;
#205 = ORIENTED_EDGE ( 'NONE', *, *, #132, .F. ) ;
#206 = CARTESIAN_POINT ( 'NONE',  ( 0.000000000000000000, 6.999999999999999112, 0.000000000000000000 ) ) ;
#207 = CIRCLE ( 'NONE', #1866, 3.649999999999999911 ) ;
#208 = EDGE_LOOP ( 'NONE', ( #1715, #1539, #1702, #2039 ) ) ;
#209 = CARTESIAN_POINT ( 'NONE',  ( 4.469960816887839416E-16, 3.000000000000000000, 3.649999999999999911 ) ) ;
#210 = CARTESIAN_POINT ( 'NONE',  ( 2.097207643539841779E-15, 7.500000000000000000, -16.99999999999999645 ) ) ;
#211 = CARTESIAN_POINT ( 'NONE',  ( 8.999999999999998224, 5.500000000000000000, 5.250000000000000888 ) ) ;
#212 = PLANE ( 'NONE',  #1961 ) ;
#213 = ORIENTED_EDGE ( 'NONE', *, *, #1341, .T. ) ;
#214 = DIRECTION ( 'NONE',  ( 0.000000000000000000, 1.000000000000000000, 0.000000000000000000 ) ) ;
#215 = EDGE_CURVE ( 'NONE', #2421, #1058, #1652, .T. ) ;
#216 = ORIENTED_EDGE ( 'NONE', *, *, #2480, .T. ) ;
#217 = CARTESIAN_POINT ( 'NONE',  ( 16.37119295536578889, 5.733022527515164946, -5.249999999999998224 ) ) ;
#218 = DIRECTION ( 'NONE',  ( 1.000000000000000000, -0.000000000000000000, 1.224646799147353207E-16 ) ) ;
#219 = AXIS2_PLACEMENT_3D ( 'NONE', #544, #1926, #2164 ) ;
#220 = DIRECTION ( 'NONE',  ( -0.000000000000000000, -1.000000000000000000, -0.000000000000000000 ) ) ;
#221 = VERTEX_POINT ( 'NONE', #546 ) ;
#222 = CARTESIAN_POINT ( 'NONE',  ( 0.000000000000000000, 0.000000000000000000, 0.000000000000000000 ) ) ;
#223 = EDGE_CURVE ( 'NONE', #1844, #1465, #1915, .T. ) ;
#224 = VERTEX_POINT ( 'NONE', #1338 ) ;
#225 = CARTESIAN_POINT ( 'NONE',  ( -6.701435452191112141, 3.449154019847149755, -3.424567095928659377 ) ) ;
#226 = ADVANCED_FACE ( 'NONE', ( #714 ), #1192, .T. ) ;
#227 = ORIENTED_EDGE ( 'NONE', *, *, #1513, .T. ) ;
#228 =( BOUNDED_SURFACE ( )  B_SPLINE_SURFACE ( 3, 2, ( 
 ( #1936, #2356, #2158 ),
 ( #370, #1557, #1155 ),
 ( #1586, #962, #577 ),
 ( #1756, #789, #2372 ),
 ( #2174, #1168, #172 ),
 ( #1784, #1372, #2187 ),
 ( #1979, #189, #592 ),
 ( #1387, #2234, #1838 ),
 ( #37, #642, #1457 ),
 ( #627, #23, #2429 ),
 ( #2013, #1443, #2035 ),
 ( #409, #429, #1205 ) ),
 .UNSPECIFIED., .F., .F., .T. ) 
 B_SPLINE_SURFACE_WITH_KNOTS ( ( 4, 2, 2, 2, 2, 4 ),
 ( 3, 3 ),
 ( 0.001698040887622224689, 0.002041166498253506670, 0.002384292108884788867, 0.003070543330147353263, 0.003756794551409917658, 0.004443045772672482054 ),
 ( 0.000000000000000000, 1.000000000000000000 ),
 .UNSPECIFIED. ) 
 GEOMETRIC_REPRESENTATION_ITEM ( )  RATIONAL_B_SPLINE_SURFACE ( (
 ( 1.000000000000000000, 0.9906974722292783975, 1.000000000000000000),
 ( 1.000000000000000000, 0.9906088333658302769, 1.000000000000000000),
 ( 1.000000000000000000, 0.9849595721454158515, 1.000000000000000000),
 ( 1.000000000000000000, 0.9713989420210433767, 1.000000000000000000),
 ( 1.000000000000000000, 0.9631424766522962422, 1.000000000000000000),
 ( 1.000000000000000000, 0.9359041059791267658, 1.000000000000000000),
 ( 1.000000000000000000, 0.9145473922895093200, 1.000000000000000000),
 ( 1.000000000000000000, 0.8657155467525206038, 1.000000000000000000),
 ( 1.000000000000000000, 0.8380286685411046932, 1.000000000000000000),
 ( 1.000000000000000000, 0.7771584059222604868, 1.000000000000000000),
 ( 1.000000000000000000, 0.7438744122050440222, 1.000000000000000000),
 ( 1.000000000000000000, 0.7071067811865482389, 1.000000000000000000) ) ) 
 REPRESENTATION_ITEM ( '' )  SURFACE ( )  );
#229 = DIRECTION ( 'NONE',  ( 0.000000000000000000, 0.000000000000000000, 1.000000000000000000 ) ) ;
#230 = CARTESIAN_POINT ( 'NONE',  ( 8.499999999999996447, 3.500000000000000000, 5.750000000000000888 ) ) ;
#231 = VECTOR ( 'NONE', #364, 1000.000000000000000 ) ;
#232 = AXIS2_PLACEMENT_3D ( 'NONE', #1783, #2573, #1556 ) ;
#233 = LINE ( 'NONE', #1213, #716 ) ;
#234 = DIRECTION ( 'NONE',  ( 1.000000000000000000, -0.000000000000000000, 1.577021341797097314E-16 ) ) ;
#235 = DIRECTION ( 'NONE',  ( -0.000000000000000000, -1.000000000000000000, -0.000000000000000000 ) ) ;
#236 = ORIENTED_EDGE ( 'NONE', *, *, #2196, .T. ) ;
#237 = AXIS2_PLACEMENT_3D ( 'NONE', #2407, #1993, #762 ) ;
#238 = VERTEX_POINT ( 'NONE', #941 ) ;
#239 = CARTESIAN_POINT ( 'NONE',  ( -7.000000000000096811, 3.490740630440659853, -2.755736782929733675 ) ) ;
#240 = EDGE_CURVE ( 'NONE', #2561, #1865, #436, .T. ) ;
#241 = EDGE_LOOP ( 'NONE', ( #179, #792, #1375, #337 ) ) ;
#242 = PLANE ( 'NONE',  #27 ) ;
#243 = DIRECTION ( 'NONE',  ( 0.000000000000000000, 0.000000000000000000, -1.000000000000000000 ) ) ;
#244 = AXIS2_PLACEMENT_3D ( 'NONE', #1263, #326, #2060 ) ;
#245 = VECTOR ( 'NONE', #471, 1000.000000000000000 ) ;
#246 = CARTESIAN_POINT ( 'NONE',  ( 0.000000000000000000, 4.000000000000000000, -8.250000000000000000 ) ) ;
#247 = EDGE_CURVE ( 'NONE', #351, #2275, #1518, .T. ) ;
#248 = CARTESIAN_POINT ( 'NONE',  ( 8.572527594031470232E-16, 0.000000000000000000, -6.749999999999997335 ) ) ;
#249 = DIRECTION ( 'NONE',  ( 0.000000000000000000, 0.000000000000000000, 1.000000000000000000 ) ) ;
#250 = ORIENTED_EDGE ( 'NONE', *, *, #1809, .T. ) ;
#251 = CARTESIAN_POINT ( 'NONE',  ( -7.000000000000000888, 3.373916555099869985, -2.062401834728424532 ) ) ;
#252 = CIRCLE ( 'NONE', #1176, 0.5000000000000000000 ) ;
#253 = EDGE_LOOP ( 'NONE', ( #2489, #2119, #263, #633 ) ) ;
#254 = DIRECTION ( 'NONE',  ( -0.000000000000000000, -1.000000000000000000, -0.000000000000000000 ) ) ;
#255 = CARTESIAN_POINT ( 'NONE',  ( 12.50000000000000000, 6.249999999999999112, 1.125000000000001110 ) ) ;
#256 = EDGE_CURVE ( 'NONE', #2236, #2354, #2207, .T. ) ;
#257 = CARTESIAN_POINT ( 'NONE',  ( -15.41103500742243604, 5.859484888246739409, 7.750000000000000888 ) ) ;
#258 = ADVANCED_FACE ( 'NONE', ( #1722 ), #94, .F. ) ;
#259 = CARTESIAN_POINT ( 'NONE',  ( -12.49999999999999645, 7.500000000000000000, 4.999999999999985789 ) ) ;
#260 = ORIENTED_EDGE ( 'NONE', *, *, #1796, .T. ) ;
#261 = ORIENTED_EDGE ( 'NONE', *, *, #2537, .F. ) ;
#262 = CARTESIAN_POINT ( 'NONE',  ( -7.000000000000000888, 3.608886528182112752, -2.455683390710853953 ) ) ;
#263 = ORIENTED_EDGE ( 'NONE', *, *, #2399, .F. ) ;
#264 = CARTESIAN_POINT ( 'NONE',  ( 12.50000000000000000, 7.249999999999999112, 0.000000000000000000 ) ) ;
#265 = CARTESIAN_POINT ( 'NONE',  ( -12.49999999999999645, 7.249999999999999112, 2.874999999999983569 ) ) ;
#266 = FACE_OUTER_BOUND ( 'NONE', #2253, .T. ) ;
#267 = AXIS2_PLACEMENT_3D ( 'NONE', #1162, #1762, #195 ) ;
#268 = AXIS2_PLACEMENT_3D ( 'NONE', #357, #1331, #591 ) ;
#269 = LINE ( 'NONE', #1725, #1997 ) ;
#270 = CARTESIAN_POINT ( 'NONE',  ( 0.000000000000000000, 3.500000000000000000, 0.000000000000000000 ) ) ;
#271 = VERTEX_POINT ( 'NONE', #151 ) ;
#272 = EDGE_CURVE ( 'NONE', #818, #901, #2286, .T. ) ;
#273 = VERTEX_POINT ( 'NONE', #1708 ) ;
#274 = CARTESIAN_POINT ( 'NONE',  ( -12.49999999999999645, 6.000000000000000000, 6.624999999999985789 ) ) ;
#275 = EDGE_CURVE ( 'NONE', #1906, #1507, #2531, .T. ) ;
#276 = EDGE_LOOP ( 'NONE', ( #1689, #878, #2250 ) ) ;
#277 = DIRECTION ( 'NONE',  ( 0.000000000000000000, 1.000000000000000000, 0.000000000000000000 ) ) ;
#278 = CARTESIAN_POINT ( 'NONE',  ( -6.979255723683979618, 3.048296035654836089, -1.970278803241929833 ) ) ;
#279 = DIRECTION ( 'NONE',  ( -0.000000000000000000, 1.000000000000000000, -0.000000000000000000 ) ) ;
#280 = VECTOR ( 'NONE', #1061, 1000.000000000000000 ) ;
#281 = CARTESIAN_POINT ( 'NONE',  ( 0.000000000000000000, 3.000000000000000000, 0.000000000000000000 ) ) ;
#282 = DIRECTION ( 'NONE',  ( -0.000000000000000000, -1.000000000000000000, -0.000000000000000000 ) ) ;
#283 = ORIENTED_EDGE ( 'NONE', *, *, #318, .F. ) ;
#284 = AXIS2_PLACEMENT_3D ( 'NONE', #270, #1036, #2225 ) ;
#285 = VERTEX_POINT ( 'NONE', #1311 ) ;
#286 = DIRECTION ( 'NONE',  ( -0.000000000000000000, -1.000000000000000000, 0.000000000000000000 ) ) ;
#287 = LINE ( 'NONE', #2082, #1367 ) ;
#288 = ORIENTED_EDGE ( 'NONE', *, *, #648, .F. ) ;
#289 = EDGE_CURVE ( 'NONE', #2400, #41, #1686, .T. ) ;
#290 = DIRECTION ( 'NONE',  ( -0.000000000000000000, 1.000000000000000000, 0.000000000000000000 ) ) ;
#291 = CARTESIAN_POINT ( 'NONE',  ( -6.961172559180522690, 3.137194195193152346, -2.091513294424318214 ) ) ;
#292 = ORIENTED_EDGE ( 'NONE', *, *, #787, .T. ) ;
#293 = FACE_OUTER_BOUND ( 'NONE', #1533, .T. ) ;
#294 = AXIS2_PLACEMENT_3D ( 'NONE', #2072, #715, #1297 ) ;
#295 = CARTESIAN_POINT ( 'NONE',  ( -7.000000000000003553, 4.000000000000000000, 7.750000000000000000 ) ) ;
#296 = ORIENTED_EDGE ( 'NONE', *, *, #892, .T. ) ;
#297 = ORIENTED_EDGE ( 'NONE', *, *, #391, .F. ) ;
#298 = DIRECTION ( 'NONE',  ( 0.000000000000000000, 0.000000000000000000, 1.000000000000000000 ) ) ;
#299 = CARTESIAN_POINT ( 'NONE',  ( -14.57737973711328472, 3.500000000000000000, -8.250000000000000000 ) ) ;
#300 = EDGE_CURVE ( 'NONE', #1215, #1074, #533, .T. ) ;
#301 = TOROIDAL_SURFACE ( 'NONE', #92, 3.250000000000000000, 0.5000000000000000000 ) ;
#302 = VERTEX_POINT ( 'NONE', #1811 ) ;
#303 = CARTESIAN_POINT ( 'NONE',  ( -6.981481481481484508, 3.000000000000000000, -1.954844322121602307 ) ) ;
#304 = CARTESIAN_POINT ( 'NONE',  ( -6.974005441254073290, 3.083974696992989983, -2.006074412454704969 ) ) ;
#305 = EDGE_CURVE ( 'NONE', #1126, #2584, #1025, .T. ) ;
#306 = ORIENTED_EDGE ( 'NONE', *, *, #57, .T. ) ;
#307 = DIRECTION ( 'NONE',  ( 0.000000000000000000, 0.000000000000000000, 1.000000000000000000 ) ) ;
#308 = DIRECTION ( 'NONE',  ( -0.000000000000000000, -1.000000000000000000, -0.000000000000000000 ) ) ;
#309 = LINE ( 'NONE', #70, #118 ) ;
#310 = ORIENTED_EDGE ( 'NONE', *, *, #2272, .F. ) ;
#311 = DIRECTION ( 'NONE',  ( 0.000000000000000000, 0.000000000000000000, -1.000000000000000000 ) ) ;
#312 = CARTESIAN_POINT ( 'NONE',  ( -6.500000000000000888, 3.500000000000000000, -8.250000000000000000 ) ) ;
#313 = CYLINDRICAL_SURFACE ( 'NONE', #1703, 1.124999999999999334 ) ;
#314 = CIRCLE ( 'NONE', #2118, 1.124999999999999334 ) ;
#315 = AXIS2_PLACEMENT_3D ( 'NONE', #1064, #254, #438 ) ;
#316 = ORIENTED_EDGE ( 'NONE', *, *, #340, .F. ) ;
#317 = DIRECTION ( 'NONE',  ( -0.000000000000000000, -1.000000000000000000, -0.000000000000000000 ) ) ;
#318 = EDGE_CURVE ( 'NONE', #2289, #321, #2575, .T. ) ;
#319 = CARTESIAN_POINT ( 'NONE',  ( -12.49999999999999645, 5.500000000000000000, 3.374999999999986677 ) ) ;
#320 = TOROIDAL_SURFACE ( 'NONE', #1786, 1.624999999999999556, 0.5000000000000000000 ) ;
#321 = VERTEX_POINT ( 'NONE', #2594 ) ;
#322 = AXIS2_PLACEMENT_3D ( 'NONE', #1245, #2455, #2268 ) ;
#323 = DIRECTION ( 'NONE',  ( 1.000000000000000000, 0.000000000000000000, -1.224646799147353207E-16 ) ) ;
#324 = DIRECTION ( 'NONE',  ( 0.000000000000000000, -1.000000000000000000, 0.000000000000000000 ) ) ;
#325 = CIRCLE ( 'NONE', #1792, 16.74999999999999645 ) ;
#326 = DIRECTION ( 'NONE',  ( -8.673617379884031528E-16, -1.000000000000000000, -3.097673734417691103E-15 ) ) ;
#327 = CARTESIAN_POINT ( 'NONE',  ( -15.35652219485738179, 3.814389592626673764, 7.783553210021413982 ) ) ;
#328 = EDGE_LOOP ( 'NONE', ( #115, #292, #236, #2462 ) ) ;
#329 = TOROIDAL_SURFACE ( 'NONE', #158, 16.99999999999999645, 0.2500000000000000000 ) ;
#330 = ORIENTED_EDGE ( 'NONE', *, *, #1651, .T. ) ;
#331 = DIRECTION ( 'NONE',  ( 0.000000000000000000, -1.000000000000000000, 0.000000000000000000 ) ) ;
#332 = CARTESIAN_POINT ( 'NONE',  ( -12.49999999999999645, 7.500000000000000000, 6.124999999999985789 ) ) ;
#333 = AXIS2_PLACEMENT_3D ( 'NONE', #2036, #48, #849 ) ;
#334 = EDGE_LOOP ( 'NONE', ( #1434, #1971 ) ) ;
#335 = LINE ( 'NONE', #1517, #488 ) ;
#336 = CARTESIAN_POINT ( 'NONE',  ( 0.000000000000000000, 3.000000000000000000, -3.649999999999999911 ) ) ;
#337 = ORIENTED_EDGE ( 'NONE', *, *, #1449, .F. ) ;
#338 = CARTESIAN_POINT ( 'NONE',  ( -6.500000000000004441, 3.500000000000000000, 4.220485754033524550 ) ) ;
#339 = CYLINDRICAL_SURFACE ( 'NONE', #1423, 1.124999999999999334 ) ;
#340 = EDGE_CURVE ( 'NONE', #1642, #1906, #1431, .T. ) ;
#341 = DIRECTION ( 'NONE',  ( -0.000000000000000000, -1.000000000000000000, -0.000000000000000000 ) ) ;
#342 = VERTEX_POINT ( 'NONE', #2567 ) ;
#343 = EDGE_CURVE ( 'NONE', #1126, #1567, #1801, .T. ) ;
#344 = CARTESIAN_POINT ( 'NONE',  ( -12.50000000000000000, 7.500000000000000000, -3.875000000000014655 ) ) ;
#345 = CARTESIAN_POINT ( 'NONE',  ( 0.000000000000000000, 3.000000000000000000, 0.000000000000000000 ) ) ;
#346 = DIRECTION ( 'NONE',  ( 0.000000000000000000, 0.000000000000000000, -1.000000000000000000 ) ) ;
#347 = TOROIDAL_SURFACE ( 'NONE', #510, 6.749999999999997335, 0.5000000000000000000 ) ;
#348 = ORIENTED_EDGE ( 'NONE', *, *, #2438, .F. ) ;
#349 = CARTESIAN_POINT ( 'NONE',  ( -12.50000000000000000, 6.249999999999999112, -7.125000000000016875 ) ) ;
#350 = CIRCLE ( 'NONE', #1223, 0.5000000000000000000 ) ;
#351 = VERTEX_POINT ( 'NONE', #1604 ) ;
#352 = CARTESIAN_POINT ( 'NONE',  ( 2.081899558550499885E-15, 7.249999999999999112, -16.99999999999999645 ) ) ;
#353 = CARTESIAN_POINT ( 'NONE',  ( 12.50000000000000000, 6.000000000000000000, 0.000000000000000000 ) ) ;
#354 = EDGE_CURVE ( 'NONE', #224, #2374, #2246, .T. ) ;
#355 = ORIENTED_EDGE ( 'NONE', *, *, #359, .F. ) ;
#356 = ADVANCED_FACE ( 'NONE', ( #1580 ), #2194, .T. ) ;
#357 = CARTESIAN_POINT ( 'NONE',  ( 12.50000000000000000, 7.249999999999999112, -2.374999999999999556 ) ) ;
#358 = DIRECTION ( 'NONE',  ( -0.000000000000000000, -1.000000000000000000, -0.000000000000000000 ) ) ;
#359 = EDGE_CURVE ( 'NONE', #224, #806, #1399, .T. ) ;
#360 = ORIENTED_EDGE ( 'NONE', *, *, #805, .F. ) ;
#361 = CARTESIAN_POINT ( 'NONE',  ( -7.000000000000002665, 3.695706820110782331, 2.666094668554942704 ) ) ;
#362 =( NAMED_UNIT ( * ) PLANE_ANGLE_UNIT ( ) SI_UNIT ( $, .RADIAN. ) );
#363 = EDGE_LOOP ( 'NONE', ( #296, #1158, #1564, #161 ) ) ;
#364 = DIRECTION ( 'NONE',  ( -0.000000000000000000, -1.000000000000000000, -0.000000000000000000 ) ) ;
#365 = DIRECTION ( 'NONE',  ( 0.000000000000000000, -0.000000000000000000, 1.000000000000000000 ) ) ;
#366 = AXIS2_PLACEMENT_3D ( 'NONE', #1872, #2042, #463 ) ;
#367 = FILL_AREA_STYLE ('',( #186 ) ) ;
#368 = EDGE_LOOP ( 'NONE', ( #968, #2304, #1389, #656 ) ) ;
#369 = DIRECTION ( 'NONE',  ( 0.000000000000000000, 0.000000000000000000, 1.000000000000000000 ) ) ;
#370 = CARTESIAN_POINT ( 'NONE',  ( -6.981481388196289828, 3.059672166759256573, 1.954844655277982346 ) ) ;
#371 = DIRECTION ( 'NONE',  ( 0.000000000000000000, 0.000000000000000000, 1.000000000000000000 ) ) ;
#372 = CIRCLE ( 'NONE', #1001, 0.5000000000000000000 ) ;
#373 = ORIENTED_EDGE ( 'NONE', *, *, #32, .F. ) ;
#374 = AXIS2_PLACEMENT_3D ( 'NONE', #990, #174, #1000 ) ;
#375 = CARTESIAN_POINT ( 'NONE',  ( -6.500000000000000888, 3.500000000000000000, -8.250000000000000000 ) ) ;
#376 = DIRECTION ( 'NONE',  ( 0.000000000000000000, 0.000000000000000000, -1.000000000000000000 ) ) ;
#377 = AXIS2_PLACEMENT_3D ( 'NONE', #1420, #1239, #430 ) ;
#378 = ADVANCED_FACE ( 'NONE', ( #807 ), #766, .T. ) ;
#379 = ORIENTED_EDGE ( 'NONE', *, *, #835, .F. ) ;
#380 = DIRECTION ( 'NONE',  ( 0.000000000000000000, 0.000000000000000000, -1.000000000000000000 ) ) ;
#381 = CARTESIAN_POINT ( 'NONE',  ( 0.000000000000000000, 4.500000000000000888, 0.000000000000000000 ) ) ;
#382 = DIRECTION ( 'NONE',  ( 0.000000000000000000, 1.000000000000000000, 0.000000000000000000 ) ) ;
#383 = ORIENTED_EDGE ( 'NONE', *, *, #1159, .T. ) ;
#384 = CARTESIAN_POINT ( 'NONE',  ( 0.000000000000000000, 3.500000000000000000, 0.000000000000000000 ) ) ;
#385 = DIRECTION ( 'NONE',  ( -1.000000000000000000, -0.000000000000000000, -0.000000000000000000 ) ) ;
#386 = CARTESIAN_POINT ( 'NONE',  ( 8.499999999999996447, 3.500000000000000000, -5.749999999999999112 ) ) ;
#387 = ORIENTED_EDGE ( 'NONE', *, *, #755, .F. ) ;
#388 = DIRECTION ( 'NONE',  ( 0.000000000000000000, 0.000000000000000000, 1.000000000000000000 ) ) ;
#389 = VECTOR ( 'NONE', #729, 1000.000000000000000 ) ;
#390 = DIRECTION ( 'NONE',  ( 0.000000000000000000, 1.000000000000000000, 0.000000000000000000 ) ) ;
#391 = EDGE_CURVE ( 'NONE', #1810, #133, #1360, .T. ) ;
#392 = ORIENTED_EDGE ( 'NONE', *, *, #709, .F. ) ;
#393 = DIRECTION ( 'NONE',  ( 0.000000000000000000, 0.000000000000000000, 1.000000000000000000 ) ) ;
#394 = DIRECTION ( 'NONE',  ( 0.000000000000000000, 0.000000000000000000, -1.000000000000000000 ) ) ;
#395 = EDGE_CURVE ( 'NONE', #401, #1648, #442, .T. ) ;
#396 = DIRECTION ( 'NONE',  ( 0.000000000000000000, 0.000000000000000000, 1.000000000000000000 ) ) ;
#397 = ORIENTED_EDGE ( 'NONE', *, *, #1010, .T. ) ;
#398 = DIRECTION ( 'NONE',  ( -1.577021341797097314E-16, 0.000000000000000000, 1.000000000000000000 ) ) ;
#399 = CARTESIAN_POINT ( 'NONE',  ( -12.50000000000000000, 7.249999999999999112, -2.875000000000011102 ) ) ;
#400 = CARTESIAN_POINT ( 'NONE',  ( -7.000000000000001776, 3.977237633318167820, -3.765424485920485065 ) ) ;
#401 = VERTEX_POINT ( 'NONE', #1616 ) ;
#402 = CARTESIAN_POINT ( 'NONE',  ( 0.000000000000000000, 4.000000000000000000, 0.000000000000000000 ) ) ;
#403 = ORIENTED_EDGE ( 'NONE', *, *, #391, .T. ) ;
#404 = DIRECTION ( 'NONE',  ( 0.000000000000000000, 0.000000000000000000, 1.000000000000000000 ) ) ;
#405 = CARTESIAN_POINT ( 'NONE',  ( 16.23011799434022251, 3.641345820612464479, 5.396393864041368005 ) ) ;
#406 = CARTESIAN_POINT ( 'NONE',  ( 0.000000000000000000, 0.5000000000000000000, -3.649999999999999911 ) ) ;
#407 = CIRCLE ( 'NONE', #1861, 0.5000000000000004441 ) ;
#408 = EDGE_CURVE ( 'NONE', #2530, #155, #1656, .T. ) ;
#409 = CARTESIAN_POINT ( 'NONE',  ( -6.500000000000004441, 3.500000000000009770, 4.220485754033523662 ) ) ;
#410 = CARTESIAN_POINT ( 'NONE',  ( -7.000000000000000888, 3.000000000000000000, -1.820027472320112638 ) ) ;
#411 = ORIENTED_EDGE ( 'NONE', *, *, #967, .T. ) ;
#412 = AXIS2_PLACEMENT_3D ( 'NONE', #1050, #659, #1039 ) ;
#413 = AXIS2_PLACEMENT_3D ( 'NONE', #1398, #2587, #371 ) ;
#414 = VERTEX_POINT ( 'NONE', #1187 ) ;
#415 = CARTESIAN_POINT ( 'NONE',  ( 15.90597372058686432, 5.500000000000000000, -5.249999999999998224 ) ) ;
#416 = DIRECTION ( 'NONE',  ( 0.000000000000000000, -1.000000000000000000, -0.000000000000000000 ) ) ;
#417 = DIRECTION ( 'NONE',  ( 1.000000000000000000, 0.000000000000000000, 0.000000000000000000 ) ) ;
#418 = EDGE_CURVE ( 'NONE', #1918, #1291, #969, .T. ) ;
#419 = CARTESIAN_POINT ( 'NONE',  ( -12.49999999999999645, 7.249999999999999112, 7.124999999999989342 ) ) ;
#420 = ORIENTED_EDGE ( 'NONE', *, *, #1986, .T. ) ;
#421 = ADVANCED_FACE ( 'NONE', ( #1984 ), #320, .T. ) ;
#422 = ORIENTED_EDGE ( 'NONE', *, *, #576, .T. ) ;
#423 = CARTESIAN_POINT ( 'NONE',  ( -6.603475272860810819, 3.488615696880398964, -3.826980856493398253 ) ) ;
#424 = ORIENTED_EDGE ( 'NONE', *, *, #1986, .F. ) ;
#425 = FACE_BOUND ( 'NONE', #1885, .T. ) ;
#426 = AXIS2_PLACEMENT_3D ( 'NONE', #1945, #2138, #394 ) ;
#427 = LINE ( 'NONE', #614, #976 ) ;
#428 = CIRCLE ( 'NONE', #639, 1.124999999999999334 ) ;
#429 = CARTESIAN_POINT ( 'NONE',  ( -7.000000000000002665, 3.500000000000010214, 4.220485754033523662 ) ) ;
#430 = DIRECTION ( 'NONE',  ( 0.000000000000000000, 0.000000000000000000, -1.000000000000000000 ) ) ;
#431 = VERTEX_POINT ( 'NONE', #995 ) ;
#432 = AXIS2_PLACEMENT_3D ( 'NONE', #222, #249, #1460 ) ;
#433 = EDGE_LOOP ( 'NONE', ( #661, #1171, #1013, #1274 ) ) ;
#434 = CARTESIAN_POINT ( 'NONE',  ( -7.000000000000000888, 3.499999999999999112, -4.220485754033528103 ) ) ;
#435 = VERTEX_POINT ( 'NONE', #1366 ) ;
#436 = CIRCLE ( 'NONE', #943, 7.249999999999997335 ) ;
#437 = ADVANCED_FACE ( 'NONE', ( #1175 ), #1972, .F. ) ;
#438 = DIRECTION ( 'NONE',  ( 0.000000000000000000, 0.000000000000000000, -1.000000000000000000 ) ) ;
#439 = CARTESIAN_POINT ( 'NONE',  ( -12.49999999999999645, 6.000000000000000000, 6.124999999999985789 ) ) ;
#440 = CIRCLE ( 'NONE', #268, 0.2500000000000002220 ) ;
#441 = CARTESIAN_POINT ( 'NONE',  ( -6.500000000000002665, 0.000000000000000000, -1.818661708685362849E-15 ) ) ;
#442 = CIRCLE ( 'NONE', #1899, 2.124999999999999112 ) ;
#443 = CARTESIAN_POINT ( 'NONE',  ( -15.12697565099037433, 5.545538689256405362, -7.749999999999999112 ) ) ;
#444 = FACE_OUTER_BOUND ( 'NONE', #363, .T. ) ;
#445 = ORIENTED_EDGE ( 'NONE', *, *, #1484, .F. ) ;
#446 = AXIS2_PLACEMENT_3D ( 'NONE', #1733, #2147, #2536 ) ;
#447 = VERTEX_POINT ( 'NONE', #1198 ) ;
#448 = CARTESIAN_POINT ( 'NONE',  ( -7.000000000000000888, 3.575710370170727348, -3.825591733785163928 ) ) ;
#449 = ADVANCED_FACE ( 'NONE', ( #1833 ), #2435, .T. ) ;
#450 = ORIENTED_EDGE ( 'NONE', *, *, #2249, .T. ) ;
#451 = FACE_OUTER_BOUND ( 'NONE', #253, .T. ) ;
#452 = CARTESIAN_POINT ( 'NONE',  ( 0.000000000000000000, 3.000000000000000000, 0.000000000000000000 ) ) ;
#453 = AXIS2_PLACEMENT_3D ( 'NONE', #1937, #1743, #1878 ) ;
#454 = EDGE_CURVE ( 'NONE', #1450, #435, #2028, .T. ) ;
#455 = CARTESIAN_POINT ( 'NONE',  ( 16.43167672515497912, 7.500000000000000000, -5.249999999999998224 ) ) ;
#456 = AXIS2_PLACEMENT_3D ( 'NONE', #1094, #1138, #900 ) ;
#457 = DIRECTION ( 'NONE',  ( -0.000000000000000000, -1.000000000000000000, 0.000000000000000000 ) ) ;
#458 = CARTESIAN_POINT ( 'NONE',  ( 12.50000000000000000, 6.249999999999999112, -2.124999999999999112 ) ) ;
#459 = ORIENTED_EDGE ( 'NONE', *, *, #1900, .T. ) ;
#460 = ORIENTED_EDGE ( 'NONE', *, *, #215, .T. ) ;
#461 = APPLICATION_CONTEXT ( 'automotive_design' ) ;
#462 = ORIENTED_EDGE ( 'NONE', *, *, #1547, .T. ) ;
#463 = DIRECTION ( 'NONE',  ( 0.000000000000000000, 0.000000000000000000, -1.000000000000000000 ) ) ;
#464 = ADVANCED_FACE ( 'NONE', ( #479, #1643 ), #2056, .T. ) ;
#465 = VECTOR ( 'NONE', #2257, 1000.000000000000000 ) ;
#466 = CARTESIAN_POINT ( 'NONE',  ( -6.604823893895454212, 3.500000000000000888, -3.829542980391940965 ) ) ;
#467 = AXIS2_PLACEMENT_3D ( 'NONE', #2023, #1202, #665 ) ;
#468 = ADVANCED_FACE ( 'NONE', ( #1858 ), #2496, .T. ) ;
#469 = CARTESIAN_POINT ( 'NONE',  ( 0.000000000000000000, 7.500000000000000000, 0.000000000000000000 ) ) ;
#470 = DIRECTION ( 'NONE',  ( 0.000000000000000000, 0.000000000000000000, 1.000000000000000000 ) ) ;
#471 = DIRECTION ( 'NONE',  ( -0.000000000000000000, 1.000000000000000000, -0.000000000000000000 ) ) ;
#472 = EDGE_LOOP ( 'NONE', ( #1727, #1403, #1967, #2146 ) ) ;
#473 = SHAPE_DEFINITION_REPRESENTATION ( #552, #894 ) ;
#474 = AXIS2_PLACEMENT_3D ( 'NONE', #1630, #2256, #1405 ) ;
#475 = CARTESIAN_POINT ( 'NONE',  ( -12.50000000000000000, 7.500000000000000000, -5.000000000000014211 ) ) ;
#476 = AXIS2_PLACEMENT_3D ( 'NONE', #1969, #1955, #2361 ) ;
#477 = CARTESIAN_POINT ( 'NONE',  ( -6.999999999999793943, 3.088596839698315222, -1.888707810014686350 ) ) ;
#478 = EDGE_LOOP ( 'NONE', ( #635, #1772, #597, #948 ) ) ;
#479 = FACE_BOUND ( 'NONE', #26, .T. ) ;
#480 = CARTESIAN_POINT ( 'NONE',  ( 0.000000000000000000, 7.500000000000000000, 16.99999999999999645 ) ) ;
#481 = DIRECTION ( 'NONE',  ( -0.000000000000000000, 1.000000000000000000, -0.000000000000000000 ) ) ;
#482 = CARTESIAN_POINT ( 'NONE',  ( -12.49999999999999645, 6.249999999999999112, 4.999999999999985789 ) ) ;
#483 = ORIENTED_EDGE ( 'NONE', *, *, #1059, .F. ) ;
#484 = ADVANCED_FACE ( 'NONE', ( #1427 ), #1991, .T. ) ;
#485 = AXIS2_PLACEMENT_3D ( 'NONE', #180, #983, #404 ) ;
#486 = CARTESIAN_POINT ( 'NONE',  ( 0.000000000000000000, 5.500000000000000000, 0.000000000000000000 ) ) ;
#487 = FACE_OUTER_BOUND ( 'NONE', #1891, .T. ) ;
#488 = VECTOR ( 'NONE', #120, 1000.000000000000000 ) ;
#489 = EDGE_LOOP ( 'NONE', ( #2330, #1649, #1337, #1653 ) ) ;
#490 = LINE ( 'NONE', #1307, #1238 ) ;
#491 = LINE ( 'NONE', #2281, #2238 ) ;
#492 = EDGE_LOOP ( 'NONE', ( #2349, #1610, #28, #2508 ) ) ;
#493 = DIRECTION ( 'NONE',  ( 0.000000000000000000, -0.000000000000000000, -1.000000000000000000 ) ) ;
#494 = VECTOR ( 'NONE', #1817, 1000.000000000000000 ) ;
#495 = DIRECTION ( 'NONE',  ( -0.000000000000000000, 1.000000000000000000, -0.000000000000000000 ) ) ;
#496 = FACE_OUTER_BOUND ( 'NONE', #959, .T. ) ;
#497 = ADVANCED_FACE ( 'NONE', ( #662 ), #857, .T. ) ;
#498 = ORIENTED_EDGE ( 'NONE', *, *, #2318, .T. ) ;
#499 = FACE_OUTER_BOUND ( 'NONE', #2482, .T. ) ;
#500 = CARTESIAN_POINT ( 'NONE',  ( 0.000000000000000000, 7.500000000000000000, 0.000000000000000000 ) ) ;
#501 = CARTESIAN_POINT ( 'NONE',  ( 1.836970198721030181E-16, 7.500000000000000000, 1.500000000000000222 ) ) ;
#502 = ADVANCED_FACE ( 'NONE', ( #843 ), #42, .F. ) ;
#503 = ORIENTED_EDGE ( 'NONE', *, *, #1045, .F. ) ;
#504 = FACE_OUTER_BOUND ( 'NONE', #2397, .T. ) ;
#505 = CARTESIAN_POINT ( 'NONE',  ( 12.50000000000000000, 6.000000000000000000, -1.625000000000001332 ) ) ;
#506 = VERTEX_POINT ( 'NONE', #1845 ) ;
#507 = DIRECTION ( 'NONE',  ( 0.000000000000000000, -1.000000000000000000, 0.000000000000000000 ) ) ;
#508 = AXIS2_PLACEMENT_3D ( 'NONE', #1904, #282, #112 ) ;
#509 = DIRECTION ( 'NONE',  ( 0.000000000000000000, 0.000000000000000000, 1.000000000000000000 ) ) ;
#510 = AXIS2_PLACEMENT_3D ( 'NONE', #1522, #912, #1481 ) ;
#511 = FACE_BOUND ( 'NONE', #1095, .T. ) ;
#512 = ORIENTED_EDGE ( 'NONE', *, *, #2000, .T. ) ;
#513 =( BOUNDED_CURVE ( )  B_SPLINE_CURVE ( 3, ( #993, #1601, #1953, #375 ),
 .UNSPECIFIED., .F., .T. ) 
 B_SPLINE_CURVE_WITH_KNOTS ( ( 4, 4 ),
 ( 3.141592653589793116, 4.712388980384688786 ),
 .UNSPECIFIED. ) 
 CURVE ( )  GEOMETRIC_REPRESENTATION_ITEM ( )  RATIONAL_B_SPLINE_CURVE ( ( 1.000000000000000000, 0.8047378541243652705, 0.8047378541243652705, 1.000000000000000000 ) ) 
 REPRESENTATION_ITEM ( '' )  );
#514 = ORIENTED_EDGE ( 'NONE', *, *, #1551, .T. ) ;
#515 = FACE_OUTER_BOUND ( 'NONE', #606, .T. ) ;
#516 = CIRCLE ( 'NONE', #1020, 0.4999999999999995559 ) ;
#517 = EDGE_LOOP ( 'NONE', ( #1334, #953, #1446, #1880 ) ) ;
#518 = DIRECTION ( 'NONE',  ( 1.000000000000000000, 0.000000000000000000, -1.224646799147353207E-16 ) ) ;
#519 = DIRECTION ( 'NONE',  ( 0.000000000000000000, 0.000000000000000000, -1.000000000000000000 ) ) ;
#520 = ORIENTED_EDGE ( 'NONE', *, *, #1694, .F. ) ;
#521 = CARTESIAN_POINT ( 'NONE',  ( -6.604771742804038226, 3.500000000000053735, 3.829737478909050807 ) ) ;
#522 = CARTESIAN_POINT ( 'NONE',  ( -15.41103500742243781, 7.500000000000000000, -7.750000000000000000 ) ) ;
#523 = FACE_OUTER_BOUND ( 'NONE', #2050, .T. ) ;
#524 = CARTESIAN_POINT ( 'NONE',  ( -15.41103500742243959, 3.949603097885331149, 7.750000000000000000 ) ) ;
#525 = ORIENTED_EDGE ( 'NONE', *, *, #755, .T. ) ;
#526 = ORIENTED_EDGE ( 'NONE', *, *, #289, .F. ) ;
#527 = DIRECTION ( 'NONE',  ( 0.000000000000000000, 0.000000000000000000, 1.000000000000000000 ) ) ;
#528 = LINE ( 'NONE', #332, #1040 ) ;
#529 = ORIENTED_EDGE ( 'NONE', *, *, #1824, .T. ) ;
#530 = CIRCLE ( 'NONE', #322, 2.125000000000002665 ) ;
#531 = ADVANCED_FACE ( 'NONE', ( #1821 ), #2030, .T. ) ;
#532 = ORIENTED_EDGE ( 'NONE', *, *, #1363, .T. ) ;
#533 = LINE ( 'NONE', #2312, #2059 ) ;
#534 = DIRECTION ( 'NONE',  ( 0.000000000000000000, -1.000000000000000000, 0.000000000000000000 ) ) ;
#535 = ADVANCED_FACE ( 'NONE', ( #451 ), #1860, .F. ) ;
#536 = CIRCLE ( 'NONE', #864, 4.150000000000000355 ) ;
#537 = DIRECTION ( 'NONE',  ( 0.000000000000000000, 0.000000000000000000, 1.000000000000000000 ) ) ;
#538 = ORIENTED_EDGE ( 'NONE', *, *, #1957, .T. ) ;
#539 = AXIS2_PLACEMENT_3D ( 'NONE', #500, #2095, #298 ) ;
#540 = CARTESIAN_POINT ( 'NONE',  ( -9.067872715333308198E-16, 4.000000000000000000, 5.749999999999999112 ) ) ;
#541 = CYLINDRICAL_SURFACE ( 'NONE', #2424, 1.125000000000001110 ) ;
#542 = VERTEX_POINT ( 'NONE', #650 ) ;
#543 = CARTESIAN_POINT ( 'NONE',  ( 0.000000000000000000, 4.000000000000000000, -2.000000000000000000 ) ) ;
#544 = CARTESIAN_POINT ( 'NONE',  ( 0.000000000000000000, 4.500000000000000888, -2.000000000000000000 ) ) ;
#545 = ORIENTED_EDGE ( 'NONE', *, *, #1014, .F. ) ;
#546 = CARTESIAN_POINT ( 'NONE',  ( 12.50000000000000000, 7.500000000000000000, -2.374999999999999556 ) ) ;
#547 = DIRECTION ( 'NONE',  ( 0.000000000000000000, 0.000000000000000000, -1.000000000000000000 ) ) ;
#548 = CIRCLE ( 'NONE', #838, 2.125000000000002665 ) ;
#549 = EDGE_CURVE ( 'NONE', #551, #41, #25, .T. ) ;
#550 = CARTESIAN_POINT ( 'NONE',  ( -14.84924240491749536, 5.500000000000000000, -7.750000000000000000 ) ) ;
#551 = VERTEX_POINT ( 'NONE', #2467 ) ;
#552 = PRODUCT_DEFINITION_SHAPE ( 'NONE', 'NONE',  #2448 ) ;
#553 = DIRECTION ( 'NONE',  ( 0.000000000000000000, -1.000000000000000000, 0.000000000000000000 ) ) ;
#554 = CARTESIAN_POINT ( 'NONE',  ( -7.000000000000001776, 0.5000000000000004441, 1.820027472320108641 ) ) ;
#555 = TOROIDAL_SURFACE ( 'NONE', #717, 2.000000000000000000, 0.5000000000000000000 ) ;
#556 = ORIENTED_EDGE ( 'NONE', *, *, #2285, .F. ) ;
#557 = VECTOR ( 'NONE', #2436, 1000.000000000000000 ) ;
#558 = ORIENTED_EDGE ( 'NONE', *, *, #2032, .T. ) ;
#559 = DIRECTION ( 'NONE',  ( 1.577021341797097314E-16, 0.000000000000000000, -1.000000000000000000 ) ) ;
#560 = LINE ( 'NONE', #2568, #83 ) ;
#561 = DIRECTION ( 'NONE',  ( -0.000000000000000000, -1.000000000000000000, -0.000000000000000000 ) ) ;
#562 = EDGE_LOOP ( 'NONE', ( #538, #580, #1401, #49 ) ) ;
#563 = ADVANCED_FACE ( 'NONE', ( #637 ), #242, .F. ) ;
#564 = CARTESIAN_POINT ( 'NONE',  ( -7.000000000000003553, 5.500000000000000000, 7.750000000000000000 ) ) ;
#565 = DIRECTION ( 'NONE',  ( 0.000000000000000000, 0.000000000000000000, -1.000000000000000000 ) ) ;
#566 = EDGE_CURVE ( 'NONE', #2154, #1542, #1442, .T. ) ;
#567 = ORIENTED_EDGE ( 'NONE', *, *, #2018, .F. ) ;
#568 = CARTESIAN_POINT ( 'NONE',  ( -7.000000000000003553, 3.898001242727481497, 3.318454985847518746 ) ) ;
#569 = FACE_OUTER_BOUND ( 'NONE', #194, .T. ) ;
#570 = ORIENTED_EDGE ( 'NONE', *, *, #160, .T. ) ;
#571 = FACE_OUTER_BOUND ( 'NONE', #1063, .T. ) ;
#572 = CIRCLE ( 'NONE', #784, 1.500000000000000222 ) ;
#573 = CARTESIAN_POINT ( 'NONE',  ( -12.49999999999999645, 6.249999999999999112, 4.999999999999985789 ) ) ;
#574 = ORIENTED_EDGE ( 'NONE', *, *, #1484, .T. ) ;
#575 = DIRECTION ( 'NONE',  ( 0.000000000000000000, 0.000000000000000000, 1.000000000000000000 ) ) ;
#576 = EDGE_CURVE ( 'NONE', #1244, #1074, #530, .T. ) ;
#577 = CARTESIAN_POINT ( 'NONE',  ( -7.000000000000002665, 3.217821738656820862, 1.896557974943152924 ) ) ;
#578 = CARTESIAN_POINT ( 'NONE',  ( -7.000000000000001776, 3.696076829007281184, -2.666770560873765294 ) ) ;
#579 = VECTOR ( 'NONE', #1084, 1000.000000000000000 ) ;
#580 = ORIENTED_EDGE ( 'NONE', *, *, #644, .F. ) ;
#581 = TOROIDAL_SURFACE ( 'NONE', #2038, 7.749999999999998224, 0.5000000000000000000 ) ;
#582 = EDGE_CURVE ( 'NONE', #273, #1038, #657, .T. ) ;
#583 = CARTESIAN_POINT ( 'NONE',  ( -7.000000000000002665, 3.114462701380321441, 1.839871730191405597 ) ) ;
#584 = CARTESIAN_POINT ( 'NONE',  ( 1.836970198721030181E-16, 4.500000000000000888, 1.500000000000000222 ) ) ;
#585 = CIRCLE ( 'NONE', #2264, 0.4999999999999995559 ) ;
#586 = ORIENTED_EDGE ( 'NONE', *, *, #1513, .F. ) ;
#587 = CARTESIAN_POINT ( 'NONE',  ( 0.000000000000000000, 3.000000000000000000, 0.000000000000000000 ) ) ;
#588 = DIRECTION ( 'NONE',  ( -1.000000000000000000, -0.000000000000000000, -0.000000000000000000 ) ) ;
#589 = DIRECTION ( 'NONE',  ( -0.000000000000000000, -1.000000000000000000, -0.000000000000000000 ) ) ;
#590 = ORIENTED_EDGE ( 'NONE', *, *, #594, .F. ) ;
#591 = DIRECTION ( 'NONE',  ( 0.000000000000000000, 0.000000000000000000, -1.000000000000000000 ) ) ;
#592 = CARTESIAN_POINT ( 'NONE',  ( -7.000000000000002665, 3.696137744671319947, 2.667152698771501740 ) ) ;
#593 = CARTESIAN_POINT ( 'NONE',  ( -7.000000000000000888, 3.255989906681255430, -1.937298416573671966 ) ) ;
#594 = EDGE_CURVE ( 'NONE', #414, #1918, #490, .T. ) ;
#595 = EDGE_LOOP ( 'NONE', ( #681, #84, #1145, #2525, #2419 ) ) ;
#596 = CARTESIAN_POINT ( 'NONE',  ( -14.57737973711328472, 3.500000000000000000, -8.250000000000000000 ) ) ;
#597 = ORIENTED_EDGE ( 'NONE', *, *, #816, .F. ) ;
#598 = DIRECTION ( 'NONE',  ( 1.000000000000000000, 8.673617379884035472E-15, 5.943299437757485640E-28 ) ) ;
#599 = CARTESIAN_POINT ( 'NONE',  ( 8.878689293818308102E-16, 3.500000000000000000, 7.249999999999997335 ) ) ;
#600 = APPLICATION_CONTEXT ( 'automotive_design' ) ;
#601 = AXIS2_PLACEMENT_3D ( 'NONE', #55, #2031, #243 ) ;
#602 = EDGE_CURVE ( 'NONE', #435, #2374, #938, .T. ) ;
#603 = CARTESIAN_POINT ( 'NONE',  ( -7.000000000000000888, 0.5000000000000004441, -1.820027472320112638 ) ) ;
#604 = FACE_OUTER_BOUND ( 'NONE', #2359, .T. ) ;
#605 = AXIS2_PLACEMENT_3D ( 'NONE', #1751, #559, #1148 ) ;
#606 = EDGE_LOOP ( 'NONE', ( #1048, #850, #765, #2293 ) ) ;
#607 = CARTESIAN_POINT ( 'NONE',  ( 12.50000000000000000, 7.500000000000000000, 0.000000000000000000 ) ) ;
#608 = AXIS2_PLACEMENT_3D ( 'NONE', #1180, #156, #747 ) ;
#609 = EDGE_LOOP ( 'NONE', ( #250, #1161, #2547, #1492 ) ) ;
#610 = CARTESIAN_POINT ( 'NONE',  ( -6.500000000000001776, 0.5000000000000000000, -1.820027472320116191 ) ) ;
#611 = EDGE_CURVE ( 'NONE', #1918, #1964, #1719, .T. ) ;
#612 = FACE_OUTER_BOUND ( 'NONE', #122, .T. ) ;
#613 = ADVANCED_FACE ( 'NONE', ( #2086 ), #696, .F. ) ;
#614 = CARTESIAN_POINT ( 'NONE',  ( -7.000000000000001776, 3.500000000000000000, 1.820027472320108641 ) ) ;
#615 = DIRECTION ( 'NONE',  ( -7.849623728795059675E-14, -0.000000000000000000, -1.000000000000000000 ) ) ;
#616 = ORIENTED_EDGE ( 'NONE', *, *, #2470, .F. ) ;
#617 = EDGE_LOOP ( 'NONE', ( #1636, #103, #710, #658 ) ) ;
#618 = CARTESIAN_POINT ( 'NONE',  ( -6.943741585705296870, 3.186958271779760210, -2.203368444294822925 ) ) ;
#619 = AXIS2_PLACEMENT_3D ( 'NONE', #281, #883, #144 ) ;
#620 = TOROIDAL_SURFACE ( 'NONE', #2548, 1.624999999999999556, 0.5000000000000000000 ) ;
#621 = EDGE_LOOP ( 'NONE', ( #975, #1278, #1251, #113, #2237, #874, #330, #2409, #1876, #1520 ) ) ;
#622 = CARTESIAN_POINT ( 'NONE',  ( 16.04132494714610857, 5.499999999999999112, -5.249999999999998224 ) ) ;
#623 = CARTESIAN_POINT ( 'NONE',  ( 3.367778697655221012E-16, 4.000000000000000000, 2.750000000000000000 ) ) ;
#624 = AXIS2_PLACEMENT_3D ( 'NONE', #482, #1495, #537 ) ;
#625 = ADVANCED_FACE ( 'NONE', ( #1478, #949, #1116 ), #1490, .F. ) ;
#626 = CARTESIAN_POINT ( 'NONE',  ( -14.84924240491749536, 5.500000000000000000, 7.750000000000000000 ) ) ;
#627 = CARTESIAN_POINT ( 'NONE',  ( -6.603048891491573258, 3.488755273111919131, 3.828692480810112819 ) ) ;
#628 = DIRECTION ( 'NONE',  ( 0.000000000000000000, -1.000000000000000000, 0.000000000000000000 ) ) ;
#629 = VERTEX_POINT ( 'NONE', #303 ) ;
#630 = PRODUCT_CONTEXT ( 'NONE', #461, 'mechanical' ) ;
#631 = ADVANCED_FACE ( 'NONE', ( #1940 ), #2523, .F. ) ;
#632 = COLOUR_RGB ( '',0.7921568627450980005, 0.8196078431372548767, 0.9333333333333333481 ) ;
#633 = ORIENTED_EDGE ( 'NONE', *, *, #2321, .F. ) ;
#634 = CARTESIAN_POINT ( 'NONE',  ( 8.499999999999996447, 3.500000000000000000, -5.749999999999999112 ) ) ;
#635 = ORIENTED_EDGE ( 'NONE', *, *, #800, .T. ) ;
#636 = AXIS2_PLACEMENT_3D ( 'NONE', #1430, #1836, #846 ) ;
#637 = FACE_OUTER_BOUND ( 'NONE', #621, .T. ) ;
#638 = CARTESIAN_POINT ( 'NONE',  ( 2.112515728529183672E-15, 7.249999999999999112, 17.24999999999999645 ) ) ;
#639 = AXIS2_PLACEMENT_3D ( 'NONE', #33, #416, #9 ) ;
#640 = DIRECTION ( 'NONE',  ( 0.000000000000000000, 1.000000000000000000, 0.000000000000000000 ) ) ;
#641 = AXIS2_PLACEMENT_3D ( 'NONE', #1222, #1394, #832 ) ;
#642 = CARTESIAN_POINT ( 'NONE',  ( -7.000000000000001776, 3.581048933640826437, 3.403387999474585257 ) ) ;
#643 = DIRECTION ( 'NONE',  ( 0.000000000000000000, 0.000000000000000000, -1.000000000000000000 ) ) ;
#644 = EDGE_CURVE ( 'NONE', #1465, #2226, #1911, .T. ) ;
#645 = ORIENTED_EDGE ( 'NONE', *, *, #772, .T. ) ;
#646 = ORIENTED_EDGE ( 'NONE', *, *, #739, .T. ) ;
#647 = CARTESIAN_POINT ( 'NONE',  ( -6.875927259270090630, 3.304443259025237722, -2.598766157160863788 ) ) ;
#648 = EDGE_CURVE ( 'NONE', #720, #1244, #335, .T. ) ;
#649 = ORIENTED_EDGE ( 'NONE', *, *, #1449, .T. ) ;
#650 = CARTESIAN_POINT ( 'NONE',  ( -6.981481481481485396, 0.5000000000000000000, 1.954844322121598754 ) ) ;
#651 = CYLINDRICAL_SURFACE ( 'NONE', #1469, 3.649999999999999911 ) ;
#652 = CIRCLE ( 'NONE', #777, 3.649999999999999911 ) ;
#653 =( NAMED_UNIT ( * ) SI_UNIT ( $, .STERADIAN. ) SOLID_ANGLE_UNIT ( ) );
#654 = CARTESIAN_POINT ( 'NONE',  ( 4.469960816887839416E-16, 0.5000000000000000000, 3.649999999999999911 ) ) ;
#655 = VECTOR ( 'NONE', #2099, 1000.000000000000000 ) ;
#656 = ORIENTED_EDGE ( 'NONE', *, *, #1259, .F. ) ;
#657 = CIRCLE ( 'NONE', #366, 1.625000000000001332 ) ;
#658 = ORIENTED_EDGE ( 'NONE', *, *, #2380, .T. ) ;
#659 = DIRECTION ( 'NONE',  ( -1.000000000000000000, 0.000000000000000000, 0.000000000000000000 ) ) ;
#660 = ADVANCED_FACE ( 'NONE', ( #504 ), #107, .T. ) ;
#661 = ORIENTED_EDGE ( 'NONE', *, *, #247, .F. ) ;
#662 = FACE_OUTER_BOUND ( 'NONE', #2016, .T. ) ;
#663 = DIRECTION ( 'NONE',  ( -1.776356839400250465E-15, 0.000000000000000000, -1.000000000000000000 ) ) ;
#664 = CIRCLE ( 'NONE', #866, 7.249999999999997335 ) ;
#665 = DIRECTION ( 'NONE',  ( 0.000000000000000000, 0.000000000000000000, -1.000000000000000000 ) ) ;
#666 = DIRECTION ( 'NONE',  ( 0.000000000000000000, 0.000000000000000000, -1.000000000000000000 ) ) ;
#667 = ORIENTED_EDGE ( 'NONE', *, *, #21, .F. ) ;
#668 = VERTEX_POINT ( 'NONE', #543 ) ;
#669 = LINE ( 'NONE', #2019, #280 ) ;
#670 = AXIS2_PLACEMENT_3D ( 'NONE', #1698, #677, #704 ) ;
#671 = EDGE_LOOP ( 'NONE', ( #1615, #2381, #1927, #529 ) ) ;
#672 = DIRECTION ( 'NONE',  ( 0.000000000000000000, 0.000000000000000000, -1.000000000000000000 ) ) ;
#673 = LINE ( 'NONE', #1468, #1641 ) ;
#674 = DIRECTION ( 'NONE',  ( 0.000000000000000000, 0.000000000000000000, -1.000000000000000000 ) ) ;
#675 = EDGE_CURVE ( 'NONE', #1865, #1475, #407, .T. ) ;
#676 = DIRECTION ( 'NONE',  ( -0.000000000000000000, 1.000000000000000000, -0.000000000000000000 ) ) ;
#677 = DIRECTION ( 'NONE',  ( -0.000000000000000000, -1.000000000000000000, -0.000000000000000000 ) ) ;
#678 = ORIENTED_EDGE ( 'NONE', *, *, #2117, .F. ) ;
#679 = CARTESIAN_POINT ( 'NONE',  ( -12.49999999999999645, 7.249999999999999112, 4.999999999999985789 ) ) ;
#680 = CIRCLE ( 'NONE', #2241, 0.5000000000000004441 ) ;
#681 = ORIENTED_EDGE ( 'NONE', *, *, #2048, .F. ) ;
#682 = CARTESIAN_POINT ( 'NONE',  ( -12.49999999999999645, 6.249999999999999112, 4.999999999999985789 ) ) ;
#683 = DIRECTION ( 'NONE',  ( 0.000000000000000000, 0.000000000000000000, -1.000000000000000000 ) ) ;
#684 = EDGE_LOOP ( 'NONE', ( #2085, #2302, #1041, #1497 ) ) ;
#685 = DIRECTION ( 'NONE',  ( -0.000000000000000000, -1.000000000000000000, -0.000000000000000000 ) ) ;
#686 = AXIS2_PLACEMENT_3D ( 'NONE', #679, #2126, #1111 ) ;
#687 = EDGE_CURVE ( 'NONE', #2477, #2400, #1293, .T. ) ;
#688 = CARTESIAN_POINT ( 'NONE',  ( -15.32779702709901137, 3.776371253658224347, 7.801192929718356872 ) ) ;
#689 = ORIENTED_EDGE ( 'NONE', *, *, #1069, .F. ) ;
#690 = AXIS2_PLACEMENT_3D ( 'NONE', #1959, #19, #819 ) ;
#691 = EDGE_LOOP ( 'NONE', ( #2466, #2290, #1369, #1524 ) ) ;
#692 = CARTESIAN_POINT ( 'NONE',  ( 16.02990426166042326, 3.530240921045695313, -5.540221894532507463 ) ) ;
#693 = CARTESIAN_POINT ( 'NONE',  ( -15.32780274080604066, 3.776378464140806468, -7.801189424238380354 ) ) ;
#694 = CIRCLE ( 'NONE', #2172, 17.24999999999999645 ) ;
#695 = EDGE_LOOP ( 'NONE', ( #397, #1413, #2020, #30 ) ) ;
#696 = CYLINDRICAL_SURFACE ( 'NONE', #2383, 1.125000000000001110 ) ;
#697 = LINE ( 'NONE', #1077, #1298 ) ;
#698 = EDGE_LOOP ( 'NONE', ( #58, #2166, #854, #1421 ) ) ;
#699 = CARTESIAN_POINT ( 'NONE',  ( 0.000000000000000000, 7.249999999999999112, 16.99999999999999645 ) ) ;
#700 = CARTESIAN_POINT ( 'NONE',  ( 8.499999999999996447, 3.500000000000000000, 5.750000000000000888 ) ) ;
#701 = AXIS2_PLACEMENT_3D ( 'NONE', #2404, #2384, #1769 ) ;
#702 = EDGE_CURVE ( 'NONE', #1964, #2051, #148, .T. ) ;
#703 = CIRCLE ( 'NONE', #1123, 17.24999999999999645 ) ;
#704 = DIRECTION ( 'NONE',  ( 0.000000000000000000, 0.000000000000000000, -1.000000000000000000 ) ) ;
#705 = ORIENTED_EDGE ( 'NONE', *, *, #1680, .T. ) ;
#706 = ORIENTED_EDGE ( 'NONE', *, *, #418, .F. ) ;
#707 = CARTESIAN_POINT ( 'NONE',  ( 12.50000000000000000, 6.249999999999999112, 0.000000000000000000 ) ) ;
#708 = CARTESIAN_POINT ( 'NONE',  ( -14.91467229159703756, 3.538299380185123688, -8.051190388356500804 ) ) ;
#709 = EDGE_CURVE ( 'NONE', #176, #668, #1034, .T. ) ;
#710 = ORIENTED_EDGE ( 'NONE', *, *, #2307, .T. ) ;
#711 = CARTESIAN_POINT ( 'NONE',  ( -12.50000000000000000, 7.249999999999999112, -5.000000000000014211 ) ) ;
#712 = DIRECTION ( 'NONE',  ( -2.797941090285172590E-16, 0.000000000000000000, 1.000000000000000000 ) ) ;
#713 = ORIENTED_EDGE ( 'NONE', *, *, #2102, .F. ) ;
#714 = FACE_OUTER_BOUND ( 'NONE', #994, .T. ) ;
#715 = DIRECTION ( 'NONE',  ( 0.000000000000000000, -1.000000000000000000, 0.000000000000000000 ) ) ;
#716 = VECTOR ( 'NONE', #1657, 1000.000000000000000 ) ;
#717 = AXIS2_PLACEMENT_3D ( 'NONE', #152, #1382, #1737 ) ;
#718 = CARTESIAN_POINT ( 'NONE',  ( 12.50000000000000000, 6.249999999999999112, 2.124999999999999112 ) ) ;
#719 = ORIENTED_EDGE ( 'NONE', *, *, #44, .T. ) ;
#720 = VERTEX_POINT ( 'NONE', #349 ) ;
#721 = EDGE_CURVE ( 'NONE', #2374, #1589, #2541, .T. ) ;
#722 = DIRECTION ( 'NONE',  ( 0.000000000000000000, 0.000000000000000000, -1.000000000000000000 ) ) ;
#723 = DIRECTION ( 'NONE',  ( -0.000000000000000000, -1.000000000000000000, -0.000000000000000000 ) ) ;
#724 = ORIENTED_EDGE ( 'NONE', *, *, #1590, .T. ) ;
#725 = EDGE_CURVE ( 'NONE', #740, #342, #823, .T. ) ;
#726 = DIRECTION ( 'NONE',  ( -1.000000000000000000, 0.000000000000000000, -0.000000000000000000 ) ) ;
#727 = ORIENTED_EDGE ( 'NONE', *, *, #1438, .T. ) ;
#728 = FACE_BOUND ( 'NONE', #334, .T. ) ;
#729 = DIRECTION ( 'NONE',  ( 1.000000000000000000, -0.000000000000000000, -0.000000000000000000 ) ) ;
#730 = AXIS2_PLACEMENT_3D ( 'NONE', #352, #1695, #1886 ) ;
#731 = CARTESIAN_POINT ( 'NONE',  ( -12.50000000000000000, 7.500000000000000000, -6.125000000000013323 ) ) ;
#732 = EDGE_LOOP ( 'NONE', ( #2088, #749 ) ) ;
#733 = DIRECTION ( 'NONE',  ( 0.000000000000000000, 0.000000000000000000, 1.000000000000000000 ) ) ;
#734 = CARTESIAN_POINT ( 'NONE',  ( 16.39524197508778869, 3.822161903567500740, -5.276635730785106837 ) ) ;
#735 = DIRECTION ( 'NONE',  ( 1.000000000000000000, -0.000000000000000000, -0.000000000000000000 ) ) ;
#736 = AXIS2_PLACEMENT_3D ( 'NONE', #1042, #77, #2021 ) ;
#737 = ORIENTED_EDGE ( 'NONE', *, *, #2285, .T. ) ;
#738 = CARTESIAN_POINT ( 'NONE',  ( -12.50000000000000000, 6.000000000000000000, -5.000000000000014211 ) ) ;
#739 = EDGE_CURVE ( 'NONE', #1038, #273, #2297, .T. ) ;
#740 = VERTEX_POINT ( 'NONE', #2347 ) ;
#741 = CARTESIAN_POINT ( 'NONE',  ( -6.863907129563824761, 3.318121795741396873, 2.661932548655019826 ) ) ;
#742 = CARTESIAN_POINT ( 'NONE',  ( -12.50000000000000000, 7.249999999999999112, -5.000000000000014211 ) ) ;
#743 = AXIS2_PLACEMENT_3D ( 'NONE', #793, #1591, #2205 ) ;
#744 = FACE_OUTER_BOUND ( 'NONE', #1301, .T. ) ;
#745 = ORIENTED_EDGE ( 'NONE', *, *, #1764, .F. ) ;
#746 = AXIS2_PLACEMENT_3D ( 'NONE', #157, #2560, #760 ) ;
#747 = DIRECTION ( 'NONE',  ( 0.000000000000000000, 0.000000000000000000, 1.000000000000000000 ) ) ;
#748 = CARTESIAN_POINT ( 'NONE',  ( -15.23255224567731148, 3.678698568708982375, -7.859467687492642796 ) ) ;
#749 = ORIENTED_EDGE ( 'NONE', *, *, #2003, .T. ) ;
#750 = DIRECTION ( 'NONE',  ( -0.000000000000000000, -1.000000000000000000, -0.000000000000000000 ) ) ;
#751 = DIRECTION ( 'NONE',  ( 0.000000000000000000, 0.000000000000000000, -1.000000000000000000 ) ) ;
#752 = ORIENTED_EDGE ( 'NONE', *, *, #1632, .F. ) ;
#753 = CARTESIAN_POINT ( 'NONE',  ( -6.961023188306179499, 3.137668777319247315, 2.092487575794557131 ) ) ;
#754 = DIRECTION ( 'NONE',  ( 0.000000000000000000, 0.000000000000000000, 1.000000000000000000 ) ) ;
#755 = EDGE_CURVE ( 'NONE', #351, #2236, #694, .T. ) ;
#756 = DIRECTION ( 'NONE',  ( 0.000000000000000000, -0.000000000000000000, 1.000000000000000000 ) ) ;
#757 = ORIENTED_EDGE ( 'NONE', *, *, #36, .T. ) ;
#758 = DIRECTION ( 'NONE',  ( -0.000000000000000000, -1.000000000000000000, -0.000000000000000000 ) ) ;
#759 = FACE_OUTER_BOUND ( 'NONE', #1983, .T. ) ;
#760 = DIRECTION ( 'NONE',  ( 0.000000000000000000, 0.000000000000000000, 1.000000000000000000 ) ) ;
#761 = EDGE_LOOP ( 'NONE', ( #567, #2229, #1139, #1037 ) ) ;
#762 = DIRECTION ( 'NONE',  ( 0.000000000000000000, 0.000000000000000000, 1.000000000000000000 ) ) ;
#763 = CARTESIAN_POINT ( 'NONE',  ( 12.50000000000000000, 6.000000000000000000, 0.000000000000000000 ) ) ;
#764 = CIRCLE ( 'NONE', #980, 0.4999999999999995559 ) ;
#765 = ORIENTED_EDGE ( 'NONE', *, *, #2428, .F. ) ;
#766 = SPHERICAL_SURFACE ( 'NONE', #2492, 0.5000000000000000000 ) ;
#767 = FACE_OUTER_BOUND ( 'NONE', #2417, .T. ) ;
#768 = ADVANCED_FACE ( 'NONE', ( #2375 ), #1364, .T. ) ;
#769 = DIRECTION ( 'NONE',  ( 0.000000000000000000, -6.938893903907228378E-14, -1.000000000000000000 ) ) ;
#770 = AXIS2_PLACEMENT_3D ( 'NONE', #2553, #1736, #954 ) ;
#771 = EDGE_LOOP ( 'NONE', ( #1745, #724, #1210, #1017, #1445, #227, #574, #532 ) ) ;
#772 = EDGE_CURVE ( 'NONE', #221, #2511, #1699, .T. ) ;
#773 = FACE_OUTER_BOUND ( 'NONE', #691, .T. ) ;
#774 = CARTESIAN_POINT ( 'NONE',  ( 0.000000000000000000, 6.000000000000000000, 0.000000000000000000 ) ) ;
#775 = DIRECTION ( 'NONE',  ( 0.000000000000000000, 1.000000000000000000, 0.000000000000000000 ) ) ;
#776 = ORIENTED_EDGE ( 'NONE', *, *, #899, .T. ) ;
#777 = AXIS2_PLACEMENT_3D ( 'NONE', #1768, #758, #369 ) ;
#778 = CARTESIAN_POINT ( 'NONE',  ( 12.50000000000000000, 7.249999999999999112, 0.000000000000000000 ) ) ;
#779 = VECTOR ( 'NONE', #2377, 1000.000000000000000 ) ;
#780 = EDGE_LOOP ( 'NONE', ( #1599, #1815, #316, #2431 ) ) ;
#781 =( BOUNDED_SURFACE ( )  B_SPLINE_SURFACE ( 3, 2, ( 
 ( #2239, #434, #815 ),
 ( #1842, #1447, #2251 ),
 ( #423, #448, #1640 ),
 ( #225, #1254, #1831 ),
 ( #40, #1242, #2040 ),
 ( #840, #239, #1232 ),
 ( #647, #827, #262 ),
 ( #1435, #2277, #17 ),
 ( #618, #1412, #251 ),
 ( #2027, #53, #853 ),
 ( #2228, #477, #1627 ),
 ( #2433, #1664, #1650 ) ),
 .UNSPECIFIED., .F., .F., .T. ) 
 B_SPLINE_SURFACE_WITH_KNOTS ( ( 4, 2, 2, 2, 2, 4 ),
 ( 3, 3 ),
 ( 0.0008207727665398522037, 0.001502285249129187237, 0.002183797731718522053, 0.002865310214307857303, 0.003206066455602524928, 0.003546822696897192120 ),
 ( 0.000000000000000000, 1.000000000000000000 ),
 .UNSPECIFIED. ) 
 GEOMETRIC_REPRESENTATION_ITEM ( )  RATIONAL_B_SPLINE_SURFACE ( (
 ( 1.000000000000000000, 0.7071067811865469066, 1.000000000000000000),
 ( 1.000000000000000000, 0.7441423800353388351, 1.000000000000000000),
 ( 1.000000000000000000, 0.7774281387285504330, 1.000000000000000000),
 ( 1.000000000000000000, 0.8380660426611070690, 1.000000000000000000),
 ( 1.000000000000000000, 0.8654118488214398441, 1.000000000000000000),
 ( 1.000000000000000000, 0.9146222467758389207, 1.000000000000000000),
 ( 1.000000000000000000, 0.9360859363171765146, 1.000000000000000000),
 ( 1.000000000000000000, 0.9633195134979959384, 1.000000000000000000),
 ( 1.000000000000000000, 0.9714873243094565014, 1.000000000000000000),
 ( 1.000000000000000000, 0.9850599377615744112, 1.000000000000000000),
 ( 1.000000000000000000, 0.9905973598645220202, 1.000000000000000000),
 ( 1.000000000000000000, 0.9906974722292780644, 1.000000000000000000) ) ) 
 REPRESENTATION_ITEM ( '' )  SURFACE ( )  );
#782 = DIRECTION ( 'NONE',  ( 0.000000000000000000, 0.000000000000000000, -1.000000000000000000 ) ) ;
#783 = DIRECTION ( 'NONE',  ( 0.000000000000000000, 0.000000000000000000, 1.000000000000000000 ) ) ;
#784 = AXIS2_PLACEMENT_3D ( 'NONE', #206, #214, #2360 ) ;
#785 = DIRECTION ( 'NONE',  ( -1.000000000000000000, 0.000000000000000000, 0.000000000000000000 ) ) ;
#786 = ORIENTED_EDGE ( 'NONE', *, *, #240, .T. ) ;
#787 = EDGE_CURVE ( 'NONE', #1542, #2154, #572, .T. ) ;
#788 = CARTESIAN_POINT ( 'NONE',  ( -7.000000000000000888, 0.000000000000000000, -1.820027472320112638 ) ) ;
#789 = CARTESIAN_POINT ( 'NONE',  ( -7.000000000000002665, 3.276065499143627324, 2.138720989357556057 ) ) ;
#790 = FACE_OUTER_BOUND ( 'NONE', #1119, .T. ) ;
#791 = VECTOR ( 'NONE', #863, 1000.000000000000000 ) ;
#792 = ORIENTED_EDGE ( 'NONE', *, *, #1951, .T. ) ;
#793 = CARTESIAN_POINT ( 'NONE',  ( -12.49999999999999645, 6.249999999999999112, 4.999999999999985789 ) ) ;
#794 = AXIS2_PLACEMENT_3D ( 'NONE', #1523, #1875, #127 ) ;
#795 = EDGE_LOOP ( 'NONE', ( #1667, #1283, #2557, #1049 ) ) ;
#796 = CARTESIAN_POINT ( 'NONE',  ( 0.000000000000000000, 3.500000000000000000, 0.000000000000000000 ) ) ;
#797 = DIRECTION ( 'NONE',  ( 0.000000000000000000, 1.000000000000000000, 0.000000000000000000 ) ) ;
#798 = CARTESIAN_POINT ( 'NONE',  ( 16.37142334362870244, 5.733103726507087217, 5.250000000000000000 ) ) ;
#799 = LINE ( 'NONE', #1598, #162 ) ;
#800 = EDGE_CURVE ( 'NONE', #2576, #1005, #513, .T. ) ;
#801 = ORIENTED_EDGE ( 'NONE', *, *, #1201, .T. ) ;
#802 = CARTESIAN_POINT ( 'NONE',  ( -12.49999999999999645, 7.500000000000000000, 7.374999999999989342 ) ) ;
#803 = AXIS2_PLACEMENT_3D ( 'NONE', #246, #417, #2447 ) ;
#804 = VECTOR ( 'NONE', #970, 1000.000000000000000 ) ;
#805 = EDGE_CURVE ( 'NONE', #916, #1244, #2255, .T. ) ;
#806 = VERTEX_POINT ( 'NONE', #802 ) ;
#807 = FACE_OUTER_BOUND ( 'NONE', #276, .T. ) ;
#808 = DIRECTION ( 'NONE',  ( 0.000000000000000000, 0.000000000000000000, 1.000000000000000000 ) ) ;
#809 = CIRCLE ( 'NONE', #2278, 7.749999999999998224 ) ;
#810 = DIRECTION ( 'NONE',  ( 0.000000000000000000, 0.000000000000000000, 1.000000000000000000 ) ) ;
#811 = CARTESIAN_POINT ( 'NONE',  ( 4.469960816887839416E-16, 3.000000000000000000, 3.649999999999999911 ) ) ;
#812 = CARTESIAN_POINT ( 'NONE',  ( -6.500000000000000888, 3.500000000000000000, -7.750000000000000000 ) ) ;
#813 = VECTOR ( 'NONE', #2526, 1000.000000000000000 ) ;
#814 = ORIENTED_EDGE ( 'NONE', *, *, #2117, .T. ) ;
#815 = CARTESIAN_POINT ( 'NONE',  ( -7.000000000000000888, 4.000000000000000000, -4.220485754033528991 ) ) ;
#816 = EDGE_CURVE ( 'NONE', #447, #1253, #909, .T. ) ;
#817 = AXIS2_PLACEMENT_3D ( 'NONE', #961, #323, #1508 ) ;
#818 = VERTEX_POINT ( 'NONE', #1172 ) ;
#819 = DIRECTION ( 'NONE',  ( 0.000000000000000000, 0.000000000000000000, 1.000000000000000000 ) ) ;
#820 = DIRECTION ( 'NONE',  ( -0.000000000000000000, -1.000000000000000000, -0.000000000000000000 ) ) ;
#821 = EDGE_CURVE ( 'NONE', #551, #921, #1808, .T. ) ;
#822 = CARTESIAN_POINT ( 'NONE',  ( 8.878689293818308102E-16, 3.000000000000000000, 7.249999999999997335 ) ) ;
#823 = CIRCLE ( 'NONE', #2418, 1.124999999999999334 ) ;
#824 = FACE_OUTER_BOUND ( 'NONE', #328, .T. ) ;
#825 = VERTEX_POINT ( 'NONE', #1196 ) ;
#826 = ORIENTED_EDGE ( 'NONE', *, *, #1548, .F. ) ;
#827 = CARTESIAN_POINT ( 'NONE',  ( -7.000000000000000888, 3.438062382960378915, -2.541143624222200081 ) ) ;
#828 = VECTOR ( 'NONE', #495, 1000.000000000000000 ) ;
#829 = TOROIDAL_SURFACE ( 'NONE', #69, 2.000000000000000000, 0.5000000000000000000 ) ;
#830 = ORIENTED_EDGE ( 'NONE', *, *, #1309, .F. ) ;
#831 = DIRECTION ( 'NONE',  ( 0.000000000000000000, -1.000000000000000000, 0.000000000000000000 ) ) ;
#832 = DIRECTION ( 'NONE',  ( 0.000000000000000000, -0.000000000000000000, -1.000000000000000000 ) ) ;
#833 = EDGE_CURVE ( 'NONE', #842, #1060, #325, .T. ) ;
#834 = DIRECTION ( 'NONE',  ( 2.797941090285172590E-16, -0.000000000000000000, -1.000000000000000000 ) ) ;
#835 = EDGE_CURVE ( 'NONE', #1085, #1026, #1954, .T. ) ;
#836 = CYLINDRICAL_SURFACE ( 'NONE', #1962, 17.24999999999999645 ) ;
#837 = ORIENTED_EDGE ( 'NONE', *, *, #2266, .T. ) ;
#838 = AXIS2_PLACEMENT_3D ( 'NONE', #1473, #2288, #2315 ) ;
#839 = ORIENTED_EDGE ( 'NONE', *, *, #354, .T. ) ;
#840 = CARTESIAN_POINT ( 'NONE',  ( -6.835928436974743505, 3.347997542965784223, -2.805831313417284090 ) ) ;
#841 = CIRCLE ( 'NONE', #2517, 0.2500000000000002220 ) ;
#842 = VERTEX_POINT ( 'NONE', #596 ) ;
#843 = FACE_OUTER_BOUND ( 'NONE', #2141, .T. ) ;
#844 = DIRECTION ( 'NONE',  ( 0.000000000000000000, 0.000000000000000000, -1.000000000000000000 ) ) ;
#845 = TOROIDAL_SURFACE ( 'NONE', #2476, 2.374999999999999556, 0.2500000000000000000 ) ;
#846 = DIRECTION ( 'NONE',  ( 1.224646799147353454E-16, 0.000000000000000000, -1.000000000000000000 ) ) ;
#847 = EDGE_CURVE ( 'NONE', #825, #1134, #2217, .T. ) ;
#848 = CARTESIAN_POINT ( 'NONE',  ( -15.33230824381909940, 5.735280485476064172, -7.750000000000000000 ) ) ;
#849 = DIRECTION ( 'NONE',  ( 0.000000000000000000, 0.000000000000000000, -1.000000000000000000 ) ) ;
#850 = ORIENTED_EDGE ( 'NONE', *, *, #2537, .T. ) ;
#851 = ADVANCED_FACE ( 'NONE', ( #1349 ), #2458, .T. ) ;
#852 = ORIENTED_EDGE ( 'NONE', *, *, #1531, .T. ) ;
#853 = CARTESIAN_POINT ( 'NONE',  ( -7.000000000000000888, 3.216340614841131984, -1.895277882866110764 ) ) ;
#854 = ORIENTED_EDGE ( 'NONE', *, *, #2412, .T. ) ;
#855 = DIRECTION ( 'NONE',  ( 0.000000000000000000, 1.000000000000000000, 0.000000000000000000 ) ) ;
#856 = AXIS2_PLACEMENT_3D ( 'NONE', #475, #1498, #311 ) ;
#857 = TOROIDAL_SURFACE ( 'NONE', #903, 2.374999999999999556, 0.2500000000000000000 ) ;
#858 = DIRECTION ( 'NONE',  ( 0.000000000000000000, 1.000000000000000000, 0.000000000000000000 ) ) ;
#859 = CARTESIAN_POINT ( 'NONE',  ( 0.000000000000000000, 7.500000000000000000, 0.000000000000000000 ) ) ;
#860 = VECTOR ( 'NONE', #2549, 1000.000000000000000 ) ;
#861 = ORIENTED_EDGE ( 'NONE', *, *, #1662, .T. ) ;
#862 = EDGE_LOOP ( 'NONE', ( #2181, #1603, #2206, #887 ) ) ;
#863 = DIRECTION ( 'NONE',  ( -2.797941090285172590E-16, 0.000000000000000000, 1.000000000000000000 ) ) ;
#864 = AXIS2_PLACEMENT_3D ( 'NONE', #2590, #1184, #1788 ) ;
#865 = ORIENTED_EDGE ( 'NONE', *, *, #215, .F. ) ;
#866 = AXIS2_PLACEMENT_3D ( 'NONE', #345, #331, #722 ) ;
#867 = EDGE_CURVE ( 'NONE', #2493, #991, #204, .T. ) ;
#868 = DIRECTION ( 'NONE',  ( 0.000000000000000000, 0.000000000000000000, 1.000000000000000000 ) ) ;
#869 = CARTESIAN_POINT ( 'NONE',  ( -6.863995036415199813, 3.318047397100979623, -2.661498924010593292 ) ) ;
#870 = AXIS2_PLACEMENT_3D ( 'NONE', #203, #2574, #2213 ) ;
#871 = FACE_BOUND ( 'NONE', #1820, .T. ) ;
#872 = CARTESIAN_POINT ( 'NONE',  ( -12.50000000000000000, 6.249999999999999112, -2.875000000000011102 ) ) ;
#873 = CARTESIAN_POINT ( 'NONE',  ( 0.000000000000000000, 3.500000000000000000, -7.749999999999998224 ) ) ;
#874 = ORIENTED_EDGE ( 'NONE', *, *, #821, .T. ) ;
#875 = ORIENTED_EDGE ( 'NONE', *, *, #1748, .T. ) ;
#876 = FACE_OUTER_BOUND ( 'NONE', #695, .T. ) ;
#877 = AXIS2_PLACEMENT_3D ( 'NONE', #2169, #1538, #1976 ) ;
#878 = ORIENTED_EDGE ( 'NONE', *, *, #1585, .T. ) ;
#879 = DIRECTION ( 'NONE',  ( 0.000000000000000000, 0.000000000000000000, -1.000000000000000000 ) ) ;
#880 = CARTESIAN_POINT ( 'NONE',  ( -12.49999999999999645, 7.249999999999999112, 4.999999999999985789 ) ) ;
#881 = EDGE_CURVE ( 'NONE', #1977, #2316, #536, .T. ) ;
#882 = LINE ( 'NONE', #522, #1088 ) ;
#883 = DIRECTION ( 'NONE',  ( -0.000000000000000000, 1.000000000000000000, -0.000000000000000000 ) ) ;
#884 = CARTESIAN_POINT ( 'NONE',  ( -15.15593091788405111, 3.632280135753898520, 7.906080008972248052 ) ) ;
#885 = ORIENTED_EDGE ( 'NONE', *, *, #2300, .F. ) ;
#886 = TOROIDAL_SURFACE ( 'NONE', #2017, 7.749999999999998224, 0.5000000000000000000 ) ;
#887 = ORIENTED_EDGE ( 'NONE', *, *, #418, .T. ) ;
#888 = DIRECTION ( 'NONE',  ( 0.000000000000000000, 0.000000000000000000, -1.000000000000000000 ) ) ;
#889 = CARTESIAN_POINT ( 'NONE',  ( -15.41103500742243781, 4.000000000000000000, -7.750000000000000000 ) ) ;
#890 = ORIENTED_EDGE ( 'NONE', *, *, #1837, .F. ) ;
#891 = CARTESIAN_POINT ( 'NONE',  ( -6.500000000000003553, 3.500000000000000000, 1.887458608817674355 ) ) ;
#892 = EDGE_CURVE ( 'NONE', #825, #1914, #66, .T. ) ;
#893 = DIRECTION ( 'NONE',  ( -1.000000000000000000, 0.000000000000000000, 0.000000000000000000 ) ) ;
#894 = ADVANCED_BREP_SHAPE_REPRESENTATION ( 'CUBIERTA DE RING VOLTIMOR new', ( #1818, #432 ), #1847 ) ;
#895 = AXIS2_PLACEMENT_3D ( 'NONE', #2410, #2401, #1211 ) ;
#896 = ORIENTED_EDGE ( 'NONE', *, *, #772, .F. ) ;
#897 = CARTESIAN_POINT ( 'NONE',  ( -6.981481481481485396, 3.000000000000000000, 1.954844322121598754 ) ) ;
#898 = LINE ( 'NONE', #1696, #389 ) ;
#899 = EDGE_CURVE ( 'NONE', #1411, #937, #1425, .T. ) ;
#900 = DIRECTION ( 'NONE',  ( 1.000000000000000000, 0.000000000000000000, 1.577021341797097314E-16 ) ) ;
#901 = VERTEX_POINT ( 'NONE', #29 ) ;
#902 = ORIENTED_EDGE ( 'NONE', *, *, #1271, .T. ) ;
#903 = AXIS2_PLACEMENT_3D ( 'NONE', #264, #1221, #229 ) ;
#904 = CYLINDRICAL_SURFACE ( 'NONE', #2546, 7.249999999999997335 ) ;
#905 = LINE ( 'NONE', #2507, #2262 ) ;
#906 = ORIENTED_EDGE ( 'NONE', *, *, #408, .T. ) ;
#907 = DIRECTION ( 'NONE',  ( -1.224646799147353454E-16, 0.000000000000000000, -1.000000000000000000 ) ) ;
#908 = FACE_OUTER_BOUND ( 'NONE', #478, .T. ) ;
#909 = CIRCLE ( 'NONE', #1164, 0.5000000000000004441 ) ;
#910 = EDGE_LOOP ( 'NONE', ( #979, #667, #150, #865 ) ) ;
#911 = DIRECTION ( 'NONE',  ( 0.000000000000000000, 0.000000000000000000, 1.000000000000000000 ) ) ;
#912 = DIRECTION ( 'NONE',  ( 0.000000000000000000, 1.000000000000000000, 0.000000000000000000 ) ) ;
#913 = AXIS2_PLACEMENT_3D ( 'NONE', #1500, #101, #346 ) ;
#914 = FACE_OUTER_BOUND ( 'NONE', #1718, .T. ) ;
#915 = FACE_BOUND ( 'NONE', #732, .T. ) ;
#916 = VERTEX_POINT ( 'NONE', #1266 ) ;
#917 = VECTOR ( 'NONE', #81, 1000.000000000000000 ) ;
#918 = EDGE_CURVE ( 'NONE', #1800, #1485, #1464, .T. ) ;
#919 = CARTESIAN_POINT ( 'NONE',  ( -6.981481481481485396, 3.000000000000000000, 1.954844322121598754 ) ) ;
#920 = DIRECTION ( 'NONE',  ( -0.000000000000000000, 1.000000000000000000, -0.000000000000000000 ) ) ;
#921 = VERTEX_POINT ( 'NONE', #1613 ) ;
#922 = CARTESIAN_POINT ( 'NONE',  ( 9.491012693391985815E-16, 3.000000000000000000, 7.749999999999998224 ) ) ;
#923 = CARTESIAN_POINT ( 'NONE',  ( 0.000000000000000000, 3.500000000000000000, 0.000000000000000000 ) ) ;
#924 = VECTOR ( 'NONE', #561, 1000.000000000000000 ) ;
#925 = ORIENTED_EDGE ( 'NONE', *, *, #300, .T. ) ;
#926 = CARTESIAN_POINT ( 'NONE',  ( -6.931542472224777818, 3.212509229089854035, 2.278167872098808111 ) ) ;
#927 = FACE_OUTER_BOUND ( 'NONE', #472, .T. ) ;
#928 = VECTOR ( 'NONE', #640, 1000.000000000000000 ) ;
#929 = PLANE ( 'NONE',  #1753 ) ;
#930 = EDGE_CURVE ( 'NONE', #2190, #1074, #1793, .T. ) ;
#931 = VERTEX_POINT ( 'NONE', #2420 ) ;
#932 = ORIENTED_EDGE ( 'NONE', *, *, #602, .T. ) ;
#933 = CARTESIAN_POINT ( 'NONE',  ( 0.000000000000000000, 0.5000000000000000000, 0.000000000000000000 ) ) ;
#934 = CARTESIAN_POINT ( 'NONE',  ( -6.999999999999999112, 5.500000000000000000, -7.750000000000000000 ) ) ;
#935 = VECTOR ( 'NONE', #1177, 1000.000000000000000 ) ;
#936 = ADVANCED_FACE ( 'NONE', ( #1217 ), #781, .T. ) ;
#937 = VERTEX_POINT ( 'NONE', #2453 ) ;
#938 = LINE ( 'NONE', #1894, #860 ) ;
#939 = CARTESIAN_POINT ( 'NONE',  ( -12.50000000000000000, 5.500000000000000000, -6.625000000000013323 ) ) ;
#940 = VERTEX_POINT ( 'NONE', #2265 ) ;
#941 = CARTESIAN_POINT ( 'NONE',  ( -12.50000000000000000, 6.249999999999999112, -3.875000000000014655 ) ) ;
#942 = LINE ( 'NONE', #2183, #935 ) ;
#943 = AXIS2_PLACEMENT_3D ( 'NONE', #138, #109, #2150 ) ;
#944 = EDGE_LOOP ( 'NONE', ( #727, #2218 ) ) ;
#945 = TOROIDAL_SURFACE ( 'NONE', #1988, 4.150000000000000355, 0.5000000000000000000 ) ;
#946 = DIRECTION ( 'NONE',  ( 0.000000000000000000, 0.000000000000000000, 1.000000000000000000 ) ) ;
#947 = DIRECTION ( 'NONE',  ( -2.797941090285172590E-16, 0.000000000000000000, 1.000000000000000000 ) ) ;
#948 = ORIENTED_EDGE ( 'NONE', *, *, #1344, .F. ) ;
#949 = FACE_BOUND ( 'NONE', #2566, .T. ) ;
#950 = DIRECTION ( 'NONE',  ( 0.000000000000000000, -1.000000000000000000, 0.000000000000000000 ) ) ;
#951 = VECTOR ( 'NONE', #1086, 1000.000000000000000 ) ;
#952 = EDGE_CURVE ( 'NONE', #321, #1750, #669, .T. ) ;
#953 = ORIENTED_EDGE ( 'NONE', *, *, #2300, .T. ) ;
#954 = DIRECTION ( 'NONE',  ( 8.881784197001252323E-16, 0.000000000000000000, 1.000000000000000000 ) ) ;
#955 = FACE_OUTER_BOUND ( 'NONE', #492, .T. ) ;
#956 = AXIS2_PLACEMENT_3D ( 'NONE', #1160, #750, #1362 ) ;
#957 = AXIS2_PLACEMENT_3D ( 'NONE', #1318, #1476, #1868 ) ;
#958 = PLANE ( 'NONE',  #1381 ) ;
#959 = EDGE_LOOP ( 'NONE', ( #1426, #1554 ) ) ;
#960 = AXIS2_PLACEMENT_3D ( 'NONE', #2061, #1646, #1444 ) ;
#961 = CARTESIAN_POINT ( 'NONE',  ( 2.449293598294706414E-16, 4.500000000000000888, 2.000000000000000000 ) ) ;
#962 = CARTESIAN_POINT ( 'NONE',  ( -7.000000000000004441, 3.162373930843465519, 1.967903065158994380 ) ) ;
#963 = FACE_BOUND ( 'NONE', #1754, .T. ) ;
#964 = EDGE_LOOP ( 'NONE', ( #1579, #649, #2149, #2518 ) ) ;
#965 = DIRECTION ( 'NONE',  ( 0.000000000000000000, 0.000000000000000000, -1.000000000000000000 ) ) ;
#966 = APPLICATION_PROTOCOL_DEFINITION ( 'draft international standard', 'automotive_design', 1998, #461 ) ;
#967 = EDGE_CURVE ( 'NONE', #2051, #1465, #2591, .T. ) ;
#968 = ORIENTED_EDGE ( 'NONE', *, *, #272, .F. ) ;
#969 = LINE ( 'NONE', #166, #779 ) ;
#970 = DIRECTION ( 'NONE',  ( 1.000000000000000000, 0.000000000000000000, 1.577021341797097314E-16 ) ) ;
#971 = EDGE_CURVE ( 'NONE', #2317, #1058, #2592, .T. ) ;
#972 = PRESENTATION_LAYER_ASSIGNMENT (  '', '', ( #3 ) ) ;
#973 = B_SPLINE_CURVE_WITH_KNOTS ( 'NONE', 3,
 ( #889, #1688, #2306, #2490, #693, #748, #2096, #2344, #708, #2545, #2292, #299 ),
 .UNSPECIFIED., .F., .F.,
 ( 4, 2, 2, 2, 2, 4 ),
 ( 0.000000000000000000, 0.0001488591794059211551, 0.0002977183588118423102, 0.0005954367176236821267, 0.0008931550764355219432, 0.001190873435247361651 ),
 .UNSPECIFIED. ) ;
#974 = CARTESIAN_POINT ( 'NONE',  ( -12.50000000000000000, 6.000000000000000000, -3.375000000000014211 ) ) ;
#975 = ORIENTED_EDGE ( 'NONE', *, *, #1344, .T. ) ;
#976 = VECTOR ( 'NONE', #1406, 1000.000000000000000 ) ;
#977 = FACE_OUTER_BOUND ( 'NONE', #1502, .T. ) ;
#978 = FACE_OUTER_BOUND ( 'NONE', #671, .T. ) ;
#979 = ORIENTED_EDGE ( 'NONE', *, *, #1884, .F. ) ;
#980 = AXIS2_PLACEMENT_3D ( 'NONE', #1479, #1895, #1873 ) ;
#981 = CARTESIAN_POINT ( 'NONE',  ( -7.000000000000003553, 3.438071958751116597, 2.159386312128817931 ) ) ;
#982 = ORIENTED_EDGE ( 'NONE', *, *, #256, .F. ) ;
#983 = DIRECTION ( 'NONE',  ( -0.000000000000000000, 1.000000000000000000, -0.000000000000000000 ) ) ;
#984 = AXIS2_PLACEMENT_3D ( 'NONE', #763, #1173, #2148 ) ;
#985 = DIRECTION ( 'NONE',  ( -0.000000000000000000, -1.000000000000000000, -0.000000000000000000 ) ) ;
#986 = ADVANCED_FACE ( 'NONE', ( #876 ), #904, .T. ) ;
#987 = SURFACE_STYLE_FILL_AREA ( #367 ) ;
#988 = ORIENTED_EDGE ( 'NONE', *, *, #1470, .T. ) ;
#989 = CARTESIAN_POINT ( 'NONE',  ( 2.449293598294706414E-16, 4.000000000000000000, 2.000000000000000000 ) ) ;
#990 = CARTESIAN_POINT ( 'NONE',  ( -12.49999999999999645, 6.249999999999999112, 4.999999999999985789 ) ) ;
#991 = VERTEX_POINT ( 'NONE', #2127 ) ;
#992 = AXIS2_PLACEMENT_3D ( 'NONE', #2355, #553, #1948 ) ;
#993 = CARTESIAN_POINT ( 'NONE',  ( -6.999999999999999112, 4.000000000000000000, -7.750000000000000000 ) ) ;
#994 = EDGE_LOOP ( 'NONE', ( #355, #839, #2068, #1424 ) ) ;
#995 = CARTESIAN_POINT ( 'NONE',  ( 0.000000000000000000, 0.000000000000000000, 6.749999999999997335 ) ) ;
#996 = FACE_OUTER_BOUND ( 'NONE', #18, .T. ) ;
#997 = DIRECTION ( 'NONE',  ( 1.000000000000000000, 1.040834085586084257E-14, -7.222237291452134449E-28 ) ) ;
#998 = VECTOR ( 'NONE', #6, 1000.000000000000000 ) ;
#999 = DIRECTION ( 'NONE',  ( 4.336808689942021680E-16, -7.676151381197365082E-14, -1.000000000000000000 ) ) ;
#1000 = DIRECTION ( 'NONE',  ( 0.000000000000000000, 0.000000000000000000, 1.000000000000000000 ) ) ;
#1001 = AXIS2_PLACEMENT_3D ( 'NONE', #1742, #385, #2202 ) ;
#1002 = ADVANCED_FACE ( 'NONE', ( #116 ), #1665, .T. ) ;
#1003 = ORIENTED_EDGE ( 'NONE', *, *, #2102, .T. ) ;
#1004 = DIRECTION ( 'NONE',  ( 1.000000000000000000, 0.000000000000000000, 0.000000000000000000 ) ) ;
#1005 = VERTEX_POINT ( 'NONE', #312 ) ;
#1006 = DIRECTION ( 'NONE',  ( 1.000000000000000000, -0.000000000000000000, 1.224646799147353207E-16 ) ) ;
#1007 = FACE_OUTER_BOUND ( 'NONE', #2078, .T. ) ;
#1008 = DIRECTION ( 'NONE',  ( 0.000000000000000000, 0.000000000000000000, 1.000000000000000000 ) ) ;
#1009 = AXIS2_PLACEMENT_3D ( 'NONE', #1672, #2473, #2074 ) ;
#1010 = EDGE_CURVE ( 'NONE', #629, #2561, #664, .T. ) ;
#1011 = DIRECTION ( 'NONE',  ( 0.000000000000000000, 0.000000000000000000, 1.000000000000000000 ) ) ;
#1012 = CYLINDRICAL_SURFACE ( 'NONE', #1998, 7.249999999999997335 ) ;
#1013 = ORIENTED_EDGE ( 'NONE', *, *, #256, .T. ) ;
#1014 = EDGE_CURVE ( 'NONE', #321, #2289, #1407, .T. ) ;
#1015 = DIRECTION ( 'NONE',  ( 0.000000000000000000, -1.000000000000000000, 0.000000000000000000 ) ) ;
#1016 = AXIS2_PLACEMENT_3D ( 'NONE', #2313, #1494, #509 ) ;
#1017 = ORIENTED_EDGE ( 'NONE', *, *, #272, .T. ) ;
#1018 = DIRECTION ( 'NONE',  ( 0.000000000000000000, -0.000000000000000000, -1.000000000000000000 ) ) ;
#1019 = CARTESIAN_POINT ( 'NONE',  ( 16.43167672515497912, 3.907846076003125280, 5.250000000000001776 ) ) ;
#1020 = AXIS2_PLACEMENT_3D ( 'NONE', #1117, #1912, #1452 ) ;
#1021 = LINE ( 'NONE', #1441, #465 ) ;
#1022 = CARTESIAN_POINT ( 'NONE',  ( 12.50000000000000000, 6.000000000000000000, 0.000000000000000000 ) ) ;
#1023 = CARTESIAN_POINT ( 'NONE',  ( 12.50000000000000000, 7.500000000000000000, 0.000000000000000000 ) ) ;
#1024 = ORIENTED_EDGE ( 'NONE', *, *, #300, .F. ) ;
#1025 = CIRCLE ( 'NONE', #2485, 3.649999999999999911 ) ;
#1026 = VERTEX_POINT ( 'NONE', #74 ) ;
#1027 = DIRECTION ( 'NONE',  ( 0.000000000000000000, 0.000000000000000000, 1.000000000000000000 ) ) ;
#1028 = AXIS2_PLACEMENT_3D ( 'NONE', #1877, #2382, #1526 ) ;
#1029 = ORIENTED_EDGE ( 'NONE', *, *, #2272, .T. ) ;
#1030 = CARTESIAN_POINT ( 'NONE',  ( 0.000000000000000000, 4.000000000000000000, 0.000000000000000000 ) ) ;
#1031 = LINE ( 'NONE', #1822, #2101 ) ;
#1032 = EDGE_CURVE ( 'NONE', #2308, #1844, #2055, .T. ) ;
#1033 = CARTESIAN_POINT ( 'NONE',  ( -12.49999999999999645, 6.249999999999999112, 6.124999999999985789 ) ) ;
#1034 = CIRCLE ( 'NONE', #1949, 2.000000000000000000 ) ;
#1035 = CARTESIAN_POINT ( 'NONE',  ( -14.84924240491749536, 5.500000000000000000, -7.750000000000000000 ) ) ;
#1036 = DIRECTION ( 'NONE',  ( -0.000000000000000000, -1.000000000000000000, -0.000000000000000000 ) ) ;
#1037 = ORIENTED_EDGE ( 'NONE', *, *, #2572, .T. ) ;
#1038 = VERTEX_POINT ( 'NONE', #1675 ) ;
#1039 = DIRECTION ( 'NONE',  ( 0.000000000000000000, 0.000000000000000000, 1.000000000000000000 ) ) ;
#1040 = VECTOR ( 'NONE', #1922, 1000.000000000000000 ) ;
#1041 = ORIENTED_EDGE ( 'NONE', *, *, #2569, .T. ) ;
#1042 = CARTESIAN_POINT ( 'NONE',  ( 0.000000000000000000, 6.000000000000000000, 0.000000000000000000 ) ) ;
#1043 = ADVANCED_FACE ( 'NONE', ( #2533 ), #85, .F. ) ;
#1044 = DIRECTION ( 'NONE',  ( 1.224646799147353454E-16, 0.000000000000000000, -1.000000000000000000 ) ) ;
#1045 = EDGE_CURVE ( 'NONE', #155, #414, #2258, .T. ) ;
#1046 = FACE_OUTER_BOUND ( 'NONE', #1626, .T. ) ;
#1047 = DIRECTION ( 'NONE',  ( 0.000000000000000000, 0.000000000000000000, -1.000000000000000000 ) ) ;
#1048 = ORIENTED_EDGE ( 'NONE', *, *, #725, .F. ) ;
#1049 = ORIENTED_EDGE ( 'NONE', *, *, #1271, .F. ) ;
#1050 = CARTESIAN_POINT ( 'NONE',  ( -12.50000000000000000, 7.249999999999999112, -2.625000000000011102 ) ) ;
#1051 = ORIENTED_EDGE ( 'NONE', *, *, #395, .F. ) ;
#1052 = DIRECTION ( 'NONE',  ( 0.000000000000000000, 0.000000000000000000, -1.000000000000000000 ) ) ;
#1053 = CARTESIAN_POINT ( 'NONE',  ( 16.43167672515497912, 4.000000000000000000, -5.249999999999998224 ) ) ;
#1054 = VECTOR ( 'NONE', #820, 1000.000000000000000 ) ;
#1055 = CARTESIAN_POINT ( 'NONE',  ( -15.12871067302072525, 5.546829807849384508, 7.750000000000000000 ) ) ;
#1056 = CARTESIAN_POINT ( 'NONE',  ( -12.50000000000000000, 6.249999999999999112, -5.000000000000014211 ) ) ;
#1057 = LINE ( 'NONE', #812, #1706 ) ;
#1058 = VERTEX_POINT ( 'NONE', #1729 ) ;
#1059 = EDGE_CURVE ( 'NONE', #2354, #2275, #2130, .T. ) ;
#1060 = VERTEX_POINT ( 'NONE', #202 ) ;
#1061 = DIRECTION ( 'NONE',  ( -0.000000000000000000, -1.000000000000000000, -0.000000000000000000 ) ) ;
#1062 = AXIS2_PLACEMENT_3D ( 'NONE', #699, #1549, #911 ) ;
#1063 = EDGE_LOOP ( 'NONE', ( #1384, #830, #216, #2538 ) ) ;
#1064 = CARTESIAN_POINT ( 'NONE',  ( 0.000000000000000000, 7.500000000000000000, 0.000000000000000000 ) ) ;
#1065 = CARTESIAN_POINT ( 'NONE',  ( 0.000000000000000000, 4.000000000000000000, -2.750000000000000000 ) ) ;
#1066 = DIRECTION ( 'NONE',  ( 0.000000000000000000, 0.000000000000000000, -1.000000000000000000 ) ) ;
#1067 = FACE_OUTER_BOUND ( 'NONE', #1151, .T. ) ;
#1068 = VECTOR ( 'NONE', #1101, 1000.000000000000000 ) ;
#1069 = EDGE_CURVE ( 'NONE', #1810, #2103, #372, .T. ) ;
#1070 = ORIENTED_EDGE ( 'NONE', *, *, #57, .F. ) ;
#1071 = DIRECTION ( 'NONE',  ( 0.000000000000000000, 0.000000000000000000, 1.000000000000000000 ) ) ;
#1072 = DIRECTION ( 'NONE',  ( -1.000000000000000000, -0.000000000000000000, 0.000000000000000000 ) ) ;
#1073 = ADVANCED_FACE ( 'NONE', ( #1794 ), #1956, .T. ) ;
#1074 = VERTEX_POINT ( 'NONE', #399 ) ;
#1075 = AXIS2_PLACEMENT_3D ( 'NONE', #2514, #80, #2528 ) ;
#1076 = CARTESIAN_POINT ( 'NONE',  ( 0.000000000000000000, 6.999999999999999112, 0.000000000000000000 ) ) ;
#1077 = CARTESIAN_POINT ( 'NONE',  ( -7.000000000000003553, 5.500000000000000000, 7.750000000000000000 ) ) ;
#1078 = CIRCLE ( 'NONE', #960, 17.24999999999999645 ) ;
#1079 = CARTESIAN_POINT ( 'NONE',  ( 12.50000000000000000, 7.500000000000000000, 1.125000000000001110 ) ) ;
#1080 = DIRECTION ( 'NONE',  ( 0.000000000000000000, -1.000000000000000000, 0.000000000000000000 ) ) ;
#1081 = CARTESIAN_POINT ( 'NONE',  ( -14.74716757766799979, 3.500000000000000888, 8.150983464806845546 ) ) ;
#1082 = ORIENTED_EDGE ( 'NONE', *, *, #2408, .F. ) ;
#1083 = CARTESIAN_POINT ( 'NONE',  ( -12.49999999999999645, 6.000000000000000000, 4.999999999999985789 ) ) ;
#1084 = DIRECTION ( 'NONE',  ( -0.000000000000000000, -1.000000000000000000, -0.000000000000000000 ) ) ;
#1085 = VERTEX_POINT ( 'NONE', #143 ) ;
#1086 = DIRECTION ( 'NONE',  ( 0.000000000000000000, 0.000000000000000000, 1.000000000000000000 ) ) ;
#1087 = CARTESIAN_POINT ( 'NONE',  ( -6.500000000000004441, 3.500000000000000000, 4.220485754033524550 ) ) ;
#1088 = VECTOR ( 'NONE', #1887, 1000.000000000000000 ) ;
#1089 = EDGE_CURVE ( 'NONE', #2004, #1992, #1581, .T. ) ;
#1090 = ORIENTED_EDGE ( 'NONE', *, *, #1363, .F. ) ;
#1091 = DIRECTION ( 'NONE',  ( 0.000000000000000000, -0.000000000000000000, -1.000000000000000000 ) ) ;
#1092 = AXIS2_PLACEMENT_3D ( 'NONE', #1189, #2167, #783 ) ;
#1093 = DIRECTION ( 'NONE',  ( -1.000000000000000000, 0.000000000000000000, -1.577021341797097314E-16 ) ) ;
#1094 = CARTESIAN_POINT ( 'NONE',  ( 25.50000000000000000, 5.500000000000000000, 5.250000000000003553 ) ) ;
#1095 = EDGE_LOOP ( 'NONE', ( #852, #1994 ) ) ;
#1096 = AXIS2_PLACEMENT_3D ( 'NONE', #1883, #91, #1669 ) ;
#1097 = FACE_OUTER_BOUND ( 'NONE', #2263, .T. ) ;
#1098 = PRODUCT_DEFINITION_FORMATION_WITH_SPECIFIED_SOURCE ( 'ANY', '', #1339, .NOT_KNOWN. ) ;
#1099 = DIRECTION ( 'NONE',  ( -0.000000000000000000, -1.000000000000000000, -0.000000000000000000 ) ) ;
#1100 = EDGE_LOOP ( 'NONE', ( #462, #1575 ) ) ;
#1101 = DIRECTION ( 'NONE',  ( -0.000000000000000000, 0.000000000000000000, -1.000000000000000000 ) ) ;
#1102 = CARTESIAN_POINT ( 'NONE',  ( 0.000000000000000000, 6.000000000000000000, 0.000000000000000000 ) ) ;
#1103 = ADVANCED_FACE ( 'NONE', ( #759 ), #228, .T. ) ;
#1104 = ORIENTED_EDGE ( 'NONE', *, *, #1547, .F. ) ;
#1105 = PLANE ( 'NONE',  #197 ) ;
#1106 = CARTESIAN_POINT ( 'NONE',  ( 0.000000000000000000, 0.000000000000000000, 4.150000000000000355 ) ) ;
#1107 = EDGE_CURVE ( 'NONE', #2051, #2308, #1419, .T. ) ;
#1108 = VECTOR ( 'NONE', #1371, 1000.000000000000000 ) ;
#1109 = FACE_OUTER_BOUND ( 'NONE', #517, .T. ) ;
#1110 = ORIENTED_EDGE ( 'NONE', *, *, #800, .F. ) ;
#1111 = DIRECTION ( 'NONE',  ( 0.000000000000000000, 0.000000000000000000, 1.000000000000000000 ) ) ;
#1112 = CARTESIAN_POINT ( 'NONE',  ( 16.43167672515497912, 3.907846234307070787, -5.249999999999999112 ) ) ;
#1113 = DIRECTION ( 'NONE',  ( -2.797941090285172590E-16, -0.000000000000000000, 1.000000000000000000 ) ) ;
#1114 = AXIS2_PLACEMENT_3D ( 'NONE', #1773, #1402, #1209 ) ;
#1115 = ORIENTED_EDGE ( 'NONE', *, *, #32, .T. ) ;
#1116 = FACE_OUTER_BOUND ( 'NONE', #1324, .T. ) ;
#1117 = CARTESIAN_POINT ( 'NONE',  ( 0.000000000000000000, 0.5000000000000000000, 4.150000000000000355 ) ) ;
#1118 = B_SPLINE_CURVE_WITH_KNOTS ( 'NONE', 3,
 ( #2010, #257, #2414, #1055, #2245, #626 ),
 .UNSPECIFIED., .F., .F.,
 ( 4, 2, 4 ),
 ( 0.000000000000000000, 0.0004152547484286093897, 0.0008305094968572187793 ),
 .UNSPECIFIED. ) ;
#1119 = EDGE_LOOP ( 'NONE', ( #310, #737, #1561, #1329 ) ) ;
#1120 = EDGE_CURVE ( 'NONE', #1766, #1174, #2165, .T. ) ;
#1121 = CARTESIAN_POINT ( 'NONE',  ( -14.84924240491749536, 5.500000000000000000, 7.750000000000000000 ) ) ;
#1122 = AXIS2_PLACEMENT_3D ( 'NONE', #1903, #2090, #470 ) ;
#1123 = AXIS2_PLACEMENT_3D ( 'NONE', #117, #920, #1717 ) ;
#1124 = ADVANCED_FACE ( 'NONE', ( #13 ), #329, .T. ) ;
#1125 = FACE_BOUND ( 'NONE', #1805, .T. ) ;
#1126 = VERTEX_POINT ( 'NONE', #811 ) ;
#1127 = ADVANCED_FACE ( 'NONE', ( #1608 ), #1326, .T. ) ;
#1128 = ORIENTED_EDGE ( 'NONE', *, *, #2555, .F. ) ;
#1129 = CARTESIAN_POINT ( 'NONE',  ( 15.88015038677564483, 3.499999999999998224, -5.646492740861186910 ) ) ;
#1130 = FACE_OUTER_BOUND ( 'NONE', #1663, .T. ) ;
#1131 = EDGE_LOOP ( 'NONE', ( #556, #1889, #2522, #1713 ) ) ;
#1132 = DIRECTION ( 'NONE',  ( 0.000000000000000000, 1.000000000000000000, 0.000000000000000000 ) ) ;
#1133 =( NAMED_UNIT ( * ) SI_UNIT ( $, .STERADIAN. ) SOLID_ANGLE_UNIT ( ) );
#1134 = VERTEX_POINT ( 'NONE', #1825 ) ;
#1135 = CARTESIAN_POINT ( 'NONE',  ( -6.970784414323025757, 3.098904108094355792, 2.027777367570418043 ) ) ;
#1136 = CARTESIAN_POINT ( 'NONE',  ( 0.000000000000000000, 6.999999999999999112, -1.500000000000000222 ) ) ;
#1137 = AXIS2_PLACEMENT_3D ( 'NONE', #2107, #279, #1509 ) ;
#1138 = DIRECTION ( 'NONE',  ( -1.577021341797097314E-16, 0.000000000000000000, 1.000000000000000000 ) ) ;
#1139 = ORIENTED_EDGE ( 'NONE', *, *, #952, .T. ) ;
#1140 = CARTESIAN_POINT ( 'NONE',  ( 15.90597372058686432, 5.500000000000000000, -5.249999999999998224 ) ) ;
#1141 = CARTESIAN_POINT ( 'NONE',  ( 12.50000000000000000, 7.500000000000000000, 0.000000000000000000 ) ) ;
#1142 = AXIS2_PLACEMENT_3D ( 'NONE', #1440, #1235, #1605 ) ;
#1143 = EDGE_CURVE ( 'NONE', #720, #1215, #114, .T. ) ;
#1144 = CIRCLE ( 'NONE', #15, 0.4999999999999995559 ) ;
#1145 = ORIENTED_EDGE ( 'NONE', *, *, #61, .F. ) ;
#1146 = DIRECTION ( 'NONE',  ( -0.000000000000000000, -1.000000000000000000, -0.000000000000000000 ) ) ;
#1147 = ORIENTED_EDGE ( 'NONE', *, *, #1782, .T. ) ;
#1148 = DIRECTION ( 'NONE',  ( -1.000000000000000000, 0.000000000000000000, -1.577021341797097314E-16 ) ) ;
#1149 = CARTESIAN_POINT ( 'NONE',  ( 0.000000000000000000, 3.500000000000000000, -2.750000000000000000 ) ) ;
#1150 = DIRECTION ( 'NONE',  ( 1.000000000000000000, 0.000000000000000000, -1.224646799147353207E-16 ) ) ;
#1151 = EDGE_LOOP ( 'NONE', ( #525, #2129, #137, #776, #1316, #2342, #512, #2185 ) ) ;
#1152 = TOROIDAL_SURFACE ( 'NONE', #686, 2.375000000000003109, 0.2500000000000000000 ) ;
#1153 = DIRECTION ( 'NONE',  ( 0.000000000000000000, 0.000000000000000000, 1.000000000000000000 ) ) ;
#1154 = EDGE_CURVE ( 'NONE', #1992, #401, #2486, .T. ) ;
#1155 = CARTESIAN_POINT ( 'NONE',  ( -7.000000000000002665, 3.119344329600747923, 1.820027806766650880 ) ) ;
#1156 = CARTESIAN_POINT ( 'NONE',  ( -7.000000000000001776, 3.058133813696492176, -1.820027472320112860 ) ) ;
#1157 = AXIS2_PLACEMENT_3D ( 'NONE', #1030, #2445, #879 ) ;
#1158 = ORIENTED_EDGE ( 'NONE', *, *, #1374, .T. ) ;
#1159 = EDGE_CURVE ( 'NONE', #1735, #1567, #207, .T. ) ;
#1160 = CARTESIAN_POINT ( 'NONE',  ( 0.000000000000000000, 7.500000000000000000, 0.000000000000000000 ) ) ;
#1161 = ORIENTED_EDGE ( 'NONE', *, *, #147, .T. ) ;
#1162 = CARTESIAN_POINT ( 'NONE',  ( -6.500000000000002665, 0.5000000000000000000, -1.820027472320112416 ) ) ;
#1163 = DIRECTION ( 'NONE',  ( -0.000000000000000000, -1.000000000000000000, 0.000000000000000000 ) ) ;
#1164 = AXIS2_PLACEMENT_3D ( 'NONE', #192, #2178, #1004 ) ;
#1165 = SURFACE_SIDE_STYLE ('',( #987 ) ) ;
#1166 = ORIENTED_EDGE ( 'NONE', *, *, #2408, .T. ) ;
#1167 = AXIS2_PLACEMENT_3D ( 'NONE', #259, #235, #2260 ) ;
#1168 = CARTESIAN_POINT ( 'NONE',  ( -7.000000000000003553, 3.320941748601539789, 2.237520554986493160 ) ) ;
#1169 = CYLINDRICAL_SURFACE ( 'NONE', #870, 0.4999999999999995559 ) ;
#1170 = EDGE_CURVE ( 'NONE', #2275, #2354, #1621, .T. ) ;
#1171 = ORIENTED_EDGE ( 'NONE', *, *, #1590, .F. ) ;
#1172 = CARTESIAN_POINT ( 'NONE',  ( 0.000000000000000000, 4.000000000000000000, -17.24999999999999645 ) ) ;
#1173 = DIRECTION ( 'NONE',  ( -0.000000000000000000, -1.000000000000000000, 0.000000000000000000 ) ) ;
#1174 = VERTEX_POINT ( 'NONE', #1314 ) ;
#1175 = FACE_OUTER_BOUND ( 'NONE', #684, .T. ) ;
#1176 = AXIS2_PLACEMENT_3D ( 'NONE', #1368, #1150, #1963 ) ;
#1177 = DIRECTION ( 'NONE',  ( -0.000000000000000000, -1.000000000000000000, -0.000000000000000000 ) ) ;
#1178 = DIRECTION ( 'NONE',  ( 0.000000000000000000, 0.000000000000000000, 1.000000000000000000 ) ) ;
#1179 = ORIENTED_EDGE ( 'NONE', *, *, #2252, .T. ) ;
#1180 = CARTESIAN_POINT ( 'NONE',  ( -12.50000000000000000, 7.500000000000000000, -5.000000000000014211 ) ) ;
#1181 = CIRCLE ( 'NONE', #46, 0.2500000000000002220 ) ;
#1182 = ORIENTED_EDGE ( 'NONE', *, *, #1585, .F. ) ;
#1183 = CIRCLE ( 'NONE', #2053, 2.125000000000002665 ) ;
#1184 = DIRECTION ( 'NONE',  ( 0.000000000000000000, 1.000000000000000000, 0.000000000000000000 ) ) ;
#1185 = DIRECTION ( 'NONE',  ( 0.000000000000000000, 0.000000000000000000, 1.000000000000000000 ) ) ;
#1186 = ORIENTED_EDGE ( 'NONE', *, *, #50, .F. ) ;
#1187 = CARTESIAN_POINT ( 'NONE',  ( 15.90597372058686076, 5.500000000000000000, 5.250000000000001776 ) ) ;
#1188 = EDGE_CURVE ( 'NONE', #1411, #1964, #269, .T. ) ;
#1189 = CARTESIAN_POINT ( 'NONE',  ( -12.49999999999999645, 6.000000000000000000, 4.999999999999985789 ) ) ;
#1190 = ADVANCED_FACE ( 'NONE', ( #914 ), #2503, .T. ) ;
#1191 = SURFACE_STYLE_USAGE ( .BOTH. , #1165 ) ;
#1192 = TOROIDAL_SURFACE ( 'NONE', #1890, 2.375000000000003109, 0.2500000000000000000 ) ;
#1193 = CARTESIAN_POINT ( 'NONE',  ( -6.500000000000004441, 0.5000000000000004441, 7.750000000000000000 ) ) ;
#1194 = CARTESIAN_POINT ( 'NONE',  ( 0.000000000000000000, 0.000000000000000000, 0.000000000000000000 ) ) ;
#1195 = ORIENTED_EDGE ( 'NONE', *, *, #1732, .T. ) ;
#1196 = CARTESIAN_POINT ( 'NONE',  ( -12.49999999999999645, 6.249999999999999112, 3.874999999999987121 ) ) ;
#1197 = EDGE_LOOP ( 'NONE', ( #2076, #2369 ) ) ;
#1198 = CARTESIAN_POINT ( 'NONE',  ( -7.000000000000000000, 4.000000000000000000, -4.220485754033528103 ) ) ;
#1199 = VECTOR ( 'NONE', #90, 1000.000000000000000 ) ;
#1200 = CARTESIAN_POINT ( 'NONE',  ( -12.50000000000000000, 7.249999999999999112, -5.000000000000014211 ) ) ;
#1201 = EDGE_CURVE ( 'NONE', #1005, #842, #2314, .T. ) ;
#1202 = DIRECTION ( 'NONE',  ( 1.000000000000000000, 0.000000000000000000, 1.224646799147353207E-16 ) ) ;
#1203 = ADVANCED_FACE ( 'NONE', ( #523 ), #126, .F. ) ;
#1204 = VECTOR ( 'NONE', #2109, 1000.000000000000000 ) ;
#1205 = CARTESIAN_POINT ( 'NONE',  ( -7.000000000000002665, 4.000000000000009770, 4.220485754033523662 ) ) ;
#1206 = FACE_OUTER_BOUND ( 'NONE', #1286, .T. ) ;
#1207 = ORIENTED_EDGE ( 'NONE', *, *, #185, .F. ) ;
#1208 = CIRCLE ( 'NONE', #2463, 17.24999999999999645 ) ;
#1209 = DIRECTION ( 'NONE',  ( 0.000000000000000000, 0.000000000000000000, -1.000000000000000000 ) ) ;
#1210 = ORIENTED_EDGE ( 'NONE', *, *, #1835, .T. ) ;
#1211 = DIRECTION ( 'NONE',  ( 0.000000000000000000, 0.000000000000000000, 1.000000000000000000 ) ) ;
#1212 = CARTESIAN_POINT ( 'NONE',  ( -7.000000000000003553, 3.500000000000000000, 8.250000000000000000 ) ) ;
#1213 = CARTESIAN_POINT ( 'NONE',  ( 0.000000000000000000, 3.500000000000000000, -7.249999999999997335 ) ) ;
#1214 = CARTESIAN_POINT ( 'NONE',  ( 0.000000000000000000, 7.249999999999999112, 0.000000000000000000 ) ) ;
#1215 = VERTEX_POINT ( 'NONE', #872 ) ;
#1216 = ORIENTED_EDGE ( 'NONE', *, *, #1871, .F. ) ;
#1217 = FACE_OUTER_BOUND ( 'NONE', #489, .T. ) ;
#1218 = VECTOR ( 'NONE', #1791, 1000.000000000000000 ) ;
#1219 = ADVANCED_FACE ( 'NONE', ( #1711 ), #2077, .T. ) ;
#1220 = ORIENTED_EDGE ( 'NONE', *, *, #952, .F. ) ;
#1221 = DIRECTION ( 'NONE',  ( 0.000000000000000000, 1.000000000000000000, 0.000000000000000000 ) ) ;
#1222 = CARTESIAN_POINT ( 'NONE',  ( 0.000000000000000000, 5.500000000000000000, 0.000000000000000000 ) ) ;
#1223 = AXIS2_PLACEMENT_3D ( 'NONE', #505, #893, #2495 ) ;
#1224 = FACE_OUTER_BOUND ( 'NONE', #1355, .T. ) ;
#1225 = CIRCLE ( 'NONE', #97, 0.5000000000000000000 ) ;
#1226 = CARTESIAN_POINT ( 'NONE',  ( -15.28849034359759607, 5.680970630703342295, -7.750000000000001776 ) ) ;
#1227 =( BOUNDED_CURVE ( )  B_SPLINE_CURVE ( 3, ( #1514, #1907, #1867, #73 ),
 .UNSPECIFIED., .F., .T. ) 
 B_SPLINE_CURVE_WITH_KNOTS ( ( 4, 4 ),
 ( 1.570796326794896558, 3.141592653589793116 ),
 .UNSPECIFIED. ) 
 CURVE ( )  GEOMETRIC_REPRESENTATION_ITEM ( )  RATIONAL_B_SPLINE_CURVE ( ( 1.000000000000000000, 0.8047378541243649375, 0.8047378541243649375, 1.000000000000000000 ) ) 
 REPRESENTATION_ITEM ( '' )  );
#1228 = FACE_OUTER_BOUND ( 'NONE', #76, .T. ) ;
#1229 = ORIENTED_EDGE ( 'NONE', *, *, #549, .T. ) ;
#1230 = EDGE_CURVE ( 'NONE', #542, #1485, #34, .T. ) ;
#1231 = VERTEX_POINT ( 'NONE', #1671 ) ;
#1232 = CARTESIAN_POINT ( 'NONE',  ( -7.000000000000000888, 3.695995084254985574, -2.666559016055286335 ) ) ;
#1233 = EDGE_CURVE ( 'NONE', #133, #1810, #1749, .T. ) ;
#1234 = ORIENTED_EDGE ( 'NONE', *, *, #867, .T. ) ;
#1235 = DIRECTION ( 'NONE',  ( 0.000000000000000000, 1.000000000000000000, 0.000000000000000000 ) ) ;
#1236 = AXIS2_PLACEMENT_3D ( 'NONE', #587, #1776, #2391 ) ;
#1237 = DIRECTION ( 'NONE',  ( -1.000000000000000000, 0.000000000000000000, 0.000000000000000000 ) ) ;
#1238 = VECTOR ( 'NONE', #1690, 1000.000000000000000 ) ;
#1239 = DIRECTION ( 'NONE',  ( -0.000000000000000000, -1.000000000000000000, -0.000000000000000000 ) ) ;
#1240 = B_SPLINE_CURVE_WITH_KNOTS ( 'NONE', 3,
 ( #190, #1757, #400, #2188, #2373, #578, #1373, #1388, #2357, #593, #1558, #2, #1156, #410 ),
 .UNSPECIFIED., .F., .F.,
 ( 4, 2, 2, 2, 2, 2, 4 ),
 ( 0.000000000000000000, 0.0006783483404389855460, 0.001356696680877971092, 0.002035045021316956530, 0.002374219191536449357, 0.002543806276646195987, 0.002713393361755942184 ),
 .UNSPECIFIED. ) ;
#1241 = ORIENTED_EDGE ( 'NONE', *, *, #2585, .F. ) ;
#1242 = CARTESIAN_POINT ( 'NONE',  ( -6.999999999999898748, 3.563978052741181735, -3.186555199956662143 ) ) ;
#1243 = CIRCLE ( 'NONE', #453, 0.5000000000000000000 ) ;
#1244 = VERTEX_POINT ( 'NONE', #2145 ) ;
#1245 = CARTESIAN_POINT ( 'NONE',  ( -12.50000000000000000, 7.249999999999999112, -5.000000000000014211 ) ) ;
#1246 = DIRECTION ( 'NONE',  ( -0.000000000000000000, -1.000000000000000000, -0.000000000000000000 ) ) ;
#1247 = VECTOR ( 'NONE', #98, 1000.000000000000000 ) ;
#1248 = CARTESIAN_POINT ( 'NONE',  ( 15.73213272255227047, 3.500000000000000000, -5.749999999999997335 ) ) ;
#1249 = DIRECTION ( 'NONE',  ( 0.000000000000000000, 0.000000000000000000, -1.000000000000000000 ) ) ;
#1250 = FACE_OUTER_BOUND ( 'NONE', #2593, .T. ) ;
#1251 = ORIENTED_EDGE ( 'NONE', *, *, #132, .T. ) ;
#1252 = CIRCLE ( 'NONE', #125, 0.5000000000000004441 ) ;
#1253 = VERTEX_POINT ( 'NONE', #86 ) ;
#1254 = CARTESIAN_POINT ( 'NONE',  ( -7.000000000000000888, 3.580984452870060952, -3.402987333323862718 ) ) ;
#1255 = ORIENTED_EDGE ( 'NONE', *, *, #2551, .F. ) ;
#1256 = AXIS2_PLACEMENT_3D ( 'NONE', #2284, #481, #1066 ) ;
#1257 = DIRECTION ( 'NONE',  ( 0.000000000000000000, 1.000000000000000000, 0.000000000000000000 ) ) ;
#1258 = CARTESIAN_POINT ( 'NONE',  ( 0.000000000000000000, 0.000000000000000000, 0.000000000000000000 ) ) ;
#1259 = EDGE_CURVE ( 'NONE', #901, #842, #973, .T. ) ;
#1260 = CIRCLE ( 'NONE', #1096, 2.124999999999999112 ) ;
#1261 = DIRECTION ( 'NONE',  ( 0.000000000000000000, 0.000000000000000000, -1.000000000000000000 ) ) ;
#1262 = ADVANCED_FACE ( 'NONE', ( #1130 ), #2519, .T. ) ;
#1263 = CARTESIAN_POINT ( 'NONE',  ( -6.500000000000003553, 0.5000000000000000000, 1.820027472320109085 ) ) ;
#1264 = CYLINDRICAL_SURFACE ( 'NONE', #2506, 1.500000000000000222 ) ;
#1265 = CARTESIAN_POINT ( 'NONE',  ( -12.50000000000000000, 6.249999999999999112, -5.000000000000014211 ) ) ;
#1266 = CARTESIAN_POINT ( 'NONE',  ( -12.50000000000000000, 7.500000000000000000, -7.375000000000016875 ) ) ;
#1267 = ORIENTED_EDGE ( 'NONE', *, *, #2224, .T. ) ;
#1268 = CARTESIAN_POINT ( 'NONE',  ( 8.499999999999996447, 4.000000000000000000, 0.000000000000000000 ) ) ;
#1269 = AXIS2_PLACEMENT_3D ( 'NONE', #1083, #1687, #1276 ) ;
#1270 = DIRECTION ( 'NONE',  ( 0.000000000000000000, -1.000000000000000000, 0.000000000000000000 ) ) ;
#1271 = EDGE_CURVE ( 'NONE', #2584, #1735, #287, .T. ) ;
#1272 = DIRECTION ( 'NONE',  ( 0.000000000000000000, 0.000000000000000000, 1.000000000000000000 ) ) ;
#1273 = CARTESIAN_POINT ( 'NONE',  ( 0.000000000000000000, 7.500000000000000000, 0.000000000000000000 ) ) ;
#1274 = ORIENTED_EDGE ( 'NONE', *, *, #1170, .F. ) ;
#1275 = ADVANCED_FACE ( 'NONE', ( #487 ), #313, .F. ) ;
#1276 = DIRECTION ( 'NONE',  ( 0.000000000000000000, 0.000000000000000000, 1.000000000000000000 ) ) ;
#1277 = LINE ( 'NONE', #501, #579 ) ;
#1278 = ORIENTED_EDGE ( 'NONE', *, *, #1454, .T. ) ;
#1279 = AXIS2_PLACEMENT_3D ( 'NONE', #1487, #947, #2534 ) ;
#1280 = DIRECTION ( 'NONE',  ( 0.000000000000000000, 0.000000000000000000, -1.000000000000000000 ) ) ;
#1281 = FACE_OUTER_BOUND ( 'NONE', #1131, .T. ) ;
#1282 = AXIS2_PLACEMENT_3D ( 'NONE', #2396, #2203, #565 ) ;
#1283 = ORIENTED_EDGE ( 'NONE', *, *, #343, .T. ) ;
#1284 = DIRECTION ( 'NONE',  ( -0.000000000000000000, 1.000000000000000000, -0.000000000000000000 ) ) ;
#1285 = FACE_BOUND ( 'NONE', #100, .T. ) ;
#1286 = EDGE_LOOP ( 'NONE', ( #1981, #1721, #2535, #706 ) ) ;
#1287 = ORIENTED_EDGE ( 'NONE', *, *, #1853, .F. ) ;
#1288 = CARTESIAN_POINT ( 'NONE',  ( 0.000000000000000000, 3.500000000000000000, 0.000000000000000000 ) ) ;
#1289 = DIRECTION ( 'NONE',  ( -0.000000000000000000, -1.000000000000000000, -0.000000000000000000 ) ) ;
#1290 =( GEOMETRIC_REPRESENTATION_CONTEXT ( 3 ) GLOBAL_UNCERTAINTY_ASSIGNED_CONTEXT ( ( #2104 ) ) GLOBAL_UNIT_ASSIGNED_CONTEXT ( ( #2556, #1397, #653 ) ) REPRESENTATION_CONTEXT ( 'NONE', 'WORKASPACE' ) );
#1291 = VERTEX_POINT ( 'NONE', #1908 ) ;
#1292 = EDGE_CURVE ( 'NONE', #1542, #2488, #1277, .T. ) ;
#1293 = LINE ( 'NONE', #891, #655 ) ;
#1294 = DIRECTION ( 'NONE',  ( -0.000000000000000000, 1.000000000000000000, 0.000000000000000000 ) ) ;
#1295 = ORIENTED_EDGE ( 'NONE', *, *, #147, .F. ) ;
#1296 = FACE_OUTER_BOUND ( 'NONE', #1100, .T. ) ;
#1297 = DIRECTION ( 'NONE',  ( 0.000000000000000000, 0.000000000000000000, -1.000000000000000000 ) ) ;
#1298 = VECTOR ( 'NONE', #2057, 1000.000000000000000 ) ;
#1299 = DIRECTION ( 'NONE',  ( 0.000000000000000000, 0.000000000000000000, 1.000000000000000000 ) ) ;
#1300 = PLANE ( 'NONE',  #456 ) ;
#1301 = EDGE_LOOP ( 'NONE', ( #261, #1207, #1147, #140 ) ) ;
#1302 = CIRCLE ( 'NONE', #2108, 2.750000000000000000 ) ;
#1303 = ORIENTED_EDGE ( 'NONE', *, *, #2209, .T. ) ;
#1304 = DIRECTION ( 'NONE',  ( 0.000000000000000000, 0.000000000000000000, 1.000000000000000000 ) ) ;
#1305 = ADVANCED_FACE ( 'NONE', ( #1319 ), #541, .F. ) ;
#1306 = ORIENTED_EDGE ( 'NONE', *, *, #1764, .T. ) ;
#1307 = CARTESIAN_POINT ( 'NONE',  ( 25.50000000000000000, 5.500000000000000000, 5.250000000000003553 ) ) ;
#1308 = DIRECTION ( 'NONE',  ( 0.000000000000000000, 0.000000000000000000, 1.000000000000000000 ) ) ;
#1309 = EDGE_CURVE ( 'NONE', #668, #176, #2034, .T. ) ;
#1310 = ORIENTED_EDGE ( 'NONE', *, *, #2000, .F. ) ;
#1311 = CARTESIAN_POINT ( 'NONE',  ( -15.41103500742243781, 6.000000000000000000, 7.750000000000000000 ) ) ;
#1312 = DIRECTION ( 'NONE',  ( 0.000000000000000000, 0.000000000000000000, 1.000000000000000000 ) ) ;
#1313 = CIRCLE ( 'NONE', #817, 0.5000000000000000000 ) ;
#1314 = CARTESIAN_POINT ( 'NONE',  ( -15.41103500742243781, 6.000000000000000000, -7.750000000000000000 ) ) ;
#1315 = CARTESIAN_POINT ( 'NONE',  ( -15.41103500742243781, 4.000000000000000000, 7.750000000000000000 ) ) ;
#1316 = ORIENTED_EDGE ( 'NONE', *, *, #2438, .T. ) ;
#1317 = DIRECTION ( 'NONE',  ( 0.000000000000000000, 1.000000000000000000, 0.000000000000000000 ) ) ;
#1318 = CARTESIAN_POINT ( 'NONE',  ( 12.50000000000000000, 6.249999999999999112, 0.000000000000000000 ) ) ;
#1319 = FACE_OUTER_BOUND ( 'NONE', #761, .T. ) ;
#1320 = ORIENTED_EDGE ( 'NONE', *, *, #1069, .T. ) ;
#1321 = DIRECTION ( 'NONE',  ( 0.000000000000000000, 0.000000000000000000, 1.000000000000000000 ) ) ;
#1322 = AXIS2_PLACEMENT_3D ( 'NONE', #402, #1562, #965 ) ;
#1323 = DIRECTION ( 'NONE',  ( 0.000000000000000000, 1.000000000000000000, 0.000000000000000000 ) ) ;
#1324 = EDGE_LOOP ( 'NONE', ( #1003, #1306, #1350, #459 ) ) ;
#1325 = CARTESIAN_POINT ( 'NONE',  ( -12.50000000000000000, 7.500000000000000000, -2.625000000000011102 ) ) ;
#1326 = TOROIDAL_SURFACE ( 'NONE', #2345, 1.625000000000001332, 0.5000000000000000000 ) ;
#1327 = VECTOR ( 'NONE', #735, 1000.000000000000000 ) ;
#1328 = CARTESIAN_POINT ( 'NONE',  ( 12.50000000000000000, 7.249999999999999112, -2.124999999999999112 ) ) ;
#1329 = ORIENTED_EDGE ( 'NONE', *, *, #1819, .T. ) ;
#1330 = AXIS2_PLACEMENT_3D ( 'NONE', #1023, #220, #1814 ) ;
#1331 = DIRECTION ( 'NONE',  ( 1.000000000000000000, -0.000000000000000000, 1.224646799147353207E-16 ) ) ;
#1332 = DIRECTION ( 'NONE',  ( -0.000000000000000000, -1.000000000000000000, -0.000000000000000000 ) ) ;
#1333 = DIRECTION ( 'NONE',  ( 0.000000000000000000, 0.000000000000000000, -1.000000000000000000 ) ) ;
#1334 = ORIENTED_EDGE ( 'NONE', *, *, #2003, .F. ) ;
#1335 = CARTESIAN_POINT ( 'NONE',  ( 0.000000000000000000, 7.249999999999999112, 0.000000000000000000 ) ) ;
#1336 = DIRECTION ( 'NONE',  ( 0.000000000000000000, 0.000000000000000000, 1.000000000000000000 ) ) ;
#1337 = ORIENTED_EDGE ( 'NONE', *, *, #1697, .F. ) ;
#1338 = CARTESIAN_POINT ( 'NONE',  ( -12.49999999999999645, 7.500000000000000000, 2.624999999999983125 ) ) ;
#1339 = PRODUCT ( 'CUBIERTA DE RING VOLTIMOR new', 'CUBIERTA DE RING VOLTIMOR new', '', ( #630 ) ) ;
#1340 = FACE_BOUND ( 'NONE', #1512, .T. ) ;
#1341 = EDGE_CURVE ( 'NONE', #1642, #1800, #1243, .T. ) ;
#1342 = DIRECTION ( 'NONE',  ( 0.000000000000000000, 1.000000000000000000, 0.000000000000000000 ) ) ;
#1343 = ORIENTED_EDGE ( 'NONE', *, *, #2428, .T. ) ;
#1344 = EDGE_CURVE ( 'NONE', #2576, #447, #905, .T. ) ;
#1345 = DIRECTION ( 'NONE',  ( -1.000000000000000000, 0.000000000000000000, -1.577021341797097314E-16 ) ) ;
#1346 = CARTESIAN_POINT ( 'NONE',  ( 0.000000000000000000, 0.5000000000000000000, 6.749999999999997335 ) ) ;
#1347 = AXIS2_PLACEMENT_3D ( 'NONE', #1258, #2295, #1308 ) ;
#1348 = ORIENTED_EDGE ( 'NONE', *, *, #1970, .F. ) ;
#1349 = FACE_OUTER_BOUND ( 'NONE', #368, .T. ) ;
#1350 = ORIENTED_EDGE ( 'NONE', *, *, #1378, .T. ) ;
#1351 = CARTESIAN_POINT ( 'NONE',  ( -6.953912401013412570, 3.157664693685582780, 2.138332590466399452 ) ) ;
#1352 = CARTESIAN_POINT ( 'NONE',  ( -12.50000000000000000, 6.249999999999999112, -5.000000000000014211 ) ) ;
#1353 = CARTESIAN_POINT ( 'NONE',  ( 16.04143073050084922, 5.500000000000000000, 5.250000000000001776 ) ) ;
#1354 = EDGE_CURVE ( 'NONE', #1507, #431, #2133, .T. ) ;
#1355 = EDGE_LOOP ( 'NONE', ( #1516, #1897, #1110, #2098 ) ) ;
#1356 = ADVANCED_FACE ( 'NONE', ( #515 ), #620, .T. ) ;
#1357 = CLOSED_SHELL ( 'NONE', ( #2139, #497, #226, #2211, #437, #1203, #2012, #2177, #1356, #421, #75, #2504, #1638, #2093, #2388, #1555, #142, #1002, #851, #502, #1799, #1568, #986, #1573, #2142, #1606, #2136, #613, #1305, #1, #1275, #1537, #449, #1879, #631, #563, #1666, #258, #1496, #1408, #1631, #625, #2240, #1417, #356, #2333, #2064, #1683, #200, #72, #1190, #531, #2282, #1395, #2075, #1262, #1219, #1744, #1103, #1938, #96, #2046, #535, #2465, #378, #936, #1617, #2189, #1422, #468, #768, #2135, #1804, #484, #1127, #1073, #1467, #1714, #2083, #2173, #1043, #464, #1124, #5, #2479, #660 ) ) ;
#1358 = CARTESIAN_POINT ( 'NONE',  ( 8.878689293818308102E-16, 0.5000000000000000000, 7.249999999999997335 ) ) ;
#1359 = CARTESIAN_POINT ( 'NONE',  ( 0.000000000000000000, 0.5000000000000000000, 0.000000000000000000 ) ) ;
#1360 = CIRCLE ( 'NONE', #1236, 3.250000000000000000 ) ;
#1361 = ORIENTED_EDGE ( 'NONE', *, *, #1233, .F. ) ;
#1362 = DIRECTION ( 'NONE',  ( 0.000000000000000000, 0.000000000000000000, 1.000000000000000000 ) ) ;
#1363 = EDGE_CURVE ( 'NONE', #1231, #1592, #703, .T. ) ;
#1364 = TOROIDAL_SURFACE ( 'NONE', #237, 4.150000000000000355, 0.5000000000000000000 ) ;
#1365 = ORIENTED_EDGE ( 'NONE', *, *, #2442, .T. ) ;
#1366 = CARTESIAN_POINT ( 'NONE',  ( -12.49999999999999645, 6.249999999999999112, 2.874999999999983569 ) ) ;
#1367 = VECTOR ( 'NONE', #1730, 1000.000000000000000 ) ;
#1368 = CARTESIAN_POINT ( 'NONE',  ( 3.980102097228897738E-16, 3.500000000000000000, 3.250000000000000000 ) ) ;
#1369 = ORIENTED_EDGE ( 'NONE', *, *, #2252, .F. ) ;
#1370 = AXIS2_PLACEMENT_3D ( 'NONE', #1864, #628, #666 ) ;
#1371 = DIRECTION ( 'NONE',  ( -0.000000000000000000, -1.000000000000000000, -0.000000000000000000 ) ) ;
#1372 = CARTESIAN_POINT ( 'NONE',  ( -7.000000000000002665, 3.438560523936588620, 2.542995798862551560 ) ) ;
#1373 = CARTESIAN_POINT ( 'NONE',  ( -6.999999999999999112, 3.608988929458754491, -2.455918268984768282 ) ) ;
#1374 = EDGE_CURVE ( 'NONE', #1914, #2317, #528, .T. ) ;
#1375 = ORIENTED_EDGE ( 'NONE', *, *, #1501, .F. ) ;
#1376 = CARTESIAN_POINT ( 'NONE',  ( -7.000000000000000888, 3.212999345883256197, 1.899039534970857090 ) ) ;
#1377 = CARTESIAN_POINT ( 'NONE',  ( 12.50000000000000000, 7.500000000000000000, 2.374999999999999556 ) ) ;
#1378 = EDGE_CURVE ( 'NONE', #1766, #1673, #130, .T. ) ;
#1379 = ORIENTED_EDGE ( 'NONE', *, *, #899, .F. ) ;
#1380 = CARTESIAN_POINT ( 'NONE',  ( 12.50000000000000000, 7.249999999999999112, 0.000000000000000000 ) ) ;
#1381 = AXIS2_PLACEMENT_3D ( 'NONE', #573, #1342, #756 ) ;
#1382 = DIRECTION ( 'NONE',  ( 0.000000000000000000, -1.000000000000000000, 0.000000000000000000 ) ) ;
#1383 = CARTESIAN_POINT ( 'NONE',  ( 16.43167672515497912, 6.000000000000000000, 5.250000000000001776 ) ) ;
#1384 = ORIENTED_EDGE ( 'NONE', *, *, #199, .F. ) ;
#1385 = CIRCLE ( 'NONE', #1597, 2.000000000000000000 ) ;
#1386 = CARTESIAN_POINT ( 'NONE',  ( -6.500000000000002665, 0.5000000000000004441, 1.820027472320108863 ) ) ;
#1387 = CARTESIAN_POINT ( 'NONE',  ( -6.748867272055480093, 3.420659720776519030, 3.217655382945181053 ) ) ;
#1388 = CARTESIAN_POINT ( 'NONE',  ( -7.000000000000002665, 3.437270276404299274, -2.158120496112271081 ) ) ;
#1389 = ORIENTED_EDGE ( 'NONE', *, *, #833, .F. ) ;
#1390 = AXIS2_PLACEMENT_3D ( 'NONE', #353, #1163, #1763 ) ;
#1391 = CARTESIAN_POINT ( 'NONE',  ( 0.000000000000000000, 3.500000000000000000, 0.000000000000000000 ) ) ;
#1392 = ORIENTED_EDGE ( 'NONE', *, *, #2520, .F. ) ;
#1393 = CARTESIAN_POINT ( 'NONE',  ( 16.43167672515498623, 5.864468793249891121, -5.249999999999999112 ) ) ;
#1394 = DIRECTION ( 'NONE',  ( 0.000000000000000000, -1.000000000000000000, 0.000000000000000000 ) ) ;
#1395 = ADVANCED_FACE ( 'NONE', ( #1527 ), #1169, .T. ) ;
#1396 = B_SPLINE_CURVE_WITH_KNOTS ( 'NONE', 3,
 ( #1595, #1618, #2402, #405, #1415, #2232, #1019, #2009 ),
 .UNSPECIFIED., .F., .F.,
 ( 4, 2, 2, 4 ),
 ( -4.614547303507958666E-06, 0.0005370222458199719719, 0.0008078406423817119418, 0.001078659038943452020 ),
 .UNSPECIFIED. ) ;
#1397 =( NAMED_UNIT ( * ) PLANE_ANGLE_UNIT ( ) SI_UNIT ( $, .RADIAN. ) );
#1398 = CARTESIAN_POINT ( 'NONE',  ( -12.50000000000000000, 6.249999999999999112, -5.000000000000014211 ) ) ;
#1399 = CIRCLE ( 'NONE', #690, 2.375000000000003109 ) ;
#1400 = CIRCLE ( 'NONE', #1269, 1.124999999999999334 ) ;
#1401 = ORIENTED_EDGE ( 'NONE', *, *, #967, .F. ) ;
#1402 = DIRECTION ( 'NONE',  ( 1.000000000000000000, -0.000000000000000000, 1.224646799147353207E-16 ) ) ;
#1403 = ORIENTED_EDGE ( 'NONE', *, *, #1919, .F. ) ;
#1404 = CARTESIAN_POINT ( 'NONE',  ( -12.49999999999999645, 7.249999999999999112, 2.624999999999983125 ) ) ;
#1405 = DIRECTION ( 'NONE',  ( 0.000000000000000000, 0.000000000000000000, 1.000000000000000000 ) ) ;
#1406 = DIRECTION ( 'NONE',  ( 0.000000000000000000, 1.000000000000000000, 0.000000000000000000 ) ) ;
#1407 = CIRCLE ( 'NONE', #957, 1.125000000000001110 ) ;
#1408 = ADVANCED_FACE ( 'NONE', ( #963, #978 ), #212, .F. ) ;
#1409 = DIRECTION ( 'NONE',  ( -1.000000000000000000, 0.000000000000000000, 7.849623728795059675E-14 ) ) ;
#1410 = ORIENTED_EDGE ( 'NONE', *, *, #108, .T. ) ;
#1411 = VERTEX_POINT ( 'NONE', #1572 ) ;
#1412 = CARTESIAN_POINT ( 'NONE',  ( -7.000000000000001776, 3.275568670782607050, -2.137656588204861929 ) ) ;
#1413 = ORIENTED_EDGE ( 'NONE', *, *, #1853, .T. ) ;
#1414 = CARTESIAN_POINT ( 'NONE',  ( 0.000000000000000000, 3.000000000000000000, 0.000000000000000000 ) ) ;
#1415 = CARTESIAN_POINT ( 'NONE',  ( 16.29390438290014487, 3.690322712173210284, 5.350249939582897518 ) ) ;
#1416 = CARTESIAN_POINT ( 'NONE',  ( 0.000000000000000000, 6.999999999999999112, 2.000000000000000000 ) ) ;
#1417 = ADVANCED_FACE ( 'NONE', ( #790 ), #1012, .T. ) ;
#1418 = CIRCLE ( 'NONE', #2045, 16.74999999999999645 ) ;
#1419 = LINE ( 'NONE', #47, #2221 ) ;
#1420 = CARTESIAN_POINT ( 'NONE',  ( -12.49999999999999645, 7.500000000000000000, 4.999999999999985789 ) ) ;
#1421 = ORIENTED_EDGE ( 'NONE', *, *, #1470, .F. ) ;
#1422 = ADVANCED_FACE ( 'NONE', ( #604 ), #829, .T. ) ;
#1423 = AXIS2_PLACEMENT_3D ( 'NONE', #2540, #985, #1550 ) ;
#1424 = ORIENTED_EDGE ( 'NONE', *, *, #2155, .F. ) ;
#1425 = LINE ( 'NONE', #60, #494 ) ;
#1426 = ORIENTED_EDGE ( 'NONE', *, *, #1059, .T. ) ;
#1427 = FACE_OUTER_BOUND ( 'NONE', #1433, .T. ) ;
#1428 = DIRECTION ( 'NONE',  ( 0.000000000000000000, 0.000000000000000000, -1.000000000000000000 ) ) ;
#1429 = AXIS2_PLACEMENT_3D ( 'NONE', #2179, #2389, #178 ) ;
#1430 = CARTESIAN_POINT ( 'NONE',  ( 8.266365894244631375E-16, 0.5000000000000000000, -6.749999999999997335 ) ) ;
#1431 = CIRCLE ( 'NONE', #267, 0.5000000000000002220 ) ;
#1432 = DIRECTION ( 'NONE',  ( -0.000000000000000000, -1.000000000000000000, -0.000000000000000000 ) ) ;
#1433 = EDGE_LOOP ( 'NONE', ( #2311, #745, #2334, #586 ) ) ;
#1434 = ORIENTED_EDGE ( 'NONE', *, *, #1309, .T. ) ;
#1435 = CARTESIAN_POINT ( 'NONE',  ( -6.927902072961019897, 3.218552141324204641, -2.300180280011288936 ) ) ;
#1436 = CIRCLE ( 'NONE', #146, 7.249999999999997335 ) ;
#1437 = VERTEX_POINT ( 'NONE', #14 ) ;
#1438 = EDGE_CURVE ( 'NONE', #1215, #720, #1536, .T. ) ;
#1439 = DIRECTION ( 'NONE',  ( 2.797941090285172590E-16, 0.000000000000000000, -1.000000000000000000 ) ) ;
#1440 = CARTESIAN_POINT ( 'NONE',  ( 0.000000000000000000, 7.249999999999999112, 0.000000000000000000 ) ) ;
#1441 = CARTESIAN_POINT ( 'NONE',  ( 0.000000000000000000, 7.500000000000000000, -17.24999999999999645 ) ) ;
#1442 = CIRCLE ( 'NONE', #2340, 1.500000000000000222 ) ;
#1443 = CARTESIAN_POINT ( 'NONE',  ( -7.000000000000001776, 3.549524388330012936, 4.035783500226438392 ) ) ;
#1444 = DIRECTION ( 'NONE',  ( 0.000000000000000000, 0.000000000000000000, 1.000000000000000000 ) ) ;
#1445 = ORIENTED_EDGE ( 'NONE', *, *, #2048, .T. ) ;
#1446 = ORIENTED_EDGE ( 'NONE', *, *, #787, .F. ) ;
#1447 = CARTESIAN_POINT ( 'NONE',  ( -7.000000000000001776, 3.549874393572894249, -4.034478141906192583 ) ) ;
#1448 = AXIS2_PLACEMENT_3D ( 'NONE', #486, #286, #888 ) ;
#1449 = EDGE_CURVE ( 'NONE', #431, #119, #2305, .T. ) ;
#1450 = VERTEX_POINT ( 'NONE', #2002 ) ;
#1451 = DIRECTION ( 'NONE',  ( 0.000000000000000000, 1.000000000000000000, 0.000000000000000000 ) ) ;
#1452 = DIRECTION ( 'NONE',  ( 0.000000000000000000, 0.000000000000000000, 1.000000000000000000 ) ) ;
#1453 = CIRCLE ( 'NONE', #1009, 16.74999999999999645 ) ;
#1454 = EDGE_CURVE ( 'NONE', #447, #1939, #1240, .T. ) ;
#1455 = DIRECTION ( 'NONE',  ( 0.000000000000000000, 0.000000000000000000, 1.000000000000000000 ) ) ;
#1456 = VECTOR ( 'NONE', #2047, 1000.000000000000000 ) ;
#1457 = CARTESIAN_POINT ( 'NONE',  ( -7.000000000000002665, 3.898428242721657444, 3.320341093516633979 ) ) ;
#1458 = CARTESIAN_POINT ( 'NONE',  ( 0.000000000000000000, 3.000000000000000000, 0.000000000000000000 ) ) ;
#1459 = EDGE_LOOP ( 'NONE', ( #1816, #705, #1267, #93, #2094, #558, #1480, #514, #801, #1780, #420, #2320, #1923 ) ) ;
#1460 = DIRECTION ( 'NONE',  ( 1.000000000000000000, 0.000000000000000000, 0.000000000000000000 ) ) ;
#1461 = MECHANICAL_DESIGN_GEOMETRIC_PRESENTATION_REPRESENTATION (  '', ( #3 ), #1290 ) ;
#1462 = VECTOR ( 'NONE', #834, 1000.000000000000000 ) ;
#1463 = ORIENTED_EDGE ( 'NONE', *, *, #395, .T. ) ;
#1464 = LINE ( 'NONE', #2066, #791 ) ;
#1465 = VERTEX_POINT ( 'NONE', #386 ) ;
#1466 = DIRECTION ( 'NONE',  ( 0.000000000000000000, 0.000000000000000000, 1.000000000000000000 ) ) ;
#1467 = ADVANCED_FACE ( 'NONE', ( #1950 ), #1990, .F. ) ;
#1468 = CARTESIAN_POINT ( 'NONE',  ( 0.000000000000000000, 4.000000000000000000, -2.750000000000000000 ) ) ;
#1469 = AXIS2_PLACEMENT_3D ( 'NONE', #452, #1246, #683 ) ;
#1470 = EDGE_CURVE ( 'NONE', #271, #1750, #2425, .T. ) ;
#1471 = CYLINDRICAL_SURFACE ( 'NONE', #1016, 2.125000000000002665 ) ;
#1472 = CIRCLE ( 'NONE', #476, 2.750000000000000000 ) ;
#1473 = CARTESIAN_POINT ( 'NONE',  ( -12.49999999999999645, 6.249999999999999112, 4.999999999999985789 ) ) ;
#1474 = ORIENTED_EDGE ( 'NONE', *, *, #2370, .T. ) ;
#1475 = VERTEX_POINT ( 'NONE', #1795 ) ;
#1476 = DIRECTION ( 'NONE',  ( 0.000000000000000000, 1.000000000000000000, 0.000000000000000000 ) ) ;
#1477 = ORIENTED_EDGE ( 'NONE', *, *, #305, .T. ) ;
#1478 = FACE_BOUND ( 'NONE', #16, .T. ) ;
#1479 = CARTESIAN_POINT ( 'NONE',  ( 5.082284216461515156E-16, 0.5000000000000000000, -4.150000000000000355 ) ) ;
#1480 = ORIENTED_EDGE ( 'NONE', *, *, #2321, .T. ) ;
#1481 = DIRECTION ( 'NONE',  ( 0.000000000000000000, 0.000000000000000000, 1.000000000000000000 ) ) ;
#1482 = LINE ( 'NONE', #295, #1247 ) ;
#1483 = EDGE_LOOP ( 'NONE', ( #1361, #1195, #1128, #689 ) ) ;
#1484 = EDGE_CURVE ( 'NONE', #285, #1231, #799, .T. ) ;
#1485 = VERTEX_POINT ( 'NONE', #554 ) ;
#1486 = CARTESIAN_POINT ( 'NONE',  ( 15.73213272255227047, 3.500000000000000000, -5.749999999999997335 ) ) ;
#1487 = CARTESIAN_POINT ( 'NONE',  ( -6.500000000000002665, 4.000000000000000000, -1.818661708685362849E-15 ) ) ;
#1488 = B_SPLINE_CURVE_WITH_KNOTS ( 'NONE', 3,
 ( #1553, #1353, #154, #798, #1779, #1383 ),
 .UNSPECIFIED., .F., .F.,
 ( 4, 2, 4 ),
 ( 0.000000000000000000, 0.0004007108989572429861, 0.0008014217979144859722 ),
 .UNSPECIFIED. ) ;
#1489 = ORIENTED_EDGE ( 'NONE', *, *, #611, .F. ) ;
#1490 = PLANE ( 'NONE',  #153 ) ;
#1491 = DIRECTION ( 'NONE',  ( 0.000000000000000000, 0.000000000000000000, 1.000000000000000000 ) ) ;
#1492 = ORIENTED_EDGE ( 'NONE', *, *, #1619, .F. ) ;
#1493 = DIRECTION ( 'NONE',  ( 0.000000000000000000, 0.000000000000000000, -1.000000000000000000 ) ) ;
#1494 = DIRECTION ( 'NONE',  ( -0.000000000000000000, 1.000000000000000000, -0.000000000000000000 ) ) ;
#1495 = DIRECTION ( 'NONE',  ( 0.000000000000000000, 1.000000000000000000, 0.000000000000000000 ) ) ;
#1496 = ADVANCED_FACE ( 'NONE', ( #1206 ), #1802, .F. ) ;
#1497 = ORIENTED_EDGE ( 'NONE', *, *, #1154, .F. ) ;
#1498 = DIRECTION ( 'NONE',  ( -0.000000000000000000, -1.000000000000000000, -0.000000000000000000 ) ) ;
#1499 = DIRECTION ( 'NONE',  ( -0.000000000000000000, 1.000000000000000000, -0.000000000000000000 ) ) ;
#1500 = CARTESIAN_POINT ( 'NONE',  ( 0.000000000000000000, 4.000000000000000000, 0.000000000000000000 ) ) ;
#1501 = EDGE_CURVE ( 'NONE', #119, #302, #2222, .T. ) ;
#1502 = EDGE_LOOP ( 'NONE', ( #1857, #1474, #2193, #616 ) ) ;
#1503 = CARTESIAN_POINT ( 'NONE',  ( -12.49999999999999645, 7.249999999999999112, 4.999999999999985789 ) ) ;
#1504 = CIRCLE ( 'NONE', #467, 0.5000000000000000000 ) ;
#1505 = DIRECTION ( 'NONE',  ( 1.000000000000000000, 0.000000000000000000, 2.797941090285171604E-16 ) ) ;
#1506 = CIRCLE ( 'NONE', #2011, 2.750000000000000000 ) ;
#1507 = VERTEX_POINT ( 'NONE', #248 ) ;
#1508 = DIRECTION ( 'NONE',  ( -1.224646799147353454E-16, 0.000000000000000000, -1.000000000000000000 ) ) ;
#1509 = DIRECTION ( 'NONE',  ( 8.881784197001252323E-16, 0.000000000000000000, -1.000000000000000000 ) ) ;
#1510 = CARTESIAN_POINT ( 'NONE',  ( -15.41103500742243426, 3.500000000000000000, -8.250000000000000000 ) ) ;
#1511 = CARTESIAN_POINT ( 'NONE',  ( -15.39820779043864896, 3.900632767667428613, 7.757912625293858611 ) ) ;
#1512 = EDGE_LOOP ( 'NONE', ( #2444, #373 ) ) ;
#1513 = EDGE_CURVE ( 'NONE', #1174, #285, #1078, .T. ) ;
#1514 = CARTESIAN_POINT ( 'NONE',  ( -6.500000000000005329, 3.500000000000000000, 8.250000000000000000 ) ) ;
#1515 = CARTESIAN_POINT ( 'NONE',  ( 16.29390477538741777, 3.690323101231349323, -5.350249655058169296 ) ) ;
#1516 = ORIENTED_EDGE ( 'NONE', *, *, #1259, .T. ) ;
#1517 = CARTESIAN_POINT ( 'NONE',  ( -12.50000000000000000, 6.249999999999999112, -7.125000000000016875 ) ) ;
#1518 = CIRCLE ( 'NONE', #730, 0.2500000000000002220 ) ;
#1519 = DIRECTION ( 'NONE',  ( -0.9629629629629836707, 0.000000000000000000, 0.2696336996029083388 ) ) ;
#1520 = ORIENTED_EDGE ( 'NONE', *, *, #61, .T. ) ;
#1521 = CARTESIAN_POINT ( 'NONE',  ( 0.000000000000000000, 4.000000000000000000, 0.000000000000000000 ) ) ;
#1522 = CARTESIAN_POINT ( 'NONE',  ( 0.000000000000000000, 0.5000000000000000000, 0.000000000000000000 ) ) ;
#1523 = CARTESIAN_POINT ( 'NONE',  ( 0.000000000000000000, 6.999999999999999112, 0.000000000000000000 ) ) ;
#1524 = ORIENTED_EDGE ( 'NONE', *, *, #2160, .F. ) ;
#1525 = AXIS2_PLACEMENT_3D ( 'NONE', #2230, #1257, #2243 ) ;
#1526 = DIRECTION ( 'NONE',  ( 0.000000000000000000, 0.000000000000000000, 1.000000000000000000 ) ) ;
#1527 = FACE_OUTER_BOUND ( 'NONE', #1852, .T. ) ;
#1528 = ORIENTED_EDGE ( 'NONE', *, *, #2155, .T. ) ;
#1529 = CARTESIAN_POINT ( 'NONE',  ( 12.50000000000000000, 7.500000000000000000, 0.000000000000000000 ) ) ;
#1530 = CARTESIAN_POINT ( 'NONE',  ( 0.000000000000000000, 4.000000000000000000, -16.74999999999999645 ) ) ;
#1531 = EDGE_CURVE ( 'NONE', #806, #224, #1625, .T. ) ;
#1532 = AXIS2_PLACEMENT_3D ( 'NONE', #274, #1072, #1027 ) ;
#1533 = EDGE_LOOP ( 'NONE', ( #288, #2454, #925, #837 ) ) ;
#1534 = DIRECTION ( 'NONE',  ( -0.000000000000000000, 1.000000000000000000, -0.000000000000000000 ) ) ;
#1535 = FACE_OUTER_BOUND ( 'NONE', #910, .T. ) ;
#1536 = CIRCLE ( 'NONE', #413, 2.125000000000002665 ) ;
#1537 = ADVANCED_FACE ( 'NONE', ( #824 ), #1264, .F. ) ;
#1538 = DIRECTION ( 'NONE',  ( -0.000000000000000000, 1.000000000000000000, 0.000000000000000000 ) ) ;
#1539 = ORIENTED_EDGE ( 'NONE', *, *, #1884, .T. ) ;
#1540 = DIRECTION ( 'NONE',  ( -0.000000000000000000, 1.000000000000000000, -0.000000000000000000 ) ) ;
#1541 = DIRECTION ( 'NONE',  ( 0.000000000000000000, 0.000000000000000000, 1.000000000000000000 ) ) ;
#1542 = VERTEX_POINT ( 'NONE', #1635 ) ;
#1543 = CARTESIAN_POINT ( 'NONE',  ( -7.000000000000001776, 3.000000000000000000, 1.820027472320108641 ) ) ;
#1544 = CARTESIAN_POINT ( 'NONE',  ( -6.499999999999992895, 0.5000000000000000000, 1.820027472320144613 ) ) ;
#1545 = CIRCLE ( 'NONE', #2231, 1.124999999999999334 ) ;
#1546 = ORIENTED_EDGE ( 'NONE', *, *, #1188, .T. ) ;
#1547 = EDGE_CURVE ( 'NONE', #2363, #2216, #1828, .T. ) ;
#1548 = EDGE_CURVE ( 'NONE', #2004, #1648, #1826, .T. ) ;
#1549 = DIRECTION ( 'NONE',  ( -1.000000000000000000, 0.000000000000000000, 0.000000000000000000 ) ) ;
#1550 = DIRECTION ( 'NONE',  ( 0.000000000000000000, 0.000000000000000000, -1.000000000000000000 ) ) ;
#1551 = EDGE_CURVE ( 'NONE', #1253, #1005, #1057, .T. ) ;
#1552 = CIRCLE ( 'NONE', #426, 0.5000000000000000000 ) ;
#1553 = CARTESIAN_POINT ( 'NONE',  ( 15.90597372058686076, 5.500000000000000000, 5.250000000000001776 ) ) ;
#1554 = ORIENTED_EDGE ( 'NONE', *, *, #1170, .T. ) ;
#1555 = ADVANCED_FACE ( 'NONE', ( #1250 ), #581, .F. ) ;
#1556 = DIRECTION ( 'NONE',  ( 0.000000000000000000, 0.000000000000000000, 1.000000000000000000 ) ) ;
#1557 = CARTESIAN_POINT ( 'NONE',  ( -7.000000000000001776, 3.089070793540793503, 1.888708098247415146 ) ) ;
#1558 = CARTESIAN_POINT ( 'NONE',  ( -7.000000000000000888, 3.212439152300375245, -1.898587891534363026 ) ) ;
#1559 = AXIS2_PLACEMENT_3D ( 'NONE', #1102, #2456, #663 ) ;
#1560 = CIRCLE ( 'NONE', #1934, 1.500000000000000222 ) ;
#1561 = ORIENTED_EDGE ( 'NONE', *, *, #2352, .T. ) ;
#1562 = DIRECTION ( 'NONE',  ( 0.000000000000000000, -1.000000000000000000, 0.000000000000000000 ) ) ;
#1563 = DIRECTION ( 'NONE',  ( 0.000000000000000000, -1.000000000000000000, 0.000000000000000000 ) ) ;
#1564 = ORIENTED_EDGE ( 'NONE', *, *, #21, .T. ) ;
#1565 = FACE_OUTER_BOUND ( 'NONE', #2296, .T. ) ;
#1566 = CARTESIAN_POINT ( 'NONE',  ( 0.000000000000000000, 5.500000000000000000, 0.000000000000000000 ) ) ;
#1567 = VERTEX_POINT ( 'NONE', #654 ) ;
#1568 = ADVANCED_FACE ( 'NONE', ( #1609 ), #2274, .T. ) ;
#1569 = TOROIDAL_SURFACE ( 'NONE', #1896, 6.749999999999997335, 0.5000000000000000000 ) ;
#1570 = CARTESIAN_POINT ( 'NONE',  ( 3.980102097228897738E-16, 3.000000000000000000, 3.250000000000000000 ) ) ;
#1571 = DIRECTION ( 'NONE',  ( -0.000000000000000000, -1.000000000000000000, 0.000000000000000000 ) ) ;
#1572 = CARTESIAN_POINT ( 'NONE',  ( 16.43167672515497912, 4.000000000000000000, 5.250000000000001776 ) ) ;
#1573 = ADVANCED_FACE ( 'NONE', ( #1067 ), #836, .T. ) ;
#1574 = AXIS2_PLACEMENT_3D ( 'NONE', #682, #277, #1678 ) ;
#1575 = ORIENTED_EDGE ( 'NONE', *, *, #1974, .T. ) ;
#1576 = DIRECTION ( 'NONE',  ( 0.000000000000000000, 0.000000000000000000, 1.000000000000000000 ) ) ;
#1577 = CARTESIAN_POINT ( 'NONE',  ( 0.000000000000000000, 3.000000000000000000, -7.249999999999997335 ) ) ;
#1578 = AXIS2_PLACEMENT_3D ( 'NONE', #1503, #1132, #2322 ) ;
#1579 = ORIENTED_EDGE ( 'NONE', *, *, #2366, .F. ) ;
#1580 = FACE_OUTER_BOUND ( 'NONE', #1459, .T. ) ;
#1581 = CIRCLE ( 'NONE', #701, 2.124999999999999112 ) ;
#1582 = CARTESIAN_POINT ( 'NONE',  ( 3.367778697655221012E-16, 4.000000000000000000, 2.750000000000000000 ) ) ;
#1583 = VERTEX_POINT ( 'NONE', #2415 ) ;
#1584 = CARTESIAN_POINT ( 'NONE',  ( 0.000000000000000000, 0.5000000000000000000, 0.000000000000000000 ) ) ;
#1585 = EDGE_CURVE ( 'NONE', #1906, #1800, #585, .T. ) ;
#1586 = CARTESIAN_POINT ( 'NONE',  ( -6.970099368379458760, 3.108910874902331312, 2.033892986046069495 ) ) ;
#1587 = VECTOR ( 'NONE', #1623, 1000.000000000000000 ) ;
#1588 = DIRECTION ( 'NONE',  ( 0.000000000000000000, 0.000000000000000000, -1.000000000000000000 ) ) ;
#1589 = VERTEX_POINT ( 'NONE', #419 ) ;
#1590 = EDGE_CURVE ( 'NONE', #2236, #351, #1208, .T. ) ;
#1591 = DIRECTION ( 'NONE',  ( 0.000000000000000000, 1.000000000000000000, 0.000000000000000000 ) ) ;
#1592 = VERTEX_POINT ( 'NONE', #2247 ) ;
#1593 = EDGE_CURVE ( 'NONE', #2511, #221, #2084, .T. ) ;
#1594 = DIRECTION ( 'NONE',  ( 0.000000000000000000, -1.000000000000000000, 0.000000000000000000 ) ) ;
#1595 = CARTESIAN_POINT ( 'NONE',  ( 15.73213272255227047, 3.500000000000000000, 5.750000000000001776 ) ) ;
#1596 = DIRECTION ( 'NONE',  ( -1.000000000000000000, -0.000000000000000000, 0.000000000000000000 ) ) ;
#1597 = AXIS2_PLACEMENT_3D ( 'NONE', #469, #308, #2058 ) ;
#1598 = CARTESIAN_POINT ( 'NONE',  ( -15.41103500742243781, 7.500000000000000000, 7.750000000000000000 ) ) ;
#1599 = ORIENTED_EDGE ( 'NONE', *, *, #1951, .F. ) ;
#1600 = TOROIDAL_SURFACE ( 'NONE', #1142, 16.99999999999999645, 0.2500000000000000000 ) ;
#1601 = CARTESIAN_POINT ( 'NONE',  ( -7.000000000000000000, 3.707106781186547906, -7.750000000000000000 ) ) ;
#1602 = EDGE_CURVE ( 'NONE', #2236, #1592, #1839, .T. ) ;
#1603 = ORIENTED_EDGE ( 'NONE', *, *, #1045, .T. ) ;
#1604 = CARTESIAN_POINT ( 'NONE',  ( 0.000000000000000000, 7.249999999999999112, -17.24999999999999645 ) ) ;
#1605 = DIRECTION ( 'NONE',  ( 0.000000000000000000, 0.000000000000000000, 1.000000000000000000 ) ) ;
#1606 = ADVANCED_FACE ( 'NONE', ( #444 ), #2430, .F. ) ;
#1607 = DIRECTION ( 'NONE',  ( -1.000000000000000000, 0.000000000000000000, 0.000000000000000000 ) ) ;
#1608 = FACE_OUTER_BOUND ( 'NONE', #698, .T. ) ;
#1609 = FACE_OUTER_BOUND ( 'NONE', #2552, .T. ) ;
#1610 = ORIENTED_EDGE ( 'NONE', *, *, #805, .T. ) ;
#1611 = CIRCLE ( 'NONE', #2582, 1.124999999999999334 ) ;
#1612 = ORIENTED_EDGE ( 'NONE', *, *, #1941, .F. ) ;
#1613 = CARTESIAN_POINT ( 'NONE',  ( -7.000000000000002665, 4.000000000000000000, 4.220485754033524550 ) ) ;
#1614 = AXIS2_PLACEMENT_3D ( 'NONE', #1668, #2478, #31 ) ;
#1615 = ORIENTED_EDGE ( 'NONE', *, *, #275, .T. ) ;
#1616 = CARTESIAN_POINT ( 'NONE',  ( 12.50000000000000000, 7.249999999999999112, 2.124999999999999112 ) ) ;
#1617 = ADVANCED_FACE ( 'NONE', ( #1228 ), #2025, .T. ) ;
#1618 = CARTESIAN_POINT ( 'NONE',  ( 15.88009095108906088, 3.499999999999999556, 5.646534303637197105 ) ) ;
#1619 = EDGE_CURVE ( 'NONE', #2502, #740, #2140, .T. ) ;
#1620 = DIRECTION ( 'NONE',  ( 1.000000000000000000, 0.000000000000000000, -0.000000000000000000 ) ) ;
#1621 = CIRCLE ( 'NONE', #1122, 16.99999999999999645 ) ;
#1622 = CARTESIAN_POINT ( 'NONE',  ( -15.39442239062225326, 5.860928126721770326, -7.749999999999998224 ) ) ;
#1623 = DIRECTION ( 'NONE',  ( -0.000000000000000000, -1.000000000000000000, -0.000000000000000000 ) ) ;
#1624 = ORIENTED_EDGE ( 'NONE', *, *, #1778, .T. ) ;
#1625 = CIRCLE ( 'NONE', #1167, 2.375000000000003109 ) ;
#1626 = EDGE_LOOP ( 'NONE', ( #2406, #814, #445, #82, #713 ) ) ;
#1627 = CARTESIAN_POINT ( 'NONE',  ( -7.000000000000000888, 3.118716644020048889, -1.820027526483964486 ) ) ;
#1628 = ORIENTED_EDGE ( 'NONE', *, *, #1697, .T. ) ;
#1629 = CARTESIAN_POINT ( 'NONE',  ( -6.500000000000002665, 3.000000000000000000, 1.820027472320108863 ) ) ;
#1630 = CARTESIAN_POINT ( 'NONE',  ( 0.000000000000000000, 4.000000000000000000, 8.250000000000000000 ) ) ;
#1631 = ADVANCED_FACE ( 'NONE', ( #496, #511, #2529, #1285, #915 ), #929, .T. ) ;
#1632 = EDGE_CURVE ( 'NONE', #1914, #825, #71, .T. ) ;
#1633 = LINE ( 'NONE', #2437, #928 ) ;
#1634 = CIRCLE ( 'NONE', #175, 7.249999999999997335 ) ;
#1635 = CARTESIAN_POINT ( 'NONE',  ( 1.836970198721030181E-16, 6.999999999999999112, 1.500000000000000222 ) ) ;
#1636 = ORIENTED_EDGE ( 'NONE', *, *, #602, .F. ) ;
#1637 = AXIS2_PLACEMENT_3D ( 'NONE', #2299, #2471, #674 ) ;
#1638 = ADVANCED_FACE ( 'NONE', ( #1109 ), #2427, .T. ) ;
#1639 = ORIENTED_EDGE ( 'NONE', *, *, #198, .T. ) ;
#1640 = CARTESIAN_POINT ( 'NONE',  ( -7.000000000000000888, 3.977231391506216518, -3.765361068347709228 ) ) ;
#1641 = VECTOR ( 'NONE', #105, 1000.000000000000000 ) ;
#1642 = VERTEX_POINT ( 'NONE', #2123 ) ;
#1643 = FACE_OUTER_BOUND ( 'NONE', #191, .T. ) ;
#1644 = PLANE ( 'NONE',  #641 ) ;
#1645 = CARTESIAN_POINT ( 'NONE',  ( 0.000000000000000000, 7.249999999999999112, 0.000000000000000000 ) ) ;
#1646 = DIRECTION ( 'NONE',  ( -0.000000000000000000, 1.000000000000000000, 0.000000000000000000 ) ) ;
#1647 = EDGE_CURVE ( 'NONE', #1291, #155, #1726, .T. ) ;
#1648 = VERTEX_POINT ( 'NONE', #1328 ) ;
#1649 = ORIENTED_EDGE ( 'NONE', *, *, #2399, .T. ) ;
#1650 = CARTESIAN_POINT ( 'NONE',  ( -7.000000000000000888, 2.999999999999998668, -1.820027472320144613 ) ) ;
#1651 = EDGE_CURVE ( 'NONE', #921, #506, #1482, .T. ) ;
#1652 = CIRCLE ( 'NONE', #2329, 1.624999999999999778 ) ;
#1653 = ORIENTED_EDGE ( 'NONE', *, *, #1454, .F. ) ;
#1654 = DIRECTION ( 'NONE',  ( 0.000000000000000000, 1.000000000000000000, 0.000000000000000000 ) ) ;
#1655 = CARTESIAN_POINT ( 'NONE',  ( -6.981481481481484508, 3.000000000000000000, -1.954844322121602307 ) ) ;
#1656 = B_SPLINE_CURVE_WITH_KNOTS ( 'NONE', 3,
 ( #2219, #1393, #217, #2422, #622, #415 ),
 .UNSPECIFIED., .F., .F.,
 ( 4, 2, 4 ),
 ( 8.673617379884035472E-19, 0.0004007050852452516193, 0.0008014101704905023712 ),
 .UNSPECIFIED. ) ;
#1657 = DIRECTION ( 'NONE',  ( -0.000000000000000000, -1.000000000000000000, -0.000000000000000000 ) ) ;
#1658 = AXIS2_PLACEMENT_3D ( 'NONE', #1759, #2562, #388 ) ;
#1659 = DIRECTION ( 'NONE',  ( 0.000000000000000000, 0.000000000000000000, 1.000000000000000000 ) ) ;
#1660 = DIRECTION ( 'NONE',  ( 2.797941090285172590E-16, 0.000000000000000000, -1.000000000000000000 ) ) ;
#1661 = AXIS2_PLACEMENT_3D ( 'NONE', #2472, #1080, #2500 ) ;
#1662 = EDGE_CURVE ( 'NONE', #1291, #2051, #309, .T. ) ;
#1663 = EDGE_LOOP ( 'NONE', ( #757, #2199, #2006, #2543 ) ) ;
#1664 = CARTESIAN_POINT ( 'NONE',  ( -7.000000000000000000, 2.999999999999999112, -1.888707754294490782 ) ) ;
#1665 = TOROIDAL_SURFACE ( 'NONE', #2180, 6.749999999999997335, 0.5000000000000000000 ) ;
#1666 = ADVANCED_FACE ( 'NONE', ( #1888 ), #1300, .F. ) ;
#1667 = ORIENTED_EDGE ( 'NONE', *, *, #305, .F. ) ;
#1668 = CARTESIAN_POINT ( 'NONE',  ( 0.000000000000000000, 3.000000000000000000, 0.000000000000000000 ) ) ;
#1669 = DIRECTION ( 'NONE',  ( 0.000000000000000000, 0.000000000000000000, 1.000000000000000000 ) ) ;
#1670 = CARTESIAN_POINT ( 'NONE',  ( 0.000000000000000000, 3.000000000000000000, 0.000000000000000000 ) ) ;
#1671 = CARTESIAN_POINT ( 'NONE',  ( -15.41103500742243781, 4.000000000000000000, 7.750000000000000000 ) ) ;
#1672 = CARTESIAN_POINT ( 'NONE',  ( 0.000000000000000000, 3.500000000000000000, 0.000000000000000000 ) ) ;
#1673 = VERTEX_POINT ( 'NONE', #2501 ) ;
#1674 = VERTEX_POINT ( 'NONE', #873 ) ;
#1675 = CARTESIAN_POINT ( 'NONE',  ( 12.50000000000000000, 5.500000000000000000, 1.625000000000001332 ) ) ;
#1676 = ORIENTED_EDGE ( 'NONE', *, *, #1531, .F. ) ;
#1677 = AXIS2_PLACEMENT_3D ( 'NONE', #1901, #1284, #1261 ) ;
#1678 = DIRECTION ( 'NONE',  ( 0.000000000000000000, 0.000000000000000000, 1.000000000000000000 ) ) ;
#1679 = DIRECTION ( 'NONE',  ( 0.000000000000000000, -1.000000000000000000, 0.000000000000000000 ) ) ;
#1680 = EDGE_CURVE ( 'NONE', #2041, #931, #1453, .T. ) ;
#1681 = CIRCLE ( 'NONE', #1429, 2.375000000000003109 ) ;
#1682 = CARTESIAN_POINT ( 'NONE',  ( 8.999999999999998224, 4.000000000000000000, 5.250000000000000888 ) ) ;
#1683 = ADVANCED_FACE ( 'NONE', ( #2327 ), #2110, .F. ) ;
#1684 = DIRECTION ( 'NONE',  ( -0.000000000000000000, -1.000000000000000000, -0.000000000000000000 ) ) ;
#1685 = ORIENTED_EDGE ( 'NONE', *, *, #725, .T. ) ;
#1686 = B_SPLINE_CURVE_WITH_KNOTS ( 'NONE', 3,
 ( #338, #521, #2120, #2364, #741, #123, #926, #1351, #753, #1135, #2539, #2339, #1928, #897 ),
 .UNSPECIFIED., .F., .F.,
 ( 4, 2, 2, 2, 2, 2, 4 ),
 ( 0.000000000000000000, 0.001208681466015226703, 0.001813022199022839946, 0.002115192565526646893, 0.002266277748778550150, 0.002341820340404502428, 0.002417362932030454273 ),
 .UNSPECIFIED. ) ;
#1687 = DIRECTION ( 'NONE',  ( 0.000000000000000000, -1.000000000000000000, -0.000000000000000000 ) ) ;
#1688 = CARTESIAN_POINT ( 'NONE',  ( -15.41103500742244137, 3.949605096277050809, -7.750000000000003553 ) ) ;
#1689 = ORIENTED_EDGE ( 'NONE', *, *, #340, .T. ) ;
#1690 = DIRECTION ( 'NONE',  ( -1.000000000000000000, 0.000000000000000000, -1.577021341797097314E-16 ) ) ;
#1691 = CARTESIAN_POINT ( 'NONE',  ( 0.000000000000000000, 3.000000000000000000, 0.000000000000000000 ) ) ;
#1692 = AXIS2_PLACEMENT_3D ( 'NONE', #1404, #1006, #782 ) ;
#1693 = ORIENTED_EDGE ( 'NONE', *, *, #1032, .T. ) ;
#1694 = EDGE_CURVE ( 'NONE', #435, #1450, #548, .T. ) ;
#1695 = DIRECTION ( 'NONE',  ( 1.000000000000000000, -0.000000000000000000, 1.224646799147353207E-16 ) ) ;
#1696 = CARTESIAN_POINT ( 'NONE',  ( -6.999999999999999112, 4.000000000000000000, -7.750000000000000000 ) ) ;
#1697 = EDGE_CURVE ( 'NONE', #1939, #629, #2559, .T. ) ;
#1698 = CARTESIAN_POINT ( 'NONE',  ( 0.000000000000000000, 4.000000000000000000, 0.000000000000000000 ) ) ;
#1699 = CIRCLE ( 'NONE', #1905, 2.374999999999999556 ) ;
#1700 = ORIENTED_EDGE ( 'NONE', *, *, #1014, .T. ) ;
#1701 = CARTESIAN_POINT ( 'NONE',  ( -12.49999999999999645, 7.500000000000000000, 4.999999999999985789 ) ) ;
#1702 = ORIENTED_EDGE ( 'NONE', *, *, #44, .F. ) ;
#1703 = AXIS2_PLACEMENT_3D ( 'NONE', #1701, #1099, #1892 ) ;
#1704 = CARTESIAN_POINT ( 'NONE',  ( 8.999999999999998224, 4.000000000000000000, -5.249999999999999112 ) ) ;
#1705 = CYLINDRICAL_SURFACE ( 'NONE', #1978, 0.5000000000000004441 ) ;
#1706 = VECTOR ( 'NONE', #1660, 1000.000000000000000 ) ;
#1707 = ORIENTED_EDGE ( 'NONE', *, *, #2412, .F. ) ;
#1708 = CARTESIAN_POINT ( 'NONE',  ( 12.50000000000000000, 5.500000000000000000, -1.625000000000001332 ) ) ;
#1709 = CARTESIAN_POINT ( 'NONE',  ( 8.999999999999998224, 4.000000000000000000, -5.249999999999999112 ) ) ;
#1710 = EDGE_CURVE ( 'NONE', #931, #1231, #2283, .T. ) ;
#1711 = FACE_OUTER_BOUND ( 'NONE', #1827, .T. ) ;
#1712 = CARTESIAN_POINT ( 'NONE',  ( -14.57737973711328472, 3.500000000000000000, 8.250000000000000000 ) ) ;
#1713 = ORIENTED_EDGE ( 'NONE', *, *, #289, .T. ) ;
#1714 = ADVANCED_FACE ( 'NONE', ( #1125, #1917 ), #958, .T. ) ;
#1715 = ORIENTED_EDGE ( 'NONE', *, *, #2249, .F. ) ;
#1716 = AXIS2_PLACEMENT_3D ( 'NONE', #2393, #997, #769 ) ;
#1717 = DIRECTION ( 'NONE',  ( 1.776356839400250465E-15, 0.000000000000000000, -1.000000000000000000 ) ) ;
#1718 = EDGE_LOOP ( 'NONE', ( #1179, #1348, #1090, #1797, #1832 ) ) ;
#1719 = LINE ( 'NONE', #2294, #1199 ) ;
#1720 =( LENGTH_UNIT ( ) NAMED_UNIT ( * ) SI_UNIT ( .MILLI., .METRE. ) );
#1721 = ORIENTED_EDGE ( 'NONE', *, *, #702, .T. ) ;
#1722 = FACE_OUTER_BOUND ( 'NONE', #1758, .T. ) ;
#1723 = CARTESIAN_POINT ( 'NONE',  ( 12.50000000000000000, 6.249999999999999112, -2.124999999999999112 ) ) ;
#1724 = AXIS2_PLACEMENT_3D ( 'NONE', #2210, #218, #1044 ) ;
#1725 = CARTESIAN_POINT ( 'NONE',  ( 8.999999999999998224, 4.000000000000000000, 5.250000000000000888 ) ) ;
#1726 = LINE ( 'NONE', #2341, #917 ) ;
#1727 = ORIENTED_EDGE ( 'NONE', *, *, #549, .F. ) ;
#1728 = ORIENTED_EDGE ( 'NONE', *, *, #223, .F. ) ;
#1729 = CARTESIAN_POINT ( 'NONE',  ( -12.49999999999999645, 5.500000000000000000, 6.624999999999985789 ) ) ;
#1730 = DIRECTION ( 'NONE',  ( -0.000000000000000000, -1.000000000000000000, -0.000000000000000000 ) ) ;
#1731 = ORIENTED_EDGE ( 'NONE', *, *, #675, .F. ) ;
#1732 = EDGE_CURVE ( 'NONE', #133, #940, #252, .T. ) ;
#1733 = CARTESIAN_POINT ( 'NONE',  ( 12.50000000000000000, 5.500000000000000000, 0.000000000000000000 ) ) ;
#1734 = CARTESIAN_POINT ( 'NONE',  ( -12.50000000000000000, 6.000000000000000000, -6.625000000000013323 ) ) ;
#1735 = VERTEX_POINT ( 'NONE', #406 ) ;
#1736 = DIRECTION ( 'NONE',  ( -0.000000000000000000, -1.000000000000000000, -0.000000000000000000 ) ) ;
#1737 = DIRECTION ( 'NONE',  ( 0.000000000000000000, 0.000000000000000000, -1.000000000000000000 ) ) ;
#1738 = AXIS2_PLACEMENT_3D ( 'NONE', #540, #1345, #398 ) ;
#1739 = DIRECTION ( 'NONE',  ( 0.000000000000000000, -1.000000000000000000, -0.000000000000000000 ) ) ;
#1740 = EDGE_LOOP ( 'NONE', ( #106, #348, #2497, #503 ) ) ;
#1741 = DIRECTION ( 'NONE',  ( -2.797941090285172590E-16, 0.000000000000000000, 1.000000000000000000 ) ) ;
#1742 = CARTESIAN_POINT ( 'NONE',  ( 0.000000000000000000, 3.500000000000000000, -3.250000000000000000 ) ) ;
#1743 = DIRECTION ( 'NONE',  ( 1.395071138425960051E-30, 1.000000000000000000, -3.216815031895292544E-15 ) ) ;
#1744 = ADVANCED_FACE ( 'NONE', ( #2595 ), #2153, .T. ) ;
#1745 = ORIENTED_EDGE ( 'NONE', *, *, #1602, .F. ) ;
#1746 = DIRECTION ( 'NONE',  ( 0.000000000000000000, 0.000000000000000000, -1.000000000000000000 ) ) ;
#1747 = DIRECTION ( 'NONE',  ( 0.000000000000000000, 0.000000000000000000, -1.000000000000000000 ) ) ;
#1748 = EDGE_CURVE ( 'NONE', #414, #937, #1488, .T. ) ;
#1749 = CIRCLE ( 'NONE', #619, 3.250000000000000000 ) ;
#1750 = VERTEX_POINT ( 'NONE', #169 ) ;
#1751 = CARTESIAN_POINT ( 'NONE',  ( 25.50000000000000000, 5.500000000000000000, -5.249999999999996447 ) ) ;
#1752 = CARTESIAN_POINT ( 'NONE',  ( -12.49999999999999645, 7.249999999999999112, 7.374999999999989342 ) ) ;
#1753 = AXIS2_PLACEMENT_3D ( 'NONE', #1273, #2301, #2091 ) ;
#1754 = EDGE_LOOP ( 'NONE', ( #2432, #306 ) ) ;
#1755 = CARTESIAN_POINT ( 'NONE',  ( 0.000000000000000000, 0.5000000000000000000, 0.000000000000000000 ) ) ;
#1756 = CARTESIAN_POINT ( 'NONE',  ( -6.943569949596342994, 3.187311157605852596, 2.204428181381054230 ) ) ;
#1757 = CARTESIAN_POINT ( 'NONE',  ( -7.000000000000000000, 3.999999999999999112, -3.990975865188293170 ) ) ;
#1758 = EDGE_LOOP ( 'NONE', ( #861, #38, #1216, #906, #2390 ) ) ;
#1759 = CARTESIAN_POINT ( 'NONE',  ( -12.50000000000000000, 5.500000000000000000, -5.000000000000014211 ) ) ;
#1760 = AXIS2_PLACEMENT_3D ( 'NONE', #2403, #589, #2184 ) ;
#1761 = ORIENTED_EDGE ( 'NONE', *, *, #648, .T. ) ;
#1762 = DIRECTION ( 'NONE',  ( -0.2696336996029796707, -7.660804338318081032E-14, 0.9629629629629636867 ) ) ;
#1763 = DIRECTION ( 'NONE',  ( 0.000000000000000000, 0.000000000000000000, -1.000000000000000000 ) ) ;
#1764 = EDGE_CURVE ( 'NONE', #2065, #1766, #1418, .T. ) ;
#1765 = CARTESIAN_POINT ( 'NONE',  ( -6.500000000000004441, 4.000000000000000000, 4.220485754033524550 ) ) ;
#1766 = VERTEX_POINT ( 'NONE', #550 ) ;
#1767 = CIRCLE ( 'NONE', #1559, 17.24999999999999645 ) ;
#1768 = CARTESIAN_POINT ( 'NONE',  ( 0.000000000000000000, 0.5000000000000000000, 0.000000000000000000 ) ) ;
#1769 = DIRECTION ( 'NONE',  ( 0.000000000000000000, 0.000000000000000000, 1.000000000000000000 ) ) ;
#1770 = CARTESIAN_POINT ( 'NONE',  ( 0.000000000000000000, 3.500000000000000000, 0.000000000000000000 ) ) ;
#1771 = CIRCLE ( 'NONE', #1347, 6.749999999999997335 ) ;
#1772 = ORIENTED_EDGE ( 'NONE', *, *, #1551, .F. ) ;
#1773 = CARTESIAN_POINT ( 'NONE',  ( -12.50000000000000000, 7.249999999999999112, -7.375000000000016875 ) ) ;
#1774 = DIRECTION ( 'NONE',  ( 0.000000000000000000, -1.000000000000000000, 0.000000000000000000 ) ) ;
#1775 = ORIENTED_EDGE ( 'NONE', *, *, #2572, .F. ) ;
#1776 = DIRECTION ( 'NONE',  ( -0.000000000000000000, 1.000000000000000000, -0.000000000000000000 ) ) ;
#1777 = DIRECTION ( 'NONE',  ( -1.000000000000000000, 0.000000000000000000, 0.000000000000000000 ) ) ;
#1778 = EDGE_CURVE ( 'NONE', #2216, #940, #2368, .T. ) ;
#1779 = CARTESIAN_POINT ( 'NONE',  ( 16.43167672515513544, 5.864333235137505262, 5.250000000000002665 ) ) ;
#1780 = ORIENTED_EDGE ( 'NONE', *, *, #833, .T. ) ;
#1781 = CIRCLE ( 'NONE', #992, 1.500000000000000222 ) ;
#1782 = EDGE_CURVE ( 'NONE', #342, #991, #2008, .T. ) ;
#1783 = CARTESIAN_POINT ( 'NONE',  ( 0.000000000000000000, 0.000000000000000000, 0.000000000000000000 ) ) ;
#1784 = CARTESIAN_POINT ( 'NONE',  ( -6.875586758639244955, 3.304843658460007383, 2.600577212712961384 ) ) ;
#1785 = DIRECTION ( 'NONE',  ( 0.000000000000000000, 1.000000000000000000, 0.000000000000000000 ) ) ;
#1786 = AXIS2_PLACEMENT_3D ( 'NONE', #1790, #2208, #2182 ) ;
#1787 = EDGE_LOOP ( 'NONE', ( #2062, #1104, #1365, #2440 ) ) ;
#1788 = DIRECTION ( 'NONE',  ( 0.000000000000000000, 0.000000000000000000, 1.000000000000000000 ) ) ;
#1789 = ORIENTED_EDGE ( 'NONE', *, *, #1089, .T. ) ;
#1790 = CARTESIAN_POINT ( 'NONE',  ( -12.49999999999999645, 6.000000000000000000, 4.999999999999985789 ) ) ;
#1791 = DIRECTION ( 'NONE',  ( -1.000000000000000000, -0.000000000000000000, -0.000000000000000000 ) ) ;
#1792 = AXIS2_PLACEMENT_3D ( 'NONE', #1391, #1015, #1807 ) ;
#1793 = CIRCLE ( 'NONE', #412, 0.2500000000000002220 ) ;
#1794 = FACE_OUTER_BOUND ( 'NONE', #1740, .T. ) ;
#1795 = CARTESIAN_POINT ( 'NONE',  ( 9.491012693391985815E-16, 3.500000000000000000, 7.749999999999998224 ) ) ;
#1796 = EDGE_CURVE ( 'NONE', #2400, #921, #1252, .T. ) ;
#1797 = ORIENTED_EDGE ( 'NONE', *, *, #1710, .F. ) ;
#1798 = DIRECTION ( 'NONE',  ( -0.000000000000000000, -1.000000000000000000, -0.000000000000000000 ) ) ;
#1799 = ADVANCED_FACE ( 'NONE', ( #1987 ), #2379, .F. ) ;
#1800 = VERTEX_POINT ( 'NONE', #603 ) ;
#1801 = LINE ( 'NONE', #209, #231 ) ;
#1802 = PLANE ( 'NONE',  #746 ) ;
#1803 = TOROIDAL_SURFACE ( 'NONE', #1390, 1.625000000000001332, 0.5000000000000000000 ) ;
#1804 = ADVANCED_FACE ( 'NONE', ( #744 ), #173, .T. ) ;
#1805 = EDGE_LOOP ( 'NONE', ( #39, #752 ) ) ;
#1806 = CIRCLE ( 'NONE', #88, 1.624999999999999778 ) ;
#1807 = DIRECTION ( 'NONE',  ( 0.000000000000000000, 0.000000000000000000, -1.000000000000000000 ) ) ;
#1808 = B_SPLINE_CURVE_WITH_KNOTS ( 'NONE', 3,
 ( #1543, #2162, #583, #1376, #177, #1968, #981, #2387, #361, #2005, #568, #1982, #163, #2577 ),
 .UNSPECIFIED., .F., .F.,
 ( 4, 2, 2, 2, 2, 2, 4 ),
 ( 0.000000000000000000, 0.0001720190992360532745, 0.0003440381984721065491, 0.0006880763969442139655, 0.001376152793888427931, 0.002064229190832642113, 0.002752305587776855862 ),
 .UNSPECIFIED. ) ;
#1809 = EDGE_CURVE ( 'NONE', #2502, #238, #1545, .T. ) ;
#1810 = VERTEX_POINT ( 'NONE', #2542 ) ;
#1811 = CARTESIAN_POINT ( 'NONE',  ( 0.000000000000000000, 0.5000000000000000000, -7.249999999999997335 ) ) ;
#1812 = DIRECTION ( 'NONE',  ( 0.000000000000000000, 0.000000000000000000, 1.000000000000000000 ) ) ;
#1813 = LINE ( 'NONE', #455, #1456 ) ;
#1814 = DIRECTION ( 'NONE',  ( 0.000000000000000000, 0.000000000000000000, 1.000000000000000000 ) ) ;
#1815 = ORIENTED_EDGE ( 'NONE', *, *, #275, .F. ) ;
#1816 = ORIENTED_EDGE ( 'NONE', *, *, #2160, .T. ) ;
#1817 = DIRECTION ( 'NONE',  ( 0.000000000000000000, 1.000000000000000000, 0.000000000000000000 ) ) ;
#1818 = MANIFOLD_SOLID_BREP ( 'Redondeo2', #1357 ) ;
#1819 = EDGE_CURVE ( 'NONE', #542, #119, #1634, .T. ) ;
#1820 = EDGE_LOOP ( 'NONE', ( #403, #1952 ) ) ;
#1821 = FACE_OUTER_BOUND ( 'NONE', #562, .T. ) ;
#1822 = CARTESIAN_POINT ( 'NONE',  ( -12.49999999999999645, 6.249999999999999112, 7.124999999999989342 ) ) ;
#1823 = CARTESIAN_POINT ( 'NONE',  ( -7.000000000000000888, 3.000000000000000000, -1.820027472320112638 ) ) ;
#1824 = EDGE_CURVE ( 'NONE', #1583, #1906, #45, .T. ) ;
#1825 = CARTESIAN_POINT ( 'NONE',  ( -12.49999999999999645, 6.000000000000000000, 3.874999999999987121 ) ) ;
#1826 = LINE ( 'NONE', #458, #245 ) ;
#1827 = EDGE_LOOP ( 'NONE', ( #2325, #1310, #1693, #424 ) ) ;
#1828 = CIRCLE ( 'NONE', #1370, 2.750000000000000000 ) ;
#1829 = ORIENTED_EDGE ( 'NONE', *, *, #721, .F. ) ;
#1830 = VECTOR ( 'NONE', #1684, 1000.000000000000000 ) ;
#1831 = CARTESIAN_POINT ( 'NONE',  ( -7.000000000000000888, 3.898308041948880476, -3.320002022739011682 ) ) ;
#1832 = ORIENTED_EDGE ( 'NONE', *, *, #1680, .F. ) ;
#1833 = FACE_OUTER_BOUND ( 'NONE', #771, .T. ) ;
#1834 = CARTESIAN_POINT ( 'NONE',  ( 0.000000000000000000, 3.500000000000000000, 0.000000000000000000 ) ) ;
#1835 = EDGE_CURVE ( 'NONE', #351, #818, #1021, .T. ) ;
#1836 = DIRECTION ( 'NONE',  ( 1.000000000000000000, -0.000000000000000000, 1.224646799147353207E-16 ) ) ;
#1837 = EDGE_CURVE ( 'NONE', #2511, #401, #841, .T. ) ;
#1838 = CARTESIAN_POINT ( 'NONE',  ( -7.000000000000002665, 3.841319442771506942, 3.097616787187248200 ) ) ;
#1839 = LINE ( 'NONE', #24, #1587 ) ;
#1840 = CIRCLE ( 'NONE', #636, 0.5000000000000004441 ) ;
#1841 = ORIENTED_EDGE ( 'NONE', *, *, #2585, .T. ) ;
#1842 = CARTESIAN_POINT ( 'NONE',  ( -6.552410602222072278, 3.500000000000000000, -4.025019386838869728 ) ) ;
#1843 = CIRCLE ( 'NONE', #219, 0.5000000000000000000 ) ;
#1844 = VERTEX_POINT ( 'NONE', #1248 ) ;
#1845 = CARTESIAN_POINT ( 'NONE',  ( -7.000000000000003553, 4.000000000000000000, 7.750000000000000000 ) ) ;
#1846 = CARTESIAN_POINT ( 'NONE',  ( 5.082284216461515156E-16, 0.000000000000000000, -4.150000000000000355 ) ) ;
#1847 =( GEOMETRIC_REPRESENTATION_CONTEXT ( 3 ) GLOBAL_UNCERTAINTY_ASSIGNED_CONTEXT ( ( #2298 ) ) GLOBAL_UNIT_ASSIGNED_CONTEXT ( ( #1720, #362, #1133 ) ) REPRESENTATION_CONTEXT ( 'NONE', 'WORKASPACE' ) );
#1848 = CARTESIAN_POINT ( 'NONE',  ( -6.499999999999992006, 0.000000000000000000, -1.820027472320149275 ) ) ;
#1849 = EDGE_CURVE ( 'NONE', #1085, #1542, #2273, .T. ) ;
#1850 = CARTESIAN_POINT ( 'NONE',  ( -15.41103500742243426, 5.929541081491176868, -7.749999999999998224 ) ) ;
#1851 = CARTESIAN_POINT ( 'NONE',  ( -6.500000000000001776, 0.5000000000000000000, -1.820027472320151940 ) ) ;
#1852 = EDGE_LOOP ( 'NONE', ( #411, #1728, #2434, #129 ) ) ;
#1853 = EDGE_CURVE ( 'NONE', #2561, #302, #233, .T. ) ;
#1854 = ORIENTED_EDGE ( 'NONE', *, *, #1632, .T. ) ;
#1855 = CARTESIAN_POINT ( 'NONE',  ( 8.999999999999998224, 3.707106781186547906, -5.249999999999999112 ) ) ;
#1856 = VECTOR ( 'NONE', #2201, 1000.000000000000000 ) ;
#1857 = ORIENTED_EDGE ( 'NONE', *, *, #1159, .F. ) ;
#1858 = FACE_OUTER_BOUND ( 'NONE', #2111, .T. ) ;
#1859 = CARTESIAN_POINT ( 'NONE',  ( -6.500000000000001776, 3.500000000000000000, -4.220485754033528103 ) ) ;
#1860 = TOROIDAL_SURFACE ( 'NONE', #1614, 7.749999999999998224, 0.5000000000000000000 ) ;
#1861 = AXIS2_PLACEMENT_3D ( 'NONE', #922, #518, #907 ) ;
#1862 = PLANE ( 'NONE',  #2362 ) ;
#1863 = CARTESIAN_POINT ( 'NONE',  ( 0.000000000000000000, 0.5000000000000000000, 0.000000000000000000 ) ) ;
#1864 = CARTESIAN_POINT ( 'NONE',  ( 0.000000000000000000, 4.000000000000000000, 0.000000000000000000 ) ) ;
#1865 = VERTEX_POINT ( 'NONE', #822 ) ;
#1866 = AXIS2_PLACEMENT_3D ( 'NONE', #1863, #2287, #1272 ) ;
#1867 = CARTESIAN_POINT ( 'NONE',  ( -7.000000000000002665, 3.707106781186547906, 7.749999999999999112 ) ) ;
#1868 = DIRECTION ( 'NONE',  ( 0.000000000000000000, 0.000000000000000000, 1.000000000000000000 ) ) ;
#1869 = AXIS2_PLACEMENT_3D ( 'NONE', #1346, #1980, #1541 ) ;
#1870 = ORIENTED_EDGE ( 'NONE', *, *, #1374, .F. ) ;
#1871 = EDGE_CURVE ( 'NONE', #2530, #2308, #1813, .T. ) ;
#1872 = CARTESIAN_POINT ( 'NONE',  ( 12.50000000000000000, 5.500000000000000000, 0.000000000000000000 ) ) ;
#1873 = DIRECTION ( 'NONE',  ( 1.224646799147353454E-16, 0.000000000000000000, -1.000000000000000000 ) ) ;
#1874 = CARTESIAN_POINT ( 'NONE',  ( 12.50000000000000000, 6.249999999999999112, 2.124999999999999112 ) ) ;
#1875 = DIRECTION ( 'NONE',  ( 0.000000000000000000, 1.000000000000000000, 0.000000000000000000 ) ) ;
#1876 = ORIENTED_EDGE ( 'NONE', *, *, #1900, .F. ) ;
#1877 = CARTESIAN_POINT ( 'NONE',  ( -12.49999999999999645, 5.500000000000000000, 4.999999999999985789 ) ) ;
#1878 = DIRECTION ( 'NONE',  ( 3.469446951953614189E-15, -3.252606517456513302E-15, -1.000000000000000000 ) ) ;
#1879 = ADVANCED_FACE ( 'NONE', ( #1046 ), #22, .F. ) ;
#1880 = ORIENTED_EDGE ( 'NONE', *, *, #1849, .F. ) ;
#1881 = TOROIDAL_SURFACE ( 'NONE', #1092, 1.624999999999999556, 0.5000000000000000000 ) ;
#1882 = DIRECTION ( 'NONE',  ( 0.000000000000000000, 1.000000000000000000, 0.000000000000000000 ) ) ;
#1883 = CARTESIAN_POINT ( 'NONE',  ( 12.50000000000000000, 6.249999999999999112, 0.000000000000000000 ) ) ;
#1884 = EDGE_CURVE ( 'NONE', #1134, #2421, #1504, .T. ) ;
#1885 = EDGE_LOOP ( 'NONE', ( #2261, #646 ) ) ;
#1886 = DIRECTION ( 'NONE',  ( 1.224646799147349509E-16, 0.000000000000000000, -1.000000000000000000 ) ) ;
#1887 = DIRECTION ( 'NONE',  ( 0.000000000000000000, 1.000000000000000000, 0.000000000000000000 ) ) ;
#1888 = FACE_OUTER_BOUND ( 'NONE', #2475, .T. ) ;
#1889 = ORIENTED_EDGE ( 'NONE', *, *, #675, .T. ) ;
#1890 = AXIS2_PLACEMENT_3D ( 'NONE', #1898, #2137, #1944 ) ;
#1891 = EDGE_LOOP ( 'NONE', ( #1870, #1854, #2346, #450 ) ) ;
#1892 = DIRECTION ( 'NONE',  ( 0.000000000000000000, 0.000000000000000000, -1.000000000000000000 ) ) ;
#1893 = ORIENTED_EDGE ( 'NONE', *, *, #111, .T. ) ;
#1894 = CARTESIAN_POINT ( 'NONE',  ( -12.49999999999999645, 6.249999999999999112, 2.874999999999983569 ) ) ;
#1895 = DIRECTION ( 'NONE',  ( 1.000000000000000000, -0.000000000000000000, 1.224646799147353207E-16 ) ) ;
#1896 = AXIS2_PLACEMENT_3D ( 'NONE', #2186, #2532, #733 ) ;
#1897 = ORIENTED_EDGE ( 'NONE', *, *, #1201, .F. ) ;
#1898 = CARTESIAN_POINT ( 'NONE',  ( -12.49999999999999645, 7.249999999999999112, 4.999999999999985789 ) ) ;
#1899 = AXIS2_PLACEMENT_3D ( 'NONE', #1380, #2580, #393 ) ;
#1900 = EDGE_CURVE ( 'NONE', #1673, #63, #2271, .T. ) ;
#1901 = CARTESIAN_POINT ( 'NONE',  ( 0.000000000000000000, 3.500000000000000000, 0.000000000000000000 ) ) ;
#1902 = EDGE_CURVE ( 'NONE', #285, #2065, #1118, .T. ) ;
#1903 = CARTESIAN_POINT ( 'NONE',  ( 0.000000000000000000, 7.500000000000000000, 0.000000000000000000 ) ) ;
#1904 = CARTESIAN_POINT ( 'NONE',  ( -6.500000000000002665, 3.000000000000000000, -1.820027472320112416 ) ) ;
#1905 = AXIS2_PLACEMENT_3D ( 'NONE', #607, #1798, #2398 ) ;
#1906 = VERTEX_POINT ( 'NONE', #1848 ) ;
#1907 = CARTESIAN_POINT ( 'NONE',  ( -6.792893218813455647, 3.499999999999999112, 7.957106781186547906 ) ) ;
#1908 = CARTESIAN_POINT ( 'NONE',  ( 8.999999999999998224, 5.500000000000000000, -5.249999999999999112 ) ) ;
#1909 = ORIENTED_EDGE ( 'NONE', *, *, #1732, .F. ) ;
#1910 = AXIS2_PLACEMENT_3D ( 'NONE', #1056, #858, #1659 ) ;
#1911 = LINE ( 'NONE', #1924, #951 ) ;
#1912 = DIRECTION ( 'NONE',  ( -1.000000000000000000, 0.000000000000000000, 0.000000000000000000 ) ) ;
#1913 = AXIS2_PLACEMENT_3D ( 'NONE', #2128, #723, #2319 ) ;
#1914 = VERTEX_POINT ( 'NONE', #1033 ) ;
#1915 = LINE ( 'NONE', #2498, #813 ) ;
#1916 = DIRECTION ( 'NONE',  ( 0.000000000000000000, 0.000000000000000000, -1.000000000000000000 ) ) ;
#1917 = FACE_OUTER_BOUND ( 'NONE', #1197, .T. ) ;
#1918 = VERTEX_POINT ( 'NONE', #211 ) ;
#1919 = EDGE_CURVE ( 'NONE', #1485, #551, #427, .T. ) ;
#1920 = ORIENTED_EDGE ( 'NONE', *, *, #2442, .F. ) ;
#1921 = DIRECTION ( 'NONE',  ( 0.000000000000000000, 0.000000000000000000, -1.000000000000000000 ) ) ;
#1922 = DIRECTION ( 'NONE',  ( -0.000000000000000000, -1.000000000000000000, -0.000000000000000000 ) ) ;
#1923 = ORIENTED_EDGE ( 'NONE', *, *, #644, .T. ) ;
#1924 = CARTESIAN_POINT ( 'NONE',  ( 8.499999999999996447, 3.500000000000000000, 5.250000000000000888 ) ) ;
#1925 = VECTOR ( 'NONE', #1999, 1000.000000000000000 ) ;
#1926 = DIRECTION ( 'NONE',  ( -1.000000000000000000, -0.000000000000000000, -0.000000000000000000 ) ) ;
#1927 = ORIENTED_EDGE ( 'NONE', *, *, #2366, .T. ) ;
#1928 = CARTESIAN_POINT ( 'NONE',  ( -6.981481481481485396, 3.025959723884663166, 1.954844322121598310 ) ) ;
#1929 = CARTESIAN_POINT ( 'NONE',  ( 0.000000000000000000, 7.500000000000000000, 0.000000000000000000 ) ) ;
#1930 = AXIS2_PLACEMENT_3D ( 'NONE', #1929, #196, #547 ) ;
#1931 = CIRCLE ( 'NONE', #2200, 0.5000000000000004441 ) ;
#1932 = DIRECTION ( 'NONE',  ( 0.000000000000000000, 0.000000000000000000, 1.000000000000000000 ) ) ;
#1933 = ORIENTED_EDGE ( 'NONE', *, *, #2569, .F. ) ;
#1934 = AXIS2_PLACEMENT_3D ( 'NONE', #1942, #1563, #1747 ) ;
#1935 = CARTESIAN_POINT ( 'NONE',  ( -12.50000000000000000, 6.000000000000000000, -5.000000000000014211 ) ) ;
#1936 = CARTESIAN_POINT ( 'NONE',  ( -6.981481481481484508, 2.999999999999999556, 1.954844322121603195 ) ) ;
#1937 = CARTESIAN_POINT ( 'NONE',  ( -6.500000000000000888, 0.5000000000000004441, -1.820027472320112416 ) ) ;
#1938 = ADVANCED_FACE ( 'NONE', ( #1224 ), #2223, .T. ) ;
#1939 = VERTEX_POINT ( 'NONE', #1823 ) ;
#1940 = FACE_OUTER_BOUND ( 'NONE', #595, .T. ) ;
#1941 = EDGE_CURVE ( 'NONE', #1642, #629, #1633, .T. ) ;
#1942 = CARTESIAN_POINT ( 'NONE',  ( 0.000000000000000000, 4.500000000000000888, 0.000000000000000000 ) ) ;
#1943 = EDGE_LOOP ( 'NONE', ( #520, #932, #54, #2026 ) ) ;
#1944 = DIRECTION ( 'NONE',  ( 0.000000000000000000, 0.000000000000000000, 1.000000000000000000 ) ) ;
#1945 = CARTESIAN_POINT ( 'NONE',  ( 12.50000000000000000, 6.000000000000000000, 1.625000000000001332 ) ) ;
#1946 = AXIS2_PLACEMENT_3D ( 'NONE', #1193, #1741, #141 ) ;
#1947 = EDGE_LOOP ( 'NONE', ( #2505, #1186, #2204, #1070 ) ) ;
#1948 = DIRECTION ( 'NONE',  ( 0.000000000000000000, 0.000000000000000000, -1.000000000000000000 ) ) ;
#1949 = AXIS2_PLACEMENT_3D ( 'NONE', #2335, #104, #1746 ) ;
#1950 = FACE_OUTER_BOUND ( 'NONE', #617, .T. ) ;
#1951 = EDGE_CURVE ( 'NONE', #1507, #302, #1840, .T. ) ;
#1952 = ORIENTED_EDGE ( 'NONE', *, *, #1233, .T. ) ;
#1953 = CARTESIAN_POINT ( 'NONE',  ( -6.792893218813452982, 3.500000000000000444, -7.957106781186547906 ) ) ;
#1954 = CIRCLE ( 'NONE', #956, 2.000000000000000000 ) ;
#1955 = DIRECTION ( 'NONE',  ( 0.000000000000000000, -1.000000000000000000, 0.000000000000000000 ) ) ;
#1956 = TOROIDAL_SURFACE ( 'NONE', #2303, 16.74999999999999645, 0.5000000000000000000 ) ;
#1957 = EDGE_CURVE ( 'NONE', #1964, #2226, #2215, .T. ) ;
#1958 = ORIENTED_EDGE ( 'NONE', *, *, #576, .F. ) ;
#1959 = CARTESIAN_POINT ( 'NONE',  ( -12.49999999999999645, 7.500000000000000000, 4.999999999999985789 ) ) ;
#1960 = LINE ( 'NONE', #167, #1218 ) ;
#1961 = AXIS2_PLACEMENT_3D ( 'NONE', #1194, #1785, #2159 ) ;
#1962 = AXIS2_PLACEMENT_3D ( 'NONE', #2439, #2235, #643 ) ;
#1963 = DIRECTION ( 'NONE',  ( -1.224646799147353454E-16, 0.000000000000000000, -1.000000000000000000 ) ) ;
#1964 = VERTEX_POINT ( 'NONE', #1682 ) ;
#1965 = DIRECTION ( 'NONE',  ( -0.000000000000000000, -1.000000000000000000, -0.000000000000000000 ) ) ;
#1966 = CARTESIAN_POINT ( 'NONE',  ( 0.000000000000000000, 6.999999999999999112, 0.000000000000000000 ) ) ;
#1967 = ORIENTED_EDGE ( 'NONE', *, *, #1230, .F. ) ;
#1968 = CARTESIAN_POINT ( 'NONE',  ( -7.000000000000002665, 3.374339955624979570, 2.063081484691395406 ) ) ;
#1969 = CARTESIAN_POINT ( 'NONE',  ( 0.000000000000000000, 3.500000000000000000, 0.000000000000000000 ) ) ;
#1970 = EDGE_CURVE ( 'NONE', #1592, #1411, #2097, .T. ) ;
#1971 = ORIENTED_EDGE ( 'NONE', *, *, #709, .T. ) ;
#1972 = CYLINDRICAL_SURFACE ( 'NONE', #485, 2.124999999999999112 ) ;
#1973 = DIRECTION ( 'NONE',  ( 0.000000000000000000, 0.000000000000000000, 1.000000000000000000 ) ) ;
#1974 = EDGE_CURVE ( 'NONE', #2216, #2363, #1506, .T. ) ;
#1975 = VECTOR ( 'NONE', #685, 1000.000000000000000 ) ;
#1976 = DIRECTION ( 'NONE',  ( 0.000000000000000000, 0.000000000000000000, 1.000000000000000000 ) ) ;
#1977 = VERTEX_POINT ( 'NONE', #1106 ) ;
#1978 = AXIS2_PLACEMENT_3D ( 'NONE', #2510, #712, #1505 ) ;
#1979 = CARTESIAN_POINT ( 'NONE',  ( -6.835800794007807824, 3.348068872944894636, 2.806381535833271545 ) ) ;
#1980 = DIRECTION ( 'NONE',  ( -1.000000000000000000, 0.000000000000000000, 0.000000000000000000 ) ) ;
#1981 = ORIENTED_EDGE ( 'NONE', *, *, #611, .T. ) ;
#1982 = CARTESIAN_POINT ( 'NONE',  ( -7.000000000000002665, 3.977322045253383731, 3.765688912687461087 ) ) ;
#1983 = EDGE_LOOP ( 'NONE', ( #2386, #1229, #526, #260 ) ) ;
#1984 = FACE_OUTER_BOUND ( 'NONE', #208, .T. ) ;
#1985 = DIRECTION ( 'NONE',  ( -1.000000000000000000, 0.000000000000000000, -0.000000000000000000 ) ) ;
#1986 = EDGE_CURVE ( 'NONE', #1060, #1844, #131, .T. ) ;
#1987 = FACE_OUTER_BOUND ( 'NONE', #795, .T. ) ;
#1988 = AXIS2_PLACEMENT_3D ( 'NONE', #1755, #2558, #575 ) ;
#1989 = FACE_OUTER_BOUND ( 'NONE', #241, .T. ) ;
#1990 = CYLINDRICAL_SURFACE ( 'NONE', #374, 2.125000000000002665 ) ;
#1991 = TOROIDAL_SURFACE ( 'NONE', #736, 16.74999999999999645, 0.5000000000000000000 ) ;
#1992 = VERTEX_POINT ( 'NONE', #1874 ) ;
#1993 = DIRECTION ( 'NONE',  ( 0.000000000000000000, 1.000000000000000000, 0.000000000000000000 ) ) ;
#1994 = ORIENTED_EDGE ( 'NONE', *, *, #359, .T. ) ;
#1995 = DIRECTION ( 'NONE',  ( 0.000000000000000000, -1.000000000000000000, 0.000000000000000000 ) ) ;
#1996 = FACE_OUTER_BOUND ( 'NONE', #862, .T. ) ;
#1997 = VECTOR ( 'NONE', #1093, 1000.000000000000000 ) ;
#1998 = AXIS2_PLACEMENT_3D ( 'NONE', #1770, #358, #1588 ) ;
#1999 = DIRECTION ( 'NONE',  ( -2.797941090285172590E-16, -0.000000000000000000, 1.000000000000000000 ) ) ;
#2000 = EDGE_CURVE ( 'NONE', #2308, #818, #2565, .T. ) ;
#2001 = DIRECTION ( 'NONE',  ( 0.000000000000000000, 1.000000000000000000, 0.000000000000000000 ) ) ;
#2002 = CARTESIAN_POINT ( 'NONE',  ( -12.49999999999999645, 6.249999999999999112, 7.124999999999989342 ) ) ;
#2003 = EDGE_CURVE ( 'NONE', #1026, #1085, #1385, .T. ) ;
#2004 = VERTEX_POINT ( 'NONE', #1723 ) ;
#2005 = CARTESIAN_POINT ( 'NONE',  ( -7.000000000000001776, 3.840872244604597086, 3.096072506608308572 ) ) ;
#2006 = ORIENTED_EDGE ( 'NONE', *, *, #1796, .F. ) ;
#2007 = DIRECTION ( 'NONE',  ( 0.000000000000000000, 6.852157730108388023E-14, -1.000000000000000000 ) ) ;
#2008 = CIRCLE ( 'NONE', #2270, 0.5000000000000000000 ) ;
#2009 = CARTESIAN_POINT ( 'NONE',  ( 16.43167672515497912, 4.000000000000000000, 5.250000000000001776 ) ) ;
#2010 = CARTESIAN_POINT ( 'NONE',  ( -15.41103500742243781, 6.000000000000000000, 7.750000000000000000 ) ) ;
#2011 = AXIS2_PLACEMENT_3D ( 'NONE', #2484, #1270, #1916 ) ;
#2012 = ADVANCED_FACE ( 'NONE', ( #2527 ), #67, .F. ) ;
#2013 = CARTESIAN_POINT ( 'NONE',  ( -6.552027471903479672, 3.500000000000009770, 4.026448279275674835 ) ) ;
#2014 = DIRECTION ( 'NONE',  ( 0.000000000000000000, 0.000000000000000000, 1.000000000000000000 ) ) ;
#2015 = ORIENTED_EDGE ( 'NONE', *, *, #1292, .T. ) ;
#2016 = EDGE_LOOP ( 'NONE', ( #896, #1893, #1051, #890 ) ) ;
#2017 = AXIS2_PLACEMENT_3D ( 'NONE', #1691, #1679, #519 ) ;
#2018 = EDGE_CURVE ( 'NONE', #2289, #271, #95, .T. ) ;
#2019 = CARTESIAN_POINT ( 'NONE',  ( 12.50000000000000000, 7.500000000000000000, -1.125000000000001110 ) ) ;
#2020 = ORIENTED_EDGE ( 'NONE', *, *, #181, .T. ) ;
#2021 = DIRECTION ( 'NONE',  ( 0.000000000000000000, 0.000000000000000000, 1.000000000000000000 ) ) ;
#2022 = CYLINDRICAL_SURFACE ( 'NONE', #474, 0.5000000000000004441 ) ;
#2023 = CARTESIAN_POINT ( 'NONE',  ( -12.49999999999999645, 6.000000000000000000, 3.374999999999986677 ) ) ;
#2024 = CARTESIAN_POINT ( 'NONE',  ( -15.41103500742243781, 6.000000000000000000, -7.750000000000000000 ) ) ;
#2025 = CYLINDRICAL_SURFACE ( 'NONE', #333, 0.5000000000000000000 ) ;
#2026 = ORIENTED_EDGE ( 'NONE', *, *, #2307, .F. ) ;
#2027 = CARTESIAN_POINT ( 'NONE',  ( -6.970297008653529858, 3.108170313190741219, -2.032578350683754032 ) ) ;
#2028 = CIRCLE ( 'NONE', #1574, 2.125000000000002665 ) ;
#2029 = ORIENTED_EDGE ( 'NONE', *, *, #1619, .T. ) ;
#2030 = CYLINDRICAL_SURFACE ( 'NONE', #2214, 0.5000000000000004441 ) ;
#2031 = DIRECTION ( 'NONE',  ( 0.000000000000000000, -1.000000000000000000, 0.000000000000000000 ) ) ;
#2032 = EDGE_CURVE ( 'NONE', #1475, #1674, #2521, .T. ) ;
#2033 = DIRECTION ( 'NONE',  ( 0.000000000000000000, 0.000000000000000000, 1.000000000000000000 ) ) ;
#2034 = CIRCLE ( 'NONE', #913, 2.000000000000000000 ) ;
#2035 = CARTESIAN_POINT ( 'NONE',  ( -7.000000000000002665, 3.999999986531694418, 3.992658470417905558 ) ) ;
#2036 = CARTESIAN_POINT ( 'NONE',  ( -6.500000000000001776, 3.500000000000000000, -1.820027472320112416 ) ) ;
#2037 = EDGE_LOOP ( 'NONE', ( #1255, #89, #2125 ) ) ;
#2038 = AXIS2_PLACEMENT_3D ( 'NONE', #1458, #2449, #1047 ) ;
#2039 = ORIENTED_EDGE ( 'NONE', *, *, #971, .F. ) ;
#2040 = CARTESIAN_POINT ( 'NONE',  ( -7.000000000000000888, 3.842142103926907915, -3.100227469657564239 ) ) ;
#2041 = VERTEX_POINT ( 'NONE', #110 ) ;
#2042 = DIRECTION ( 'NONE',  ( 0.000000000000000000, 1.000000000000000000, -0.000000000000000000 ) ) ;
#2043 = EDGE_CURVE ( 'NONE', #901, #2576, #898, .T. ) ;
#2044 = DIRECTION ( 'NONE',  ( 0.000000000000000000, 1.000000000000000000, 0.000000000000000000 ) ) ;
#2045 = AXIS2_PLACEMENT_3D ( 'NONE', #1566, #1739, #1178 ) ;
#2046 = ADVANCED_FACE ( 'NONE', ( #79 ), #347, .T. ) ;
#2047 = DIRECTION ( 'NONE',  ( -0.000000000000000000, -1.000000000000000000, -0.000000000000000000 ) ) ;
#2048 = EDGE_CURVE ( 'NONE', #901, #1174, #882, .T. ) ;
#2049 = DIRECTION ( 'NONE',  ( -0.000000000000000000, -1.000000000000000000, -0.000000000000000000 ) ) ;
#2050 = EDGE_LOOP ( 'NONE', ( #165, #1761, #422, #1024 ) ) ;
#2051 = VERTEX_POINT ( 'NONE', #1709 ) ;
#2052 = CARTESIAN_POINT ( 'NONE',  ( 8.999999999999998224, 4.000000000000000000, -5.249999999999999112 ) ) ;
#2053 = AXIS2_PLACEMENT_3D ( 'NONE', #1200, #2044, #808 ) ;
#2054 = EDGE_LOOP ( 'NONE', ( #145, #645 ) ) ;
#2055 = B_SPLINE_CURVE_WITH_KNOTS ( 'NONE', 3,
 ( #2080, #1112, #734, #1515, #2331, #692, #1129, #1486 ),
 .UNSPECIFIED., .F., .F.,
 ( 4, 2, 2, 4 ),
 ( 0.000000000000000000, 0.0002709271858971354298, 0.0005418543717942708596, 0.001083708743588541286 ),
 .UNSPECIFIED. ) ;
#2056 = PLANE ( 'NONE',  #1525 ) ;
#2057 = DIRECTION ( 'NONE',  ( -0.000000000000000000, -1.000000000000000000, -0.000000000000000000 ) ) ;
#2058 = DIRECTION ( 'NONE',  ( 0.000000000000000000, 0.000000000000000000, 1.000000000000000000 ) ) ;
#2059 = VECTOR ( 'NONE', #8, 1000.000000000000000 ) ;
#2060 = DIRECTION ( 'NONE',  ( 0.000000000000000000, 3.035766082959412415E-15, -1.000000000000000000 ) ) ;
#2061 = CARTESIAN_POINT ( 'NONE',  ( 0.000000000000000000, 6.000000000000000000, 0.000000000000000000 ) ) ;
#2062 = ORIENTED_EDGE ( 'NONE', *, *, #1778, .F. ) ;
#2063 = APPLICATION_PROTOCOL_DEFINITION ( 'draft international standard', 'automotive_design', 1998, #600 ) ;
#2064 = ADVANCED_FACE ( 'NONE', ( #871, #266 ), #1862, .T. ) ;
#2065 = VERTEX_POINT ( 'NONE', #1121 ) ;
#2066 = CARTESIAN_POINT ( 'NONE',  ( -7.000000000000003553, 0.5000000000000004441, 7.750000000000000000 ) ) ;
#2067 = CIRCLE ( 'NONE', #2413, 7.749999999999998224 ) ;
#2068 = ORIENTED_EDGE ( 'NONE', *, *, #2380, .F. ) ;
#2069 = CARTESIAN_POINT ( 'NONE',  ( -7.000000000000003553, 5.500000000000000000, 7.750000000000000000 ) ) ;
#2070 = CARTESIAN_POINT ( 'NONE',  ( -6.970897834138843230, 3.098392644915222149, -2.027017266422059816 ) ) ;
#2071 = AXIS2_PLACEMENT_3D ( 'NONE', #2131, #2509, #726 ) ;
#2072 = CARTESIAN_POINT ( 'NONE',  ( 0.000000000000000000, 3.500000000000000000, 0.000000000000000000 ) ) ;
#2073 = CARTESIAN_POINT ( 'NONE',  ( -12.50000000000000000, 6.249999999999999112, -5.000000000000014211 ) ) ;
#2074 = DIRECTION ( 'NONE',  ( 0.000000000000000000, 0.000000000000000000, -1.000000000000000000 ) ) ;
#2075 = ADVANCED_FACE ( 'NONE', ( #927 ), #2089, .T. ) ;
#2076 = ORIENTED_EDGE ( 'NONE', *, *, #454, .T. ) ;
#2077 = TOROIDAL_SURFACE ( 'NONE', #1075, 16.74999999999999645, 0.5000000000000000000 ) ;
#2078 = EDGE_LOOP ( 'NONE', ( #387, #170, #483, #982 ) ) ;
#2079 = B_SPLINE_CURVE_WITH_KNOTS ( 'NONE', 3,
 ( #1859, #466, #2116, #65, #869, #2087, #2323, #2310, #291, #2070, #304, #278, #2481, #1655 ),
 .UNSPECIFIED., .F., .F.,
 ( 4, 2, 2, 2, 2, 2, 4 ),
 ( 0.000000000000000000, 0.001208605214013173468, 0.001812907821019760744, 0.002115059124523053623, 0.002266134776274698979, 0.002341672602150522090, 0.002417210428026344334 ),
 .UNSPECIFIED. ) ;
#2080 = CARTESIAN_POINT ( 'NONE',  ( 16.43167672515497912, 4.000000000000000000, -5.249999999999998224 ) ) ;
#2081 = AXIS2_PLACEMENT_3D ( 'NONE', #1359, #2175, #2460 ) ;
#2082 = CARTESIAN_POINT ( 'NONE',  ( 0.000000000000000000, 3.000000000000000000, -3.649999999999999911 ) ) ;
#2083 = ADVANCED_FACE ( 'NONE', ( #293 ), #1471, .F. ) ;
#2084 = CIRCLE ( 'NONE', #1330, 2.374999999999999556 ) ;
#2085 = ORIENTED_EDGE ( 'NONE', *, *, #1089, .F. ) ;
#2086 = FACE_OUTER_BOUND ( 'NONE', #2570, .T. ) ;
#2087 = CARTESIAN_POINT ( 'NONE',  ( -6.915498159969120096, 3.240676365075744858, -2.373009741570847098 ) ) ;
#2088 = ORIENTED_EDGE ( 'NONE', *, *, #835, .T. ) ;
#2089 = CYLINDRICAL_SURFACE ( 'NONE', #1637, 0.5000000000000000000 ) ;
#2090 = DIRECTION ( 'NONE',  ( 0.000000000000000000, 1.000000000000000000, 0.000000000000000000 ) ) ;
#2091 = DIRECTION ( 'NONE',  ( 0.000000000000000000, -0.000000000000000000, 1.000000000000000000 ) ) ;
#2092 = ORIENTED_EDGE ( 'NONE', *, *, #2318, .F. ) ;
#2093 = ADVANCED_FACE ( 'NONE', ( #996 ), #555, .T. ) ;
#2094 = ORIENTED_EDGE ( 'NONE', *, *, #168, .T. ) ;
#2095 = DIRECTION ( 'NONE',  ( 0.000000000000000000, 1.000000000000000000, 0.000000000000000000 ) ) ;
#2096 = CARTESIAN_POINT ( 'NONE',  ( -15.15594586443197755, 3.632288876965729774, -7.906070935643345621 ) ) ;
#2097 = CIRCLE ( 'NONE', #1256, 17.24999999999999645 ) ;
#2098 = ORIENTED_EDGE ( 'NONE', *, *, #2043, .F. ) ;
#2099 = DIRECTION ( 'NONE',  ( 2.797941090285172590E-16, 0.000000000000000000, -1.000000000000000000 ) ) ;
#2100 = DIRECTION ( 'NONE',  ( 0.000000000000000000, 0.000000000000000000, 1.000000000000000000 ) ) ;
#2101 = VECTOR ( 'NONE', #2244, 1000.000000000000000 ) ;
#2102 = EDGE_CURVE ( 'NONE', #63, #2065, #1960, .T. ) ;
#2103 = VERTEX_POINT ( 'NONE', #1149 ) ;
#2104 = UNCERTAINTY_MEASURE_WITH_UNIT (LENGTH_MEASURE( 1.000000000000000082E-05 ), #2556, 'distance_accuracy_value', 'NONE');
#2105 = CARTESIAN_POINT ( 'NONE',  ( 0.000000000000000000, 4.000000000000000000, 0.000000000000000000 ) ) ;
#2106 = CIRCLE ( 'NONE', #184, 2.124999999999999112 ) ;
#2107 = CARTESIAN_POINT ( 'NONE',  ( 0.000000000000000000, 4.000000000000000000, 0.000000000000000000 ) ) ;
#2108 = AXIS2_PLACEMENT_3D ( 'NONE', #164, #1774, #121 ) ;
#2109 = DIRECTION ( 'NONE',  ( -1.000000000000000000, 0.000000000000000000, 0.000000000000000000 ) ) ;
#2110 = CYLINDRICAL_SURFACE ( 'NONE', #670, 2.750000000000000000 ) ;
#2111 = EDGE_LOOP ( 'NONE', ( #1909, #297, #1320, #1241 ) ) ;
#2112 = EDGE_LOOP ( 'NONE', ( #2579, #2092, #902, #383 ) ) ;
#2113 = CARTESIAN_POINT ( 'NONE',  ( -12.50000000000000000, 6.000000000000000000, -5.000000000000014211 ) ) ;
#2114 = ORIENTED_EDGE ( 'NONE', *, *, #2018, .T. ) ;
#2115 = DIRECTION ( 'NONE',  ( 0.000000000000000000, 0.000000000000000000, 1.000000000000000000 ) ) ;
#2116 = CARTESIAN_POINT ( 'NONE',  ( -6.700859238930113371, 3.457955831386445578, -3.440522572183553063 ) ) ;
#2117 = EDGE_CURVE ( 'NONE', #506, #1231, #560, .T. ) ;
#2118 = AXIS2_PLACEMENT_3D ( 'NONE', #1265, #1317, #1071 ) ;
#2119 = ORIENTED_EDGE ( 'NONE', *, *, #1010, .F. ) ;
#2120 = CARTESIAN_POINT ( 'NONE',  ( -6.700893673554600305, 3.457931961014520272, 3.440367114401768234 ) ) ;
#2121 = CARTESIAN_POINT ( 'NONE',  ( 8.999999999999998224, 4.000000000000000000, 5.250000000000000888 ) ) ;
#2122 = EDGE_CURVE ( 'NONE', #1038, #271, #1552, .T. ) ;
#2123 = CARTESIAN_POINT ( 'NONE',  ( -6.981481481481484508, 0.5000000000000000000, -1.954844322121602307 ) ) ;
#2124 = AXIS2_PLACEMENT_3D ( 'NONE', #1629, #1451, #868 ) ;
#2125 = ORIENTED_EDGE ( 'NONE', *, *, #108, .F. ) ;
#2126 = DIRECTION ( 'NONE',  ( 0.000000000000000000, 1.000000000000000000, 0.000000000000000000 ) ) ;
#2127 = CARTESIAN_POINT ( 'NONE',  ( -12.50000000000000000, 5.500000000000000000, -3.375000000000014211 ) ) ;
#2128 = CARTESIAN_POINT ( 'NONE',  ( 0.000000000000000000, 0.000000000000000000, 0.000000000000000000 ) ) ;
#2129 = ORIENTED_EDGE ( 'NONE', *, *, #1602, .T. ) ;
#2130 = CIRCLE ( 'NONE', #539, 16.99999999999999645 ) ;
#2131 = CARTESIAN_POINT ( 'NONE',  ( -6.999999999999999112, 5.500000000000000000, -7.750000000000000000 ) ) ;
#2132 = DIRECTION ( 'NONE',  ( 0.000000000000000000, 0.000000000000000000, 1.000000000000000000 ) ) ;
#2133 = CIRCLE ( 'NONE', #1913, 6.749999999999997335 ) ;
#2134 = ORIENTED_EDGE ( 'NONE', *, *, #1824, .F. ) ;
#2135 = ADVANCED_FACE ( 'NONE', ( #1535 ), #1881, .T. ) ;
#2136 = ADVANCED_FACE ( 'NONE', ( #2554 ), #339, .F. ) ;
#2137 = DIRECTION ( 'NONE',  ( 0.000000000000000000, 1.000000000000000000, 0.000000000000000000 ) ) ;
#2138 = DIRECTION ( 'NONE',  ( 1.000000000000000000, -0.000000000000000000, -1.224646799147353207E-16 ) ) ;
#2139 = ADVANCED_FACE ( 'NONE', ( #955 ), #2563, .T. ) ;
#2140 = LINE ( 'NONE', #731, #1830 ) ;
#2141 = EDGE_LOOP ( 'NONE', ( #2452, #1624, #1841, #1920 ) ) ;
#2142 = ADVANCED_FACE ( 'NONE', ( #1565 ), #2351, .F. ) ;
#2143 = CYLINDRICAL_SURFACE ( 'NONE', #1946, 0.5000000000000004441 ) ;
#2144 = DIRECTION ( 'NONE',  ( 0.000000000000000000, 1.000000000000000000, 0.000000000000000000 ) ) ;
#2145 = CARTESIAN_POINT ( 'NONE',  ( -12.50000000000000000, 7.249999999999999112, -7.125000000000016875 ) ) ;
#2146 = ORIENTED_EDGE ( 'NONE', *, *, #2352, .F. ) ;
#2147 = DIRECTION ( 'NONE',  ( 0.000000000000000000, 1.000000000000000000, -0.000000000000000000 ) ) ;
#2148 = DIRECTION ( 'NONE',  ( 0.000000000000000000, 0.000000000000000000, -1.000000000000000000 ) ) ;
#2149 = ORIENTED_EDGE ( 'NONE', *, *, #1819, .F. ) ;
#2150 = DIRECTION ( 'NONE',  ( 0.000000000000000000, 0.000000000000000000, -1.000000000000000000 ) ) ;
#2151 = DIRECTION ( 'NONE',  ( 0.000000000000000000, 1.000000000000000000, 0.000000000000000000 ) ) ;
#2152 = AXIS2_PLACEMENT_3D ( 'NONE', #2220, #2423, #1428 ) ;
#2153 = SPHERICAL_SURFACE ( 'NONE', #1716, 0.5000000000000000000 ) ;
#2154 = VERTEX_POINT ( 'NONE', #1136 ) ;
#2155 = EDGE_CURVE ( 'NONE', #806, #1589, #1181, .T. ) ;
#2156 = AXIS2_PLACEMENT_3D ( 'NONE', #1544, #2336, #1519 ) ;
#2157 = DIRECTION ( 'NONE',  ( 0.000000000000000000, -1.000000000000000000, -0.000000000000000000 ) ) ;
#2158 = CARTESIAN_POINT ( 'NONE',  ( -7.000000000000002665, 2.999999999999999112, 1.820027472320113082 ) ) ;
#2159 = DIRECTION ( 'NONE',  ( 0.000000000000000000, -0.000000000000000000, 1.000000000000000000 ) ) ;
#2160 = EDGE_CURVE ( 'NONE', #2226, #2041, #2378, .T. ) ;
#2161 = ORIENTED_EDGE ( 'NONE', *, *, #2483, .T. ) ;
#2162 = CARTESIAN_POINT ( 'NONE',  ( -7.000000000000000888, 3.058522234062314382, 1.820027472320114414 ) ) ;
#2163 = AXIS2_PLACEMENT_3D ( 'NONE', #1521, #1534, #1493 ) ;
#2164 = DIRECTION ( 'NONE',  ( 0.000000000000000000, 0.000000000000000000, 1.000000000000000000 ) ) ;
#2165 = B_SPLINE_CURVE_WITH_KNOTS ( 'NONE', 3,
 ( #1035, #2259, #443, #1226, #848, #1622, #1850, #2024 ),
 .UNSPECIFIED., .F., .F.,
 ( 4, 2, 2, 4 ),
 ( 0.000000000000000000, 0.0004152556488526531467, 0.0006228834732789804247, 0.0008305112977053079196 ),
 .UNSPECIFIED. ) ;
#2166 = ORIENTED_EDGE ( 'NONE', *, *, #582, .F. ) ;
#2167 = DIRECTION ( 'NONE',  ( -0.000000000000000000, 1.000000000000000000, 0.000000000000000000 ) ) ;
#2168 = CIRCLE ( 'NONE', #1028, 1.624999999999999778 ) ;
#2169 = CARTESIAN_POINT ( 'NONE',  ( -12.50000000000000000, 6.000000000000000000, -5.000000000000014211 ) ) ;
#2170 = ORIENTED_EDGE ( 'NONE', *, *, #199, .T. ) ;
#2171 = LINE ( 'NONE', #788, #102 ) ;
#2172 = AXIS2_PLACEMENT_3D ( 'NONE', #1335, #1146, #1576 ) ;
#2173 = ADVANCED_FACE ( 'NONE', ( #1340, #2392 ), #2581, .T. ) ;
#2174 = CARTESIAN_POINT ( 'NONE',  ( -6.927560989194284424, 3.219195754716702940, 2.302211207531794201 ) ) ;
#2175 = DIRECTION ( 'NONE',  ( 0.000000000000000000, 1.000000000000000000, 0.000000000000000000 ) ) ;
#2176 = EDGE_LOOP ( 'NONE', ( #1410, #99, #1182, #2134 ) ) ;
#2177 = ADVANCED_FACE ( 'NONE', ( #767 ), #1803, .T. ) ;
#2178 = DIRECTION ( 'NONE',  ( 0.000000000000000000, 0.000000000000000000, 1.000000000000000000 ) ) ;
#2179 = CARTESIAN_POINT ( 'NONE',  ( -12.50000000000000000, 7.500000000000000000, -5.000000000000014211 ) ) ;
#2180 = AXIS2_PLACEMENT_3D ( 'NONE', #933, #2144, #2291 ) ;
#2181 = ORIENTED_EDGE ( 'NONE', *, *, #1647, .T. ) ;
#2182 = DIRECTION ( 'NONE',  ( 0.000000000000000000, 0.000000000000000000, 1.000000000000000000 ) ) ;
#2183 = CARTESIAN_POINT ( 'NONE',  ( 0.000000000000000000, 7.500000000000000000, -1.500000000000000222 ) ) ;
#2184 = DIRECTION ( 'NONE',  ( 0.000000000000000000, 0.000000000000000000, -1.000000000000000000 ) ) ;
#2185 = ORIENTED_EDGE ( 'NONE', *, *, #1835, .F. ) ;
#2186 = CARTESIAN_POINT ( 'NONE',  ( 0.000000000000000000, 0.5000000000000000000, 0.000000000000000000 ) ) ;
#2187 = CARTESIAN_POINT ( 'NONE',  ( -7.000000000000002665, 3.609687327110644883, 2.457517736371713557 ) ) ;
#2188 = CARTESIAN_POINT ( 'NONE',  ( -7.000000000000001776, 3.898335065173307523, -3.320126329362417472 ) ) ;
#2189 = ADVANCED_FACE ( 'NONE', ( #571 ), #2324, .T. ) ;
#2190 = VERTEX_POINT ( 'NONE', #1325 ) ;
#2191 = CARTESIAN_POINT ( 'NONE',  ( -12.49999999999999645, 7.500000000000000000, 3.874999999999987121 ) ) ;
#2192 = CARTESIAN_POINT ( 'NONE',  ( 12.50000000000000000, 7.249999999999999112, 0.000000000000000000 ) ) ;
#2193 = ORIENTED_EDGE ( 'NONE', *, *, #881, .F. ) ;
#2194 = PLANE ( 'NONE',  #193 ) ;
#2195 = DIRECTION ( 'NONE',  ( 0.000000000000000000, 0.000000000000000000, -1.000000000000000000 ) ) ;
#2196 = EDGE_CURVE ( 'NONE', #2154, #1437, #942, .T. ) ;
#2197 = AXIS2_PLACEMENT_3D ( 'NONE', #1352, #2151, #365 ) ;
#2198 = CARTESIAN_POINT ( 'NONE',  ( -12.50000000000000000, 6.249999999999999112, -5.000000000000014211 ) ) ;
#2199 = ORIENTED_EDGE ( 'NONE', *, *, #1651, .F. ) ;
#2200 = AXIS2_PLACEMENT_3D ( 'NONE', #182, #588, #1812 ) ;
#2201 = DIRECTION ( 'NONE',  ( -0.000000000000000000, -1.000000000000000000, -0.000000000000000000 ) ) ;
#2202 = DIRECTION ( 'NONE',  ( 0.000000000000000000, 0.000000000000000000, 1.000000000000000000 ) ) ;
#2203 = DIRECTION ( 'NONE',  ( -0.000000000000000000, -1.000000000000000000, 0.000000000000000000 ) ) ;
#2204 = ORIENTED_EDGE ( 'NONE', *, *, #2470, .T. ) ;
#2205 = DIRECTION ( 'NONE',  ( 0.000000000000000000, 0.000000000000000000, 1.000000000000000000 ) ) ;
#2206 = ORIENTED_EDGE ( 'NONE', *, *, #594, .T. ) ;
#2207 = CIRCLE ( 'NONE', #1062, 0.2500000000000002220 ) ;
#2208 = DIRECTION ( 'NONE',  ( -0.000000000000000000, 1.000000000000000000, 0.000000000000000000 ) ) ;
#2209 = EDGE_CURVE ( 'NONE', #2561, #1674, #1931, .T. ) ;
#2210 = CARTESIAN_POINT ( 'NONE',  ( 2.449293598294706414E-16, 6.999999999999999112, -2.000000000000000000 ) ) ;
#2211 = ADVANCED_FACE ( 'NONE', ( #1007 ), #1600, .T. ) ;
#2212 = DIRECTION ( 'NONE',  ( 0.000000000000000000, 0.000000000000000000, -1.000000000000000000 ) ) ;
#2213 = DIRECTION ( 'NONE',  ( 1.577021341797097314E-16, 0.000000000000000000, -1.000000000000000000 ) ) ;
#2214 = AXIS2_PLACEMENT_3D ( 'NONE', #1268, #672, #64 ) ;
#2215 =( BOUNDED_CURVE ( )  B_SPLINE_CURVE ( 3, ( #2121, #124, #2513, #700 ),
 .UNSPECIFIED., .F., .F. ) 
 B_SPLINE_CURVE_WITH_KNOTS ( ( 4, 4 ),
 ( 3.141592653589793116, 4.712388980384689674 ),
 .UNSPECIFIED. ) 
 CURVE ( )  GEOMETRIC_REPRESENTATION_ITEM ( )  RATIONAL_B_SPLINE_CURVE ( ( 1.000000000000000000, 0.8047378541243649375, 0.8047378541243649375, 1.000000000000000000 ) ) 
 REPRESENTATION_ITEM ( '' )  );
#2216 = VERTEX_POINT ( 'NONE', #623 ) ;
#2217 = LINE ( 'NONE', #2191, #998 ) ;
#2218 = ORIENTED_EDGE ( 'NONE', *, *, #1143, .T. ) ;
#2219 = CARTESIAN_POINT ( 'NONE',  ( 16.43167672515497912, 6.000000000000000000, -5.249999999999998224 ) ) ;
#2220 = CARTESIAN_POINT ( 'NONE',  ( 0.000000000000000000, 3.000000000000000000, 0.000000000000000000 ) ) ;
#2221 = VECTOR ( 'NONE', #234, 1000.000000000000000 ) ;
#2222 = CIRCLE ( 'NONE', #2081, 7.249999999999997335 ) ;
#2223 = CYLINDRICAL_SURFACE ( 'NONE', #803, 0.5000000000000004441 ) ;
#2224 = EDGE_CURVE ( 'NONE', #931, #2477, #2411, .T. ) ;
#2225 = DIRECTION ( 'NONE',  ( 0.000000000000000000, 0.000000000000000000, -1.000000000000000000 ) ) ;
#2226 = VERTEX_POINT ( 'NONE', #230 ) ;
#2227 = ORIENTED_EDGE ( 'NONE', *, *, #566, .F. ) ;
#2228 = CARTESIAN_POINT ( 'NONE',  ( -6.981481466361681321, 3.059358318764549889, -1.954844376120110194 ) ) ;
#2229 = ORIENTED_EDGE ( 'NONE', *, *, #318, .T. ) ;
#2230 = CARTESIAN_POINT ( 'NONE',  ( 12.50000000000000000, 6.249999999999999112, 0.000000000000000000 ) ) ;
#2231 = AXIS2_PLACEMENT_3D ( 'NONE', #2198, #382, #396 ) ;
#2232 = CARTESIAN_POINT ( 'NONE',  ( 16.39524184533642526, 3.822161613198409746, 5.276635825627836063 ) ) ;
#2233 = CARTESIAN_POINT ( 'NONE',  ( 12.50000000000000000, 7.249999999999999112, 2.374999999999999556 ) ) ;
#2234 = CARTESIAN_POINT ( 'NONE',  ( -7.000000000000104805, 3.563583250422269089, 3.183880554409061148 ) ) ;
#2235 = DIRECTION ( 'NONE',  ( -0.000000000000000000, -1.000000000000000000, -0.000000000000000000 ) ) ;
#2236 = VERTEX_POINT ( 'NONE', #638 ) ;
#2237 = ORIENTED_EDGE ( 'NONE', *, *, #1919, .T. ) ;
#2238 = VECTOR ( 'NONE', #78, 1000.000000000000000 ) ;
#2239 = CARTESIAN_POINT ( 'NONE',  ( -6.500000000000000888, 3.500000000000000000, -4.220485754033528991 ) ) ;
#2240 = ADVANCED_FACE ( 'NONE', ( #425, #1996 ), #1644, .T. ) ;
#2241 = AXIS2_PLACEMENT_3D ( 'NONE', #1530, #2578, #1336 ) ;
#2242 = ORIENTED_EDGE ( 'NONE', *, *, #2224, .F. ) ;
#2243 = DIRECTION ( 'NONE',  ( 0.000000000000000000, -0.000000000000000000, 1.000000000000000000 ) ) ;
#2244 = DIRECTION ( 'NONE',  ( -0.000000000000000000, 1.000000000000000000, -0.000000000000000000 ) ) ;
#2245 = CARTESIAN_POINT ( 'NONE',  ( -14.98934867857695608, 5.499999999999999112, 7.750000000000000000 ) ) ;
#2246 = CIRCLE ( 'NONE', #1692, 0.2500000000000002220 ) ;
#2247 = CARTESIAN_POINT ( 'NONE',  ( 2.112515728529183672E-15, 4.000000000000000000, 17.24999999999999645 ) ) ;
#2248 = ORIENTED_EDGE ( 'NONE', *, *, #1501, .T. ) ;
#2249 = EDGE_CURVE ( 'NONE', #1134, #2317, #428, .T. ) ;
#2250 = ORIENTED_EDGE ( 'NONE', *, *, #1341, .F. ) ;
#2251 = CARTESIAN_POINT ( 'NONE',  ( -7.000000000000000888, 3.999999985164852223, -3.990983625236321775 ) ) ;
#2252 = EDGE_CURVE ( 'NONE', #2041, #1411, #1396, .T. ) ;
#2253 = EDGE_LOOP ( 'NONE', ( #498, #1477 ) ) ;
#2254 = CARTESIAN_POINT ( 'NONE',  ( 0.000000000000000000, 3.500000000000000000, 0.000000000000000000 ) ) ;
#2255 = CIRCLE ( 'NONE', #1114, 0.2500000000000002220 ) ;
#2256 = DIRECTION ( 'NONE',  ( -1.000000000000000000, 0.000000000000000000, 0.000000000000000000 ) ) ;
#2257 = DIRECTION ( 'NONE',  ( -0.000000000000000000, -1.000000000000000000, -0.000000000000000000 ) ) ;
#2258 = CIRCLE ( 'NONE', #1448, 16.74999999999999645 ) ;
#2259 = CARTESIAN_POINT ( 'NONE',  ( -14.98958765959804751, 5.499999999999999112, -7.749999999999999112 ) ) ;
#2260 = DIRECTION ( 'NONE',  ( 0.000000000000000000, 0.000000000000000000, 1.000000000000000000 ) ) ;
#2261 = ORIENTED_EDGE ( 'NONE', *, *, #582, .T. ) ;
#2262 = VECTOR ( 'NONE', #1113, 1000.000000000000000 ) ;
#2263 = EDGE_LOOP ( 'NONE', ( #2516, #1676, #1528, #1829 ) ) ;
#2264 = AXIS2_PLACEMENT_3D ( 'NONE', #1851, #615, #1409 ) ;
#2265 = CARTESIAN_POINT ( 'NONE',  ( 3.367778697655221012E-16, 3.500000000000000000, 2.750000000000000000 ) ) ;
#2266 = EDGE_CURVE ( 'NONE', #1074, #1244, #1183, .T. ) ;
#2267 = ORIENTED_EDGE ( 'NONE', *, *, #240, .F. ) ;
#2268 = DIRECTION ( 'NONE',  ( 0.000000000000000000, 0.000000000000000000, 1.000000000000000000 ) ) ;
#2269 = CARTESIAN_POINT ( 'NONE',  ( -6.500000000000005329, 3.500000000000000000, 8.250000000000000000 ) ) ;
#2270 = AXIS2_PLACEMENT_3D ( 'NONE', #974, #1596, #1932 ) ;
#2271 = LINE ( 'NONE', #2426, #1925 ) ;
#2272 = EDGE_CURVE ( 'NONE', #1865, #119, #20, .T. ) ;
#2273 = CIRCLE ( 'NONE', #2358, 0.5000000000000000000 ) ;
#2274 = CYLINDRICAL_SURFACE ( 'NONE', #284, 7.249999999999997335 ) ;
#2275 = VERTEX_POINT ( 'NONE', #210 ) ;
#2276 = CYLINDRICAL_SURFACE ( 'NONE', #856, 1.124999999999999334 ) ;
#2277 = CARTESIAN_POINT ( 'NONE',  ( -6.999999999999999112, 3.320046325834955514, -2.235470329651915833 ) ) ;
#2278 = AXIS2_PLACEMENT_3D ( 'NONE', #1834, #43, #844 ) ;
#2279 = ORIENTED_EDGE ( 'NONE', *, *, #2480, .F. ) ;
#2280 = DIRECTION ( 'NONE',  ( 1.000000000000000000, -0.000000000000000000, 2.797941090285172590E-16 ) ) ;
#2281 = CARTESIAN_POINT ( 'NONE',  ( -6.981481481481485396, 3.500000000000000000, 1.954844322121598754 ) ) ;
#2282 = ADVANCED_FACE ( 'NONE', ( #612 ), #2022, .T. ) ;
#2283 = B_SPLINE_CURVE_WITH_KNOTS ( 'NONE', 3,
 ( #1712, #1081, #2515, #884, #2487, #688, #327, #1511, #524, #1315 ),
 .UNSPECIFIED., .F., .F.,
 ( 4, 2, 2, 2, 4 ),
 ( -4.793834009609822823E-06, 0.0005848578858628504561, 0.0008796837457990785546, 0.001027096675767189514, 0.001174509605735300473 ),
 .UNSPECIFIED. ) ;
#2284 = CARTESIAN_POINT ( 'NONE',  ( 0.000000000000000000, 4.000000000000000000, 0.000000000000000000 ) ) ;
#2285 = EDGE_CURVE ( 'NONE', #1865, #41, #12, .T. ) ;
#2286 = CIRCLE ( 'NONE', #2163, 17.24999999999999645 ) ;
#2287 = DIRECTION ( 'NONE',  ( -0.000000000000000000, -1.000000000000000000, -0.000000000000000000 ) ) ;
#2288 = DIRECTION ( 'NONE',  ( 0.000000000000000000, 1.000000000000000000, 0.000000000000000000 ) ) ;
#2289 = VERTEX_POINT ( 'NONE', #255 ) ;
#2290 = ORIENTED_EDGE ( 'NONE', *, *, #1188, .F. ) ;
#2291 = DIRECTION ( 'NONE',  ( 0.000000000000000000, 0.000000000000000000, 1.000000000000000000 ) ) ;
#2292 = CARTESIAN_POINT ( 'NONE',  ( -14.66310654080526987, 3.500000000000000888, -8.200006013110050063 ) ) ;
#2293 = ORIENTED_EDGE ( 'NONE', *, *, #1782, .F. ) ;
#2294 = CARTESIAN_POINT ( 'NONE',  ( 8.999999999999998224, 5.500000000000000000, 5.250000000000000888 ) ) ;
#2295 = DIRECTION ( 'NONE',  ( -0.000000000000000000, -1.000000000000000000, -0.000000000000000000 ) ) ;
#2296 = EDGE_LOOP ( 'NONE', ( #7, #2015, #1639, #128 ) ) ;
#2297 = CIRCLE ( 'NONE', #446, 1.625000000000001332 ) ;
#2298 = UNCERTAINTY_MEASURE_WITH_UNIT (LENGTH_MEASURE( 1.000000000000000082E-05 ), #1720, 'distance_accuracy_value', 'NONE');
#2299 = CARTESIAN_POINT ( 'NONE',  ( -6.500000000000003553, 3.500000000000000000, 1.820027472320108863 ) ) ;
#2300 = EDGE_CURVE ( 'NONE', #1026, #2154, #183, .T. ) ;
#2301 = DIRECTION ( 'NONE',  ( 0.000000000000000000, 1.000000000000000000, 0.000000000000000000 ) ) ;
#2302 = ORIENTED_EDGE ( 'NONE', *, *, #1548, .T. ) ;
#2303 = AXIS2_PLACEMENT_3D ( 'NONE', #774, #1571, #2212 ) ;
#2304 = ORIENTED_EDGE ( 'NONE', *, *, #2588, .T. ) ;
#2305 = CIRCLE ( 'NONE', #1869, 0.5000000000000004441 ) ;
#2306 = CARTESIAN_POINT ( 'NONE',  ( -15.39820882314079142, 3.900636600853256031, -7.757911988017252902 ) ) ;
#2307 = EDGE_CURVE ( 'NONE', #1450, #1589, #1031, .T. ) ;
#2308 = VERTEX_POINT ( 'NONE', #1053 ) ;
#2309 = CARTESIAN_POINT ( 'NONE',  ( 0.000000000000000000, 5.500000000000000000, 0.000000000000000000 ) ) ;
#2310 = CARTESIAN_POINT ( 'NONE',  ( -6.954006001387218916, 3.157401926865625708, -2.137733121891719268 ) ) ;
#2311 = ORIENTED_EDGE ( 'NONE', *, *, #1120, .F. ) ;
#2312 = CARTESIAN_POINT ( 'NONE',  ( -12.50000000000000000, 6.249999999999999112, -2.875000000000011102 ) ) ;
#2313 = CARTESIAN_POINT ( 'NONE',  ( -12.50000000000000000, 6.249999999999999112, -5.000000000000014211 ) ) ;
#2314 = LINE ( 'NONE', #1510, #1204 ) ;
#2315 = DIRECTION ( 'NONE',  ( 0.000000000000000000, 0.000000000000000000, 1.000000000000000000 ) ) ;
#2316 = VERTEX_POINT ( 'NONE', #1846 ) ;
#2317 = VERTEX_POINT ( 'NONE', #439 ) ;
#2318 = EDGE_CURVE ( 'NONE', #2584, #1126, #2524, .T. ) ;
#2319 = DIRECTION ( 'NONE',  ( 0.000000000000000000, 0.000000000000000000, 1.000000000000000000 ) ) ;
#2320 = ORIENTED_EDGE ( 'NONE', *, *, #223, .T. ) ;
#2321 = EDGE_CURVE ( 'NONE', #1674, #1253, #809, .T. ) ;
#2322 = DIRECTION ( 'NONE',  ( 0.000000000000000000, 0.000000000000000000, 1.000000000000000000 ) ) ;
#2323 = CARTESIAN_POINT ( 'NONE',  ( -6.931708309374542409, 3.212168433179703797, -2.277159617312939588 ) ) ;
#2324 = TOROIDAL_SURFACE ( 'NONE', #136, 2.000000000000000000, 0.5000000000000000000 ) ;
#2325 = ORIENTED_EDGE ( 'NONE', *, *, #2588, .F. ) ;
#2326 = CARTESIAN_POINT ( 'NONE',  ( -12.49999999999999645, 6.249999999999999112, 4.999999999999985789 ) ) ;
#2327 = FACE_OUTER_BOUND ( 'NONE', #1787, .T. ) ;
#2328 = ORIENTED_EDGE ( 'NONE', *, *, #1710, .T. ) ;
#2329 = AXIS2_PLACEMENT_3D ( 'NONE', #2350, #2512, #307 ) ;
#2330 = ORIENTED_EDGE ( 'NONE', *, *, #816, .T. ) ;
#2331 = CARTESIAN_POINT ( 'NONE',  ( 16.23011853923660652, 3.641346220167993142, -5.396393470562512285 ) ) ;
#2332 = DIRECTION ( 'NONE',  ( -0.000000000000000000, 1.000000000000000000, 0.000000000000000000 ) ) ;
#2333 = ADVANCED_FACE ( 'NONE', ( #2446 ), #651, .F. ) ;
#2334 = ORIENTED_EDGE ( 'NONE', *, *, #1902, .F. ) ;
#2335 = CARTESIAN_POINT ( 'NONE',  ( 0.000000000000000000, 4.000000000000000000, 0.000000000000000000 ) ) ;
#2336 = DIRECTION ( 'NONE',  ( 0.2696336996029078947, 0.000000000000000000, 0.9629629629629837817 ) ) ;
#2337 = EDGE_CURVE ( 'NONE', #63, #506, #697, .T. ) ;
#2338 = ORIENTED_EDGE ( 'NONE', *, *, #111, .F. ) ;
#2339 = CARTESIAN_POINT ( 'NONE',  ( -6.979205638947362011, 3.048755720288542914, 1.970623970165283900 ) ) ;
#2340 = AXIS2_PLACEMENT_3D ( 'NONE', #1076, #1654, #1466 ) ;
#2341 = CARTESIAN_POINT ( 'NONE',  ( 25.50000000000000000, 5.500000000000000000, -5.249999999999996447 ) ) ;
#2342 = ORIENTED_EDGE ( 'NONE', *, *, #1871, .T. ) ;
#2343 = CYLINDRICAL_SURFACE ( 'NONE', #1738, 0.4999999999999995559 ) ;
#2344 = CARTESIAN_POINT ( 'NONE',  ( -14.99793538680427751, 3.562188885776360170, -8.001363519220078047 ) ) ;
#2345 = AXIS2_PLACEMENT_3D ( 'NONE', #1022, #457, #1249 ) ;
#2346 = ORIENTED_EDGE ( 'NONE', *, *, #847, .T. ) ;
#2347 = CARTESIAN_POINT ( 'NONE',  ( -12.50000000000000000, 6.000000000000000000, -6.125000000000013323 ) ) ;
#2348 = CARTESIAN_POINT ( 'NONE',  ( 16.43167672515497912, 6.000000000000000000, -5.249999999999998224 ) ) ;
#2349 = ORIENTED_EDGE ( 'NONE', *, *, #2483, .F. ) ;
#2350 = CARTESIAN_POINT ( 'NONE',  ( -12.49999999999999645, 5.500000000000000000, 4.999999999999985789 ) ) ;
#2351 = CYLINDRICAL_SURFACE ( 'NONE', #1930, 1.500000000000000222 ) ;
#2352 = EDGE_CURVE ( 'NONE', #41, #542, #491, .T. ) ;
#2353 = PRESENTATION_STYLE_ASSIGNMENT (( #1191 ) ) ;
#2354 = VERTEX_POINT ( 'NONE', #480 ) ;
#2355 = CARTESIAN_POINT ( 'NONE',  ( 0.000000000000000000, 4.500000000000000888, 0.000000000000000000 ) ) ;
#2356 = CARTESIAN_POINT ( 'NONE',  ( -7.000000000000004441, 2.999999999999999556, 1.888707754294456143 ) ) ;
#2357 = CARTESIAN_POINT ( 'NONE',  ( -6.999999999999999112, 3.374103197881802352, -2.062662526418670428 ) ) ;
#2358 = AXIS2_PLACEMENT_3D ( 'NONE', #1416, #1607, #2033 ) ;
#2359 = EDGE_LOOP ( 'NONE', ( #885, #379, #59, #2227 ) ) ;
#2360 = DIRECTION ( 'NONE',  ( 0.000000000000000000, 0.000000000000000000, 1.000000000000000000 ) ) ;
#2361 = DIRECTION ( 'NONE',  ( 0.000000000000000000, 0.000000000000000000, -1.000000000000000000 ) ) ;
#2362 = AXIS2_PLACEMENT_3D ( 'NONE', #1670, #324, #493 ) ;
#2363 = VERTEX_POINT ( 'NONE', #1065 ) ;
#2364 = CARTESIAN_POINT ( 'NONE',  ( -6.825713381786527201, 3.357687000566572877, 2.855925374266391703 ) ) ;
#2365 = CARTESIAN_POINT ( 'NONE',  ( 16.43167672515497557, 3.500000000000000000, 5.750000000000001776 ) ) ;
#2366 = EDGE_CURVE ( 'NONE', #431, #1583, #1771, .T. ) ;
#2367 = CIRCLE ( 'NONE', #2441, 2.125000000000002665 ) ;
#2368 = LINE ( 'NONE', #1582, #924 ) ;
#2369 = ORIENTED_EDGE ( 'NONE', *, *, #1694, .T. ) ;
#2370 = EDGE_CURVE ( 'NONE', #1735, #2316, #764, .T. ) ;
#2371 = LINE ( 'NONE', #171, #1856 ) ;
#2372 = CARTESIAN_POINT ( 'NONE',  ( -7.000000000000002665, 3.374622326358947877, 2.063445236098264690 ) ) ;
#2373 = CARTESIAN_POINT ( 'NONE',  ( -7.000000000000000888, 3.842183556063425431, -3.100381518538518844 ) ) ;
#2374 = VERTEX_POINT ( 'NONE', #265 ) ;
#2375 = FACE_OUTER_BOUND ( 'NONE', #1947, .T. ) ;
#2376 = ORIENTED_EDGE ( 'NONE', *, *, #930, .T. ) ;
#2377 = DIRECTION ( 'NONE',  ( -0.000000000000000000, -0.000000000000000000, -1.000000000000000000 ) ) ;
#2378 = LINE ( 'NONE', #2365, #804 ) ;
#2379 = CYLINDRICAL_SURFACE ( 'NONE', #1760, 3.649999999999999911 ) ;
#2380 = EDGE_CURVE ( 'NONE', #1589, #2374, #2367, .T. ) ;
#2381 = ORIENTED_EDGE ( 'NONE', *, *, #1354, .T. ) ;
#2382 = DIRECTION ( 'NONE',  ( -0.000000000000000000, 1.000000000000000000, 0.000000000000000000 ) ) ;
#2383 = AXIS2_PLACEMENT_3D ( 'NONE', #1529, #317, #1280 ) ;
#2384 = DIRECTION ( 'NONE',  ( 0.000000000000000000, 1.000000000000000000, 0.000000000000000000 ) ) ;
#2385 = DIRECTION ( 'NONE',  ( 0.000000000000000000, 0.000000000000000000, 1.000000000000000000 ) ) ;
#2386 = ORIENTED_EDGE ( 'NONE', *, *, #821, .F. ) ;
#2387 = CARTESIAN_POINT ( 'NONE',  ( -7.000000000000002665, 3.609290521705936783, 2.456692338559887556 ) ) ;
#2388 = ADVANCED_FACE ( 'NONE', ( #1281 ), #886, .F. ) ;
#2389 = DIRECTION ( 'NONE',  ( -0.000000000000000000, -1.000000000000000000, -0.000000000000000000 ) ) ;
#2390 = ORIENTED_EDGE ( 'NONE', *, *, #1647, .F. ) ;
#2391 = DIRECTION ( 'NONE',  ( 0.000000000000000000, 0.000000000000000000, -1.000000000000000000 ) ) ;
#2392 = FACE_OUTER_BOUND ( 'NONE', #944, .T. ) ;
#2393 = CARTESIAN_POINT ( 'NONE',  ( -6.500000000000002665, 0.5000000000000000000, 1.820027472320111306 ) ) ;
#2394 = ORIENTED_EDGE ( 'NONE', *, *, #36, .F. ) ;
#2395 = DIRECTION ( 'NONE',  ( 0.000000000000000000, 1.000000000000000000, 0.000000000000000000 ) ) ;
#2396 = CARTESIAN_POINT ( 'NONE',  ( 12.50000000000000000, 6.000000000000000000, 0.000000000000000000 ) ) ;
#2397 = EDGE_LOOP ( 'NONE', ( #360, #4, #2376, #1958 ) ) ;
#2398 = DIRECTION ( 'NONE',  ( 0.000000000000000000, 0.000000000000000000, 1.000000000000000000 ) ) ;
#2399 = EDGE_CURVE ( 'NONE', #1253, #629, #2079, .T. ) ;
#2400 = VERTEX_POINT ( 'NONE', #1087 ) ;
#2401 = DIRECTION ( 'NONE',  ( 0.000000000000000000, 1.000000000000000000, 0.000000000000000000 ) ) ;
#2402 = CARTESIAN_POINT ( 'NONE',  ( 16.02990328785546126, 3.530240575001955872, 5.540222590006544934 ) ) ;
#2403 = CARTESIAN_POINT ( 'NONE',  ( 0.000000000000000000, 3.000000000000000000, 0.000000000000000000 ) ) ;
#2404 = CARTESIAN_POINT ( 'NONE',  ( 12.50000000000000000, 6.249999999999999112, 0.000000000000000000 ) ) ;
#2405 = DIRECTION ( 'NONE',  ( -0.000000000000000000, -1.000000000000000000, -0.000000000000000000 ) ) ;
#2406 = ORIENTED_EDGE ( 'NONE', *, *, #2337, .T. ) ;
#2407 = CARTESIAN_POINT ( 'NONE',  ( 0.000000000000000000, 0.5000000000000000000, 0.000000000000000000 ) ) ;
#2408 = EDGE_CURVE ( 'NONE', #1992, #2004, #1260, .T. ) ;
#2409 = ORIENTED_EDGE ( 'NONE', *, *, #2337, .F. ) ;
#2410 = CARTESIAN_POINT ( 'NONE',  ( 12.50000000000000000, 6.249999999999999112, 0.000000000000000000 ) ) ;
#2411 = LINE ( 'NONE', #1212, #557 ) ;
#2412 = EDGE_CURVE ( 'NONE', #273, #1750, #350, .T. ) ;
#2413 = AXIS2_PLACEMENT_3D ( 'NONE', #384, #1540, #188 ) ;
#2414 = CARTESIAN_POINT ( 'NONE',  ( -15.34134081533718685, 5.725450657323229997, 7.750000000000000888 ) ) ;
#2415 = CARTESIAN_POINT ( 'NONE',  ( -6.499999999999992895, 0.000000000000000000, 1.820027472320144613 ) ) ;
#2416 = AXIS2_PLACEMENT_3D ( 'NONE', #2254, #831, #1052 ) ;
#2417 = EDGE_LOOP ( 'NONE', ( #2474, #51, #1775, #1707 ) ) ;
#2418 = AXIS2_PLACEMENT_3D ( 'NONE', #738, #134, #2115 ) ;
#2419 = ORIENTED_EDGE ( 'NONE', *, *, #1120, .T. ) ;
#2420 = CARTESIAN_POINT ( 'NONE',  ( -14.57737973711328472, 3.500000000000000000, 8.250000000000000000 ) ) ;
#2421 = VERTEX_POINT ( 'NONE', #319 ) ;
#2422 = CARTESIAN_POINT ( 'NONE',  ( 16.17523381909101943, 5.551117672567118078, -5.249999999999997335 ) ) ;
#2423 = DIRECTION ( 'NONE',  ( 0.000000000000000000, -1.000000000000000000, 0.000000000000000000 ) ) ;
#2424 = AXIS2_PLACEMENT_3D ( 'NONE', #1141, #1289, #1333 ) ;
#2425 = CIRCLE ( 'NONE', #1282, 1.125000000000001110 ) ;
#2426 = CARTESIAN_POINT ( 'NONE',  ( -7.000000000000003553, 5.500000000000000000, 7.750000000000000000 ) ) ;
#2427 = TOROIDAL_SURFACE ( 'NONE', #794, 2.000000000000000000, 0.5000000000000000000 ) ;
#2428 = EDGE_CURVE ( 'NONE', #991, #2493, #1806, .T. ) ;
#2429 = CARTESIAN_POINT ( 'NONE',  ( -7.000000000000002665, 3.977510544232795375, 3.767277237808168255 ) ) ;
#2430 = CYLINDRICAL_SURFACE ( 'NONE', #377, 1.124999999999999334 ) ;
#2431 = ORIENTED_EDGE ( 'NONE', *, *, #181, .F. ) ;
#2432 = ORIENTED_EDGE ( 'NONE', *, *, #881, .T. ) ;
#2433 = CARTESIAN_POINT ( 'NONE',  ( -6.981481481481482732, 2.999999999999999556, -1.954844322121636502 ) ) ;
#2434 = ORIENTED_EDGE ( 'NONE', *, *, #1032, .F. ) ;
#2435 = CYLINDRICAL_SURFACE ( 'NONE', #315, 17.24999999999999645 ) ;
#2436 = DIRECTION ( 'NONE',  ( 1.000000000000000000, 0.000000000000000000, -0.000000000000000000 ) ) ;
#2437 = CARTESIAN_POINT ( 'NONE',  ( -6.981481481481485396, 3.500000000000000000, -1.954844322121602751 ) ) ;
#2438 = EDGE_CURVE ( 'NONE', #937, #2530, #1767, .T. ) ;
#2439 = CARTESIAN_POINT ( 'NONE',  ( 0.000000000000000000, 7.500000000000000000, 0.000000000000000000 ) ) ;
#2440 = ORIENTED_EDGE ( 'NONE', *, *, #2555, .T. ) ;
#2441 = AXIS2_PLACEMENT_3D ( 'NONE', #880, #855, #1491 ) ;
#2442 = EDGE_CURVE ( 'NONE', #2363, #2103, #673, .T. ) ;
#2443 = EDGE_LOOP ( 'NONE', ( #826, #1082, #2461, #1463 ) ) ;
#2444 = ORIENTED_EDGE ( 'NONE', *, *, #1809, .F. ) ;
#2445 = DIRECTION ( 'NONE',  ( -0.000000000000000000, -1.000000000000000000, -0.000000000000000000 ) ) ;
#2446 = FACE_OUTER_BOUND ( 'NONE', #2112, .T. ) ;
#2447 = DIRECTION ( 'NONE',  ( 0.000000000000000000, 0.000000000000000000, -1.000000000000000000 ) ) ;
#2448 = PRODUCT_DEFINITION ( 'UNKNOWN', '', #1098, #35 ) ;
#2449 = DIRECTION ( 'NONE',  ( 0.000000000000000000, -1.000000000000000000, 0.000000000000000000 ) ) ;
#2450 = ORIENTED_EDGE ( 'NONE', *, *, #1837, .T. ) ;
#2451 = CIRCLE ( 'NONE', #608, 2.375000000000003109 ) ;
#2452 = ORIENTED_EDGE ( 'NONE', *, *, #1974, .F. ) ;
#2453 = CARTESIAN_POINT ( 'NONE',  ( 16.43167672515497912, 6.000000000000000000, 5.250000000000001776 ) ) ;
#2454 = ORIENTED_EDGE ( 'NONE', *, *, #1438, .F. ) ;
#2455 = DIRECTION ( 'NONE',  ( 0.000000000000000000, 1.000000000000000000, 0.000000000000000000 ) ) ;
#2456 = DIRECTION ( 'NONE',  ( 0.000000000000000000, 1.000000000000000000, -0.000000000000000000 ) ) ;
#2457 = CARTESIAN_POINT ( 'NONE',  ( -21.00000000000000355, 5.500000000000000000, 7.750000000000000000 ) ) ;
#2458 = TOROIDAL_SURFACE ( 'NONE', #1322, 16.74999999999999645, 0.5000000000000000000 ) ;
#2459 = AXIS2_PLACEMENT_3D ( 'NONE', #707, #1499, #527 ) ;
#2460 = DIRECTION ( 'NONE',  ( 0.000000000000000000, 0.000000000000000000, 1.000000000000000000 ) ) ;
#2461 = ORIENTED_EDGE ( 'NONE', *, *, #1154, .T. ) ;
#2462 = ORIENTED_EDGE ( 'NONE', *, *, #2520, .T. ) ;
#2463 = AXIS2_PLACEMENT_3D ( 'NONE', #1214, #2049, #2014 ) ;
#2464 = CARTESIAN_POINT ( 'NONE',  ( 8.792893218813450318, 3.499999999999999112, -5.457106781186547018 ) ) ;
#2465 = ADVANCED_FACE ( 'NONE', ( #908 ), #1705, .T. ) ;
#2466 = ORIENTED_EDGE ( 'NONE', *, *, #1957, .F. ) ;
#2467 = CARTESIAN_POINT ( 'NONE',  ( -7.000000000000001776, 3.000000000000000000, 1.820027472320108641 ) ) ;
#2468 = CARTESIAN_POINT ( 'NONE',  ( -12.50000000000000000, 5.500000000000000000, -5.000000000000014211 ) ) ;
#2469 = AXIS2_PLACEMENT_3D ( 'NONE', #2457, #1008, #1620 ) ;
#2470 = EDGE_CURVE ( 'NONE', #1567, #1977, #516, .T. ) ;
#2471 = DIRECTION ( 'NONE',  ( -0.000000000000000000, -1.000000000000000000, -0.000000000000000000 ) ) ;
#2472 = CARTESIAN_POINT ( 'NONE',  ( 0.000000000000000000, 4.000000000000000000, 0.000000000000000000 ) ) ;
#2473 = DIRECTION ( 'NONE',  ( 0.000000000000000000, -1.000000000000000000, 0.000000000000000000 ) ) ;
#2474 = ORIENTED_EDGE ( 'NONE', *, *, #739, .F. ) ;
#2475 = EDGE_LOOP ( 'NONE', ( #1379, #1546, #1489, #590, #875 ) ) ;
#2476 = AXIS2_PLACEMENT_3D ( 'NONE', #778, #1323, #2132 ) ;
#2477 = VERTEX_POINT ( 'NONE', #2269 ) ;
#2478 = DIRECTION ( 'NONE',  ( 0.000000000000000000, -1.000000000000000000, 0.000000000000000000 ) ) ;
#2479 = ADVANCED_FACE ( 'NONE', ( #569 ), #845, .T. ) ;
#2480 = EDGE_CURVE ( 'NONE', #668, #1437, #1843, .T. ) ;
#2481 = CARTESIAN_POINT ( 'NONE',  ( -6.981481481481482732, 3.025731895768166257, -1.954844322121613631 ) ) ;
#2482 = EDGE_LOOP ( 'NONE', ( #1295, #1115, #2029, #1685 ) ) ;
#2483 = EDGE_CURVE ( 'NONE', #916, #2190, #1681, .T. ) ;
#2484 = CARTESIAN_POINT ( 'NONE',  ( 0.000000000000000000, 4.000000000000000000, 0.000000000000000000 ) ) ;
#2485 = AXIS2_PLACEMENT_3D ( 'NONE', #1414, #1995, #380 ) ;
#2486 = LINE ( 'NONE', #718, #828 ) ;
#2487 = CARTESIAN_POINT ( 'NONE',  ( -15.23254101013977291, 3.678689749177519897, 7.859474542677239661 ) ) ;
#2488 = VERTEX_POINT ( 'NONE', #584 ) ;
#2489 = ORIENTED_EDGE ( 'NONE', *, *, #2209, .F. ) ;
#2490 = CARTESIAN_POINT ( 'NONE',  ( -15.35652612096655645, 3.814396018909127495, -7.783550797159707102 ) ) ;
#2491 = CIRCLE ( 'NONE', #232, 4.150000000000000355 ) ;
#2492 = AXIS2_PLACEMENT_3D ( 'NONE', #610, #598, #2007 ) ;
#2493 = VERTEX_POINT ( 'NONE', #939 ) ;
#2494 = DIRECTION ( 'NONE',  ( 0.000000000000000000, -0.000000000000000000, 1.000000000000000000 ) ) ;
#2495 = DIRECTION ( 'NONE',  ( 0.000000000000000000, 0.000000000000000000, 1.000000000000000000 ) ) ;
#2496 = TOROIDAL_SURFACE ( 'NONE', #2416, 3.250000000000000000, 0.5000000000000000000 ) ;
#2497 = ORIENTED_EDGE ( 'NONE', *, *, #1748, .F. ) ;
#2498 = CARTESIAN_POINT ( 'NONE',  ( 8.999999999999998224, 3.500000000000000000, -5.749999999999999112 ) ) ;
#2499 = DIRECTION ( 'NONE',  ( -0.000000000000000000, 1.000000000000000000, -0.000000000000000000 ) ) ;
#2500 = DIRECTION ( 'NONE',  ( 0.000000000000000000, 0.000000000000000000, -1.000000000000000000 ) ) ;
#2501 = CARTESIAN_POINT ( 'NONE',  ( -6.999999999999999112, 5.500000000000000000, -7.750000000000000000 ) ) ;
#2502 = VERTEX_POINT ( 'NONE', #149 ) ;
#2503 = TOROIDAL_SURFACE ( 'NONE', #1661, 16.74999999999999645, 0.5000000000000000000 ) ;
#2504 = ADVANCED_FACE ( 'NONE', ( #2564 ), #301, .T. ) ;
#2505 = ORIENTED_EDGE ( 'NONE', *, *, #2370, .F. ) ;
#2506 = AXIS2_PLACEMENT_3D ( 'NONE', #859, #1432, #56 ) ;
#2507 = CARTESIAN_POINT ( 'NONE',  ( -7.000000000000000888, 4.000000000000000000, -1.887458608817678130 ) ) ;
#2508 = ORIENTED_EDGE ( 'NONE', *, *, #930, .F. ) ;
#2509 = DIRECTION ( 'NONE',  ( 0.000000000000000000, 0.000000000000000000, -1.000000000000000000 ) ) ;
#2510 = CARTESIAN_POINT ( 'NONE',  ( -6.500000000000002665, 4.000000000000000000, -1.818661708685362849E-15 ) ) ;
#2511 = VERTEX_POINT ( 'NONE', #1377 ) ;
#2512 = DIRECTION ( 'NONE',  ( -0.000000000000000000, 1.000000000000000000, 0.000000000000000000 ) ) ;
#2513 = CARTESIAN_POINT ( 'NONE',  ( 8.792893218813450318, 3.499999999999999112, 5.457106781186548794 ) ) ;
#2514 = CARTESIAN_POINT ( 'NONE',  ( 0.000000000000000000, 4.000000000000000000, 0.000000000000000000 ) ) ;
#2515 = CARTESIAN_POINT ( 'NONE',  ( -14.91890364819379933, 3.527131355136181590, 8.049025673621093446 ) ) ;
#2516 = ORIENTED_EDGE ( 'NONE', *, *, #354, .F. ) ;
#2517 = AXIS2_PLACEMENT_3D ( 'NONE', #2233, #1237, #1455 ) ;
#2518 = ORIENTED_EDGE ( 'NONE', *, *, #2551, .T. ) ;
#2519 = CYLINDRICAL_SURFACE ( 'NONE', #1279, 0.5000000000000004441 ) ;
#2520 = EDGE_CURVE ( 'NONE', #1437, #2488, #1560, .T. ) ;
#2521 = CIRCLE ( 'NONE', #1677, 7.749999999999998224 ) ;
#2522 = ORIENTED_EDGE ( 'NONE', *, *, #168, .F. ) ;
#2523 = PLANE ( 'NONE',  #2071 ) ;
#2524 = CIRCLE ( 'NONE', #601, 3.649999999999999911 ) ;
#2525 = ORIENTED_EDGE ( 'NONE', *, *, #1378, .F. ) ;
#2526 = DIRECTION ( 'NONE',  ( -1.000000000000000000, 0.000000000000000000, -1.577021341797097314E-16 ) ) ;
#2527 = FACE_OUTER_BOUND ( 'NONE', #1943, .T. ) ;
#2528 = DIRECTION ( 'NONE',  ( 0.000000000000000000, 0.000000000000000000, -1.000000000000000000 ) ) ;
#2529 = FACE_BOUND ( 'NONE', #2054, .T. ) ;
#2530 = VERTEX_POINT ( 'NONE', #2348 ) ;
#2531 = CIRCLE ( 'NONE', #770, 6.749999999999997335 ) ;
#2532 = DIRECTION ( 'NONE',  ( 0.000000000000000000, 1.000000000000000000, 0.000000000000000000 ) ) ;
#2533 = FACE_OUTER_BOUND ( 'NONE', #2443, .T. ) ;
#2534 = DIRECTION ( 'NONE',  ( 1.000000000000000000, 0.000000000000000000, 2.797941090285171604E-16 ) ) ;
#2535 = ORIENTED_EDGE ( 'NONE', *, *, #1662, .F. ) ;
#2536 = DIRECTION ( 'NONE',  ( 0.000000000000000000, 0.000000000000000000, -1.000000000000000000 ) ) ;
#2537 = EDGE_CURVE ( 'NONE', #740, #2493, #1144, .T. ) ;
#2538 = ORIENTED_EDGE ( 'NONE', *, *, #198, .F. ) ;
#2539 = CARTESIAN_POINT ( 'NONE',  ( -6.973924778399728019, 3.084400515153483013, 2.006620569585370717 ) ) ;
#2540 = CARTESIAN_POINT ( 'NONE',  ( -12.50000000000000000, 7.500000000000000000, -5.000000000000014211 ) ) ;
#2541 = CIRCLE ( 'NONE', #1578, 2.125000000000002665 ) ;
#2542 = CARTESIAN_POINT ( 'NONE',  ( 0.000000000000000000, 3.000000000000000000, -3.250000000000000000 ) ) ;
#2543 = ORIENTED_EDGE ( 'NONE', *, *, #687, .F. ) ;
#2544 = LINE ( 'NONE', #344, #1108 ) ;
#2545 = CARTESIAN_POINT ( 'NONE',  ( -14.74771141574574962, 3.507312903998928810, -8.150239539629605900 ) ) ;
#2546 = AXIS2_PLACEMENT_3D ( 'NONE', #1288, #1332, #1921 ) ;
#2547 = ORIENTED_EDGE ( 'NONE', *, *, #185, .T. ) ;
#2548 = AXIS2_PLACEMENT_3D ( 'NONE', #2113, #2332, #1304 ) ;
#2549 = DIRECTION ( 'NONE',  ( -0.000000000000000000, 1.000000000000000000, -0.000000000000000000 ) ) ;
#2550 = DIRECTION ( 'NONE',  ( 1.000000000000000000, 0.000000000000000000, 1.224646799147353207E-16 ) ) ;
#2551 = EDGE_CURVE ( 'NONE', #542, #1583, #52, .T. ) ;
#2552 = EDGE_LOOP ( 'NONE', ( #786, #1029, #2248, #1287 ) ) ;
#2553 = CARTESIAN_POINT ( 'NONE',  ( 0.000000000000000000, 0.000000000000000000, 0.000000000000000000 ) ) ;
#2554 = FACE_OUTER_BOUND ( 'NONE', #609, .T. ) ;
#2555 = EDGE_CURVE ( 'NONE', #2103, #940, #1472, .T. ) ;
#2556 =( LENGTH_UNIT ( ) NAMED_UNIT ( * ) SI_UNIT ( .MILLI., .METRE. ) );
#2557 = ORIENTED_EDGE ( 'NONE', *, *, #50, .T. ) ;
#2558 = DIRECTION ( 'NONE',  ( 0.000000000000000000, 1.000000000000000000, 0.000000000000000000 ) ) ;
#2559 = CIRCLE ( 'NONE', #508, 0.5000000000000000000 ) ;
#2560 = DIRECTION ( 'NONE',  ( -1.000000000000000000, 0.000000000000000000, 0.000000000000000000 ) ) ;
#2561 = VERTEX_POINT ( 'NONE', #1577 ) ;
#2562 = DIRECTION ( 'NONE',  ( -0.000000000000000000, 1.000000000000000000, 0.000000000000000000 ) ) ;
#2563 = TOROIDAL_SURFACE ( 'NONE', #87, 2.375000000000003109, 0.2500000000000000000 ) ;
#2564 = FACE_OUTER_BOUND ( 'NONE', #1483, .T. ) ;
#2565 = CIRCLE ( 'NONE', #1137, 17.24999999999999645 ) ;
#2566 = EDGE_LOOP ( 'NONE', ( #1343, #1234 ) ) ;
#2567 = CARTESIAN_POINT ( 'NONE',  ( -12.50000000000000000, 6.000000000000000000, -3.875000000000014655 ) ) ;
#2568 = CARTESIAN_POINT ( 'NONE',  ( -15.41103500742243426, 4.000000000000000000, 7.750000000000000000 ) ) ;
#2569 = EDGE_CURVE ( 'NONE', #1648, #401, #2106, .T. ) ;
#2570 = EDGE_LOOP ( 'NONE', ( #1700, #2114, #988, #1220 ) ) ;
#2571 = CIRCLE ( 'NONE', #984, 1.125000000000001110 ) ;
#2572 = EDGE_CURVE ( 'NONE', #1750, #271, #2571, .T. ) ;
#2573 = DIRECTION ( 'NONE',  ( 0.000000000000000000, 1.000000000000000000, 0.000000000000000000 ) ) ;
#2574 = DIRECTION ( 'NONE',  ( 1.000000000000000000, 0.000000000000000000, 1.577021341797097314E-16 ) ) ;
#2575 = CIRCLE ( 'NONE', #895, 1.125000000000001110 ) ;
#2576 = VERTEX_POINT ( 'NONE', #135 ) ;
#2577 = CARTESIAN_POINT ( 'NONE',  ( -7.000000000000002665, 4.000000000000000000, 4.220485754033524550 ) ) ;
#2578 = DIRECTION ( 'NONE',  ( -1.000000000000000000, -0.000000000000000000, -0.000000000000000000 ) ) ;
#2579 = ORIENTED_EDGE ( 'NONE', *, *, #343, .F. ) ;
#2580 = DIRECTION ( 'NONE',  ( 0.000000000000000000, 1.000000000000000000, 0.000000000000000000 ) ) ;
#2581 = PLANE ( 'NONE',  #2197 ) ;
#2582 = AXIS2_PLACEMENT_3D ( 'NONE', #1935, #2157, #946 ) ;
#2583 = DIRECTION ( 'NONE',  ( -0.000000000000000000, -0.000000000000000000, -1.000000000000000000 ) ) ;
#2584 = VERTEX_POINT ( 'NONE', #336 ) ;
#2585 = EDGE_CURVE ( 'NONE', #940, #2103, #1302, .T. ) ;
#2586 = DIRECTION ( 'NONE',  ( 0.000000000000000000, -1.000000000000000000, 7.676151381197371393E-14 ) ) ;
#2587 = DIRECTION ( 'NONE',  ( 0.000000000000000000, 1.000000000000000000, 0.000000000000000000 ) ) ;
#2588 = EDGE_CURVE ( 'NONE', #818, #1060, #680, .T. ) ;
#2589 = ORIENTED_EDGE ( 'NONE', *, *, #2032, .F. ) ;
#2590 = CARTESIAN_POINT ( 'NONE',  ( 0.000000000000000000, 0.000000000000000000, 0.000000000000000000 ) ) ;
#2591 =( BOUNDED_CURVE ( )  B_SPLINE_CURVE ( 3, ( #2052, #1855, #2464, #634 ),
 .UNSPECIFIED., .F., .T. ) 
 B_SPLINE_CURVE_WITH_KNOTS ( ( 4, 4 ),
 ( 3.141592653589793116, 4.712388980384689674 ),
 .UNSPECIFIED. ) 
 CURVE ( )  GEOMETRIC_REPRESENTATION_ITEM ( )  RATIONAL_B_SPLINE_CURVE ( ( 1.000000000000000000, 0.8047378541243649375, 0.8047378541243649375, 1.000000000000000000 ) ) 
 REPRESENTATION_ITEM ( '' )  );
#2592 = CIRCLE ( 'NONE', #1532, 0.4999999999999995559 ) ;
#2593 = EDGE_LOOP ( 'NONE', ( #1731, #2267, #1303, #2589 ) ) ;
#2594 = CARTESIAN_POINT ( 'NONE',  ( 12.50000000000000000, 6.249999999999999112, -1.125000000000001110 ) ) ;
#2595 = FACE_OUTER_BOUND ( 'NONE', #2037, .T. ) ;
ENDSEC;
END-ISO-10303-21;
