ISO-10303-21;
HEADER;
FILE_DESCRIPTION (( 'STEP AP214' ),
    '1' );
FILE_NAME ('slamtec rplidar c1.STEP',
    '2026-07-08T20:33:00',
    ( '' ),
    ( '' ),
    'SwSTEP 2.0',
    'SolidWorks 2026',
    '' );
FILE_SCHEMA (( 'AUTOMOTIVE_DESIGN' ));
ENDSEC;

DATA;
#1 = CARTESIAN_POINT ( 'NONE',  ( -28.39918089650196720, -19.75536830459842363, 6.703816074400715836E-14 ) ) ;
#2 = DIRECTION ( 'NONE',  ( 0.000000000000000000, 0.000000000000000000, -1.000000000000000000 ) ) ;
#3 = VERTEX_POINT ( 'NONE', #2039 ) ;
#4 = FACE_OUTER_BOUND ( 'NONE', #338, .T. ) ;
#5 = CARTESIAN_POINT ( 'NONE',  ( -8.141998532835950542, 17.41757144940040192, 40.30000000000000426 ) ) ;
#6 = ORIENTED_EDGE ( 'NONE', *, *, #433, .T. ) ;
#7 = EDGE_CURVE ( 'NONE', #182, #6120, #6955, .T. ) ;
#8 = DIRECTION ( 'NONE',  ( 0.1806975293134328864, 0.9835387144896844402, 0.000000000000000000 ) ) ;
#9 = CYLINDRICAL_SURFACE ( 'NONE', #4137, 0.5000000000000004441 ) ;
#10 = B_SPLINE_CURVE_WITH_KNOTS ( 'NONE', 3,
 ( #1411, #6334, #803, #3291, #5715 ),
 .UNSPECIFIED., .F., .F.,
 ( 4, 1, 4 ),
 ( 0.000000000000000000, 0.01046075584044130029, 0.02586547623505069948 ),
 .UNSPECIFIED. ) ;
#11 = CARTESIAN_POINT ( 'NONE',  ( 3.394733980665269879, 16.03561544270720063, 41.30000000000000426 ) ) ;
#12 = CARTESIAN_POINT ( 'NONE',  ( 4.090671940752160118, 17.43216810938569949, 40.30000000000000426 ) ) ;
#13 = EDGE_LOOP ( 'NONE', ( #3194, #7119, #4360, #157 ) ) ;
#14 = LINE ( 'NONE', #2329, #1142 ) ;
#15 = ADVANCED_FACE ( 'NONE', ( #858 ), #3347, .T. ) ;
#16 = ORIENTED_EDGE ( 'NONE', *, *, #5098, .T. ) ;
#17 = PLANE ( 'NONE',  #6780 ) ;
#18 = CARTESIAN_POINT ( 'NONE',  ( -5.975147764671009831, 15.96898593451559911, 41.30000000000000426 ) ) ;
#19 = CARTESIAN_POINT ( 'NONE',  ( 26.39557649590621224, 16.40166822571531213, 22.61744974835124822 ) ) ;
#20 = FACE_OUTER_BOUND ( 'NONE', #3837, .T. ) ;
#21 = ORIENTED_EDGE ( 'NONE', *, *, #1596, .F. ) ;
#22 = CARTESIAN_POINT ( 'NONE',  ( -1.498816287650310164, 15.40486053963519986, 40.30000000000000426 ) ) ;
#23 = CARTESIAN_POINT ( 'NONE',  ( 3.338394301825269750, 27.52334054423229759, 7.922490248478589514 ) ) ;
#24 = EDGE_CURVE ( 'NONE', #5336, #2428, #5352, .T. ) ;
#25 = DIRECTION ( 'NONE',  ( -1.224646799147351235E-16, 1.000000000000000000, 1.107204117234229322E-37 ) ) ;
#26 = VERTEX_POINT ( 'NONE', #7847 ) ;
#27 = EDGE_CURVE ( 'NONE', #4379, #7487, #5931, .T. ) ;
#28 = ORIENTED_EDGE ( 'NONE', *, *, #6043, .T. ) ;
#29 = CARTESIAN_POINT ( 'NONE',  ( 26.66763008816431579, 17.17341723148286903, 0.5000000000000000000 ) ) ;
#30 = B_SPLINE_CURVE_WITH_KNOTS ( 'NONE', 3,
 ( #6107, #5869, #7286, #349, #4831 ),
 .UNSPECIFIED., .F., .F.,
 ( 4, 1, 4 ),
 ( 0.000000000000000000, 0.02459028574144299720, 0.05191862317098430019 ),
 .UNSPECIFIED. ) ;
#31 = PLANE ( 'NONE',  #6458 ) ;
#32 = VERTEX_POINT ( 'NONE', #3387 ) ;
#33 = CARTESIAN_POINT ( 'NONE',  ( -9.893584768430681464, 16.33342209370299969, 40.30000000000000426 ) ) ;
#34 = CARTESIAN_POINT ( 'NONE',  ( -23.50000000000000355, -21.49999999999999645, 0.5000000000000004441 ) ) ;
#35 = EDGE_CURVE ( 'NONE', #3770, #1936, #4216, .T. ) ;
#36 = CARTESIAN_POINT ( 'NONE',  ( 21.49999999999999645, -21.50000000000000000, 10.00000000000000000 ) ) ;
#37 = VECTOR ( 'NONE', #8001, 1000.000000000000114 ) ;
#38 = CARTESIAN_POINT ( 'NONE',  ( 25.87996181630084536, 17.73490228285336201, 23.09999999999998366 ) ) ;
#39 = CARTESIAN_POINT ( 'NONE',  ( -24.90164669392010310, 26.36749077157789856, -0.008994215845427909820 ) ) ;
#40 = CARTESIAN_POINT ( 'NONE',  ( -24.85134989930532612, -27.40214759555710700, 8.660602336445287930E-14 ) ) ;
#41 = ORIENTED_EDGE ( 'NONE', *, *, #6799, .T. ) ;
#42 = CARTESIAN_POINT ( 'NONE',  ( 2.176251966430319928, 15.56038403730719999, 40.30000000000000426 ) ) ;
#43 = DIRECTION ( 'NONE',  ( -0.9172475141792804099, 0.3983177095384171085, 0.000000000000000000 ) ) ;
#44 = VECTOR ( 'NONE', #7696, 1000.000000000000114 ) ;
#45 = ORIENTED_EDGE ( 'NONE', *, *, #3069, .T. ) ;
#46 = AXIS2_PLACEMENT_3D ( 'NONE', #4036, #943, #7039 ) ;
#47 = CARTESIAN_POINT ( 'NONE',  ( 24.00319284457168223, 25.94285921639349368, 0.5238838620993035988 ) ) ;
#48 = FACE_OUTER_BOUND ( 'NONE', #1576, .T. ) ;
#49 = EDGE_CURVE ( 'NONE', #1135, #5543, #7568, .T. ) ;
#50 = CARTESIAN_POINT ( 'NONE',  ( -21.56482481317291189, -0.6146047549404143329, 41.30000000000000426 ) ) ;
#51 = DIRECTION ( 'NONE',  ( 0.000000000000000000, 0.000000000000000000, -1.000000000000000000 ) ) ;
#52 = ORIENTED_EDGE ( 'NONE', *, *, #7259, .T. ) ;
#53 = LINE ( 'NONE', #3888, #5785 ) ;
#54 = EDGE_CURVE ( 'NONE', #6308, #1686, #1014, .T. ) ;
#55 = ORIENTED_EDGE ( 'NONE', *, *, #5503, .F. ) ;
#56 = LINE ( 'NONE', #6073, #3580 ) ;
#57 = DIRECTION ( 'NONE',  ( 0.000000000000000000, -1.000000000000000000, 0.000000000000000000 ) ) ;
#58 =( BOUNDED_SURFACE ( )  B_SPLINE_SURFACE ( 3, 2, ( 
 ( #5441, #4898, #6781 ),
 ( #8003, #6046, #2389 ),
 ( #4261, #6703, #6617 ),
 ( #481, #1124, #5406 ),
 ( #7881, #3089, #7359 ),
 ( #1826, #6741, #4819 ),
 ( #1174, #5082, #5478 ),
 ( #4302, #1703, #5521 ),
 ( #3612, #1213, #3696 ),
 ( #1740, #521, #6138 ),
 ( #3003, #1086, #6177 ),
 ( #2482, #603, #7402 ),
 ( #1867, #1256, #646 ),
 ( #3366, #4530, #3322 ),
 ( #2774, #7629, #236 ),
 ( #5234, #2130, #2168 ),
 ( #2053, #914, #7587 ),
 ( #5750, #6405, #5124 ),
 ( #7708, #3282, #5708 ),
 ( #6368, #4572, #192 ),
 ( #3971, #6972, #1482 ),
 ( #2013, #2668, #4492 ),
 ( #5787, #796, #275 ),
 ( #1442, #874, #347 ) ),
 .UNSPECIFIED., .F., .F., .T. ) 
 B_SPLINE_SURFACE_WITH_KNOTS ( ( 4, 2, 2, 2, 2, 2, 2, 2, 2, 2, 2, 4 ),
 ( 3, 3 ),
 ( -3.469446951953614189E-18, 0.001998687990358571052, 0.003997375980717145574, 0.005996063971075720096, 0.006995407966255006924, 0.007495079963844650771, 0.007994751961434294618, 0.008994095956613582313, 0.009993439951792870007, 0.01199212794215144366, 0.01399081593251001732, 0.01598950392286859271 ),
 ( 0.000000000000000000, 1.000000000000000000 ),
 .UNSPECIFIED. ) 
 GEOMETRIC_REPRESENTATION_ITEM ( )  RATIONAL_B_SPLINE_SURFACE ( (
 ( 1.000000000000000000, 0.7193398003386473061, 1.000000000000000000),
 ( 1.000000000000000000, 0.7195417650376536578, 1.000000000000000000),
 ( 1.000000000000000000, 0.7197918286381043140, 1.000000000000000000),
 ( 1.000000000000000000, 0.7204309971495684861, 1.000000000000000000),
 ( 1.000000000000000000, 0.7207968038442416070, 1.000000000000000000),
 ( 1.000000000000000000, 0.7217729027268700026, 1.000000000000000000),
 ( 1.000000000000000000, 0.7224234012537338323, 1.000000000000000000),
 ( 1.000000000000000000, 0.7234208572145842675, 1.000000000000000000),
 ( 1.000000000000000000, 0.7237422690901733624, 1.000000000000000000),
 ( 1.000000000000000000, 0.7240782769557269072, 1.000000000000000000),
 ( 1.000000000000000000, 0.7241664836353962631, 1.000000000000000000),
 ( 1.000000000000000000, 0.7242961655522393016, 1.000000000000000000),
 ( 1.000000000000000000, 0.7243343885220250300, 1.000000000000000000),
 ( 1.000000000000000000, 0.7243390989954221482, 1.000000000000000000),
 ( 1.000000000000000000, 0.7241883544838590980, 1.000000000000000000),
 ( 1.000000000000000000, 0.7236980227543540201, 1.000000000000000000),
 ( 1.000000000000000000, 0.7233670372547522653, 1.000000000000000000),
 ( 1.000000000000000000, 0.7224082161720024597, 1.000000000000000000),
 ( 1.000000000000000000, 0.7217970299447117322, 1.000000000000000000),
 ( 1.000000000000000000, 0.7208035527120993935, 1.000000000000000000),
 ( 1.000000000000000000, 0.7204223413281350963, 1.000000000000000000),
 ( 1.000000000000000000, 0.7197848291042955315, 1.000000000000000000),
 ( 1.000000000000000000, 0.7195395594064154521, 1.000000000000000000),
 ( 1.000000000000000000, 0.7193398003386473061, 1.000000000000000000) ) ) 
 REPRESENTATION_ITEM ( '' )  SURFACE ( )  );
#59 = CYLINDRICAL_SURFACE ( 'NONE', #405, 0.4999999999999992784 ) ;
#60 = CARTESIAN_POINT ( 'NONE',  ( -22.96747443165179803, -28.21496979636059876, -0.05494655235977039670 ) ) ;
#61 = ORIENTED_EDGE ( 'NONE', *, *, #5226, .F. ) ;
#62 = CARTESIAN_POINT ( 'NONE',  ( -10.24421229017490020, 14.06758242428240102, 41.30000000000000426 ) ) ;
#63 = EDGE_CURVE ( 'NONE', #6332, #7799, #4662, .T. ) ;
#64 = DIRECTION ( 'NONE',  ( 0.000000000000000000, 0.000000000000000000, -1.000000000000000000 ) ) ;
#65 = ORIENTED_EDGE ( 'NONE', *, *, #5545, .F. ) ;
#66 = CARTESIAN_POINT ( 'NONE',  ( 3.148607570682200318, 18.04869081903849803, 41.30000000000000426 ) ) ;
#67 = ORIENTED_EDGE ( 'NONE', *, *, #3563, .T. ) ;
#68 = EDGE_CURVE ( 'NONE', #5777, #815, #3462, .T. ) ;
#69 = CARTESIAN_POINT ( 'NONE',  ( 11.33235166125330018, 13.17636322548860051, 40.30000000000000426 ) ) ;
#70 = CARTESIAN_POINT ( 'NONE',  ( -11.52621681654709995, 15.10465349616539932, 40.30000000000000426 ) ) ;
#71 = AXIS2_PLACEMENT_3D ( 'NONE', #7883, #3578, #7154 ) ;
#72 = EDGE_LOOP ( 'NONE', ( #6486, #3929, #680, #3439 ) ) ;
#73 = DIRECTION ( 'NONE',  ( 0.000000000000000000, 0.000000000000000000, -1.000000000000000000 ) ) ;
#74 = ADVANCED_FACE ( 'NONE', ( #5890 ), #406, .F. ) ;
#75 = CARTESIAN_POINT ( 'NONE',  ( -19.07803214739772102, 27.16731546539390862, 0.5177371498062732780 ) ) ;
#76 = CARTESIAN_POINT ( 'NONE',  ( 27.16732550167385440, -18.40262674136375765, 0.5174497483512486840 ) ) ;
#77 = FACE_OUTER_BOUND ( 'NONE', #1293, .T. ) ;
#78 = EDGE_CURVE ( 'NONE', #2428, #2629, #7114, .T. ) ;
#79 = VECTOR ( 'NONE', #7560, 1000.000000000000227 ) ;
#80 = B_SPLINE_CURVE_WITH_KNOTS ( 'NONE', 3,
 ( #7315, #5966, #1123, #2305, #6044 ),
 .UNSPECIFIED., .F., .F.,
 ( 4, 1, 4 ),
 ( 0.000000000000000000, 0.03711580906407299651, 0.08242987321745530449 ),
 .UNSPECIFIED. ) ;
#81 = DIRECTION ( 'NONE',  ( 0.000000000000000000, 0.000000000000000000, -1.000000000000000000 ) ) ;
#82 = CARTESIAN_POINT ( 'NONE',  ( 23.74063776461702702, 24.20341859788874572, 23.09999999999998010 ) ) ;
#83 = CARTESIAN_POINT ( 'NONE',  ( -8.141998532835950542, 17.41757144940040192, 41.30000000000000426 ) ) ;
#84 = CARTESIAN_POINT ( 'NONE',  ( -25.63934579092116550, -26.93394386099569715, -1.059858640837339861E-13 ) ) ;
#85 = ORIENTED_EDGE ( 'NONE', *, *, #4233, .F. ) ;
#86 = DIRECTION ( 'NONE',  ( -0.000000000000000000, -0.000000000000000000, 1.000000000000000000 ) ) ;
#87 = PLANE ( 'NONE',  #6520 ) ;
#88 = ORIENTED_EDGE ( 'NONE', *, *, #3211, .F. ) ;
#89 = VERTEX_POINT ( 'NONE', #1589 ) ;
#90 = EDGE_CURVE ( 'NONE', #5376, #2725, #850, .T. ) ;
#91 = EDGE_CURVE ( 'NONE', #5259, #380, #1498, .T. ) ;
#92 = CARTESIAN_POINT ( 'NONE',  ( 4.002331559649999981, 16.23254672205320404, 41.30000000000000426 ) ) ;
#93 = CARTESIAN_POINT ( 'NONE',  ( 10.91810447372070136, 13.52899262533779989, 40.30000000000000426 ) ) ;
#94 = ADVANCED_FACE ( 'NONE', ( #7692 ), #5945, .F. ) ;
#95 = CARTESIAN_POINT ( 'NONE',  ( 2.720929507691979943, 15.52585499005520120, 40.30000000000000426 ) ) ;
#96 = CARTESIAN_POINT ( 'NONE',  ( -8.674226803505350247, 14.33969640253310018, 40.30000000000000426 ) ) ;
#97 = VERTEX_POINT ( 'NONE', #4980 ) ;
#98 = DIRECTION ( 'NONE',  ( 1.000000000000000000, 0.000000000000000000, 0.000000000000000000 ) ) ;
#99 = ORIENTED_EDGE ( 'NONE', *, *, #7988, .T. ) ;
#100 = DIRECTION ( 'NONE',  ( 0.000000000000000000, 1.387778780781445676E-14, 1.000000000000000000 ) ) ;
#101 = ORIENTED_EDGE ( 'NONE', *, *, #5180, .F. ) ;
#102 = CIRCLE ( 'NONE', #5143, 0.5000000000000004441 ) ;
#103 = ADVANCED_FACE ( 'NONE', ( #4307 ), #2284, .T. ) ;
#104 = CARTESIAN_POINT ( 'NONE',  ( -28.14683959804511204, 1.885395245059547920, -0.07263636767417129547 ) ) ;
#105 = CARTESIAN_POINT ( 'NONE',  ( 10.27926888318410015, 11.22706917977009944, 40.30000000000000426 ) ) ;
#106 = ORIENTED_EDGE ( 'NONE', *, *, #7087, .T. ) ;
#107 = VECTOR ( 'NONE', #25, 1000.000000000000000 ) ;
#108 = CARTESIAN_POINT ( 'NONE',  ( -5.758715584374089147, 16.65427505637470063, 41.30000000000000426 ) ) ;
#109 = EDGE_CURVE ( 'NONE', #3110, #3145, #5614, .T. ) ;
#110 = ORIENTED_EDGE ( 'NONE', *, *, #5843, .F. ) ;
#111 = CARTESIAN_POINT ( 'NONE',  ( -27.62478600578701560, -17.63087773559610838, 22.61744974835124822 ) ) ;
#112 = ORIENTED_EDGE ( 'NONE', *, *, #5948, .F. ) ;
#113 = EDGE_LOOP ( 'NONE', ( #761, #5651, #6360, #4075 ) ) ;
#114 = PRESENTATION_LAYER_ASSIGNMENT (  '', '', ( #5269 ) ) ;
#115 = EDGE_CURVE ( 'NONE', #790, #1648, #3783, .T. ) ;
#116 = FACE_OUTER_BOUND ( 'NONE', #7215, .T. ) ;
#117 = CARTESIAN_POINT ( 'NONE',  ( 8.172995640601749656, 12.78766205430570047, 41.30000000000000426 ) ) ;
#118 = ORIENTED_EDGE ( 'NONE', *, *, #7436, .F. ) ;
#119 = LINE ( 'NONE', #3698, #2659 ) ;
#120 = VECTOR ( 'NONE', #1681, 1000.000000000000000 ) ;
#121 = ADVANCED_FACE ( 'NONE', ( #6984 ), #3125, .T. ) ;
#122 = CARTESIAN_POINT ( 'NONE',  ( -19.06976691642175226, 26.66763008953456549, 3.252606517456513302E-16 ) ) ;
#123 = DIRECTION ( 'NONE',  ( 1.224646799147353207E-16, 1.000000000000000000, -0.000000000000000000 ) ) ;
#124 = EDGE_CURVE ( 'NONE', #1519, #6120, #3259, .T. ) ;
#125 = DIRECTION ( 'NONE',  ( -0.000000000000000000, -0.000000000000000000, -1.000000000000000000 ) ) ;
#126 = CARTESIAN_POINT ( 'NONE',  ( 21.04739680952841852, 25.48468650913450517, 23.09999999999999432 ) ) ;
#127 = CARTESIAN_POINT ( 'NONE',  ( -26.03695749349409638, -24.98242722446340025, 23.09999999999999787 ) ) ;
#128 = CARTESIAN_POINT ( 'NONE',  ( -25.33927134789711033, -26.50294073174849530, 2.168404344971008868E-16 ) ) ;
#129 = ORIENTED_EDGE ( 'NONE', *, *, #5839, .F. ) ;
#130 = CARTESIAN_POINT ( 'NONE',  ( -27.42789750385847469, 19.79001566882194041, 23.10000000000114539 ) ) ;
#131 = ORIENTED_EDGE ( 'NONE', *, *, #5242, .F. ) ;
#132 = VERTEX_POINT ( 'NONE', #7369 ) ;
#133 = VERTEX_POINT ( 'NONE', #7071 ) ;
#134 = EDGE_CURVE ( 'NONE', #1629, #3810, #7647, .T. ) ;
#135 = CARTESIAN_POINT ( 'NONE',  ( 21.00515680013234032, -28.14220717441949304, 0.5200145708877135231 ) ) ;
#136 = CARTESIAN_POINT ( 'NONE',  ( 9.840481588686309067, 13.34985304738949985, 41.30000000000000426 ) ) ;
#137 = CARTESIAN_POINT ( 'NONE',  ( 3.635014330823960194, 16.84570959661070333, 41.30000000000000426 ) ) ;
#138 = LINE ( 'NONE', #3272, #44 ) ;
#139 = VERTEX_POINT ( 'NONE', #7607 ) ;
#140 = CARTESIAN_POINT ( 'NONE',  ( -10.69967897954249914, 13.78278767055989817, 40.30000000000000426 ) ) ;
#141 = ORIENTED_EDGE ( 'NONE', *, *, #2916, .F. ) ;
#142 = ORIENTED_EDGE ( 'NONE', *, *, #882, .F. ) ;
#143 = CARTESIAN_POINT ( 'NONE',  ( 3.090442778103850152, 15.17339993134010001, 40.30000000000000426 ) ) ;
#144 = B_SPLINE_SURFACE_WITH_KNOTS ( 'NONE', 3, 1, ( 
 ( #3667, #4187 ),
 ( #1712, #5489 ),
 ( #6591, #7198 ),
 ( #1017, #6057 ),
 ( #5449, #2234 ) ),
 .UNSPECIFIED., .F., .F., .F.,
 ( 4, 1, 4 ),
 ( 2, 2 ),
 ( 0.000000000000000000, 0.01681437180756419764, 0.04338606958268419883 ),
 ( 0.000000000000000000, 0.1000000000000000056 ),
 .UNSPECIFIED. ) ;
#145 = CARTESIAN_POINT ( 'NONE',  ( -9.561932364724301081, 15.29105642752720051, 41.30000000000000426 ) ) ;
#146 = AXIS2_PLACEMENT_3D ( 'NONE', #2128, #5747, #1601 ) ;
#147 = CARTESIAN_POINT ( 'NONE',  ( 6.949205376582550109, 16.95920502406449870, 40.30000000000000426 ) ) ;
#148 = LINE ( 'NONE', #4178, #2244 ) ;
#149 = ORIENTED_EDGE ( 'NONE', *, *, #7976, .F. ) ;
#150 = CARTESIAN_POINT ( 'NONE',  ( -6.379192066585719800, 17.98851875966670377, 40.30000000000000426 ) ) ;
#151 = ORIENTED_EDGE ( 'NONE', *, *, #7800, .T. ) ;
#152 = CARTESIAN_POINT ( 'NONE',  ( 1.543548842689169920, 18.81526275905989820, 41.30000000000000426 ) ) ;
#153 = CARTESIAN_POINT ( 'NONE',  ( -27.62478600578703691, -28.41460475494039883, 22.61744974835124822 ) ) ;
#154 = ORIENTED_EDGE ( 'NONE', *, *, #1483, .F. ) ;
#155 = CARTESIAN_POINT ( 'NONE',  ( 2.153277872611869981, 15.14466350712690002, 40.30000000000000426 ) ) ;
#156 = CARTESIAN_POINT ( 'NONE',  ( 17.80317654866395927, -27.60739215686574610, 22.61811680815794645 ) ) ;
#157 = ORIENTED_EDGE ( 'NONE', *, *, #109, .F. ) ;
#158 = CARTESIAN_POINT ( 'NONE',  ( 18.52740535303820479, 27.15093118339182254, 0.5181001743875728316 ) ) ;
#159 = ADVANCED_FACE ( 'NONE', ( #5682 ), #4551, .F. ) ;
#160 = CARTESIAN_POINT ( 'NONE',  ( -18.40262674136366527, -28.39653501155467197, 0.5174497483512456864 ) ) ;
#161 = CARTESIAN_POINT ( 'NONE',  ( -0.1567877880223629838, 15.38064373150580089, 40.30000000000000426 ) ) ;
#162 = FACE_OUTER_BOUND ( 'NONE', #3650, .T. ) ;
#163 = EDGE_CURVE ( 'NONE', #2090, #2068, #5064, .T. ) ;
#164 = PLANE ( 'NONE',  #7447 ) ;
#165 = CARTESIAN_POINT ( 'NONE',  ( -26.59629107271066673, -24.04189165877318501, 23.09999999999768860 ) ) ;
#166 = CARTESIAN_POINT ( 'NONE',  ( 3.260212648881379849, 15.80815253307910062, 41.30000000000000426 ) ) ;
#167 = VERTEX_POINT ( 'NONE', #1545 ) ;
#168 = CARTESIAN_POINT ( 'NONE',  ( -18.14537707277450451, 26.91007583308461548, 7.884116415017906832 ) ) ;
#169 = CARTESIAN_POINT ( 'NONE',  ( 6.817961812553259726, 14.75693245065459891, 41.30000000000000426 ) ) ;
#170 = ORIENTED_EDGE ( 'NONE', *, *, #4872, .T. ) ;
#171 = AXIS2_PLACEMENT_3D ( 'NONE', #7124, #5904, #2937 ) ;
#172 = EDGE_LOOP ( 'NONE', ( #1607, #5697, #6900, #2457 ) ) ;
#173 = CARTESIAN_POINT ( 'NONE',  ( -4.515159088767986439, 32.64802234189658492, 0.2431076009653834746 ) ) ;
#174 = EDGE_CURVE ( 'NONE', #374, #2356, #839, .T. ) ;
#175 = CARTESIAN_POINT ( 'NONE',  ( 4.090671940752160118, 17.43216810938569949, 41.30000000000000426 ) ) ;
#176 = AXIS2_PLACEMENT_3D ( 'NONE', #7190, #1543, #4063 ) ;
#177 = DIRECTION ( 'NONE',  ( 0.000000000000000000, -0.000000000000000000, -1.000000000000000000 ) ) ;
#178 = CARTESIAN_POINT ( 'NONE',  ( -10.06819412046579920, 14.65068935414949891, 41.30000000000000426 ) ) ;
#179 = ORIENTED_EDGE ( 'NONE', *, *, #4340, .F. ) ;
#180 = CARTESIAN_POINT ( 'NONE',  ( 4.141623386164730469, 17.01705588638730049, 40.30000000000000426 ) ) ;
#181 = ORIENTED_EDGE ( 'NONE', *, *, #363, .F. ) ;
#182 = VERTEX_POINT ( 'NONE', #2111 ) ;
#183 = CARTESIAN_POINT ( 'NONE',  ( 10.91810447372070136, 13.52899262533779989, 41.30000000000000426 ) ) ;
#184 = EDGE_LOOP ( 'NONE', ( #6806, #2593, #775, #6168 ) ) ;
#185 = AXIS2_PLACEMENT_3D ( 'NONE', #2235, #4750, #1713 ) ;
#186 = B_SPLINE_CURVE_WITH_KNOTS ( 'NONE', 3,
 ( #2227, #5211, #4700, #6423, #5845 ),
 .UNSPECIFIED., .F., .F.,
 ( 4, 1, 4 ),
 ( 0.000000000000000000, 0.02054540528558339990, 0.03963100698289179907 ),
 .UNSPECIFIED. ) ;
#187 = FACE_OUTER_BOUND ( 'NONE', #4870, .T. ) ;
#188 = CARTESIAN_POINT ( 'NONE',  ( 16.40166822571531213, 25.89588108239666298, 23.09999999999999787 ) ) ;
#189 = DIRECTION ( 'NONE',  ( -8.673617379884042375E-16, -0.03489949670250350189, 0.9993908270190956511 ) ) ;
#190 = CARTESIAN_POINT ( 'NONE',  ( 3.158296623045659945, 15.19790552043070164, 41.30000000000000426 ) ) ;
#191 = EDGE_CURVE ( 'NONE', #268, #542, #330, .T. ) ;
#192 = CARTESIAN_POINT ( 'NONE',  ( 26.21884530451555051, 19.79159598965794942, 22.61955751472750009 ) ) ;
#193 = VECTOR ( 'NONE', #574, 1000.000000000000000 ) ;
#194 = CARTESIAN_POINT ( 'NONE',  ( -5.733329487999350604, 17.16037439629429784, 40.30000000000000426 ) ) ;
#195 = ORIENTED_EDGE ( 'NONE', *, *, #3328, .F. ) ;
#196 = DIRECTION ( 'NONE',  ( -1.223900777406159756E-16, 0.9993908270190957621, 0.03489949670250099001 ) ) ;
#197 = CARTESIAN_POINT ( 'NONE',  ( -20.00000000000000000, -21.49999999999999645, 10.00000000000000000 ) ) ;
#198 = VECTOR ( 'NONE', #6983, 1000.000000000000114 ) ;
#199 = ADVANCED_FACE ( 'NONE', ( #4586 ), #857, .F. ) ;
#200 = CARTESIAN_POINT ( 'NONE',  ( -9.893584768430681464, 16.33342209370299969, 41.30000000000000426 ) ) ;
#201 = CARTESIAN_POINT ( 'NONE',  ( 10.27926888318410015, 11.22706917977009944, 40.30000000000000426 ) ) ;
#202 = CARTESIAN_POINT ( 'NONE',  ( -8.141998532835950542, 17.41757144940040192, 40.30000000000000426 ) ) ;
#203 = ORIENTED_EDGE ( 'NONE', *, *, #5948, .T. ) ;
#204 = FACE_OUTER_BOUND ( 'NONE', #4002, .T. ) ;
#205 = CARTESIAN_POINT ( 'NONE',  ( -26.07468773203765622, 25.38745995268015321, -7.323282159481974998E-14 ) ) ;
#206 = CARTESIAN_POINT ( 'NONE',  ( 3.158296623045659945, 15.19790552043070164, 41.30000000000000426 ) ) ;
#207 = CARTESIAN_POINT ( 'NONE',  ( -4.515159088767992657, 32.58333426145361500, 2.095531856914437885 ) ) ;
#208 = VECTOR ( 'NONE', #5025, 1000.000000000000114 ) ;
#209 = CARTESIAN_POINT ( 'NONE',  ( 10.57434546443830037, 13.52221266803760003, 41.30000000000000426 ) ) ;
#210 = PLANE ( 'NONE',  #695 ) ;
#211 = DIRECTION ( 'NONE',  ( -1.000000000000000000, 0.000000000000000000, 0.000000000000000000 ) ) ;
#212 = ORIENTED_EDGE ( 'NONE', *, *, #264, .T. ) ;
#213 = FACE_OUTER_BOUND ( 'NONE', #7008, .T. ) ;
#214 = FACE_OUTER_BOUND ( 'NONE', #2982, .T. ) ;
#215 = B_SPLINE_SURFACE_WITH_KNOTS ( 'NONE', 3, 1, ( 
 ( #4284, #6121 ),
 ( #3074, #5508 ),
 ( #7986, #2469 ),
 ( #4930, #1242 ),
 ( #5546, #3728 ) ),
 .UNSPECIFIED., .F., .F., .F.,
 ( 4, 1, 4 ),
 ( 2, 2 ),
 ( 0.000000000000000000, 0.02739916541069800301, 0.05527269924275869661 ),
 ( 0.000000000000000000, 0.1000000000000000056 ),
 .UNSPECIFIED. ) ;
#216 = ORIENTED_EDGE ( 'NONE', *, *, #7990, .T. ) ;
#217 = VECTOR ( 'NONE', #2388, 1000.000000000000000 ) ;
#218 = VECTOR ( 'NONE', #2190, 1000.000000000000000 ) ;
#219 = CARTESIAN_POINT ( 'NONE',  ( 27.05312284619577667, -21.20403943878075737, 0.5190886015483898719 ) ) ;
#220 = CARTESIAN_POINT ( 'NONE',  ( 21.04119448841361617, -26.71416287785412180, 23.10000000000000853 ) ) ;
#221 = VECTOR ( 'NONE', #821, 1000.000000000000114 ) ;
#222 = CARTESIAN_POINT ( 'NONE',  ( -21.91722295571700130, 27.05563855312360033, -0.08918193921730468987 ) ) ;
#223 = CARTESIAN_POINT ( 'NONE',  ( -5.489334050348150029, 17.68508882254600323, 41.30000000000000426 ) ) ;
#224 = CARTESIAN_POINT ( 'NONE',  ( -9.082253424250101403, 15.54768132905119948, 40.30000000000000426 ) ) ;
#225 = EDGE_LOOP ( 'NONE', ( #1138, #5313, #2500, #1650, #7014, #4255, #5533, #7287, #1947, #1206, #502 ) ) ;
#226 = CARTESIAN_POINT ( 'NONE',  ( 4.107108132364670539, 17.29825897329250139, 41.30000000000000426 ) ) ;
#227 = EDGE_LOOP ( 'NONE', ( #4801, #1733, #6037, #5307 ) ) ;
#228 = ADVANCED_FACE ( 'NONE', ( #5805 ), #934, .F. ) ;
#229 = ORIENTED_EDGE ( 'NONE', *, *, #418, .T. ) ;
#230 = CARTESIAN_POINT ( 'NONE',  ( 3.718508343058140042, 15.65691698958100098, 40.30000000000000426 ) ) ;
#231 = VERTEX_POINT ( 'NONE', #4547 ) ;
#232 = VECTOR ( 'NONE', #4696, 1000.000000000000000 ) ;
#233 = CARTESIAN_POINT ( 'NONE',  ( -27.51124338026941629, 19.19586723247526905, 22.61908310456344040 ) ) ;
#234 = CYLINDRICAL_SURFACE ( 'NONE', #146, 0.5000000000000004441 ) ;
#235 = PLANE ( 'NONE',  #2275 ) ;
#236 = CARTESIAN_POINT ( 'NONE',  ( 24.82644368541052771, 23.76718512232064384, 22.62444871281135050 ) ) ;
#237 = EDGE_LOOP ( 'NONE', ( #2768, #6264, #3900, #149 ) ) ;
#238 = CARTESIAN_POINT ( 'NONE',  ( -6.179594395282149932, 15.89601457708779719, 41.30000000000000426 ) ) ;
#239 = ORIENTED_EDGE ( 'NONE', *, *, #2332, .F. ) ;
#240 = CARTESIAN_POINT ( 'NONE',  ( 26.91763008816432290, -3.114604754940426989, -0.07263636767417129547 ) ) ;
#241 = EDGE_CURVE ( 'NONE', #4456, #1868, #1976, .T. ) ;
#242 = PLANE ( 'NONE',  #267 ) ;
#243 = CARTESIAN_POINT ( 'NONE',  ( 9.884482047076870614, 15.87559594639740013, 40.30000000000000426 ) ) ;
#244 = AXIS2_PLACEMENT_3D ( 'NONE', #1830, #2487, #2442 ) ;
#245 = B_SPLINE_CURVE_WITH_KNOTS ( 'NONE', 3,
 ( #1537, #2679, #1415, #5246, #2106 ),
 .UNSPECIFIED., .F., .F.,
 ( 4, 1, 4 ),
 ( 0.000000000000000000, 0.03089982365222620347, 0.05473263860856190932 ),
 .UNSPECIFIED. ) ;
#246 = ORIENTED_EDGE ( 'NONE', *, *, #7407, .T. ) ;
#247 = CARTESIAN_POINT ( 'NONE',  ( 20.56458686814542602, 26.98902780178561756, 0.5195477940930690597 ) ) ;
#248 = PLANE ( 'NONE',  #2953 ) ;
#249 = CIRCLE ( 'NONE', #5390, 2.499999999999998668 ) ;
#250 = CARTESIAN_POINT ( 'NONE',  ( 11.76127926140800106, 13.95315373228410039, 40.30000000000000426 ) ) ;
#251 = CARTESIAN_POINT ( 'NONE',  ( -26.01176288196177921, -24.13934293951738397, 23.09999999999999787 ) ) ;
#252 = AXIS2_PLACEMENT_3D ( 'NONE', #670, #5076, #7499 ) ;
#253 = CARTESIAN_POINT ( 'NONE',  ( 9.840481588686309067, 13.34985304738949985, 40.30000000000000426 ) ) ;
#254 = LINE ( 'NONE', #1585, #2174 ) ;
#255 = EDGE_CURVE ( 'NONE', #7817, #231, #5846, .T. ) ;
#256 = DIRECTION ( 'NONE',  ( 0.000000000000000000, -0.03489949670250427904, 0.9993908270190955401 ) ) ;
#257 = EDGE_CURVE ( 'NONE', #5793, #1595, #6424, .T. ) ;
#258 = CARTESIAN_POINT ( 'NONE',  ( 17.19868935232720020, -28.42180713239900314, -0.2062491051439050149 ) ) ;
#259 = VECTOR ( 'NONE', #6988, 1000.000000000000000 ) ;
#260 = CARTESIAN_POINT ( 'NONE',  ( 27.18539524505960259, 1.885395245059571456, 1.080652084975450217E-16 ) ) ;
#261 = CARTESIAN_POINT ( 'NONE',  ( 19.06333826629514405, -27.02234781986305734, 23.09999999999999432 ) ) ;
#262 = CARTESIAN_POINT ( 'NONE',  ( -7.003667864041189794, 14.10785803714719933, 41.30000000000000426 ) ) ;
#263 = CARTESIAN_POINT ( 'NONE',  ( -10.02035504606229921, 15.85758553957709793, 40.30000000000000426 ) ) ;
#264 = EDGE_CURVE ( 'NONE', #132, #5261, #5102, .T. ) ;
#265 = VERTEX_POINT ( 'NONE', #4621 ) ;
#266 = DIRECTION ( 'NONE',  ( 0.000000000000000000, 0.000000000000000000, -1.000000000000000000 ) ) ;
#267 = AXIS2_PLACEMENT_3D ( 'NONE', #6936, #5757, #1490 ) ;
#268 = VERTEX_POINT ( 'NONE', #2033 ) ;
#269 = ORIENTED_EDGE ( 'NONE', *, *, #7131, .F. ) ;
#270 = CARTESIAN_POINT ( 'NONE',  ( 3.530325456679110019, 15.45240078051609878, 41.30000000000000426 ) ) ;
#271 = EDGE_LOOP ( 'NONE', ( #4288, #7375, #552, #6894 ) ) ;
#272 = CARTESIAN_POINT ( 'NONE',  ( -9.647271237037660541, 15.01904708450610038, 41.30000000000000426 ) ) ;
#273 = FACE_BOUND ( 'NONE', #7659, .T. ) ;
#274 = DIRECTION ( 'NONE',  ( -1.000000000000000000, 0.000000000000000000, 0.000000000000000000 ) ) ;
#275 = CARTESIAN_POINT ( 'NONE',  ( 26.39556645965305748, 17.07707353024334651, 22.61773714903880261 ) ) ;
#276 = EDGE_LOOP ( 'NONE', ( #2744, #7837, #3115, #3197 ) ) ;
#277 = LINE ( 'NONE', #2905, #6032 ) ;
#278 = PLANE ( 'NONE',  #5473 ) ;
#279 = VERTEX_POINT ( 'NONE', #4507 ) ;
#280 = DIRECTION ( 'NONE',  ( -0.000000000000000000, 1.000000000000000000, -0.000000000000000000 ) ) ;
#281 = ORIENTED_EDGE ( 'NONE', *, *, #517, .F. ) ;
#282 = AXIS2_PLACEMENT_3D ( 'NONE', #841, #5877, #2750 ) ;
#283 = FACE_OUTER_BOUND ( 'NONE', #7336, .T. ) ;
#284 = CARTESIAN_POINT ( 'NONE',  ( -9.648418924712981237, 16.23093750626999920, 41.30000000000000426 ) ) ;
#285 = B_SPLINE_SURFACE_WITH_KNOTS ( 'NONE', 3, 1, ( 
 ( #5321, #3000 ),
 ( #2436, #1701 ),
 ( #1172, #7033 ),
 ( #3992, #5925 ),
 ( #1083, #3610 ) ),
 .UNSPECIFIED., .F., .F., .F.,
 ( 4, 1, 4 ),
 ( 2, 2 ),
 ( 0.000000000000000000, 0.03711580906407299651, 0.08242987321745530449 ),
 ( 0.000000000000000000, 0.1000000000000000056 ),
 .UNSPECIFIED. ) ;
#286 = EDGE_CURVE ( 'NONE', #4723, #6389, #4851, .T. ) ;
#287 = VERTEX_POINT ( 'NONE', #3539 ) ;
#288 = DIRECTION ( 'NONE',  ( -1.000000000000000000, 0.000000000000000000, -0.000000000000000000 ) ) ;
#289 = DIRECTION ( 'NONE',  ( 1.000000000000000000, 0.000000000000000000, 0.000000000000000000 ) ) ;
#290 = DIRECTION ( 'NONE',  ( 0.000000000000000000, 0.000000000000000000, -1.000000000000000000 ) ) ;
#291 = FACE_OUTER_BOUND ( 'NONE', #1862, .T. ) ;
#292 = CARTESIAN_POINT ( 'NONE',  ( 4.076735221874499437, 16.58999099842340286, 40.30000000000000426 ) ) ;
#293 = PLANE ( 'NONE',  #6814 ) ;
#294 = FACE_OUTER_BOUND ( 'NONE', #6327, .T. ) ;
#295 = CARTESIAN_POINT ( 'NONE',  ( -4.161605698174730250, 32.09039825922320688, 6.080756329601659793 ) ) ;
#296 = ADVANCED_FACE ( 'NONE', ( #7233 ), #7113, .F. ) ;
#297 = CARTESIAN_POINT ( 'NONE',  ( 25.48468850085123094, -22.27660794248538423, 23.10000000000000853 ) ) ;
#298 = CARTESIAN_POINT ( 'NONE',  ( 27.18539524505960259, -3.114604754940426101, 1.294219690701823280E-16 ) ) ;
#299 = CARTESIAN_POINT ( 'NONE',  ( -0.6146047549404088928, -0.6146047549404088928, 41.30000000000000426 ) ) ;
#300 = ORIENTED_EDGE ( 'NONE', *, *, #1915, .T. ) ;
#301 = EDGE_CURVE ( 'NONE', #944, #4725, #6048, .T. ) ;
#302 = VERTEX_POINT ( 'NONE', #439 ) ;
#303 = ORIENTED_EDGE ( 'NONE', *, *, #3714, .F. ) ;
#304 = CARTESIAN_POINT ( 'NONE',  ( 26.37872546980020516, -17.63087773559610838, 23.09999999999999432 ) ) ;
#305 = ORIENTED_EDGE ( 'NONE', *, *, #1060, .T. ) ;
#306 = AXIS2_PLACEMENT_3D ( 'NONE', #1065, #4043, #5862 ) ;
#307 = DIRECTION ( 'NONE',  ( 0.000000000000000000, 0.000000000000000000, -1.000000000000000000 ) ) ;
#308 = DIRECTION ( 'NONE',  ( 0.000000000000000000, 0.000000000000000000, -1.000000000000000000 ) ) ;
#309 = CARTESIAN_POINT ( 'NONE',  ( -9.789225526048308978, 14.22255285263720026, 41.30000000000000426 ) ) ;
#310 = EDGE_CURVE ( 'NONE', #878, #4563, #7025, .T. ) ;
#311 = CARTESIAN_POINT ( 'NONE',  ( 24.97516977586194287, -25.74159852203967702, 8.673617379884029556E-16 ) ) ;
#312 = CARTESIAN_POINT ( 'NONE',  ( 19.89062413402631080, 26.20489853496136590, 22.61963075029601100 ) ) ;
#313 = EDGE_LOOP ( 'NONE', ( #323, #1855, #2163, #7253, #5040, #7816, #6875, #45 ) ) ;
#314 = CARTESIAN_POINT ( 'NONE',  ( -3.278647231446099930, -15.40608526694630065, 41.30000000000000426 ) ) ;
#315 = PLANE ( 'NONE',  #5864 ) ;
#316 = VERTEX_POINT ( 'NONE', #2228 ) ;
#317 = FACE_OUTER_BOUND ( 'NONE', #7569, .T. ) ;
#318 = VECTOR ( 'NONE', #5644, 1000.000000000000114 ) ;
#319 = CARTESIAN_POINT ( 'NONE',  ( -0.6146047549404088928, -0.6146047549404088928, 41.30000000000000426 ) ) ;
#320 = CARTESIAN_POINT ( 'NONE',  ( 3.530325456679110019, 15.45240078051609878, 40.30000000000000426 ) ) ;
#321 = DIRECTION ( 'NONE',  ( -0.7071067811865480168, -0.02467767077833638370, 0.7066760308408338576 ) ) ;
#322 = CIRCLE ( 'NONE', #4842, 0.5000000000000004441 ) ;
#323 = ORIENTED_EDGE ( 'NONE', *, *, #2538, .T. ) ;
#324 = DIRECTION ( 'NONE',  ( 0.000000000000000000, 0.000000000000000000, 1.000000000000000000 ) ) ;
#325 = CARTESIAN_POINT ( 'NONE',  ( 6.876665505974150605, 17.39154306581720277, 40.30000000000000426 ) ) ;
#326 = EDGE_CURVE ( 'NONE', #6477, #3798, #2574, .T. ) ;
#327 = CARTESIAN_POINT ( 'NONE',  ( 10.57434546443830037, 13.52221266803760003, 40.30000000000000426 ) ) ;
#328 = CARTESIAN_POINT ( 'NONE',  ( 3.582226832301850461, 17.54499995385240041, 41.30000000000000426 ) ) ;
#329 = FACE_OUTER_BOUND ( 'NONE', #2169, .T. ) ;
#330 = LINE ( 'NONE', #3344, #2395 ) ;
#331 = CARTESIAN_POINT ( 'NONE',  ( 3.857461225503890034, 15.91176389033389960, 41.30000000000000426 ) ) ;
#332 = CARTESIAN_POINT ( 'NONE',  ( -24.38045500904672735, 25.22122850923414461, 22.62373876021985453 ) ) ;
#333 = CARTESIAN_POINT ( 'NONE',  ( -18.40262674136376120, 26.66763008816431579, 0.000000000000000000 ) ) ;
#334 = CARTESIAN_POINT ( 'NONE',  ( 19.99999999999999289, -21.50000000000000000, 10.00000000000000000 ) ) ;
#335 = CARTESIAN_POINT ( 'NONE',  ( 10.57434546443830037, 13.52221266803760003, 40.30000000000000426 ) ) ;
#336 = CARTESIAN_POINT ( 'NONE',  ( 0.05534867429584980347, 9.609024514869739519, 41.30000000000000426 ) ) ;
#337 = CARTESIAN_POINT ( 'NONE',  ( 9.098265018586578989, 14.03646317651399933, 41.30000000000000426 ) ) ;
#338 = EDGE_LOOP ( 'NONE', ( #7349, #1327, #7900, #4682 ) ) ;
#339 = ORIENTED_EDGE ( 'NONE', *, *, #1410, .F. ) ;
#340 = CARTESIAN_POINT ( 'NONE',  ( -5.733329487999350604, 17.16037439629429784, 41.30000000000000426 ) ) ;
#341 = CARTESIAN_POINT ( 'NONE',  ( 26.37918234562644670, -18.98486599813641718, 22.61810016867971740 ) ) ;
#342 = B_SPLINE_SURFACE_WITH_KNOTS ( 'NONE', 3, 1, ( 
 ( #4559, #3352 ),
 ( #223, #7000 ),
 ( #3962, #6432 ),
 ( #7775, #4518 ),
 ( #4072, #5895 ) ),
 .UNSPECIFIED., .F., .F., .F.,
 ( 4, 1, 4 ),
 ( 2, 2 ),
 ( 0.000000000000000000, 0.02418204611301030121, 0.04927504253559469860 ),
 ( 0.000000000000000000, 0.1000000000000000056 ),
 .UNSPECIFIED. ) ;
#343 = DIRECTION ( 'NONE',  ( 0.000000000000000000, 0.000000000000000000, -1.000000000000000000 ) ) ;
#344 = CARTESIAN_POINT ( 'NONE',  ( 2.526365443513659770, 16.95647931833330091, 40.30000000000000426 ) ) ;
#345 = CARTESIAN_POINT ( 'NONE',  ( 3.090442778103850152, 15.17339993134010001, 41.30000000000000426 ) ) ;
#346 = FACE_OUTER_BOUND ( 'NONE', #2100, .T. ) ;
#347 = CARTESIAN_POINT ( 'NONE',  ( 26.39557649590620869, 16.40166822571531213, 22.61744974835124822 ) ) ;
#348 = CARTESIAN_POINT ( 'NONE',  ( -5.758715584374089147, 16.65427505637470063, 41.30000000000000426 ) ) ;
#349 = CARTESIAN_POINT ( 'NONE',  ( -5.708576950000829875, 17.06976599093399827, 40.30000000000000426 ) ) ;
#350 = ORIENTED_EDGE ( 'NONE', *, *, #2526, .T. ) ;
#351 = DIRECTION ( 'NONE',  ( -1.224646799147350002E-16, 1.000000000000000000, 0.000000000000000000 ) ) ;
#352 = CARTESIAN_POINT ( 'NONE',  ( -6.379192066585719800, 17.98851875966670377, 41.30000000000000426 ) ) ;
#353 = DIRECTION ( 'NONE',  ( 0.03489949670250003244, 4.273955692857017000E-18, -0.9993908270190956511 ) ) ;
#354 = EDGE_LOOP ( 'NONE', ( #823, #7174, #4247, #67, #3450, #2660, #4486, #1943 ) ) ;
#355 = CARTESIAN_POINT ( 'NONE',  ( 27.18539524505959903, 17.17341723148287258, 5.421010862427523156E-16 ) ) ;
#356 = VERTEX_POINT ( 'NONE', #7809 ) ;
#357 = CARTESIAN_POINT ( 'NONE',  ( 3.338394301825279964, 32.59009367273270641, 6.098206077952910142 ) ) ;
#358 = CARTESIAN_POINT ( 'NONE',  ( -0.6146047549404088928, -0.6146047549404088928, 41.30000000000000426 ) ) ;
#359 = AXIS2_PLACEMENT_3D ( 'NONE', #450, #413, #6475 ) ;
#360 = CARTESIAN_POINT ( 'NONE',  ( 9.884514124881929931, 13.19607859311970088, 40.30000000000000426 ) ) ;
#361 = CARTESIAN_POINT ( 'NONE',  ( 10.91810447372070136, 13.52899262533779989, 41.30000000000000426 ) ) ;
#362 = CARTESIAN_POINT ( 'NONE',  ( 10.28333761211700015, 13.11117093268710043, 41.30000000000000426 ) ) ;
#363 = EDGE_CURVE ( 'NONE', #3175, #265, #5345, .T. ) ;
#364 = CARTESIAN_POINT ( 'NONE',  ( 10.96932855645020055, 13.55251066744540012, 40.30000000000000426 ) ) ;
#365 = CARTESIAN_POINT ( 'NONE',  ( 4.002331559649999981, 16.23254672205320404, 40.30000000000000426 ) ) ;
#366 = AXIS2_PLACEMENT_3D ( 'NONE', #7145, #5247, #396 ) ;
#367 = CARTESIAN_POINT ( 'NONE',  ( -18.98168079483395587, 26.36206798497207515, 23.09999999999423181 ) ) ;
#368 = DIRECTION ( 'NONE',  ( -0.000000000000000000, -0.000000000000000000, -1.000000000000000000 ) ) ;
#369 = CARTESIAN_POINT ( 'NONE',  ( 16.65610791718189887, -27.87922569725370181, 15.33125029828540065 ) ) ;
#370 = FACE_OUTER_BOUND ( 'NONE', #4951, .T. ) ;
#371 = DIRECTION ( 'NONE',  ( 1.000000000000000000, 1.192622389734054877E-16, 0.000000000000000000 ) ) ;
#372 = LINE ( 'NONE', #2729, #4745 ) ;
#373 = CARTESIAN_POINT ( 'NONE',  ( 3.333170871578770011, 18.43549456033489875, 41.30000000000000426 ) ) ;
#374 = VERTEX_POINT ( 'NONE', #484 ) ;
#375 = EDGE_LOOP ( 'NONE', ( #7430, #2381, #7982, #6428 ) ) ;
#376 = CARTESIAN_POINT ( 'NONE',  ( -5.961347503331850817, 17.47833039295590041, 41.30000000000000426 ) ) ;
#377 = ADVANCED_FACE ( 'NONE', ( #4741 ), #404, .F. ) ;
#378 = VECTOR ( 'NONE', #5256, 1000.000000000000000 ) ;
#379 = CARTESIAN_POINT ( 'NONE',  ( 17.06880840077850081, -27.12509059366160358, 23.10000000000000497 ) ) ;
#380 = VERTEX_POINT ( 'NONE', #6544 ) ;
#381 = CARTESIAN_POINT ( 'NONE',  ( -2.661605698174729806, 27.52334054423229759, 7.922490248478589514 ) ) ;
#382 = CARTESIAN_POINT ( 'NONE',  ( 10.91810447372070136, 13.52899262533779989, 40.30000000000000426 ) ) ;
#383 = ADVANCED_FACE ( 'NONE', ( #1011 ), #4042, .F. ) ;
#384 = CARTESIAN_POINT ( 'NONE',  ( 9.727103702786269679, 13.54974085977739939, 41.30000000000000426 ) ) ;
#385 = FACE_OUTER_BOUND ( 'NONE', #6082, .T. ) ;
#386 = ORIENTED_EDGE ( 'NONE', *, *, #3838, .F. ) ;
#387 = CYLINDRICAL_SURFACE ( 'NONE', #2313, 0.4999999999999991673 ) ;
#388 = DIRECTION ( 'NONE',  ( 0.000000000000000000, -1.000000000000000000, 0.000000000000000000 ) ) ;
#389 = CARTESIAN_POINT ( 'NONE',  ( 9.385395245059591218, -0.6146047549404077825, 41.30000000000000426 ) ) ;
#390 = FACE_OUTER_BOUND ( 'NONE', #865, .T. ) ;
#391 = CARTESIAN_POINT ( 'NONE',  ( 11.76702340454039941, 14.21881589821439995, 40.30000000000000426 ) ) ;
#392 = ADVANCED_FACE ( 'NONE', ( #4220 ), #1659, .T. ) ;
#393 = ORIENTED_EDGE ( 'NONE', *, *, #7731, .F. ) ;
#394 = DIRECTION ( 'NONE',  ( -1.000000000000000000, 0.000000000000000000, 0.000000000000000000 ) ) ;
#395 = ORIENTED_EDGE ( 'NONE', *, *, #1904, .T. ) ;
#396 = DIRECTION ( 'NONE',  ( 0.000000000000000000, 0.000000000000000000, -1.000000000000000000 ) ) ;
#397 = AXIS2_PLACEMENT_3D ( 'NONE', #2010, #3895, #4377 ) ;
#398 = DIRECTION ( 'NONE',  ( 1.000000000000000000, 1.224646799147350002E-16, 0.000000000000000000 ) ) ;
#399 = CARTESIAN_POINT ( 'NONE',  ( -5.989415184884140153, 17.98816522621750025, 40.30000000000000426 ) ) ;
#400 = CARTESIAN_POINT ( 'NONE',  ( 26.56358330778898136, -21.06745942721065035, -4.770489558936219510E-15 ) ) ;
#401 = CARTESIAN_POINT ( 'NONE',  ( 3.471434997763560570, 15.39972131501579966, 41.30000000000000426 ) ) ;
#402 = CARTESIAN_POINT ( 'NONE',  ( -10.04860104254010089, 14.17588281531429928, 41.30000000000000426 ) ) ;
#403 = DIRECTION ( 'NONE',  ( 0.000000000000000000, 0.000000000000000000, 1.000000000000000000 ) ) ;
#404 = B_SPLINE_SURFACE_WITH_KNOTS ( 'NONE', 3, 1, ( 
 ( #1621, #1742 ),
 ( #4262, #5969 ),
 ( #2390, #6704 ),
 ( #4701, #7152 ),
 ( #5367, #7882 ) ),
 .UNSPECIFIED., .F., .F., .F.,
 ( 4, 1, 4 ),
 ( 2, 2 ),
 ( 0.000000000000000000, 0.03449786595524659966, 0.06951110130666840470 ),
 ( 0.000000000000000000, 0.1000000000000000056 ),
 .UNSPECIFIED. ) ;
#405 = AXIS2_PLACEMENT_3D ( 'NONE', #2421, #1323, #590 ) ;
#406 = PLANE ( 'NONE',  #5241 ) ;
#407 = CARTESIAN_POINT ( 'NONE',  ( 16.92739863475459927, -28.15051641482629918, 7.562500596570729705 ) ) ;
#408 = CARTESIAN_POINT ( 'NONE',  ( -9.648418924712981237, 16.23093750626999920, 41.30000000000000426 ) ) ;
#409 = LINE ( 'NONE', #2890, #3338 ) ;
#410 = CARTESIAN_POINT ( 'NONE',  ( -9.464776183982930746, 14.14948149444970049, 41.30000000000000426 ) ) ;
#411 = ORIENTED_EDGE ( 'NONE', *, *, #7611, .F. ) ;
#412 = ORIENTED_EDGE ( 'NONE', *, *, #6483, .T. ) ;
#413 = DIRECTION ( 'NONE',  ( -0.000000000000000000, -0.000000000000000000, 1.000000000000000000 ) ) ;
#414 = CARTESIAN_POINT ( 'NONE',  ( 26.28945267081276427, -20.34277391530030954, 22.61902070977320989 ) ) ;
#415 = ORIENTED_EDGE ( 'NONE', *, *, #792, .T. ) ;
#416 = CARTESIAN_POINT ( 'NONE',  ( -0.5344727336448860111, 7.504567601052050563, 41.30000000000000426 ) ) ;
#417 = CARTESIAN_POINT ( 'NONE',  ( 16.92739863476230155, 26.92130690495330114, 7.562500596349470250 ) ) ;
#418 = EDGE_CURVE ( 'NONE', #4775, #89, #2923, .T. ) ;
#419 = CARTESIAN_POINT ( 'NONE',  ( -9.116765600404749037, 15.20054778791569916, 41.30000000000000426 ) ) ;
#420 = CARTESIAN_POINT ( 'NONE',  ( -21.56482481317291189, -0.6146047549404139998, 38.80000000000000426 ) ) ;
#421 = ORIENTED_EDGE ( 'NONE', *, *, #4160, .T. ) ;
#422 = CARTESIAN_POINT ( 'NONE',  ( -25.65337405500976331, -24.69856034104116560, 23.09999999999999787 ) ) ;
#423 = ORIENTED_EDGE ( 'NONE', *, *, #4140, .T. ) ;
#424 = CARTESIAN_POINT ( 'NONE',  ( -28.39200061616858406, 17.87506602888099039, 0.5177696529560213978 ) ) ;
#425 = EDGE_CURVE ( 'NONE', #1235, #1030, #5331, .T. ) ;
#426 = DIRECTION ( 'NONE',  ( 0.000000000000000000, -0.03489949670250350189, 0.9993908270190956511 ) ) ;
#427 = DIRECTION ( 'NONE',  ( -0.01361879042365470027, -0.9999072599733419553, 0.000000000000000000 ) ) ;
#428 = VERTEX_POINT ( 'NONE', #1870 ) ;
#429 = VECTOR ( 'NONE', #5366, 1000.000000000000000 ) ;
#430 = DIRECTION ( 'NONE',  ( 0.000000000000000000, 0.000000000000000000, 1.000000000000000000 ) ) ;
#431 = VERTEX_POINT ( 'NONE', #7478 ) ;
#432 = CARTESIAN_POINT ( 'NONE',  ( -28.39653501155466131, 17.17341723148286547, 0.5174497483512503493 ) ) ;
#433 = EDGE_CURVE ( 'NONE', #3118, #5658, #3630, .T. ) ;
#434 = CARTESIAN_POINT ( 'NONE',  ( -9.576203527604580046, 14.53032801389129958, 40.30000000000000426 ) ) ;
#435 = CARTESIAN_POINT ( 'NONE',  ( 10.02637720198029925, 15.28910112577960057, 40.30000000000000426 ) ) ;
#436 = CARTESIAN_POINT ( 'NONE',  ( -9.386214620165368672, 14.11889735519109834, 41.30000000000000426 ) ) ;
#437 = CARTESIAN_POINT ( 'NONE',  ( 27.16731533480147576, -19.07918549394348062, 0.5177408894837971509 ) ) ;
#438 = LINE ( 'NONE', #7766, #6753 ) ;
#439 = CARTESIAN_POINT ( 'NONE',  ( 6.887860201077399935, 16.19458089575759985, 40.30000000000000426 ) ) ;
#440 = CARTESIAN_POINT ( 'NONE',  ( 1.441281537410179947, 15.69541414713999927, 41.30000000000000426 ) ) ;
#441 = CARTESIAN_POINT ( 'NONE',  ( -26.41234355624101582, 24.24943309376656941, -4.336808689942014285E-16 ) ) ;
#442 = CARTESIAN_POINT ( 'NONE',  ( -9.026590633715299461, 13.96497961981970093, 41.30000000000000426 ) ) ;
#443 = LINE ( 'NONE', #3581, #1676 ) ;
#444 = CARTESIAN_POINT ( 'NONE',  ( 3.608399715779140315, 16.68331672076489980, 41.30000000000000426 ) ) ;
#445 = CARTESIAN_POINT ( 'NONE',  ( 3.539286952336860193, 17.64370726485629959, 40.30000000000000426 ) ) ;
#446 = CARTESIAN_POINT ( 'NONE',  ( -10.08277461087529936, 14.16852636857279890, 41.30000000000000426 ) ) ;
#447 = ORIENTED_EDGE ( 'NONE', *, *, #678, .F. ) ;
#448 = CARTESIAN_POINT ( 'NONE',  ( -8.925692121915529853, 13.91777915721299941, 40.30000000000000426 ) ) ;
#449 = ORIENTED_EDGE ( 'NONE', *, *, #6788, .T. ) ;
#450 = CARTESIAN_POINT ( 'NONE',  ( -0.6146047549404088928, -0.6146047549404088928, 23.58255025164874752 ) ) ;
#451 = CIRCLE ( 'NONE', #2665, 1.500000000000001332 ) ;
#452 = ORIENTED_EDGE ( 'NONE', *, *, #1514, .T. ) ;
#453 = ADVANCED_FACE ( 'NONE', ( #3206 ), #4106, .F. ) ;
#454 = CARTESIAN_POINT ( 'NONE',  ( -5.810463883219590286, 17.34909805365230184, 41.30000000000000426 ) ) ;
#455 = CARTESIAN_POINT ( 'NONE',  ( 10.96932855645020055, 13.55251066744540012, 40.30000000000000426 ) ) ;
#456 = B_SPLINE_CURVE_WITH_KNOTS ( 'NONE', 3,
 ( #3908, #5096, #5017, #1417, #7557 ),
 .UNSPECIFIED., .F., .F.,
 ( 4, 1, 4 ),
 ( 0.000000000000000000, 0.03171158235223400096, 0.05981491151044549676 ),
 .UNSPECIFIED. ) ;
#457 = AXIS2_PLACEMENT_3D ( 'NONE', #7769, #3306, #5728 ) ;
#458 = CARTESIAN_POINT ( 'NONE',  ( -28.27670161605629318, -21.19305213147876543, 0.5190992926708088984 ) ) ;
#459 = LINE ( 'NONE', #4156, #2640 ) ;
#460 = EDGE_CURVE ( 'NONE', #1237, #5336, #1299, .T. ) ;
#461 = ORIENTED_EDGE ( 'NONE', *, *, #4320, .F. ) ;
#462 = ORIENTED_EDGE ( 'NONE', *, *, #4364, .T. ) ;
#463 = EDGE_CURVE ( 'NONE', #7759, #7873, #2525, .T. ) ;
#464 =( LENGTH_UNIT ( ) NAMED_UNIT ( * ) SI_UNIT ( .MILLI., .METRE. ) );
#465 = VERTEX_POINT ( 'NONE', #6179 ) ;
#466 = VECTOR ( 'NONE', #4862, 1000.000000000000114 ) ;
#467 = EDGE_CURVE ( 'NONE', #3471, #2852, #6890, .T. ) ;
#468 = CARTESIAN_POINT ( 'NONE',  ( -6.893518561953730028, 17.84696906279179984, 41.30000000000000426 ) ) ;
#469 = CARTESIAN_POINT ( 'NONE',  ( -9.561932364724301081, 15.29105642752720051, 41.30000000000000426 ) ) ;
#470 = VECTOR ( 'NONE', #2, 1000.000000000000000 ) ;
#471 = EDGE_LOOP ( 'NONE', ( #129, #4624, #6119 ) ) ;
#472 = CARTESIAN_POINT ( 'NONE',  ( 25.36780211947422004, 24.82847562774025718, 0.5246671303042114154 ) ) ;
#473 = ORIENTED_EDGE ( 'NONE', *, *, #68, .F. ) ;
#474 = ORIENTED_EDGE ( 'NONE', *, *, #2080, .T. ) ;
#475 = EDGE_CURVE ( 'NONE', #2055, #5939, #119, .T. ) ;
#476 = DIRECTION ( 'NONE',  ( 0.000000000000000000, 0.000000000000000000, -1.000000000000000000 ) ) ;
#477 = CARTESIAN_POINT ( 'NONE',  ( -17.63087773559611549, 25.89588108239668784, 23.09999999999999787 ) ) ;
#478 = PLANE ( 'NONE',  #6588 ) ;
#479 = CARTESIAN_POINT ( 'NONE',  ( -6.893518561953730028, 17.84696906279179984, 41.30000000000000426 ) ) ;
#480 = CARTESIAN_POINT ( 'NONE',  ( 27.16967256814148968, -19.75763181373655186, -1.192622389734054877E-15 ) ) ;
#481 = CARTESIAN_POINT ( 'NONE',  ( 19.06650017197312863, 25.79183352933068107, 23.09999999999999787 ) ) ;
#482 = B_SPLINE_CURVE_WITH_KNOTS ( 'NONE', 3,
 ( #5311, #4687, #3446, #3564, #5876 ),
 .UNSPECIFIED., .F., .F.,
 ( 4, 1, 4 ),
 ( 0.000000000000000000, 0.03860499038030780483, 0.06689935095198649984 ),
 .UNSPECIFIED. ) ;
#483 = EDGE_CURVE ( 'NONE', #1903, #5857, #3571, .T. ) ;
#484 = CARTESIAN_POINT ( 'NONE',  ( -23.00000000000000355, 21.50000000000000355, 10.00000000000000000 ) ) ;
#485 = CARTESIAN_POINT ( 'NONE',  ( 3.792725247001820232, 18.09618653913380015, 40.30000000000000426 ) ) ;
#486 = CARTESIAN_POINT ( 'NONE',  ( -27.88062140871426919, 18.50860393176188623, -4.336808689942017736E-15 ) ) ;
#487 = CARTESIAN_POINT ( 'NONE',  ( -5.821073174461130151, 16.58158492321780031, 41.30000000000000426 ) ) ;
#488 = CARTESIAN_POINT ( 'NONE',  ( -19.73781374544513767, -27.88062156966344318, -1.734723475976807094E-15 ) ) ;
#489 = CARTESIAN_POINT ( 'NONE',  ( -9.561932364724301081, 15.29105642752720051, 40.30000000000000426 ) ) ;
#490 = AXIS2_PLACEMENT_3D ( 'NONE', #4014, #6414, #1487 ) ;
#491 = EDGE_CURVE ( 'NONE', #4796, #5088, #4683, .T. ) ;
#492 = CARTESIAN_POINT ( 'NONE',  ( -9.893584768430681464, 16.33342209370299969, 41.30000000000000426 ) ) ;
#493 = DIRECTION ( 'NONE',  ( 0.000000000000000000, 0.000000000000000000, 1.000000000000000000 ) ) ;
#494 = VERTEX_POINT ( 'NONE', #605 ) ;
#495 = CARTESIAN_POINT ( 'NONE',  ( 3.224129114692329878, 18.01373973556029640, 40.30000000000000426 ) ) ;
#496 = ORIENTED_EDGE ( 'NONE', *, *, #7321, .T. ) ;
#497 = ORIENTED_EDGE ( 'NONE', *, *, #1152, .T. ) ;
#498 = CARTESIAN_POINT ( 'NONE',  ( -4.295986249207063068, 32.78673071819418539, 0.4672578393163839827 ) ) ;
#499 = LINE ( 'NONE', #2286, #120 ) ;
#500 = CARTESIAN_POINT ( 'NONE',  ( -19.10427567248491698, -28.39200065829007613, 0.5177696501206917601 ) ) ;
#501 = CARTESIAN_POINT ( 'NONE',  ( 10.02637720198029925, 15.28910112577960057, 41.30000000000000426 ) ) ;
#502 = ORIENTED_EDGE ( 'NONE', *, *, #4904, .F. ) ;
#503 = CARTESIAN_POINT ( 'NONE',  ( -22.92484382656021324, -26.54971964474972168, 23.09999999999999432 ) ) ;
#504 = AXIS2_PLACEMENT_3D ( 'NONE', #2386, #4175, #5438 ) ;
#505 = ORIENTED_EDGE ( 'NONE', *, *, #4904, .T. ) ;
#506 = CARTESIAN_POINT ( 'NONE',  ( -9.565092019578870008, 15.34733272393379977, 40.30000000000000426 ) ) ;
#507 = CIRCLE ( 'NONE', #6575, 2.000000000000000888 ) ;
#508 = FACE_OUTER_BOUND ( 'NONE', #2698, .T. ) ;
#509 = EDGE_LOOP ( 'NONE', ( #3692, #3367, #2710, #2467 ) ) ;
#510 = CARTESIAN_POINT ( 'NONE',  ( -9.581180227655840653, 15.11693710288900050, 41.30000000000000426 ) ) ;
#511 = CARTESIAN_POINT ( 'NONE',  ( 26.66763008816431579, 17.17341723148287258, 5.421010862427522170E-16 ) ) ;
#512 = VERTEX_POINT ( 'NONE', #1258 ) ;
#513 = ORIENTED_EDGE ( 'NONE', *, *, #6946, .T. ) ;
#514 = DIRECTION ( 'NONE',  ( 0.000000000000000000, 0.000000000000000000, -1.000000000000000000 ) ) ;
#515 = LINE ( 'NONE', #7802, #2321 ) ;
#516 = CARTESIAN_POINT ( 'NONE',  ( 0.5533740068067510842, -15.40608526694630065, 41.30000000000000426 ) ) ;
#517 = EDGE_CURVE ( 'NONE', #7525, #5194, #4461, .T. ) ;
#518 = CYLINDRICAL_SURFACE ( 'NONE', #2212, 1.500000000000001332 ) ;
#519 = CARTESIAN_POINT ( 'NONE',  ( -0.6146047549404088928, -0.6146047549404088928, 41.30000000000000426 ) ) ;
#520 = CARTESIAN_POINT ( 'NONE',  ( 25.70473177738522708, -25.63934380854649220, 1.287820481469117423E-13 ) ) ;
#521 = CARTESIAN_POINT ( 'NONE',  ( 23.61054054191397356, 24.89307036250639271, 23.10000000000116316 ) ) ;
#522 = CARTESIAN_POINT ( 'NONE',  ( 11.00788154311520017, 14.55888134272720080, 41.30000000000000426 ) ) ;
#523 = DIRECTION ( 'NONE',  ( 0.000000000000000000, 0.000000000000000000, 1.000000000000000000 ) ) ;
#524 = CARTESIAN_POINT ( 'NONE',  ( -27.82353139818664545, 22.62135274221632741, -3.259259569434201774E-14 ) ) ;
#525 = CARTESIAN_POINT ( 'NONE',  ( 23.40114646645499974, -27.32540956387450137, 7.759755486201090235 ) ) ;
#526 = VECTOR ( 'NONE', #4747, 1000.000000000000000 ) ;
#527 = CARTESIAN_POINT ( 'NONE',  ( 3.249678716339170048, 18.46561809868619974, 40.30000000000000426 ) ) ;
#528 = CARTESIAN_POINT ( 'NONE',  ( 5.229622226486760006, 14.29101306727699949, 41.30000000000000426 ) ) ;
#529 = LINE ( 'NONE', #5415, #5973 ) ;
#530 = CARTESIAN_POINT ( 'NONE',  ( -10.80818981244120103, 16.00977375196730179, 40.30000000000000426 ) ) ;
#531 = DIRECTION ( 'NONE',  ( 1.000000000000000000, 1.192622389734054877E-16, 0.000000000000000000 ) ) ;
#532 = ORIENTED_EDGE ( 'NONE', *, *, #1630, .F. ) ;
#533 = CARTESIAN_POINT ( 'NONE',  ( 2.627099337079939811, 15.10061433192499969, 41.30000000000000426 ) ) ;
#534 = DIRECTION ( 'NONE',  ( -1.000000000000000000, -1.224646799147351235E-16, -9.043690078957818035E-35 ) ) ;
#535 = ORIENTED_EDGE ( 'NONE', *, *, #4271, .F. ) ;
#536 = VERTEX_POINT ( 'NONE', #7404 ) ;
#537 = CARTESIAN_POINT ( 'NONE',  ( -7.162802802506739397, 15.99462848813629989, 40.30000000000000426 ) ) ;
#538 = CARTESIAN_POINT ( 'NONE',  ( -9.405142799513498630, 14.54746987057459862, 40.30000000000000426 ) ) ;
#539 = CARTESIAN_POINT ( 'NONE',  ( -19.50183874796060124, 26.91966844788399627, 7.609419867979539731 ) ) ;
#540 = CARTESIAN_POINT ( 'NONE',  ( -5.916979979357109620, 17.97328504378209857, 41.30000000000000426 ) ) ;
#541 = DIRECTION ( 'NONE',  ( -0.000000000000000000, -0.000000000000000000, -1.000000000000000000 ) ) ;
#542 = VERTEX_POINT ( 'NONE', #648 ) ;
#543 = ORIENTED_EDGE ( 'NONE', *, *, #1652, .T. ) ;
#544 = PLANE ( 'NONE',  #4778 ) ;
#545 = ORIENTED_EDGE ( 'NONE', *, *, #4538, .T. ) ;
#546 = DIRECTION ( 'NONE',  ( -1.000000000000000000, -1.224646799147351235E-16, 1.107204117234229322E-37 ) ) ;
#547 = CARTESIAN_POINT ( 'NONE',  ( -27.87922569725760269, -17.88531742706660310, 15.33125029817470164 ) ) ;
#548 = EDGE_LOOP ( 'NONE', ( #3808, #2775, #7937, #945 ) ) ;
#549 = CARTESIAN_POINT ( 'NONE',  ( -9.568217679681479737, 15.23419843766230031, 41.30000000000000426 ) ) ;
#550 = CARTESIAN_POINT ( 'NONE',  ( -28.41460475494039883, -28.41460475494039883, 0.000000000000000000 ) ) ;
#551 = ORIENTED_EDGE ( 'NONE', *, *, #286, .T. ) ;
#552 = ORIENTED_EDGE ( 'NONE', *, *, #3200, .T. ) ;
#553 = LINE ( 'NONE', #1165, #6172 ) ;
#554 = ORIENTED_EDGE ( 'NONE', *, *, #6049, .T. ) ;
#555 = VERTEX_POINT ( 'NONE', #7961 ) ;
#556 = CARTESIAN_POINT ( 'NONE',  ( -4.465784439477589629, 8.153007337173340474, 41.30000000000000426 ) ) ;
#557 = CARTESIAN_POINT ( 'NONE',  ( -10.06819412046579920, 14.65068935414949891, 40.30000000000000426 ) ) ;
#558 = CARTESIAN_POINT ( 'NONE',  ( 11.18052965830619883, 13.72677483979160051, 41.30000000000000426 ) ) ;
#559 = AXIS2_PLACEMENT_3D ( 'NONE', #3457, #5804, #5886 ) ;
#560 = CARTESIAN_POINT ( 'NONE',  ( 21.81294349340797467, -27.48591188100639471, -9.757819552369539906E-16 ) ) ;
#561 = FACE_OUTER_BOUND ( 'NONE', #7477, .T. ) ;
#562 = CARTESIAN_POINT ( 'NONE',  ( -7.162802802506739397, 15.99462848813629989, 41.30000000000000426 ) ) ;
#563 = DIRECTION ( 'NONE',  ( 0.000000000000000000, 0.000000000000000000, 1.000000000000000000 ) ) ;
#564 = CARTESIAN_POINT ( 'NONE',  ( -27.80177745989397664, 22.61406483093541908, 0.5218951215750944339 ) ) ;
#565 = AXIS2_PLACEMENT_3D ( 'NONE', #2411, #1845, #1928 ) ;
#566 = CARTESIAN_POINT ( 'NONE',  ( 22.82233056755091027, -26.61632376253472643, 22.62325976040855480 ) ) ;
#567 = CARTESIAN_POINT ( 'NONE',  ( -27.72363049426133941, -21.72867367643127778, 4.336808689942036965E-16 ) ) ;
#568 = DIRECTION ( 'NONE',  ( 2.219093413511559604E-15, 0.03489949670250078878, -0.9993908270190957621 ) ) ;
#569 = DIRECTION ( 'NONE',  ( 0.000000000000000000, 0.000000000000000000, 1.000000000000000000 ) ) ;
#570 = LINE ( 'NONE', #4709, #2283 ) ;
#571 = LINE ( 'NONE', #2399, #470 ) ;
#572 = EDGE_CURVE ( 'NONE', #6280, #6849, #4970, .T. ) ;
#573 = ORIENTED_EDGE ( 'NONE', *, *, #7845, .T. ) ;
#574 = DIRECTION ( 'NONE',  ( -0.000000000000000000, -0.000000000000000000, -1.000000000000000000 ) ) ;
#575 = CARTESIAN_POINT ( 'NONE',  ( -5.849583725877619322, 17.94881528947969684, 40.30000000000000426 ) ) ;
#576 = VERTEX_POINT ( 'NONE', #3161 ) ;
#577 = ORIENTED_EDGE ( 'NONE', *, *, #711, .T. ) ;
#578 = VECTOR ( 'NONE', #2308, 1000.000000000000000 ) ;
#579 = EDGE_CURVE ( 'NONE', #7991, #7680, #5601, .T. ) ;
#580 = CARTESIAN_POINT ( 'NONE',  ( 24.58340159495744004, 25.55691596179115521, 0.5244754843865085947 ) ) ;
#581 = CARTESIAN_POINT ( 'NONE',  ( -10.80818981244120103, 16.00977375196730179, 41.30000000000000426 ) ) ;
#582 = DIRECTION ( 'NONE',  ( 0.000000000000000000, 0.000000000000000000, -1.000000000000000000 ) ) ;
#583 = DIRECTION ( 'NONE',  ( -0.9172475141792796327, 0.3983177095384188293, 0.000000000000000000 ) ) ;
#584 = ADVANCED_FACE ( 'NONE', ( #1175 ), #6094, .F. ) ;
#585 = VECTOR ( 'NONE', #4274, 1000.000000000000114 ) ;
#586 = DIRECTION ( 'NONE',  ( 0.000000000000000000, 0.000000000000000000, -1.000000000000000000 ) ) ;
#587 = ORIENTED_EDGE ( 'NONE', *, *, #6823, .F. ) ;
#588 = VERTEX_POINT ( 'NONE', #4500 ) ;
#589 = VECTOR ( 'NONE', #7846, 1000.000000000000000 ) ;
#590 = DIRECTION ( 'NONE',  ( 0.7071067811865477948, 0.7066760308408341906, 0.02467767077833641493 ) ) ;
#591 = CARTESIAN_POINT ( 'NONE',  ( -11.52621681654709995, 15.10465349616539932, 41.30000000000000426 ) ) ;
#592 = ORIENTED_EDGE ( 'NONE', *, *, #6248, .T. ) ;
#593 = CARTESIAN_POINT ( 'NONE',  ( 9.891103593255460069, 13.02115225395049869, 40.30000000000000426 ) ) ;
#594 = CARTESIAN_POINT ( 'NONE',  ( -9.190301470533659867, 15.75528648706329982, 41.30000000000000426 ) ) ;
#595 = ORIENTED_EDGE ( 'NONE', *, *, #1915, .F. ) ;
#596 = AXIS2_PLACEMENT_3D ( 'NONE', #7069, #1541, #5250 ) ;
#597 = AXIS2_PLACEMENT_3D ( 'NONE', #295, #2761, #3541 ) ;
#598 = EDGE_LOOP ( 'NONE', ( #239, #2255, #818, #1819 ) ) ;
#599 = EDGE_LOOP ( 'NONE', ( #5788, #5280, #6515, #1775 ) ) ;
#600 = CARTESIAN_POINT ( 'NONE',  ( 5.748449948378079988, 15.63262024353880086, 41.30000000000000426 ) ) ;
#601 = CARTESIAN_POINT ( 'NONE',  ( -27.12509059227748764, -17.63087773559611904, 22.59999999999999787 ) ) ;
#602 = CARTESIAN_POINT ( 'NONE',  ( 17.17341723148286547, -28.39653501155465776, 0.5174497483512526808 ) ) ;
#603 = CARTESIAN_POINT ( 'NONE',  ( 24.04378851243765780, 24.55828923464449431, 23.10000000000087184 ) ) ;
#604 = ORIENTED_EDGE ( 'NONE', *, *, #2624, .F. ) ;
#605 = CARTESIAN_POINT ( 'NONE',  ( -9.464776183982930746, 14.14948149444970049, 40.30000000000000426 ) ) ;
#606 = B_SPLINE_CURVE_WITH_KNOTS ( 'NONE', 3,
 ( #1189, #4048, #6488, #956, #7129 ),
 .UNSPECIFIED., .F., .F.,
 ( 4, 1, 4 ),
 ( 0.000000000000000000, 0.03484500306595209734, 0.06857366313730180185 ),
 .UNSPECIFIED. ) ;
#607 = CARTESIAN_POINT ( 'NONE',  ( -26.91301696109570329, 24.39553676648629121, 0.5242893396433062625 ) ) ;
#608 = CARTESIAN_POINT ( 'NONE',  ( 25.06465768172670039, -25.16467211716080143, 23.31778608947129783 ) ) ;
#609 = CARTESIAN_POINT ( 'NONE',  ( 23.46934903813435724, -25.65337282071424951, 23.09999999999999432 ) ) ;
#610 = LINE ( 'NONE', #7367, #3463 ) ;
#611 = CARTESIAN_POINT ( 'NONE',  ( -17.63087773559611193, -27.12509059227746278, 23.09999999999999787 ) ) ;
#612 = CARTESIAN_POINT ( 'NONE',  ( -28.29175117962339669, -21.11096756961438103, 0.5190082498143683276 ) ) ;
#613 = DIRECTION ( 'NONE',  ( 0.000000000000000000, 0.000000000000000000, -1.000000000000000000 ) ) ;
#614 = ORIENTED_EDGE ( 'NONE', *, *, #2085, .F. ) ;
#615 = EDGE_CURVE ( 'NONE', #1268, #5713, #245, .T. ) ;
#616 = CARTESIAN_POINT ( 'NONE',  ( -26.95030443478449556, 19.72924836614883759, 23.09999999999998721 ) ) ;
#617 = EDGE_LOOP ( 'NONE', ( #7570, #350, #4511, #1919 ) ) ;
#618 = ADVANCED_FACE ( 'NONE', ( #4021 ), #2785, .T. ) ;
#619 = AXIS2_PLACEMENT_3D ( 'NONE', #3305, #7523, #4952 ) ;
#620 = CARTESIAN_POINT ( 'NONE',  ( 18.92667265001814059, 27.12547576193528442, 0.5183677531193767729 ) ) ;
#621 = DIRECTION ( 'NONE',  ( -1.000000000000000000, 0.000000000000000000, 0.000000000000000000 ) ) ;
#622 = CARTESIAN_POINT ( 'NONE',  ( 11.64616093039719935, 14.45146747855840097, 41.30000000000000426 ) ) ;
#623 = CARTESIAN_POINT ( 'NONE',  ( 26.09074788679361845, 22.45570928225871654, -6.505213034913031534E-16 ) ) ;
#624 = ADVANCED_FACE ( 'NONE', ( #6456 ), #928, .F. ) ;
#625 = ORIENTED_EDGE ( 'NONE', *, *, #6577, .T. ) ;
#626 = ORIENTED_EDGE ( 'NONE', *, *, #54, .T. ) ;
#627 = CIRCLE ( 'NONE', #1660, 1.500000000000001332 ) ;
#628 =( LENGTH_UNIT ( ) NAMED_UNIT ( * ) SI_UNIT ( .MILLI., .METRE. ) );
#629 = CARTESIAN_POINT ( 'NONE',  ( -9.116765600404749037, 15.20054778791569916, 41.30000000000000426 ) ) ;
#630 = EDGE_CURVE ( 'NONE', #4689, #1229, #2069, .T. ) ;
#631 = CARTESIAN_POINT ( 'NONE',  ( -25.70725232138730121, -26.83645366520979891, 7.780286818782429670 ) ) ;
#632 =( GEOMETRIC_REPRESENTATION_CONTEXT ( 3 ) GLOBAL_UNCERTAINTY_ASSIGNED_CONTEXT ( ( #2718 ) ) GLOBAL_UNIT_ASSIGNED_CONTEXT ( ( #464, #2872, #4881 ) ) REPRESENTATION_CONTEXT ( 'NONE', 'WORKASPACE' ) );
#633 = EDGE_CURVE ( 'NONE', #7123, #3770, #6684, .T. ) ;
#634 = ORIENTED_EDGE ( 'NONE', *, *, #6831, .F. ) ;
#635 = CARTESIAN_POINT ( 'NONE',  ( -10.15431902518030149, 16.30599687082739990, 40.30000000000000426 ) ) ;
#636 = LINE ( 'NONE', #3646, #2921 ) ;
#637 = ORIENTED_EDGE ( 'NONE', *, *, #3804, .T. ) ;
#638 = LINE ( 'NONE', #5087, #4770 ) ;
#639 = ORIENTED_EDGE ( 'NONE', *, *, #4406, .F. ) ;
#640 = VECTOR ( 'NONE', #4485, 1000.000000000000000 ) ;
#641 = ADVANCED_FACE ( 'NONE', ( #5094 ), #3252, .T. ) ;
#642 = EDGE_CURVE ( 'NONE', #2656, #3508, #5717, .T. ) ;
#643 = EDGE_CURVE ( 'NONE', #5979, #7372, #2474, .T. ) ;
#644 = CARTESIAN_POINT ( 'NONE',  ( -24.13934172395435596, 24.78255264087606236, 23.10000000000000497 ) ) ;
#645 = DIRECTION ( 'NONE',  ( 0.000000000000000000, 0.000000000000000000, -1.000000000000000000 ) ) ;
#646 = CARTESIAN_POINT ( 'NONE',  ( 24.19880527537587867, 24.45201716225761146, 22.62466030640259262 ) ) ;
#647 = ORIENTED_EDGE ( 'NONE', *, *, #3372, .F. ) ;
#648 = CARTESIAN_POINT ( 'NONE',  ( -28.14683959804511204, -3.114604754940451414, 7.667790853193087841 ) ) ;
#649 = CARTESIAN_POINT ( 'NONE',  ( -27.79279281767210463, 19.83824991733553134, -4.336808689942017736E-15 ) ) ;
#650 = CARTESIAN_POINT ( 'NONE',  ( -10.48767897564540164, 15.75119108690770098, 41.30000000000000426 ) ) ;
#651 = CARTESIAN_POINT ( 'NONE',  ( 22.60811372739352620, -26.16446821237817844, 23.09999999999999787 ) ) ;
#652 = ADVANCED_FACE ( 'NONE', ( #204 ), #6664, .T. ) ;
#653 = CARTESIAN_POINT ( 'NONE',  ( 25.48495361183093522, 21.04119387552225717, 23.10000000000000497 ) ) ;
#654 = CARTESIAN_POINT ( 'NONE',  ( -27.94367716003450397, 21.46697395220829918, 7.713803073661759768 ) ) ;
#655 = CARTESIAN_POINT ( 'NONE',  ( -23.16655297525770507, -27.99418454617592644, 6.905051898156516360E-13 ) ) ;
#656 = ORIENTED_EDGE ( 'NONE', *, *, #4306, .F. ) ;
#657 = DIRECTION ( 'NONE',  ( -1.000000000000000000, -2.168404344971006896E-16, 0.000000000000000000 ) ) ;
#658 = B_SPLINE_CURVE_WITH_KNOTS ( 'NONE', 3,
 ( #1762, #7746, #2204, #4678, #3065 ),
 .UNSPECIFIED., .F., .F.,
 ( 4, 1, 4 ),
 ( 0.000000000000000000, 0.01827576516696859804, 0.03635162512819079678 ),
 .UNSPECIFIED. ) ;
#659 = CARTESIAN_POINT ( 'NONE',  ( -6.723063907038290488, 17.46881961280319828, 41.30000000000000426 ) ) ;
#660 = ORIENTED_EDGE ( 'NONE', *, *, #5226, .T. ) ;
#661 = CARTESIAN_POINT ( 'NONE',  ( 10.13696777636750035, 13.76605045381189996, 41.30000000000000426 ) ) ;
#662 = CARTESIAN_POINT ( 'NONE',  ( -0.6146047549404055621, -27.89683959804511559, 0.5000000000000000000 ) ) ;
#663 = CARTESIAN_POINT ( 'NONE',  ( 3.439890762897389820, 16.13133827465630077, 41.30000000000000426 ) ) ;
#664 = CARTESIAN_POINT ( 'NONE',  ( -0.1091220223513110071, 18.88031908181340057, 41.30000000000000426 ) ) ;
#665 = ORIENTED_EDGE ( 'NONE', *, *, #3920, .T. ) ;
#666 = CARTESIAN_POINT ( 'NONE',  ( -4.118086260487139327, 18.59421319516879834, 41.30000000000000426 ) ) ;
#667 = EDGE_LOOP ( 'NONE', ( #5179, #2413, #5838, #195 ) ) ;
#668 = CARTESIAN_POINT ( 'NONE',  ( -10.15431902518030149, 16.30599687082739990, 41.30000000000000426 ) ) ;
#669 = ADVANCED_FACE ( 'NONE', ( #1078 ), #4171, .F. ) ;
#670 = CARTESIAN_POINT ( 'NONE',  ( 21.49999999999999645, 21.49999999999999645, 0.5000000000000004441 ) ) ;
#671 = CARTESIAN_POINT ( 'NONE',  ( -19.50000000000000000, 21.50000000000000355, 2.168404344971008868E-16 ) ) ;
#672 = CARTESIAN_POINT ( 'NONE',  ( -25.16467088623430115, -26.29387223005669938, 23.31778622243299992 ) ) ;
#673 = CARTESIAN_POINT ( 'NONE',  ( -2.661605698174729806, 32.53774442767899444, 7.597292318481549955 ) ) ;
#674 = VERTEX_POINT ( 'NONE', #4653 ) ;
#675 = PLANE ( 'NONE',  #7474 ) ;
#676 = CARTESIAN_POINT ( 'NONE',  ( -0.6146047549404088928, -0.6146047549404088928, 23.09999999999999787 ) ) ;
#677 = ORIENTED_EDGE ( 'NONE', *, *, #6870, .T. ) ;
#678 = EDGE_CURVE ( 'NONE', #4074, #6819, #3567, .T. ) ;
#679 = CARTESIAN_POINT ( 'NONE',  ( -27.62477562341518933, -18.32952540318884260, 22.61774706058071871 ) ) ;
#680 = ORIENTED_EDGE ( 'NONE', *, *, #5837, .F. ) ;
#681 = ORIENTED_EDGE ( 'NONE', *, *, #1869, .T. ) ;
#682 = CARTESIAN_POINT ( 'NONE',  ( -10.91232585117759868, 14.12286966070220018, 41.30000000000000426 ) ) ;
#683 = CARTESIAN_POINT ( 'NONE',  ( -2.661605698174729806, 27.59313953763729899, 5.923708594440400432 ) ) ;
#684 = CARTESIAN_POINT ( 'NONE',  ( 2.647685997333140140, 18.19246729135240059, 40.30000000000000426 ) ) ;
#685 = CARTESIAN_POINT ( 'NONE',  ( -24.83387817764416994, 26.18085150614418311, -5.283156926746751523E-13 ) ) ;
#686 = CARTESIAN_POINT ( 'NONE',  ( 3.718508343058140042, 15.65691698958100098, 41.30000000000000426 ) ) ;
#687 = CARTESIAN_POINT ( 'NONE',  ( 2.838394301825279964, 32.28234549108699980, 0.5841067809966319357 ) ) ;
#688 = AXIS2_PLACEMENT_3D ( 'NONE', #5560, #3203, #3249 ) ;
#689 = CARTESIAN_POINT ( 'NONE',  ( 24.93525821503811102, 22.60811282930899679, 23.10000000000000497 ) ) ;
#690 = CARTESIAN_POINT ( 'NONE',  ( -25.41208535923493628, -25.66397237004257548, 23.10000000000116671 ) ) ;
#691 = CARTESIAN_POINT ( 'NONE',  ( -26.93621770158268447, -24.60907313096317850, 2.168404344971008868E-16 ) ) ;
#692 = ORIENTED_EDGE ( 'NONE', *, *, #2757, .T. ) ;
#693 = CARTESIAN_POINT ( 'NONE',  ( -6.723063907038290488, 17.46881961280319828, 40.30000000000000426 ) ) ;
#694 = CARTESIAN_POINT ( 'NONE',  ( -5.308972277116550842, 16.52114108819879945, 41.30000000000000426 ) ) ;
#695 = AXIS2_PLACEMENT_3D ( 'NONE', #2685, #5139, #4658 ) ;
#696 = ORIENTED_EDGE ( 'NONE', *, *, #1877, .F. ) ;
#697 = DIRECTION ( 'NONE',  ( 0.9835387144896844402, -0.1806975293134328864, 0.000000000000000000 ) ) ;
#698 = CARTESIAN_POINT ( 'NONE',  ( 11.30312724816690029, 13.92900155362320014, 40.30000000000000426 ) ) ;
#699 = CARTESIAN_POINT ( 'NONE',  ( 2.627099337079939811, 15.10061433192499969, 41.30000000000000426 ) ) ;
#700 = CARTESIAN_POINT ( 'NONE',  ( 23.69193862291331953, 25.54550943677682540, -3.252606517456513302E-16 ) ) ;
#701 = VERTEX_POINT ( 'NONE', #1577 ) ;
#702 = CARTESIAN_POINT ( 'NONE',  ( 4.076735221874499437, 16.58999099842340286, 40.30000000000000426 ) ) ;
#703 = ORIENTED_EDGE ( 'NONE', *, *, #3184, .T. ) ;
#704 = CARTESIAN_POINT ( 'NONE',  ( 6.949205376582550109, 16.95920502406449870, 40.30000000000000426 ) ) ;
#705 = VERTEX_POINT ( 'NONE', #1613 ) ;
#706 = CARTESIAN_POINT ( 'NONE',  ( 11.24183388556400054, 14.86854810147270101, 41.30000000000000426 ) ) ;
#707 = CARTESIAN_POINT ( 'NONE',  ( -17.88531742706660310, -27.87922569725760269, 15.33125029817470164 ) ) ;
#708 = AXIS2_PLACEMENT_3D ( 'NONE', #7767, #4858, #2959 ) ;
#709 = CARTESIAN_POINT ( 'NONE',  ( 3.682519396442780035, 17.13556854103250160, 41.30000000000000426 ) ) ;
#711 = EDGE_CURVE ( 'NONE', #4331, #3519, #451, .T. ) ;
#710 = DIRECTION ( 'NONE',  ( 0.000000000000000000, 0.000000000000000000, 1.000000000000000000 ) ) ;
#712 = ORIENTED_EDGE ( 'NONE', *, *, #3598, .T. ) ;
#713 = EDGE_CURVE ( 'NONE', #1526, #6139, #5356, .T. ) ;
#714 = CARTESIAN_POINT ( 'NONE',  ( -9.116765600404749037, 15.20054778791569916, 40.30000000000000426 ) ) ;
#715 = EDGE_LOOP ( 'NONE', ( #447, #1290, #65, #154, #3939, #4488 ) ) ;
#716 = CARTESIAN_POINT ( 'NONE',  ( 4.972774852857634542, 32.78673071819418539, 0.4672578393163756560 ) ) ;
#717 = VERTEX_POINT ( 'NONE', #3732 ) ;
#718 = AXIS2_PLACEMENT_3D ( 'NONE', #4086, #3626, #6061 ) ;
#719 = VERTEX_POINT ( 'NONE', #6247 ) ;
#720 = CARTESIAN_POINT ( 'NONE',  ( -0.6146047549404088928, -0.6146047549404088928, 40.80000000000000426 ) ) ;
#721 = CARTESIAN_POINT ( 'NONE',  ( 4.005877810691170104, 17.79570029065829928, 40.30000000000000426 ) ) ;
#722 = CARTESIAN_POINT ( 'NONE',  ( -6.379192066585719800, 17.98851875966670377, 41.30000000000000426 ) ) ;
#723 = B_SPLINE_SURFACE_WITH_KNOTS ( 'NONE', 3, 1, ( 
 ( #1531, #2745 ),
 ( #4646, #921 ),
 ( #7016, #3409 ),
 ( #880, #3371 ),
 ( #7097, #5754 ) ),
 .UNSPECIFIED., .F., .F., .F.,
 ( 4, 1, 4 ),
 ( 2, 2 ),
 ( 0.000000000000000000, 0.01827576516696859804, 0.03635162512819079678 ),
 ( 0.000000000000000000, 0.1000000000000000056 ),
 .UNSPECIFIED. ) ;
#724 = AXIS2_PLACEMENT_3D ( 'NONE', #4435, #4471, #3710 ) ;
#725 = EDGE_LOOP ( 'NONE', ( #1505, #677, #7701, #2383, #7338 ) ) ;
#726 = CARTESIAN_POINT ( 'NONE',  ( 2.765246348989209846, 18.17070349071000024, 40.30000000000000426 ) ) ;
#727 = CARTESIAN_POINT ( 'NONE',  ( -25.76814499605884734, 25.59819428657890228, 0.5244487086120481756 ) ) ;
#728 = FACE_OUTER_BOUND ( 'NONE', #5855, .T. ) ;
#729 = DIRECTION ( 'NONE',  ( -1.000000000000000000, 0.000000000000000000, 0.000000000000000000 ) ) ;
#730 = VECTOR ( 'NONE', #6779, 1000.000000000000000 ) ;
#731 = EDGE_CURVE ( 'NONE', #4401, #1612, #7993, .T. ) ;
#732 = CARTESIAN_POINT ( 'NONE',  ( 22.62119349702871318, 24.92927307134815607, 23.10000000000000142 ) ) ;
#733 = CARTESIAN_POINT ( 'NONE',  ( -24.05889818324802931, -26.58842052216334650, 23.09999999999997655 ) ) ;
#734 = CARTESIAN_POINT ( 'NONE',  ( -25.62474825350244956, -26.91301953704091332, 0.5242893406489319563 ) ) ;
#735 = ORIENTED_EDGE ( 'NONE', *, *, #5941, .T. ) ;
#736 = CARTESIAN_POINT ( 'NONE',  ( -17.63087773559610838, 26.39557649590621224, 22.61744974835124822 ) ) ;
#737 = CARTESIAN_POINT ( 'NONE',  ( -27.51866218069430303, 19.11356440541032597, 22.61902070977092905 ) ) ;
#738 = VERTEX_POINT ( 'NONE', #5007 ) ;
#739 = CARTESIAN_POINT ( 'NONE',  ( 26.97553862393797530, -21.89987676375539039, 0.5196380044481773153 ) ) ;
#740 = CARTESIAN_POINT ( 'NONE',  ( 3.422347886759169899, 18.39172723067869697, 40.30000000000000426 ) ) ;
#741 = FACE_OUTER_BOUND ( 'NONE', #3763, .T. ) ;
#742 = LINE ( 'NONE', #7078, #7922 ) ;
#743 = ORIENTED_EDGE ( 'NONE', *, *, #7146, .T. ) ;
#744 = LINE ( 'NONE', #2546, #3618 ) ;
#745 = ORIENTED_EDGE ( 'NONE', *, *, #1407, .T. ) ;
#746 = CARTESIAN_POINT ( 'NONE',  ( 1.924456384908819873, 18.32534035691259788, 40.30000000000000426 ) ) ;
#747 = VERTEX_POINT ( 'NONE', #7346 ) ;
#748 = EDGE_CURVE ( 'NONE', #6149, #3775, #3250, .T. ) ;
#749 = B_SPLINE_CURVE_WITH_KNOTS ( 'NONE', 3,
 ( #4668, #7120, #3470, #6554 ),
 .UNSPECIFIED., .F., .F.,
 ( 4, 4 ),
 ( -0.01029651723492196191, 2.202396848452707445 ),
 .UNSPECIFIED. ) ;
#750 = ADVANCED_FACE ( 'NONE', ( #5470 ), #6693, .F. ) ;
#751 = CARTESIAN_POINT ( 'NONE',  ( -9.581180227655840653, 15.11693710288900050, 41.30000000000000426 ) ) ;
#752 = CARTESIAN_POINT ( 'NONE',  ( 9.879598326027370092, 12.54584693414930108, 41.30000000000000426 ) ) ;
#753 = EDGE_CURVE ( 'NONE', #3376, #265, #3081, .T. ) ;
#754 = CARTESIAN_POINT ( 'NONE',  ( 9.885395245059592995, -0.6146047549404076715, 40.80000000000000426 ) ) ;
#755 = MECHANICAL_DESIGN_GEOMETRIC_PRESENTATION_REPRESENTATION (  '', ( #3224 ), #632 ) ;
#756 = DIRECTION ( 'NONE',  ( -1.224646799147350002E-16, 1.000000000000000000, 0.000000000000000000 ) ) ;
#757 = ORIENTED_EDGE ( 'NONE', *, *, #748, .T. ) ;
#758 = B_SPLINE_CURVE_WITH_KNOTS ( 'NONE', 3,
 ( #5031, #6881, #5690, #5067, #1428 ),
 .UNSPECIFIED., .F., .F.,
 ( 4, 1, 4 ),
 ( 0.000000000000000000, 0.03074975404565110162, 0.05339066706408800156 ),
 .UNSPECIFIED. ) ;
#759 = DIRECTION ( 'NONE',  ( 0.000000000000000000, 0.000000000000000000, -1.000000000000000000 ) ) ;
#760 = CARTESIAN_POINT ( 'NONE',  ( 20.33561530329209077, -0.6146047549404063393, 38.80000000000000426 ) ) ;
#761 = ORIENTED_EDGE ( 'NONE', *, *, #6363, .T. ) ;
#762 = AXIS2_PLACEMENT_3D ( 'NONE', #1360, #6282, #100 ) ;
#763 = LINE ( 'NONE', #4578, #7482 ) ;
#764 = CARTESIAN_POINT ( 'NONE',  ( 4.062050854815740131, 17.55487336968339918, 41.30000000000000426 ) ) ;
#765 = CARTESIAN_POINT ( 'NONE',  ( 9.337044350262901915, 14.35873461924449934, 40.30000000000000426 ) ) ;
#766 = ORIENTED_EDGE ( 'NONE', *, *, #4117, .F. ) ;
#767 = CARTESIAN_POINT ( 'NONE',  ( 4.062050854815740131, 17.55487336968339918, 41.30000000000000426 ) ) ;
#768 = AXIS2_PLACEMENT_3D ( 'NONE', #4196, #5304, #4874 ) ;
#769 = CARTESIAN_POINT ( 'NONE',  ( -21.06429678185186916, 26.56488731444281726, -4.770489558936219510E-15 ) ) ;
#770 = CARTESIAN_POINT ( 'NONE',  ( 6.949205376582550109, 16.95920502406449870, 41.30000000000000426 ) ) ;
#771 = LINE ( 'NONE', #1303, #895 ) ;
#772 = DIRECTION ( 'NONE',  ( 0.000000000000000000, 0.000000000000000000, -1.000000000000000000 ) ) ;
#773 = CARTESIAN_POINT ( 'NONE',  ( -27.44805454527930166, -21.02080561589799856, 22.61955751658734926 ) ) ;
#774 = CARTESIAN_POINT ( 'NONE',  ( -28.41490282286311952, -19.07853382713368617, 9.766976803558427417E-13 ) ) ;
#775 = ORIENTED_EDGE ( 'NONE', *, *, #1449, .T. ) ;
#776 = DIRECTION ( 'NONE',  ( 0.000000000000000000, 0.000000000000000000, -1.000000000000000000 ) ) ;
#777 = EDGE_CURVE ( 'NONE', #1846, #5898, #4218, .T. ) ;
#778 = EDGE_LOOP ( 'NONE', ( #3187, #6925, #3835, #5990 ) ) ;
#779 = AXIS2_PLACEMENT_3D ( 'NONE', #5199, #6898, #3247 ) ;
#780 = ORIENTED_EDGE ( 'NONE', *, *, #5762, .T. ) ;
#781 = EDGE_CURVE ( 'NONE', #3120, #302, #3152, .T. ) ;
#782 = CARTESIAN_POINT ( 'NONE',  ( 3.857461225503890034, 15.91176389033389960, 41.30000000000000426 ) ) ;
#783 = FACE_OUTER_BOUND ( 'NONE', #2941, .T. ) ;
#784 = CARTESIAN_POINT ( 'NONE',  ( 3.608399715779140315, 16.68331672076489980, 41.30000000000000426 ) ) ;
#785 = CARTESIAN_POINT ( 'NONE',  ( -10.61460475494040878, -0.6146047549404114463, 40.80000000000000426 ) ) ;
#786 = ORIENTED_EDGE ( 'NONE', *, *, #3168, .F. ) ;
#787 = ORIENTED_EDGE ( 'NONE', *, *, #5078, .T. ) ;
#788 = ADVANCED_FACE ( 'NONE', ( #6859 ), #3850, .F. ) ;
#789 = CARTESIAN_POINT ( 'NONE',  ( 3.608399715779140315, 16.68331672076489980, 41.30000000000000426 ) ) ;
#790 = VERTEX_POINT ( 'NONE', #6816 ) ;
#791 = B_SPLINE_SURFACE_WITH_KNOTS ( 'NONE', 3, 1, ( 
 ( #7511, #4423 ),
 ( #7999, #7398 ),
 ( #5599, #69 ),
 ( #3816, #5474 ),
 ( #4298, #2479 ) ),
 .UNSPECIFIED., .F., .F., .F.,
 ( 4, 1, 4 ),
 ( 2, 2 ),
 ( 0.000000000000000000, 0.03484500306595209734, 0.06857366313730180185 ),
 ( 0.000000000000000000, 0.1000000000000000056 ),
 .UNSPECIFIED. ) ;
#792 = EDGE_CURVE ( 'NONE', #7974, #957, #636, .T. ) ;
#793 = CARTESIAN_POINT ( 'NONE',  ( -27.62478600578710797, 16.40166822571531213, 22.61744974835124822 ) ) ;
#794 = VECTOR ( 'NONE', #2104, 1000.000000000000227 ) ;
#795 = CARTESIAN_POINT ( 'NONE',  ( 19.88175781883219884, -28.29175131215389527, 0.5190082490651056757 ) ) ;
#796 = CARTESIAN_POINT ( 'NONE',  ( 26.37844767106572874, 17.07660618676313646, 23.09999999998033715 ) ) ;
#797 = CARTESIAN_POINT ( 'NONE',  ( 9.385395245059591218, -0.6146047549404077825, 40.80000000000000426 ) ) ;
#798 = EDGE_LOOP ( 'NONE', ( #7412, #7251, #6359, #2523 ) ) ;
#799 = DIRECTION ( 'NONE',  ( 0.000000000000000000, 0.000000000000000000, -1.000000000000000000 ) ) ;
#800 = CARTESIAN_POINT ( 'NONE',  ( -6.307153727361160200, 16.28891728678519968, 40.30000000000000426 ) ) ;
#801 = VERTEX_POINT ( 'NONE', #5629 ) ;
#802 = DIRECTION ( 'NONE',  ( 0.01361879042365470027, 0.9999072599733419553, 0.000000000000000000 ) ) ;
#803 = CARTESIAN_POINT ( 'NONE',  ( 9.640635592281158850, 13.63468925182320035, 40.30000000000000426 ) ) ;
#804 = ORIENTED_EDGE ( 'NONE', *, *, #5834, .F. ) ;
#805 = CARTESIAN_POINT ( 'NONE',  ( 4.090671940752160118, 17.43216810938569949, 41.30000000000000426 ) ) ;
#806 = CARTESIAN_POINT ( 'NONE',  ( -21.50000000000000000, 21.50000000000000355, 0.000000000000000000 ) ) ;
#807 = CARTESIAN_POINT ( 'NONE',  ( -10.58694316667890156, 15.69196364208130134, 40.30000000000000426 ) ) ;
#808 = CARTESIAN_POINT ( 'NONE',  ( 9.840481588686309067, 13.34985304738949985, 40.30000000000000426 ) ) ;
#809 = CARTESIAN_POINT ( 'NONE',  ( -6.772732220083690358, 17.45173687573070254, 41.30000000000000426 ) ) ;
#810 = CARTESIAN_POINT ( 'NONE',  ( -23.07152650041803454, -27.03003104116968558, 22.62189511512973183 ) ) ;
#811 = CARTESIAN_POINT ( 'NONE',  ( 4.141623386164730469, 17.01705588638730049, 40.30000000000000426 ) ) ;
#812 = ORIENTED_EDGE ( 'NONE', *, *, #5272, .T. ) ;
#813 = PLANE ( 'NONE',  #619 ) ;
#814 = CARTESIAN_POINT ( 'NONE',  ( -17.63087773559611904, 25.89588108239666653, 23.10000000000000497 ) ) ;
#815 = VERTEX_POINT ( 'NONE', #6167 ) ;
#816 = ADVANCED_FACE ( 'NONE', ( #4888 ), #2554, .F. ) ;
#817 = VECTOR ( 'NONE', #1719, 1000.000000000000114 ) ;
#818 = ORIENTED_EDGE ( 'NONE', *, *, #4922, .T. ) ;
#819 = DIRECTION ( 'NONE',  ( -0.3983177095384179967, -0.9172475141792800768, 0.000000000000000000 ) ) ;
#820 = DIRECTION ( 'NONE',  ( 0.4999999999999998890, 0.8660254037844387076, 0.000000000000000000 ) ) ;
#821 = DIRECTION ( 'NONE',  ( -0.03489949670250098307, 0.000000000000000000, -0.9993908270190956511 ) ) ;
#822 = DIRECTION ( 'NONE',  ( 1.540743955509789709E-33, 0.9993908270190957621, 0.03489949670250108715 ) ) ;
#823 = ORIENTED_EDGE ( 'NONE', *, *, #7462, .T. ) ;
#824 = CARTESIAN_POINT ( 'NONE',  ( 4.090671940752160118, 17.43216810938569949, 41.30000000000000426 ) ) ;
#825 = ORIENTED_EDGE ( 'NONE', *, *, #7102, .T. ) ;
#826 = CARTESIAN_POINT ( 'NONE',  ( 10.86288546572460056, 13.51405283445859951, 40.30000000000000426 ) ) ;
#827 = ORIENTED_EDGE ( 'NONE', *, *, #7246, .T. ) ;
#828 = CARTESIAN_POINT ( 'NONE',  ( -2.488640183461189981, 11.40250024523310124, 41.30000000000000426 ) ) ;
#829 = CARTESIAN_POINT ( 'NONE',  ( -6.304334965571159799, 17.58001425048900401, 41.30000000000000426 ) ) ;
#830 = LINE ( 'NONE', #3239, #6656 ) ;
#831 = FACE_OUTER_BOUND ( 'NONE', #5512, .T. ) ;
#832 = VERTEX_POINT ( 'NONE', #1246 ) ;
#833 = FACE_OUTER_BOUND ( 'NONE', #7928, .T. ) ;
#834 = VERTEX_POINT ( 'NONE', #6080 ) ;
#835 = B_SPLINE_CURVE_WITH_KNOTS ( 'NONE', 3,
 ( #2380, #4850, #7310, #1777 ),
 .UNSPECIFIED., .F., .F.,
 ( 4, 4 ),
 ( -2.202396848452717659, 0.01029651723492142068 ),
 .UNSPECIFIED. ) ;
#836 = CARTESIAN_POINT ( 'NONE',  ( -6.179594395282149932, 15.89601457708779719, 40.30000000000000426 ) ) ;
#837 = CARTESIAN_POINT ( 'NONE',  ( -23.26499196367900169, 26.71801670705839982, 0.5211234696927148358 ) ) ;
#838 = ORIENTED_EDGE ( 'NONE', *, *, #2332, .T. ) ;
#839 = CIRCLE ( 'NONE', #1489, 1.500000000000001332 ) ;
#840 = DIRECTION ( 'NONE',  ( -2.168404344971007882E-16, -0.03489949670250172553, 0.9993908270190957621 ) ) ;
#841 = CARTESIAN_POINT ( 'NONE',  ( -0.6146047549404088928, -0.6146047549404088928, 41.30000000000000426 ) ) ;
#842 = ADVANCED_FACE ( 'NONE', ( #5552 ), #1937, .F. ) ;
#843 = EDGE_CURVE ( 'NONE', #2040, #1598, #7432, .T. ) ;
#844 = CARTESIAN_POINT ( 'NONE',  ( -7.569682328571920138, 17.17763678397260207, 40.30000000000000426 ) ) ;
#845 = AXIS2_PLACEMENT_3D ( 'NONE', #4644, #2819, #388 ) ;
#846 = CARTESIAN_POINT ( 'NONE',  ( -25.73006071357314894, 24.98905593444670714, -3.252606517456513302E-16 ) ) ;
#847 = CARTESIAN_POINT ( 'NONE',  ( 3.358446064208159942, 15.29864897262370071, 41.30000000000000426 ) ) ;
#848 = UNCERTAINTY_MEASURE_WITH_UNIT (LENGTH_MEASURE( 1.000000000000000082E-05 ), #628, 'distance_accuracy_value', 'NONE');
#849 = CIRCLE ( 'NONE', #457, 0.4999999999999995559 ) ;
#850 = CIRCLE ( 'NONE', #2551, 10.00000000000000000 ) ;
#851 = LINE ( 'NONE', #4466, #2556 ) ;
#852 = CARTESIAN_POINT ( 'NONE',  ( -25.28826701901265039, -25.80528729760254336, 22.62460493382372206 ) ) ;
#853 = ADVANCED_FACE ( 'NONE', ( #4250 ), #1289, .T. ) ;
#854 = CARTESIAN_POINT ( 'NONE',  ( 9.749674547341738773, 13.51967160868009898, 40.30000000000000426 ) ) ;
#855 = DIRECTION ( 'NONE',  ( 0.000000000000000000, 0.000000000000000000, -1.000000000000000000 ) ) ;
#856 = CARTESIAN_POINT ( 'NONE',  ( -24.69855854801517125, 24.42416331083171244, 23.09999999999999787 ) ) ;
#857 = B_SPLINE_SURFACE_WITH_KNOTS ( 'NONE', 3, 1, ( 
 ( #975, #2146 ),
 ( #2758, #3913 ),
 ( #166, #2643 ),
 ( #3383, #7027 ),
 ( #1461, #3989 ) ),
 .UNSPECIFIED., .F., .F., .F.,
 ( 4, 1, 4 ),
 ( 2, 2 ),
 ( 0.000000000000000000, 0.02419714495423919837, 0.05137750791128990052 ),
 ( 0.000000000000000000, 0.1000000000000000056 ),
 .UNSPECIFIED. ) ;
#858 = FACE_OUTER_BOUND ( 'NONE', #725, .T. ) ;
#859 = EDGE_LOOP ( 'NONE', ( #1693, #1755, #614, #3016, #3648, #7578, #7376, #1827 ) ) ;
#860 = EDGE_LOOP ( 'NONE', ( #2159, #6769, #5000, #4436 ) ) ;
#861 = CARTESIAN_POINT ( 'NONE',  ( 19.61615446778768046, -28.30808194701370439, 0.5188322034041320530 ) ) ;
#862 = LINE ( 'NONE', #3351, #1416 ) ;
#863 = CARTESIAN_POINT ( 'NONE',  ( -0.6199099161177559214, 15.38695147968959986, 41.30000000000000426 ) ) ;
#864 = PLANE ( 'NONE',  #3683 ) ;
#865 = EDGE_LOOP ( 'NONE', ( #2952, #665, #1023, #3079 ) ) ;
#866 = LINE ( 'NONE', #3355, #6114 ) ;
#867 = ORIENTED_EDGE ( 'NONE', *, *, #163, .F. ) ;
#868 = CARTESIAN_POINT ( 'NONE',  ( 10.63372686462870043, 13.50896311546799922, 41.30000000000000426 ) ) ;
#869 = VERTEX_POINT ( 'NONE', #877 ) ;
#870 = ADVANCED_FACE ( 'NONE', ( #5790, #4606 ), #278, .T. ) ;
#871 = CARTESIAN_POINT ( 'NONE',  ( 9.840481588686309067, 13.34985304738949985, 41.30000000000000426 ) ) ;
#872 = CARTESIAN_POINT ( 'NONE',  ( -6.359640276280909887, 17.57045269755629846, 41.30000000000000426 ) ) ;
#873 = CARTESIAN_POINT ( 'NONE',  ( -9.405142799513498630, 14.54746987057459862, 40.30000000000000426 ) ) ;
#874 = CARTESIAN_POINT ( 'NONE',  ( 26.37872546980019806, 16.40166822571531213, 23.10000000000000142 ) ) ;
#875 = EDGE_LOOP ( 'NONE', ( #7464, #4170, #1405, #3476, #3723, #2532, #5147, #3024 ) ) ;
#876 = CARTESIAN_POINT ( 'NONE',  ( -0.2419052285760780185, 9.131223326872829560, 41.30000000000000426 ) ) ;
#877 = CARTESIAN_POINT ( 'NONE',  ( 16.40166822571530858, 26.39557649590621224, 22.61744974835124466 ) ) ;
#878 = VERTEX_POINT ( 'NONE', #797 ) ;
#879 = CARTESIAN_POINT ( 'NONE',  ( 4.076735221874499437, 16.58999099842340286, 41.30000000000000426 ) ) ;
#880 = CARTESIAN_POINT ( 'NONE',  ( -6.242931402370629712, 17.57857501834079983, 41.30000000000000426 ) ) ;
#881 = EDGE_LOOP ( 'NONE', ( #1858, #6513, #1643, #85, #4433, #4192, #4112, #4402, #6109, #7165, #4202, #3314 ) ) ;
#882 = EDGE_CURVE ( 'NONE', #380, #3285, #3844, .T. ) ;
#883 = CARTESIAN_POINT ( 'NONE',  ( -21.50000000000000000, -21.49999999999999645, 0.5000000000000004441 ) ) ;
#884 = CARTESIAN_POINT ( 'NONE',  ( -10.91232585117759868, 14.12286966070220018, 40.30000000000000426 ) ) ;
#885 = AXIS2_PLACEMENT_3D ( 'NONE', #34, #123, #1911 ) ;
#886 = VERTEX_POINT ( 'NONE', #5193 ) ;
#887 = CARTESIAN_POINT ( 'NONE',  ( 6.881754689642439970, 16.86593862519769971, 40.30000000000000426 ) ) ;
#888 = FACE_OUTER_BOUND ( 'NONE', #313, .T. ) ;
#889 = AXIS2_PLACEMENT_3D ( 'NONE', #2340, #6652, #1735 ) ;
#890 = EDGE_CURVE ( 'NONE', #6933, #7608, #1364, .T. ) ;
#891 =( BOUNDED_CURVE ( )  B_SPLINE_CURVE ( 3, ( #2631, #716, #3196, #1366 ),
 .UNSPECIFIED., .F., .F. ) 
 B_SPLINE_CURVE_WITH_KNOTS ( ( 4, 4 ),
 ( 4.712388980384687898, 5.497787143782192132 ),
 .UNSPECIFIED. ) 
 CURVE ( )  GEOMETRIC_REPRESENTATION_ITEM ( )  RATIONAL_B_SPLINE_CURVE ( ( 1.000000000000000000, 0.9492530216741840166, 0.9492530216741840166, 1.000000000000000000 ) ) 
 REPRESENTATION_ITEM ( '' )  );
#892 = CARTESIAN_POINT ( 'NONE',  ( -7.028470480218760308, 15.60405525580270059, 40.30000000000000426 ) ) ;
#893 = CARTESIAN_POINT ( 'NONE',  ( -7.652994980072800324, 13.85476936622280064, 41.30000000000000426 ) ) ;
#894 = CARTESIAN_POINT ( 'NONE',  ( 10.32551870358700086, 12.95779116954750165, 40.30000000000000426 ) ) ;
#895 = VECTOR ( 'NONE', #3785, 1000.000000000000114 ) ;
#896 = DIRECTION ( 'NONE',  ( 0.8034859426560702067, -0.5953237270209262855, 0.000000000000000000 ) ) ;
#897 = CARTESIAN_POINT ( 'NONE',  ( 2.741024903035130134, 18.17531889708920190, 41.30000000000000426 ) ) ;
#898 = DIRECTION ( 'NONE',  ( 0.000000000000000000, 0.9993908270190957621, 0.03489949670250429292 ) ) ;
#899 = DIRECTION ( 'NONE',  ( 0.000000000000000000, 0.000000000000000000, -1.000000000000000000 ) ) ;
#900 = VECTOR ( 'NONE', #820, 1000.000000000000000 ) ;
#901 = CARTESIAN_POINT ( 'NONE',  ( 19.49999999999999289, -21.50000000000000000, 2.168404344971008868E-16 ) ) ;
#902 = CARTESIAN_POINT ( 'NONE',  ( -23.00000000000000355, -21.49999999999999645, 10.00000000000000000 ) ) ;
#903 = DIRECTION ( 'NONE',  ( 0.7071067811865477948, 0.7066760308408341906, 0.02467767077833641493 ) ) ;
#904 = DIRECTION ( 'NONE',  ( 0.000000000000000000, 0.000000000000000000, -1.000000000000000000 ) ) ;
#905 = ORIENTED_EDGE ( 'NONE', *, *, #7800, .F. ) ;
#906 = ORIENTED_EDGE ( 'NONE', *, *, #7542, .T. ) ;
#907 = ORIENTED_EDGE ( 'NONE', *, *, #1274, .T. ) ;
#908 = CARTESIAN_POINT ( 'NONE',  ( 3.718508343058140042, 15.65691698958100098, 41.30000000000000426 ) ) ;
#909 = ORIENTED_EDGE ( 'NONE', *, *, #1208, .T. ) ;
#910 = CARTESIAN_POINT ( 'NONE',  ( -10.80818981244120103, 16.00977375196730179, 41.30000000000000426 ) ) ;
#911 = DIRECTION ( 'NONE',  ( 0.000000000000000000, 0.000000000000000000, -1.000000000000000000 ) ) ;
#912 = CARTESIAN_POINT ( 'NONE',  ( 3.539286952336860193, 17.64370726485629959, 41.30000000000000426 ) ) ;
#913 = DIRECTION ( 'NONE',  ( 0.000000000000000000, 0.000000000000000000, -1.000000000000000000 ) ) ;
#914 = CARTESIAN_POINT ( 'NONE',  ( 25.36708019297843464, 22.81268118329282046, 23.10000000000230358 ) ) ;
#915 = ORIENTED_EDGE ( 'NONE', *, *, #7639, .T. ) ;
#916 = PLANE ( 'NONE',  #7866 ) ;
#917 = DIRECTION ( 'NONE',  ( 1.000000000000000000, 0.000000000000000000, 0.000000000000000000 ) ) ;
#918 = EDGE_CURVE ( 'NONE', #4725, #3431, #3936, .T. ) ;
#919 = ORIENTED_EDGE ( 'NONE', *, *, #1578, .F. ) ;
#920 = VECTOR ( 'NONE', #7219, 1000.000000000000227 ) ;
#921 = CARTESIAN_POINT ( 'NONE',  ( -6.014239584615969747, 17.51089922324050363, 40.30000000000000426 ) ) ;
#922 = ORIENTED_EDGE ( 'NONE', *, *, #3484, .F. ) ;
#923 = AXIS2_PLACEMENT_3D ( 'NONE', #3279, #911, #5705 ) ;
#924 = DIRECTION ( 'NONE',  ( -0.9835387144896844402, 0.1806975293134328864, 0.000000000000000000 ) ) ;
#925 = CARTESIAN_POINT ( 'NONE',  ( -3.658774962311160284, 18.65383751147630065, 41.30000000000000426 ) ) ;
#926 = B_SPLINE_SURFACE_WITH_KNOTS ( 'NONE', 3, 1, ( 
 ( #7972, #2455 ),
 ( #533, #2319 ),
 ( #7926, #4149 ),
 ( #3547, #4190 ),
 ( #2401, #4795 ) ),
 .UNSPECIFIED., .F., .F., .F.,
 ( 4, 1, 4 ),
 ( 2, 2 ),
 ( 0.000000000000000000, 0.02658188604401039851, 0.05652189259859519838 ),
 ( 0.000000000000000000, 0.1000000000000000056 ),
 .UNSPECIFIED. ) ;
#927 = ORIENTED_EDGE ( 'NONE', *, *, #3868, .F. ) ;
#928 = PLANE ( 'NONE',  #6789 ) ;
#929 = DIRECTION ( 'NONE',  ( -0.8034859426560688744, 0.5953237270209279508, 0.000000000000000000 ) ) ;
#930 = CARTESIAN_POINT ( 'NONE',  ( 1.924456384908819873, 18.32534035691259788, 40.30000000000000426 ) ) ;
#931 = DIRECTION ( 'NONE',  ( 0.000000000000000000, 0.000000000000000000, 1.000000000000000000 ) ) ;
#932 = CARTESIAN_POINT ( 'NONE',  ( -9.246960617351630773, 14.53064746097110138, 41.30000000000000426 ) ) ;
#933 = CIRCLE ( 'NONE', #6476, 20.95022005823249955 ) ;
#934 = CYLINDRICAL_SURFACE ( 'NONE', #6637, 1.500000000000001332 ) ;
#935 = CARTESIAN_POINT ( 'NONE',  ( 4.051052619698849888, 16.46660864229310306, 41.30000000000000426 ) ) ;
#936 = CARTESIAN_POINT ( 'NONE',  ( -26.03497940699897839, 23.77170054668428989, 22.62441709299364589 ) ) ;
#937 = CARTESIAN_POINT ( 'NONE',  ( -19.06978250117476748, 26.66763008816431935, -2.546507370912007023E-30 ) ) ;
#938 = DIRECTION ( 'NONE',  ( 0.000000000000000000, 0.000000000000000000, -1.000000000000000000 ) ) ;
#939 = CARTESIAN_POINT ( 'NONE',  ( 10.21383331014000007, 13.71035400205569843, 40.30000000000000426 ) ) ;
#940 = FACE_OUTER_BOUND ( 'NONE', #5962, .T. ) ;
#941 = CARTESIAN_POINT ( 'NONE',  ( 10.99663645060210015, 13.08155772447939924, 40.30000000000000426 ) ) ;
#942 = ORIENTED_EDGE ( 'NONE', *, *, #310, .F. ) ;
#943 = DIRECTION ( 'NONE',  ( 0.000000000000000000, 1.000000000000000000, -0.000000000000000000 ) ) ;
#944 = VERTEX_POINT ( 'NONE', #4452 ) ;
#945 = ORIENTED_EDGE ( 'NONE', *, *, #5344, .T. ) ;
#946 = CARTESIAN_POINT ( 'NONE',  ( 10.57434546443830037, 13.52221266803760003, 40.30000000000000426 ) ) ;
#947 = EDGE_LOOP ( 'NONE', ( #6439, #5919, #496, #2301 ) ) ;
#948 = EDGE_CURVE ( 'NONE', #2276, #2472, #5616, .T. ) ;
#949 = VECTOR ( 'NONE', #6842, 1000.000000000000000 ) ;
#950 = CARTESIAN_POINT ( 'NONE',  ( 5.338394301825280408, 27.80253651785229962, -0.07263636767417129547 ) ) ;
#951 = DIRECTION ( 'NONE',  ( 0.000000000000000000, 0.000000000000000000, 1.000000000000000000 ) ) ;
#952 = CARTESIAN_POINT ( 'NONE',  ( 23.68188121984116634, -26.78351115652451853, 1.301042606982604729E-15 ) ) ;
#953 = CARTESIAN_POINT ( 'NONE',  ( 16.40166822571530858, 26.39557649590621224, 22.61744974835124466 ) ) ;
#954 = ORIENTED_EDGE ( 'NONE', *, *, #4673, .F. ) ;
#955 = CARTESIAN_POINT ( 'NONE',  ( 7.143826655857549390, 8.208846515376860609, 41.30000000000000426 ) ) ;
#956 = CARTESIAN_POINT ( 'NONE',  ( 11.10732039076779998, 13.11281471274849864, 40.30000000000000426 ) ) ;
#957 = VERTEX_POINT ( 'NONE', #3973 ) ;
#958 = CARTESIAN_POINT ( 'NONE',  ( 26.66763008816431935, -18.42069648474938859, 0.000000000000000000 ) ) ;
#959 = VECTOR ( 'NONE', #3797, 1000.000000000000114 ) ;
#960 = LINE ( 'NONE', #3444, #6027 ) ;
#961 = ORIENTED_EDGE ( 'NONE', *, *, #3874, .F. ) ;
#962 = CARTESIAN_POINT ( 'NONE',  ( -9.623926775238519582, 15.55835804745319884, 40.30000000000000426 ) ) ;
#963 = EDGE_CURVE ( 'NONE', #3880, #5695, #5709, .T. ) ;
#964 = LINE ( 'NONE', #4579, #5299 ) ;
#965 = ORIENTED_EDGE ( 'NONE', *, *, #174, .T. ) ;
#966 = ADVANCED_FACE ( 'NONE', ( #833 ), #5807, .F. ) ;
#967 = CARTESIAN_POINT ( 'NONE',  ( 26.15886256554536970, 23.59407911171873096, 0.5232597686275187732 ) ) ;
#968 = EDGE_LOOP ( 'NONE', ( #7224, #4937, #3964 ) ) ;
#969 = DIRECTION ( 'NONE',  ( 0.000000000000000000, 0.000000000000000000, -1.000000000000000000 ) ) ;
#970 = CARTESIAN_POINT ( 'NONE',  ( 3.348190730664520220, 15.95691518804629894, 41.30000000000000426 ) ) ;
#971 = CARTESIAN_POINT ( 'NONE',  ( 26.74373981868931338, -23.16115242931959983, 0.5209558768294993980 ) ) ;
#972 = AXIS2_PLACEMENT_3D ( 'NONE', #4989, #7414, #5063 ) ;
#974 = ADVANCED_FACE ( 'NONE', ( #6328 ), #4743, .F. ) ;
#973 = CARTESIAN_POINT ( 'NONE',  ( 3.530325456679110019, 15.45240078051609878, 41.30000000000000426 ) ) ;
#975 = CARTESIAN_POINT ( 'NONE',  ( 3.063672018094139915, 15.64736861108340094, 41.30000000000000426 ) ) ;
#976 = CARTESIAN_POINT ( 'NONE',  ( -26.60842716913457551, 22.83955570096633281, 22.62333762482289856 ) ) ;
#977 = CARTESIAN_POINT ( 'NONE',  ( 4.090671940752160118, 17.43216810938569949, 41.30000000000000426 ) ) ;
#978 = AXIS2_PLACEMENT_3D ( 'NONE', #6705, #3660, #523 ) ;
#979 = CARTESIAN_POINT ( 'NONE',  ( -5.250628551217629614, 17.19109523605380119, 41.30000000000000426 ) ) ;
#980 = CARTESIAN_POINT ( 'NONE',  ( -6.242931402370629712, 17.57857501834079983, 41.30000000000000426 ) ) ;
#981 = CARTESIAN_POINT ( 'NONE',  ( -5.286458531868709620, 17.32921775743540138, 41.30000000000000426 ) ) ;
#982 = VECTOR ( 'NONE', #2871, 1000.000000000000000 ) ;
#983 = ORIENTED_EDGE ( 'NONE', *, *, #7161, .F. ) ;
#984 = FACE_OUTER_BOUND ( 'NONE', #1883, .T. ) ;
#985 = CARTESIAN_POINT ( 'NONE',  ( 24.78711506529613118, -24.98700705174855230, 23.09999999999971010 ) ) ;
#986 = ORIENTED_EDGE ( 'NONE', *, *, #6823, .T. ) ;
#987 = B_SPLINE_SURFACE_WITH_KNOTS ( 'NONE', 3, 1, ( 
 ( #3151, #3032 ),
 ( #6692, #1115 ),
 ( #510, #2989 ),
 ( #549, #1814 ),
 ( #5432, #1201 ) ),
 .UNSPECIFIED., .F., .F., .F.,
 ( 4, 1, 4 ),
 ( 2, 2 ),
 ( 0.000000000000000000, 0.01794880335925769926, 0.03484410743618390066 ),
 ( 0.000000000000000000, 0.1000000000000000056 ),
 .UNSPECIFIED. ) ;
#988 = VECTOR ( 'NONE', #4708, 1000.000000000000114 ) ;
#989 = DIRECTION ( 'NONE',  ( 0.8478911321297500914, 0.5301703764411311859, 0.000000000000000000 ) ) ;
#990 = DIRECTION ( 'NONE',  ( 1.000000000000000000, 0.000000000000000000, 0.000000000000000000 ) ) ;
#991 = B_SPLINE_CURVE_WITH_KNOTS ( 'NONE', 3,
 ( #1045, #1700, #3535, #4299, #2955 ),
 .UNSPECIFIED., .F., .F.,
 ( 4, 1, 4 ),
 ( 0.000000000000000000, 0.02307142434048009907, 0.04579996723221419624 ),
 .UNSPECIFIED. ) ;
#992 = CARTESIAN_POINT ( 'NONE',  ( 4.838394301825280408, 32.78204090459649223, 0.6015565293478819520 ) ) ;
#993 = CARTESIAN_POINT ( 'NONE',  ( -5.916979979357109620, 17.97328504378209857, 41.30000000000000426 ) ) ;
#994 = VERTEX_POINT ( 'NONE', #5164 ) ;
#995 = CARTESIAN_POINT ( 'NONE',  ( -26.71416263690062465, -22.27040460315833315, 23.10000000000000497 ) ) ;
#996 = LINE ( 'NONE', #5237, #7437 ) ;
#997 = ORIENTED_EDGE ( 'NONE', *, *, #5205, .F. ) ;
#998 = CARTESIAN_POINT ( 'NONE',  ( -28.28233235607658358, 19.97482992889988296, 0.5190886015483877625 ) ) ;
#999 = LINE ( 'NONE', #1573, #7365 ) ;
#1000 = CARTESIAN_POINT ( 'NONE',  ( -0.6146047549404088928, -0.6146047549404088928, 41.30000000000000426 ) ) ;
#1001 = ORIENTED_EDGE ( 'NONE', *, *, #2539, .T. ) ;
#1002 = CARTESIAN_POINT ( 'NONE',  ( 24.84764674565474607, 25.36744761229213196, -1.078287529385048942E-13 ) ) ;
#1003 = VERTEX_POINT ( 'NONE', #7631 ) ;
#1004 = CARTESIAN_POINT ( 'NONE',  ( -21.11669539934048956, -28.31006991786046356, 2.149725508138879147E-13 ) ) ;
#1005 = CARTESIAN_POINT ( 'NONE',  ( 4.249650233759119544, 14.71656908516860085, 41.30000000000000426 ) ) ;
#1006 = B_SPLINE_CURVE_WITH_KNOTS ( 'NONE', 3,
 ( #6470, #939, #7615, #5852, #335 ),
 .UNSPECIFIED., .F., .F.,
 ( 4, 1, 4 ),
 ( 0.000000000000000000, 0.02833713107237060061, 0.05024488735256919802 ),
 .UNSPECIFIED. ) ;
#1007 = LINE ( 'NONE', #4213, #6533 ) ;
#1008 = CARTESIAN_POINT ( 'NONE',  ( 3.394733980665269879, 16.03561544270720063, 41.30000000000000426 ) ) ;
#1009 = CARTESIAN_POINT ( 'NONE',  ( 26.76497300153099346, -23.16655169549403936, 1.017540586876202077E-12 ) ) ;
#1010 = CARTESIAN_POINT ( 'NONE',  ( 23.49999999999999645, 21.49999999999999645, 2.168404344971008868E-16 ) ) ;
#1011 = FACE_OUTER_BOUND ( 'NONE', #6517, .T. ) ;
#1012 = B_SPLINE_SURFACE_WITH_KNOTS ( 'NONE', 3, 1, ( 
 ( #6235, #6882 ),
 ( #6154, #740 ),
 ( #3226, #4319 ),
 ( #2616, #2000 ),
 ( #1886, #1192 ) ),
 .UNSPECIFIED., .F., .F., .F.,
 ( 4, 1, 4 ),
 ( 2, 2 ),
 ( 0.000000000000000000, 0.02952255406054889869, 0.05754954794885040054 ),
 ( 0.000000000000000000, 0.1000000000000000056 ),
 .UNSPECIFIED. ) ;
#1013 = AXIS2_PLACEMENT_3D ( 'NONE', #5567, #1374, #5054 ) ;
#1014 = LINE ( 'NONE', #2311, #6143 ) ;
#1015 = VECTOR ( 'NONE', #4446, 1000.000000000000000 ) ;
#1016 = DIRECTION ( 'NONE',  ( 0.5301703764411311859, -0.8478911321297500914, 0.000000000000000000 ) ) ;
#1017 = CARTESIAN_POINT ( 'NONE',  ( -6.639229152579590121, 17.49805147957830087, 41.30000000000000426 ) ) ;
#1018 = PLANE ( 'NONE',  #5092 ) ;
#1019 = ADVANCED_FACE ( 'NONE', ( #2099 ), #4573, .F. ) ;
#1020 = ORIENTED_EDGE ( 'NONE', *, *, #5536, .F. ) ;
#1021 = DIRECTION ( 'NONE',  ( -1.000000000000000000, 3.874622478694609500E-17, -1.109546706755779999E-15 ) ) ;
#1022 = VECTOR ( 'NONE', #3009, 1000.000000000000114 ) ;
#1023 = ORIENTED_EDGE ( 'NONE', *, *, #6222, .T. ) ;
#1024 = CARTESIAN_POINT ( 'NONE',  ( 24.05672825038118390, -25.82526453300809521, 22.62466712875874819 ) ) ;
#1025 = VERTEX_POINT ( 'NONE', #5042 ) ;
#1026 = CARTESIAN_POINT ( 'NONE',  ( 3.333170871578770011, 18.43549456033489875, 41.30000000000000426 ) ) ;
#1027 = CARTESIAN_POINT ( 'NONE',  ( -9.514966304213819726, 14.53646454633070029, 41.30000000000000426 ) ) ;
#1028 = CARTESIAN_POINT ( 'NONE',  ( -28.19376379971351199, -21.88705600836069465, 0.5196883081615658595 ) ) ;
#1029 = CARTESIAN_POINT ( 'NONE',  ( -9.945101936153649902, 15.83705343478760241, 41.30000000000000426 ) ) ;
#1030 = VERTEX_POINT ( 'NONE', #150 ) ;
#1031 = CARTESIAN_POINT ( 'NONE',  ( -6.307153727361160200, 16.28891728678519968, 40.30000000000000426 ) ) ;
#1032 = EDGE_CURVE ( 'NONE', #7297, #3508, #7671, .T. ) ;
#1033 = ORIENTED_EDGE ( 'NONE', *, *, #3654, .F. ) ;
#1034 = CARTESIAN_POINT ( 'NONE',  ( -26.56594419006341568, 24.85760234833583837, 0.5246603495796734462 ) ) ;
#1035 = EDGE_LOOP ( 'NONE', ( #7756, #2804, #4493, #2210 ) ) ;
#1036 = CARTESIAN_POINT ( 'NONE',  ( 2.176251966430319928, 15.56038403730719999, 40.30000000000000426 ) ) ;
#1037 = CARTESIAN_POINT ( 'NONE',  ( -9.561932364724301081, 15.29105642752720051, 40.30000000000000426 ) ) ;
#1038 = ORIENTED_EDGE ( 'NONE', *, *, #2997, .T. ) ;
#1039 = EDGE_CURVE ( 'NONE', #7294, #5793, #7507, .T. ) ;
#1040 = CARTESIAN_POINT ( 'NONE',  ( 27.16997148403904916, 18.52615844560063252, 1.067913900721760341E-13 ) ) ;
#1041 = ORIENTED_EDGE ( 'NONE', *, *, #3727, .T. ) ;
#1042 = FACE_BOUND ( 'NONE', #7307, .T. ) ;
#1043 = VECTOR ( 'NONE', #4342, 1000.000000000000000 ) ;
#1044 = CARTESIAN_POINT ( 'NONE',  ( 9.783936221264049493, 13.55133256308380041, 40.30000000000000426 ) ) ;
#1045 = CARTESIAN_POINT ( 'NONE',  ( 11.18052965830619883, 13.72677483979160051, 40.30000000000000426 ) ) ;
#1046 = CARTESIAN_POINT ( 'NONE',  ( 22.83409237083979093, -0.6146047549404045629, 38.88724874175630219 ) ) ;
#1047 = DIRECTION ( 'NONE',  ( -0.5953237270209280618, -0.8034859426560689855, 0.000000000000000000 ) ) ;
#1048 = DIRECTION ( 'NONE',  ( -2.773866766889439644E-16, 0.000000000000000000, 1.000000000000000000 ) ) ;
#1049 = EDGE_CURVE ( 'NONE', #5729, #869, #3441, .T. ) ;
#1050 = PLANE ( 'NONE',  #5113 ) ;
#1051 = CARTESIAN_POINT ( 'NONE',  ( -24.60907224403425531, 25.70700771161255105, 6.505213034913027590E-16 ) ) ;
#1052 = CARTESIAN_POINT ( 'NONE',  ( 6.895158126615839933, 16.33704649284770127, 40.30000000000000426 ) ) ;
#1053 = DIRECTION ( 'NONE',  ( 1.000000000000000000, 1.248323409520918280E-16, 0.000000000000000000 ) ) ;
#1054 = LINE ( 'NONE', #4109, #6443 ) ;
#1055 = CARTESIAN_POINT ( 'NONE',  ( -18.40262674136366883, -27.89683959804511915, 0.000000000000000000 ) ) ;
#1056 = CARTESIAN_POINT ( 'NONE',  ( 2.153277872611869981, 15.14466350712690002, 40.30000000000000426 ) ) ;
#1057 = CARTESIAN_POINT ( 'NONE',  ( -9.524535151325238758, 14.17039709032979999, 41.30000000000000426 ) ) ;
#1058 = EDGE_LOOP ( 'NONE', ( #647, #6186 ) ) ;
#1059 = DIRECTION ( 'NONE',  ( -0.7071067811865470176, 0.7066760308408351898, 0.02467767077833558226 ) ) ;
#1060 = EDGE_CURVE ( 'NONE', #2047, #4456, #2936, .T. ) ;
#1061 = ORIENTED_EDGE ( 'NONE', *, *, #4093, .T. ) ;
#1062 = CARTESIAN_POINT ( 'NONE',  ( -5.180126546643889718, 16.91931405009639633, 40.30000000000000426 ) ) ;
#1063 = CARTESIAN_POINT ( 'NONE',  ( 21.04119448763808720, -26.71416287523988586, 23.09999999999998721 ) ) ;
#1064 = ORIENTED_EDGE ( 'NONE', *, *, #3077, .F. ) ;
#1065 = CARTESIAN_POINT ( 'NONE',  ( -21.50000000000000000, 21.50000000000000355, 0.5000000000000004441 ) ) ;
#1066 = CARTESIAN_POINT ( 'NONE',  ( -9.698101032201870808, 15.67062387247539945, 40.30000000000000426 ) ) ;
#1067 = CARTESIAN_POINT ( 'NONE',  ( -26.80418392921256654, -25.79729121959280391, 0.5244713303653945058 ) ) ;
#1068 = CARTESIAN_POINT ( 'NONE',  ( -9.698101032201870808, 15.67062387247539945, 41.30000000000000426 ) ) ;
#1069 = ORIENTED_EDGE ( 'NONE', *, *, #2757, .F. ) ;
#1070 = LINE ( 'NONE', #2776, #6429 ) ;
#1071 = ORIENTED_EDGE ( 'NONE', *, *, #2965, .T. ) ;
#1072 = PRESENTATION_STYLE_ASSIGNMENT (( #5350 ) ) ;
#1073 = CIRCLE ( 'NONE', #688, 2.000000000000001776 ) ;
#1074 = CARTESIAN_POINT ( 'NONE',  ( 9.879598326027370092, 12.54584693414930108, 40.30000000000000426 ) ) ;
#1075 = CARTESIAN_POINT ( 'NONE',  ( 9.796025658333210373, 13.45792189472430067, 41.30000000000000426 ) ) ;
#1076 = ORIENTED_EDGE ( 'NONE', *, *, #5545, .T. ) ;
#1077 = AXIS2_PLACEMENT_3D ( 'NONE', #4560, #5694, #6356 ) ;
#1078 = FACE_OUTER_BOUND ( 'NONE', #5522, .T. ) ;
#1079 = ORIENTED_EDGE ( 'NONE', *, *, #7446, .T. ) ;
#1080 = VECTOR ( 'NONE', #6150, 1000.000000000000114 ) ;
#1081 = DIRECTION ( 'NONE',  ( 0.000000000000000000, 0.000000000000000000, -1.000000000000000000 ) ) ;
#1082 = CARTESIAN_POINT ( 'NONE',  ( -5.989415184884140153, 17.98816522621750025, 40.30000000000000426 ) ) ;
#1083 = CARTESIAN_POINT ( 'NONE',  ( -9.576203527604580046, 14.53032801389129958, 41.30000000000000426 ) ) ;
#1084 = CARTESIAN_POINT ( 'NONE',  ( 26.17293540450525668, -24.85134803289464145, -1.825361118118727956E-13 ) ) ;
#1085 = EDGE_CURVE ( 'NONE', #7527, #3246, #996, .T. ) ;
#1086 = CARTESIAN_POINT ( 'NONE',  ( 23.75779548062829960, 24.78711254079048842, 23.09999999999913456 ) ) ;
#1087 = CARTESIAN_POINT ( 'NONE',  ( -10.01672806291900031, 14.19011401372779879, 41.30000000000000426 ) ) ;
#1088 = CARTESIAN_POINT ( 'NONE',  ( -0.6146047549404088928, -0.6146047549404088928, 38.80000000000000426 ) ) ;
#1089 = VECTOR ( 'NONE', #896, 1000.000000000000114 ) ;
#1090 = CARTESIAN_POINT ( 'NONE',  ( 10.35720781245700017, 12.35489637887460113, 41.30000000000000426 ) ) ;
#1091 = CARTESIAN_POINT ( 'NONE',  ( 10.20483515505999783, 13.26411857137959949, 41.30000000000000426 ) ) ;
#1092 = LINE ( 'NONE', #2396, #466 ) ;
#1093 = CARTESIAN_POINT ( 'NONE',  ( -18.40262674136376120, 26.66763008816431579, 0.000000000000000000 ) ) ;
#1094 = DIRECTION ( 'NONE',  ( 2.168404344971006896E-16, -1.000000000000000000, 0.000000000000000000 ) ) ;
#1095 = ORIENTED_EDGE ( 'NONE', *, *, #5278, .F. ) ;
#1096 = CARTESIAN_POINT ( 'NONE',  ( -9.514966304213819726, 14.53646454633070029, 41.30000000000000426 ) ) ;
#1097 = ORIENTED_EDGE ( 'NONE', *, *, #7485, .F. ) ;
#1098 = DIRECTION ( 'NONE',  ( -0.7071067811865475727, -0.02467767077833636288, 0.7066760308408345237 ) ) ;
#1099 = AXIS2_PLACEMENT_3D ( 'NONE', #3809, #4381, #4935 ) ;
#1100 = VECTOR ( 'NONE', #3915, 1000.000000000000000 ) ;
#1101 = FACE_OUTER_BOUND ( 'NONE', #13, .T. ) ;
#1102 = DIRECTION ( 'NONE',  ( 0.000000000000000000, 0.6819983600624981435, 0.7313537016191709039 ) ) ;
#1103 = AXIS2_PLACEMENT_3D ( 'NONE', #440, #4105, #6584 ) ;
#1104 = CARTESIAN_POINT ( 'NONE',  ( -19.80567892932045027, -28.37107408647448636, 0.5181531295751307109 ) ) ;
#1105 = CARTESIAN_POINT ( 'NONE',  ( 3.158296623045659945, 15.19790552043070164, 40.30000000000000426 ) ) ;
#1106 = ORIENTED_EDGE ( 'NONE', *, *, #7196, .F. ) ;
#1107 = DIRECTION ( 'NONE',  ( 0.9456324196049407105, 0.3252373394801179596, 0.000000000000000000 ) ) ;
#1108 = ORIENTED_EDGE ( 'NONE', *, *, #4670, .F. ) ;
#1109 = ORIENTED_EDGE ( 'NONE', *, *, #7558, .T. ) ;
#1110 = VECTOR ( 'NONE', #6383, 1000.000000000000000 ) ;
#1111 = CARTESIAN_POINT ( 'NONE',  ( -0.6146047549404088928, -0.6146047549404088928, 23.09999999999999787 ) ) ;
#1112 = PLANE ( 'NONE',  #6854 ) ;
#1113 = VECTOR ( 'NONE', #7888, 1000.000000000000000 ) ;
#1114 = ORIENTED_EDGE ( 'NONE', *, *, #7571, .F. ) ;
#1115 = CARTESIAN_POINT ( 'NONE',  ( -9.647271237037660541, 15.01904708450610038, 40.30000000000000426 ) ) ;
#1116 = CARTESIAN_POINT ( 'NONE',  ( 25.38745802687883923, 24.84547661483546577, 5.852123772499913915E-13 ) ) ;
#1117 = VERTEX_POINT ( 'NONE', #1567 ) ;
#1118 = CARTESIAN_POINT ( 'NONE',  ( 23.86823963246312630, -0.6146047549404088928, 23.59999999999999787 ) ) ;
#1119 = VERTEX_POINT ( 'NONE', #3058 ) ;
#1120 = EDGE_CURVE ( 'NONE', #7372, #5008, #4681, .T. ) ;
#1121 = DIRECTION ( 'NONE',  ( 0.000000000000000000, 0.000000000000000000, -1.000000000000000000 ) ) ;
#1122 = CARTESIAN_POINT ( 'NONE',  ( 21.94278304748646846, -26.99165789601751797, 22.62202743914984282 ) ) ;
#1123 = CARTESIAN_POINT ( 'NONE',  ( 10.59216296427360149, 13.06779319703839803, 40.30000000000000426 ) ) ;
#1124 = CARTESIAN_POINT ( 'NONE',  ( 19.11155032155233258, 26.27123437493427716, 23.10000000000924913 ) ) ;
#1125 = CARTESIAN_POINT ( 'NONE',  ( 10.91810447372070136, 13.52899262533779989, 40.30000000000000426 ) ) ;
#1126 = FACE_OUTER_BOUND ( 'NONE', #4060, .T. ) ;
#1127 = CARTESIAN_POINT ( 'NONE',  ( -27.89683959945116598, 17.84162228721641696, -3.252606517456513302E-16 ) ) ;
#1128 = CARTESIAN_POINT ( 'NONE',  ( 17.73004780292669835, -27.60629652261170008, 23.14691927163010376 ) ) ;
#1129 = CARTESIAN_POINT ( 'NONE',  ( -17.88812740418526204, -27.88203567437626518, 15.25078308168457752 ) ) ;
#1130 = CARTESIAN_POINT ( 'NONE',  ( -0.6146047549404088928, -0.6146047549404088928, 41.30000000000000426 ) ) ;
#1131 = CARTESIAN_POINT ( 'NONE',  ( -27.60629652261170008, 17.73004780292669835, 23.14691927163010376 ) ) ;
#1132 = VECTOR ( 'NONE', #2062, 1000.000000000000000 ) ;
#1133 = CARTESIAN_POINT ( 'NONE',  ( -4.161605698174719592, 32.22999624603319546, 2.083193021525270083 ) ) ;
#1134 = CARTESIAN_POINT ( 'NONE',  ( -9.906066169953589906, 14.22069020945520101, 40.30000000000000426 ) ) ;
#1135 = VERTEX_POINT ( 'NONE', #1839 ) ;
#1136 = CARTESIAN_POINT ( 'NONE',  ( 10.91645983803849873, 14.62961564616669996, 41.30000000000000426 ) ) ;
#1137 = FACE_OUTER_BOUND ( 'NONE', #7858, .T. ) ;
#1138 = ORIENTED_EDGE ( 'NONE', *, *, #115, .F. ) ;
#1139 = CARTESIAN_POINT ( 'NONE',  ( -21.50000000000000000, 21.50000000000000355, 0.5000000000000004441 ) ) ;
#1140 = EDGE_CURVE ( 'NONE', #6474, #5670, #606, .T. ) ;
#1141 = ORIENTED_EDGE ( 'NONE', *, *, #4160, .F. ) ;
#1142 = VECTOR ( 'NONE', #5462, 1000.000000000000000 ) ;
#1143 =( BOUNDED_CURVE ( )  B_SPLINE_CURVE ( 3, ( #4674, #7822, #1600, #6598 ),
 .UNSPECIFIED., .F., .F. ) 
 B_SPLINE_CURVE_WITH_KNOTS ( ( 4, 4 ),
 ( 5.497787143782192132, 6.283185307179586232 ),
 .UNSPECIFIED. ) 
 CURVE ( )  GEOMETRIC_REPRESENTATION_ITEM ( )  RATIONAL_B_SPLINE_CURVE ( ( 1.000000000000000000, 0.9492530216741981164, 0.9492530216741981164, 1.000000000000000000 ) ) 
 REPRESENTATION_ITEM ( '' )  );
#1144 = CARTESIAN_POINT ( 'NONE',  ( 26.12066968132222300, 23.67233818881691931, 0.5233710276411118745 ) ) ;
#1145 = DIRECTION ( 'NONE',  ( 0.000000000000000000, 0.000000000000000000, -1.000000000000000000 ) ) ;
#1146 = CARTESIAN_POINT ( 'NONE',  ( 6.881754689642439970, 16.86593862519769971, 41.30000000000000426 ) ) ;
#1147 = CARTESIAN_POINT ( 'NONE',  ( 26.37818269969399410, 17.80317636269764492, 22.61811680705011440 ) ) ;
#1148 = ORIENTED_EDGE ( 'NONE', *, *, #3920, .F. ) ;
#1149 = AXIS2_PLACEMENT_3D ( 'NONE', #2087, #1388, #3884 ) ;
#1150 = VERTEX_POINT ( 'NONE', #2456 ) ;
#1151 = LINE ( 'NONE', #3638, #6137 ) ;
#1152 = EDGE_CURVE ( 'NONE', #801, #465, #30, .T. ) ;
#1153 = CARTESIAN_POINT ( 'NONE',  ( -25.79728935454640038, 25.57497319553344539, 0.5244713337923603280 ) ) ;
#1154 = EDGE_LOOP ( 'NONE', ( #3022, #6246, #6415, #6913 ) ) ;
#1155 = CARTESIAN_POINT ( 'NONE',  ( -10.10875181893059960, 15.85710079869119937, 41.30000000000000426 ) ) ;
#1156 = AXIS2_PLACEMENT_3D ( 'NONE', #29, #5633, #5047 ) ;
#1157 = FACE_OUTER_BOUND ( 'NONE', #3647, .T. ) ;
#1158 = ADVANCED_FACE ( 'NONE', ( #7891 ), #2403, .T. ) ;
#1159 = ORIENTED_EDGE ( 'NONE', *, *, #7133, .F. ) ;
#1160 = CARTESIAN_POINT ( 'NONE',  ( -10.02035504606229921, 15.85758553957709793, 41.30000000000000426 ) ) ;
#1161 = EDGE_CURVE ( 'NONE', #4563, #878, #7933, .T. ) ;
#1162 = CARTESIAN_POINT ( 'NONE',  ( -9.116765600404749037, 15.20054778791569916, 41.30000000000000426 ) ) ;
#1163 = ORIENTED_EDGE ( 'NONE', *, *, #3114, .F. ) ;
#1164 = ORIENTED_EDGE ( 'NONE', *, *, #6581, .T. ) ;
#1165 = CARTESIAN_POINT ( 'NONE',  ( 9.098265018586578989, 14.03646317651399933, 41.30000000000000426 ) ) ;
#1166 = ORIENTED_EDGE ( 'NONE', *, *, #2539, .F. ) ;
#1167 = EDGE_CURVE ( 'NONE', #576, #7949, #2066, .T. ) ;
#1168 = LINE ( 'NONE', #556, #3111 ) ;
#1169 = PLANE ( 'NONE',  #4024 ) ;
#1170 = CARTESIAN_POINT ( 'NONE',  ( 25.94593169764788954, -22.50120624965184390, 22.62109165950551670 ) ) ;
#1171 = EDGE_CURVE ( 'NONE', #4679, #6651, #6974, .T. ) ;
#1172 = CARTESIAN_POINT ( 'NONE',  ( -9.251848160358719042, 14.81904947159610053, 41.30000000000000426 ) ) ;
#1173 = CARTESIAN_POINT ( 'NONE',  ( 24.55434080675670572, -26.84802579168163561, 0.000000000000000000 ) ) ;
#1174 = CARTESIAN_POINT ( 'NONE',  ( 21.69563138973967042, 25.32050514126240159, 23.09999999999998010 ) ) ;
#1175 = FACE_OUTER_BOUND ( 'NONE', #7925, .T. ) ;
#1176 = ADVANCED_FACE ( 'NONE', ( #1137 ), #2263, .T. ) ;
#1177 = FACE_OUTER_BOUND ( 'NONE', #3760, .T. ) ;
#1178 = CARTESIAN_POINT ( 'NONE',  ( 20.14543201067930056, -27.74226662784749919, 15.44831746454379839 ) ) ;
#1179 = VECTOR ( 'NONE', #5134, 1000.000000000000114 ) ;
#1180 = EDGE_CURVE ( 'NONE', #5759, #7006, #4915, .T. ) ;
#1181 = ADVANCED_FACE ( 'NONE', ( #5495 ), #315, .T. ) ;
#1182 = DIRECTION ( 'NONE',  ( 0.000000000000000000, 0.000000000000000000, -1.000000000000000000 ) ) ;
#1183 = CARTESIAN_POINT ( 'NONE',  ( -27.89683959804512270, -19.06978257929433340, -1.744036560750660970E-30 ) ) ;
#1184 = LINE ( 'NONE', #1221, #7920 ) ;
#1185 = CARTESIAN_POINT ( 'NONE',  ( -9.875672825965390089, 12.46497071683210045, 41.30000000000000426 ) ) ;
#1186 = CARTESIAN_POINT ( 'NONE',  ( -9.828844049803869609, 14.22192126442709892, 40.30000000000000426 ) ) ;
#1187 = ORIENTED_EDGE ( 'NONE', *, *, #2693, .F. ) ;
#1188 = CARTESIAN_POINT ( 'NONE',  ( -6.502344391915230837, 17.54578105322720205, 40.30000000000000426 ) ) ;
#1189 = CARTESIAN_POINT ( 'NONE',  ( 11.56418602371990012, 13.44251381513900157, 40.30000000000000426 ) ) ;
#1190 = ORIENTED_EDGE ( 'NONE', *, *, #7665, .T. ) ;
#1191 = CARTESIAN_POINT ( 'NONE',  ( -9.571378679286070223, 15.45930379082989958, 41.30000000000000426 ) ) ;
#1192 = CARTESIAN_POINT ( 'NONE',  ( 3.792725247001820232, 18.09618653913380015, 40.30000000000000426 ) ) ;
#1193 = CARTESIAN_POINT ( 'NONE',  ( -26.08681400464839228, -26.56594635217961198, 0.5246603509301075441 ) ) ;
#1194 = DIRECTION ( 'NONE',  ( -0.3252373394801179041, 0.9456324196049407105, 0.000000000000000000 ) ) ;
#1195 = VERTEX_POINT ( 'NONE', #4316 ) ;
#1196 = DIRECTION ( 'NONE',  ( 0.000000000000000000, 0.000000000000000000, -1.000000000000000000 ) ) ;
#1197 = ORIENTED_EDGE ( 'NONE', *, *, #2287, .F. ) ;
#1198 = CARTESIAN_POINT ( 'NONE',  ( -9.828844049803869609, 14.22192126442709892, 40.30000000000000426 ) ) ;
#1199 = CARTESIAN_POINT ( 'NONE',  ( 21.49999999999999645, -21.50000000000000000, 0.5000000000000004441 ) ) ;
#1200 = ORIENTED_EDGE ( 'NONE', *, *, #3632, .F. ) ;
#1201 = CARTESIAN_POINT ( 'NONE',  ( -9.561932364724301081, 15.29105642752720051, 40.30000000000000426 ) ) ;
#1202 = DIRECTION ( 'NONE',  ( -1.000000000000000000, -1.224646799147351235E-16, 0.000000000000000000 ) ) ;
#1203 = VERTEX_POINT ( 'NONE', #1226 ) ;
#1204 = VECTOR ( 'NONE', #8, 1000.000000000000114 ) ;
#1205 = FACE_BOUND ( 'NONE', #5355, .T. ) ;
#1206 = ORIENTED_EDGE ( 'NONE', *, *, #1274, .F. ) ;
#1207 = ORIENTED_EDGE ( 'NONE', *, *, #4649, .T. ) ;
#1208 = EDGE_CURVE ( 'NONE', #4832, #7351, #5828, .T. ) ;
#1209 = CARTESIAN_POINT ( 'NONE',  ( -9.846497049435791737, 14.79261095727319919, 40.30000000000000426 ) ) ;
#1210 = CARTESIAN_POINT ( 'NONE',  ( -0.6146047549404088928, -0.6146047549404088928, 23.59999999999999787 ) ) ;
#1211 = VECTOR ( 'NONE', #3416, 1000.000000000000114 ) ;
#1212 = DIRECTION ( 'NONE',  ( -1.224646799147351235E-16, 1.000000000000000000, -9.043690078957818035E-35 ) ) ;
#1213 = CARTESIAN_POINT ( 'NONE',  ( 23.15454025982758779, 25.19003128076836262, 23.09999999999769926 ) ) ;
#1214 = VERTEX_POINT ( 'NONE', #694 ) ;
#1215 = CARTESIAN_POINT ( 'NONE',  ( 11.64616093039719935, 14.45146747855840097, 40.30000000000000426 ) ) ;
#1216 = CARTESIAN_POINT ( 'NONE',  ( 25.87852983444470212, -25.97854426987879961, 0.01153698432744129990 ) ) ;
#1217 = AXIS2_PLACEMENT_3D ( 'NONE', #3585, #493, #7889 ) ;
#1218 = CARTESIAN_POINT ( 'NONE',  ( 25.79183430202711591, -20.29571042145222393, 23.09999999999998721 ) ) ;
#1219 = EDGE_CURVE ( 'NONE', #2339, #3261, #3790, .T. ) ;
#1220 = CARTESIAN_POINT ( 'NONE',  ( 23.47768216090891258, 24.41138239454111059, 23.10000000000001208 ) ) ;
#1221 = CARTESIAN_POINT ( 'NONE',  ( -1.551986413671280207, 15.81445248331299958, 40.30000000000000426 ) ) ;
#1222 = CARTESIAN_POINT ( 'NONE',  ( -27.31995685853671674, -23.68492034871912821, 2.168404344971008868E-16 ) ) ;
#1223 = DIRECTION ( 'NONE',  ( 0.9172475141792799658, -0.3983177095384179411, 0.000000000000000000 ) ) ;
#1224 = ORIENTED_EDGE ( 'NONE', *, *, #7868, .T. ) ;
#1225 = CARTESIAN_POINT ( 'NONE',  ( -9.405142799513498630, 14.54746987057459862, 41.30000000000000426 ) ) ;
#1226 = CARTESIAN_POINT ( 'NONE',  ( -11.11460475494040878, -0.6146047549404115573, 41.30000000000000426 ) ) ;
#1227 = ORIENTED_EDGE ( 'NONE', *, *, #1656, .T. ) ;
#1228 = EDGE_CURVE ( 'NONE', #1003, #555, #5108, .T. ) ;
#1229 = VERTEX_POINT ( 'NONE', #1384 ) ;
#1230 = ADVANCED_FACE ( 'NONE', ( #6266 ), #7640, .F. ) ;
#1231 = CARTESIAN_POINT ( 'NONE',  ( 1.721352768553900070, -15.40608526694630065, 41.39999999999999858 ) ) ;
#1232 = FACE_OUTER_BOUND ( 'NONE', #4843, .T. ) ;
#1233 = CARTESIAN_POINT ( 'NONE',  ( 11.18052965830619883, 13.72677483979160051, 41.30000000000000426 ) ) ;
#1234 = CARTESIAN_POINT ( 'NONE',  ( 27.16732550167386862, -3.114604754940426101, 0.5174497483512504603 ) ) ;
#1235 = VERTEX_POINT ( 'NONE', #7452 ) ;
#1236 = DIRECTION ( 'NONE',  ( -0.000000000000000000, -0.000000000000000000, -1.000000000000000000 ) ) ;
#1237 = VERTEX_POINT ( 'NONE', #3834 ) ;
#1238 = DIRECTION ( 'NONE',  ( 0.5301703764411318520, -0.8478911321297496473, 0.000000000000000000 ) ) ;
#1239 = EDGE_CURVE ( 'NONE', #3999, #4450, #4352, .T. ) ;
#1240 = VERTEX_POINT ( 'NONE', #4953 ) ;
#1241 = AXIS2_PLACEMENT_3D ( 'NONE', #6683, #4927, #1850 ) ;
#1242 = CARTESIAN_POINT ( 'NONE',  ( 11.61535526829529985, 13.52141349351989952, 40.30000000000000426 ) ) ;
#1243 = CARTESIAN_POINT ( 'NONE',  ( 9.891103593255460069, 13.02115225395049869, 41.30000000000000426 ) ) ;
#1244 = EDGE_LOOP ( 'NONE', ( #5740, #4589, #1108, #142 ) ) ;
#1245 = LINE ( 'NONE', #3730, #2458 ) ;
#1246 = CARTESIAN_POINT ( 'NONE',  ( -20.00000000000000000, 21.50000000000000355, 0.5000000000000004441 ) ) ;
#1247 = VERTEX_POINT ( 'NONE', #659 ) ;
#1248 = VECTOR ( 'NONE', #2889, 1000.000000000000000 ) ;
#1249 = DIRECTION ( 'NONE',  ( -1.000000000000000000, -1.301042606982606060E-16, 0.000000000000000000 ) ) ;
#1250 = ORIENTED_EDGE ( 'NONE', *, *, #630, .F. ) ;
#1251 = ADVANCED_FACE ( 'NONE', ( #1269 ), #87, .F. ) ;
#1252 = ORIENTED_EDGE ( 'NONE', *, *, #3838, .T. ) ;
#1253 = LINE ( 'NONE', #2520, #7745 ) ;
#1254 = CARTESIAN_POINT ( 'NONE',  ( 10.32551870358700086, 12.95779116954750165, 41.30000000000000426 ) ) ;
#1255 = CARTESIAN_POINT ( 'NONE',  ( 6.895158126615839933, 16.33704649284770127, 40.30000000000000426 ) ) ;
#1256 = CARTESIAN_POINT ( 'NONE',  ( 24.18287119369867710, 24.43475912778376369, 23.09999999999968523 ) ) ;
#1257 = ORIENTED_EDGE ( 'NONE', *, *, #3484, .T. ) ;
#1258 = CARTESIAN_POINT ( 'NONE',  ( -10.69967897954249914, 13.78278767055989817, 41.30000000000000426 ) ) ;
#1259 = CARTESIAN_POINT ( 'NONE',  ( -28.39652484468226490, 17.84997598406680552, 0.5177408894845221266 ) ) ;
#1260 = CARTESIAN_POINT ( 'NONE',  ( 3.590308173573930173, 15.51758969383750042, 41.30000000000000426 ) ) ;
#1261 = CARTESIAN_POINT ( 'NONE',  ( 26.21728005654211913, -21.02204803781677711, 22.61954778399035604 ) ) ;
#1262 = B_SPLINE_CURVE_WITH_KNOTS ( 'NONE', 3,
 ( #793, #6891, #7585, #233, #3851, #7048, #7010, #4448, #1522, #4005, #3317, #3278, #5704, #5122, #1440, #2050, #3894, #5158, #1398, #3402 ),
 .UNSPECIFIED., .F., .F.,
 ( 4, 2, 2, 2, 2, 2, 2, 2, 2, 4 ),
 ( -6.000000001148772017E-08, 0.002095882611629398037, 0.004191825223258806993, 0.006287767834888216383, 0.008383710446517625772, 0.009431681752332330901, 0.01047965305814703603, 0.01257559566977644455, 0.01467153828140585307, 0.01676748089303526507 ),
 .UNSPECIFIED. ) ;
#1263 =( NAMED_UNIT ( * ) SI_UNIT ( $, .STERADIAN. ) SOLID_ANGLE_UNIT ( ) );
#1264 = PLANE ( 'NONE',  #2071 ) ;
#1265 = DIRECTION ( 'NONE',  ( 0.000000000000000000, 0.000000000000000000, -1.000000000000000000 ) ) ;
#1266 = CARTESIAN_POINT ( 'NONE',  ( -20.95845885868358138, -26.95030563970126991, 23.10000000000000142 ) ) ;
#1267 = CARTESIAN_POINT ( 'NONE',  ( -27.99419978014536170, -23.16168657082365101, -2.860810441194627909E-13 ) ) ;
#1268 = VERTEX_POINT ( 'NONE', #1310 ) ;
#1269 = FACE_OUTER_BOUND ( 'NONE', #3966, .T. ) ;
#1270 = ORIENTED_EDGE ( 'NONE', *, *, #1219, .F. ) ;
#1271 = VECTOR ( 'NONE', #4502, 1000.000000000000000 ) ;
#1272 = DIRECTION ( 'NONE',  ( -0.000000000000000000, -0.000000000000000000, -1.000000000000000000 ) ) ;
#1273 = LINE ( 'NONE', #4919, #6183 ) ;
#1274 = EDGE_CURVE ( 'NONE', #3820, #1235, #2573, .T. ) ;
#1275 = CARTESIAN_POINT ( 'NONE',  ( -27.89683959804511559, -3.114604754940452302, 0.5000000000000000000 ) ) ;
#1276 = LINE ( 'NONE', #4408, #5457 ) ;
#1277 = ORIENTED_EDGE ( 'NONE', *, *, #286, .F. ) ;
#1278 = ORIENTED_EDGE ( 'NONE', *, *, #918, .T. ) ;
#1279 = ADVANCED_FACE ( 'NONE', ( #3877 ), #2534, .F. ) ;
#1280 = AXIS2_PLACEMENT_3D ( 'NONE', #4496, #6934, #6331 ) ;
#1281 = CARTESIAN_POINT ( 'NONE',  ( -10.24421229017490020, 14.06758242428240102, 41.30000000000000426 ) ) ;
#1282 = CARTESIAN_POINT ( 'NONE',  ( -5.621784335637239671, 16.09510886940989849, 41.30000000000000426 ) ) ;
#1283 = ORIENTED_EDGE ( 'NONE', *, *, #1779, .T. ) ;
#1284 = CARTESIAN_POINT ( 'NONE',  ( -2.994436933943299906, 15.62720447434769788, 41.30000000000000426 ) ) ;
#1285 = AXIS2_PLACEMENT_3D ( 'NONE', #4605, #4159, #7790 ) ;
#1286 = ADVANCED_FACE ( 'NONE', ( #6796 ), #3961, .T. ) ;
#1287 = EDGE_LOOP ( 'NONE', ( #4455, #2828, #5431, #3492 ) ) ;
#1288 = CARTESIAN_POINT ( 'NONE',  ( 2.838394301825279964, 32.78204090459649223, 0.6015565293478829512 ) ) ;
#1289 = PLANE ( 'NONE',  #4089 ) ;
#1290 = ORIENTED_EDGE ( 'NONE', *, *, #7576, .F. ) ;
#1291 = EDGE_CURVE ( 'NONE', #1150, #4325, #849, .T. ) ;
#1292 = CARTESIAN_POINT ( 'NONE',  ( 2.647685997333140140, 18.19246729135240059, 41.30000000000000426 ) ) ;
#1293 = EDGE_LOOP ( 'NONE', ( #4499, #3160, #3243, #3102 ) ) ;
#1294 = AXIS2_PLACEMENT_3D ( 'NONE', #2143, #2789, #710 ) ;
#1295 = LINE ( 'NONE', #3777, #6832 ) ;
#1296 = CARTESIAN_POINT ( 'NONE',  ( -26.95030443151417643, 19.72924836589504238, 23.09999999999999432 ) ) ;
#1297 = CARTESIAN_POINT ( 'NONE',  ( 19.89700616934211297, -27.43449223555416694, 22.61965144960986862 ) ) ;
#1298 = ORIENTED_EDGE ( 'NONE', *, *, #1239, .T. ) ;
#1299 = LINE ( 'NONE', #3741, #1884 ) ;
#1300 = CIRCLE ( 'NONE', #3767, 1.500000000000001332 ) ;
#1301 = CARTESIAN_POINT ( 'NONE',  ( -19.73586093983666956, 26.65171077517252840, -4.770489558936219510E-15 ) ) ;
#1302 = CARTESIAN_POINT ( 'NONE',  ( 9.811208069487911132, 11.57386766533040046, 41.30000000000000426 ) ) ;
#1303 = CARTESIAN_POINT ( 'NONE',  ( 4.249650233759119544, 14.71656908516860085, 40.30000000000000426 ) ) ;
#1304 = CARTESIAN_POINT ( 'NONE',  ( -1.498816287650310164, 15.40486053963519986, 41.30000000000000426 ) ) ;
#1305 = CARTESIAN_POINT ( 'NONE',  ( 17.06988886294805141, 25.89588108239667008, 23.09999999999999076 ) ) ;
#1306 = CARTESIAN_POINT ( 'NONE',  ( -9.581180227655840653, 15.11693710288900050, 40.30000000000000426 ) ) ;
#1307 = CARTESIAN_POINT ( 'NONE',  ( 1.721352768553900070, -15.40608526694630065, 41.30000000000000426 ) ) ;
#1308 = CARTESIAN_POINT ( 'NONE',  ( -25.77266109687929330, -26.80673089528388786, 0.5244170942588791684 ) ) ;
#1309 = EDGE_LOOP ( 'NONE', ( #5576, #4172, #1752, #1270 ) ) ;
#1310 = CARTESIAN_POINT ( 'NONE',  ( 2.176251966430319928, 15.56038403730719999, 41.30000000000000426 ) ) ;
#1311 = ORIENTED_EDGE ( 'NONE', *, *, #3954, .F. ) ;
#1312 = B_SPLINE_CURVE_WITH_KNOTS ( 'NONE', 3,
 ( #4565, #2094, #7007, #4635 ),
 .UNSPECIFIED., .F., .F.,
 ( 4, 4 ),
 ( -0.01029651723492161497, 2.202396848452717659 ),
 .UNSPECIFIED. ) ;
#1313 = CARTESIAN_POINT ( 'NONE',  ( 25.55691863589677126, -25.81261297083198158, 0.5244754855748936517 ) ) ;
#1314 = AXIS2_PLACEMENT_3D ( 'NONE', #2373, #4245, #5589 ) ;
#1315 = CARTESIAN_POINT ( 'NONE',  ( 10.20483515505999783, 13.26411857137959949, 41.30000000000000426 ) ) ;
#1316 = CARTESIAN_POINT ( 'NONE',  ( 3.608399715779140315, 16.68331672076489980, 41.30000000000000426 ) ) ;
#1317 = CARTESIAN_POINT ( 'NONE',  ( -9.153200567624109496, 14.50907717659450036, 40.30000000000000426 ) ) ;
#1318 = ORIENTED_EDGE ( 'NONE', *, *, #4536, .F. ) ;
#1319 = VERTEX_POINT ( 'NONE', #1464 ) ;
#1320 = CARTESIAN_POINT ( 'NONE',  ( -6.179594395282149932, 15.89601457708779719, 41.30000000000000426 ) ) ;
#1321 = ORIENTED_EDGE ( 'NONE', *, *, #7665, .F. ) ;
#1322 = ADVANCED_FACE ( 'NONE', ( #214 ), #6650, .T. ) ;
#1323 = DIRECTION ( 'NONE',  ( 4.163336342344333945E-17, 0.03489949670250039326, -0.9993908270190957621 ) ) ;
#1324 = CARTESIAN_POINT ( 'NONE',  ( -19.77312946553709949, -28.42016867534129787, -0.1593298338457369845 ) ) ;
#1325 = CARTESIAN_POINT ( 'NONE',  ( 3.582226832301850461, 17.54499995385240041, 41.30000000000000426 ) ) ;
#1326 = B_SPLINE_SURFACE_WITH_KNOTS ( 'NONE', 3, 1, ( 
 ( #6565, #1031 ),
 ( #3440, #3406 ),
 ( #5868, #7670 ),
 ( #7054, #5236 ),
 ( #348, #6446 ) ),
 .UNSPECIFIED., .F., .F., .F.,
 ( 4, 1, 4 ),
 ( 2, 2 ),
 ( 0.000000000000000000, 0.03860499038030780483, 0.06689935095198649984 ),
 ( 0.000000000000000000, 0.1000000000000000056 ),
 .UNSPECIFIED. ) ;
#1327 = ORIENTED_EDGE ( 'NONE', *, *, #6192, .T. ) ;
#1328 = DIRECTION ( 'NONE',  ( 0.000000000000000000, 0.000000000000000000, -1.000000000000000000 ) ) ;
#1329 = VERTEX_POINT ( 'NONE', #3385 ) ;
#1330 = B_SPLINE_CURVE_WITH_KNOTS ( 'NONE', 3,
 ( #2312, #442, #7363, #6097, #4265 ),
 .UNSPECIFIED., .F., .F.,
 ( 4, 1, 4 ),
 ( 0.000000000000000000, 0.03340595680657129640, 0.05869094496829650037 ),
 .UNSPECIFIED. ) ;
#1331 = CARTESIAN_POINT ( 'NONE',  ( -21.11983560637224855, -27.43411060030427961, 22.61963073076695352 ) ) ;
#1332 = ORIENTED_EDGE ( 'NONE', *, *, #7429, .T. ) ;
#1333 = ADVANCED_FACE ( 'NONE', ( #294 ), #2760, .T. ) ;
#1334 = FACE_OUTER_BOUND ( 'NONE', #1402, .T. ) ;
#1335 = CARTESIAN_POINT ( 'NONE',  ( 2.720929507691979943, 15.52585499005520120, 40.30000000000000426 ) ) ;
#1336 = ORIENTED_EDGE ( 'NONE', *, *, #4143, .T. ) ;
#1337 = CARTESIAN_POINT ( 'NONE',  ( 11.43479872537440123, 14.72321654819459980, 40.30000000000000426 ) ) ;
#1338 = CARTESIAN_POINT ( 'NONE',  ( -26.45297754638359322, 24.97055664306842715, 0.5246603072550021230 ) ) ;
#1339 = CARTESIAN_POINT ( 'NONE',  ( -3.278647231446099930, -15.40608526694630065, 41.39999999999999858 ) ) ;
#1340 = CYLINDRICAL_SURFACE ( 'NONE', #4403, 1.500000000000001332 ) ;
#1341 = CARTESIAN_POINT ( 'NONE',  ( 6.509935011486049916, 16.42116421461409814, 41.30000000000000426 ) ) ;
#1342 = CARTESIAN_POINT ( 'NONE',  ( -25.42801946886659081, -25.68123038100462097, 22.62466030809451922 ) ) ;
#1343 = CARTESIAN_POINT ( 'NONE',  ( -21.73020786444885388, -27.72205464547241149, 3.252606517456513302E-16 ) ) ;
#1344 = ORIENTED_EDGE ( 'NONE', *, *, #4922, .F. ) ;
#1345 = LINE ( 'NONE', #693, #1653 ) ;
#1346 = CARTESIAN_POINT ( 'NONE',  ( -27.12509059368476727, 17.06987328144455773, 23.10000000000000142 ) ) ;
#1347 = CIRCLE ( 'NONE', #3299, 2.499999999999998668 ) ;
#1348 = ORIENTED_EDGE ( 'NONE', *, *, #4765, .T. ) ;
#1349 = EDGE_LOOP ( 'NONE', ( #1424, #3215, #4161, #1095 ) ) ;
#1350 = ORIENTED_EDGE ( 'NONE', *, *, #1962, .F. ) ;
#1351 = CIRCLE ( 'NONE', #1478, 0.4999999999999996114 ) ;
#1352 = DIRECTION ( 'NONE',  ( -0.8478911321297495363, -0.5301703764411318520, 0.000000000000000000 ) ) ;
#1353 = DIRECTION ( 'NONE',  ( 0.000000000000000000, 0.000000000000000000, -1.000000000000000000 ) ) ;
#1354 = CARTESIAN_POINT ( 'NONE',  ( 3.583626684761619607, 16.56270427653310051, 41.30000000000000426 ) ) ;
#1355 = CARTESIAN_POINT ( 'NONE',  ( 6.817961812553259726, 14.75693245065459891, 40.30000000000000426 ) ) ;
#1356 = ORIENTED_EDGE ( 'NONE', *, *, #3082, .T. ) ;
#1357 = CARTESIAN_POINT ( 'NONE',  ( 26.36749344849470233, 23.67242998525330222, -0.008994373752580940226 ) ) ;
#1358 = ORIENTED_EDGE ( 'NONE', *, *, #7782, .T. ) ;
#1359 = EDGE_CURVE ( 'NONE', #7103, #4084, #4096, .T. ) ;
#1360 = CARTESIAN_POINT ( 'NONE',  ( 26.66763008816430514, -18.40262674136375409, 0.4999999999999956701 ) ) ;
#1361 = CARTESIAN_POINT ( 'NONE',  ( -10.80818981244120103, 16.00977375196730179, 40.30000000000000426 ) ) ;
#1362 = CARTESIAN_POINT ( 'NONE',  ( 11.76702340454039941, 14.21881589821439995, 41.30000000000000426 ) ) ;
#1363 = AXIS2_PLACEMENT_3D ( 'NONE', #6618, #3500, #7916 ) ;
#1364 = LINE ( 'NONE', #1444, #1889 ) ;
#1365 = EDGE_CURVE ( 'NONE', #4756, #2545, #2392, .T. ) ;
#1366 = CARTESIAN_POINT ( 'NONE',  ( 5.191947692418542815, 32.64802234189653518, 0.2431076009653905246 ) ) ;
#1367 = AXIS2_PLACEMENT_3D ( 'NONE', #7711, #3671, #7927 ) ;
#1368 = CARTESIAN_POINT ( 'NONE',  ( 3.608399715779140315, 16.68331672076489980, 40.30000000000000426 ) ) ;
#1369 = CARTESIAN_POINT ( 'NONE',  ( 3.063672018094139915, 15.64736861108340094, 40.30000000000000426 ) ) ;
#1370 = B_SPLINE_SURFACE_WITH_KNOTS ( 'NONE', 3, 1, ( 
 ( #2654, #95 ),
 ( #3842, #5111 ),
 ( #5581, #2543 ),
 ( #2503, #5070 ),
 ( #4996, #5656 ) ),
 .UNSPECIFIED., .F., .F., .F.,
 ( 4, 1, 4 ),
 ( 2, 2 ),
 ( 0.000000000000000000, 0.01940528475791940266, 0.03661893328907710188 ),
 ( 0.000000000000000000, 0.1000000000000000056 ),
 .UNSPECIFIED. ) ;
#1371 = AXIS2_PLACEMENT_3D ( 'NONE', #6619, #7272, #2885 ) ;
#1372 = CARTESIAN_POINT ( 'NONE',  ( 22.62135157310126132, 26.59431927043524269, -6.892984982916549846E-13 ) ) ;
#1373 = CARTESIAN_POINT ( 'NONE',  ( -18.40262674136375409, 27.16732550167386506, 0.5174497483512491280 ) ) ;
#1374 = DIRECTION ( 'NONE',  ( 0.000000000000000000, 0.000000000000000000, 1.000000000000000000 ) ) ;
#1375 = ADVANCED_FACE ( 'NONE', ( #1177 ), #2270, .T. ) ;
#1376 = ADVANCED_FACE ( 'NONE', ( #5930 ), #3048, .T. ) ;
#1377 = CARTESIAN_POINT ( 'NONE',  ( 1.543548842689169920, 18.81526275905989820, 40.30000000000000426 ) ) ;
#1378 = VECTOR ( 'NONE', #5765, 1000.000000000000114 ) ;
#1379 = CARTESIAN_POINT ( 'NONE',  ( -6.192043084343739956, 14.38700528139590062, 41.30000000000000426 ) ) ;
#1380 = CARTESIAN_POINT ( 'NONE',  ( -24.96303152543585568, -25.42592967416772254, 23.10000000000000142 ) ) ;
#1381 = ADVANCED_FACE ( 'NONE', ( #2267 ), #5409, .T. ) ;
#1382 = CARTESIAN_POINT ( 'NONE',  ( -28.31139744259779079, -21.11312176363380644, -7.729847532270033970E-14 ) ) ;
#1383 = ORIENTED_EDGE ( 'NONE', *, *, #5349, .T. ) ;
#1384 = CARTESIAN_POINT ( 'NONE',  ( -0.1091220223513110071, 18.88031908181340057, 41.30000000000000426 ) ) ;
#1385 = ORIENTED_EDGE ( 'NONE', *, *, #7429, .F. ) ;
#1386 = ORIENTED_EDGE ( 'NONE', *, *, #3223, .T. ) ;
#1387 = CARTESIAN_POINT ( 'NONE',  ( 9.872559396403879362, 12.43467658368009943, 40.30000000000000426 ) ) ;
#1388 = DIRECTION ( 'NONE',  ( -0.9456324196049407105, -0.3252373394801179596, 0.000000000000000000 ) ) ;
#1389 = DIRECTION ( 'NONE',  ( 0.000000000000000000, 0.000000000000000000, -1.000000000000000000 ) ) ;
#1390 = CARTESIAN_POINT ( 'NONE',  ( -10.06819412046579920, 14.65068935414949891, 40.30000000000000426 ) ) ;
#1391 = EDGE_LOOP ( 'NONE', ( #7951, #4087, #3935, #4885, #7471, #2809 ) ) ;
#1392 = CARTESIAN_POINT ( 'NONE',  ( 4.700765855299260387, 14.52067066262589989, 40.30000000000000426 ) ) ;
#1393 = ADVANCED_FACE ( 'NONE', ( #7234 ), #2441, .T. ) ;
#1394 = EDGE_LOOP ( 'NONE', ( #1197, #7243, #4753, #2988 ) ) ;
#1395 = B_SPLINE_CURVE_WITH_KNOTS ( 'NONE', 3,
 ( #6066, #1066, #5905, #2900, #5985 ),
 .UNSPECIFIED., .F., .F.,
 ( 4, 1, 4 ),
 ( 0.000000000000000000, 0.02307142434048009907, 0.04579996723221419624 ),
 .UNSPECIFIED. ) ;
#1396 = ORIENTED_EDGE ( 'NONE', *, *, #1167, .T. ) ;
#1397 = CARTESIAN_POINT ( 'NONE',  ( 11.10732039076779998, 13.11281471274849864, 41.30000000000000426 ) ) ;
#1398 = CARTESIAN_POINT ( 'NONE',  ( -18.32952520946815511, 26.39556611356675830, 22.61774705965390808 ) ) ;
#1399 = CARTESIAN_POINT ( 'NONE',  ( -17.61402670949010130, -27.60793497968100141, 23.09999999999999787 ) ) ;
#1400 = CARTESIAN_POINT ( 'NONE',  ( 17.17341723148286547, -28.41460475494039883, -2.168404344971008868E-16 ) ) ;
#1401 = CARTESIAN_POINT ( 'NONE',  ( 17.80181137600030183, 26.37793857183975632, 22.61812544410351578 ) ) ;
#1402 = EDGE_LOOP ( 'NONE', ( #7063, #5661, #2510, #4566 ) ) ;
#1403 = AXIS2_PLACEMENT_3D ( 'NONE', #1005, #3494, #5203 ) ;
#1404 = DIRECTION ( 'NONE',  ( 0.5301703764411318520, -0.8478911321297495363, 0.000000000000000000 ) ) ;
#1405 = ORIENTED_EDGE ( 'NONE', *, *, #1894, .T. ) ;
#1406 = ORIENTED_EDGE ( 'NONE', *, *, #7943, .T. ) ;
#1407 = EDGE_CURVE ( 'NONE', #3780, #2406, #7037, .T. ) ;
#1408 = VECTOR ( 'NONE', #5568, 1000.000000000000114 ) ;
#1409 = CARTESIAN_POINT ( 'NONE',  ( -9.945101936153649902, 15.83705343478760241, 41.30000000000000426 ) ) ;
#1410 = EDGE_CURVE ( 'NONE', #1329, #6966, #5480, .T. ) ;
#1411 = CARTESIAN_POINT ( 'NONE',  ( 9.727103702786269679, 13.54974085977739939, 40.30000000000000426 ) ) ;
#1412 = ADVANCED_FACE ( 'NONE', ( #1126 ), #6050, .F. ) ;
#1413 = ORIENTED_EDGE ( 'NONE', *, *, #6207, .T. ) ;
#1414 = EDGE_CURVE ( 'NONE', #3304, #1329, #3006, .T. ) ;
#1415 = CARTESIAN_POINT ( 'NONE',  ( 2.458648362069400406, 15.51129169109769990, 41.30000000000000426 ) ) ;
#1416 = VECTOR ( 'NONE', #7850, 1000.000000000000000 ) ;
#1417 = CARTESIAN_POINT ( 'NONE',  ( 3.298980315313420064, 17.95497181745789916, 40.30000000000000426 ) ) ;
#1418 = CARTESIAN_POINT ( 'NONE',  ( -1.551986413671280207, 15.81445248331299958, 41.30000000000000426 ) ) ;
#1419 = CARTESIAN_POINT ( 'NONE',  ( -9.408452792339399906, 16.08890333656830407, 41.30000000000000426 ) ) ;
#1421 = EDGE_CURVE ( 'NONE', #2055, #133, #5443, .T. ) ;
#1420 = CARTESIAN_POINT ( 'NONE',  ( -27.10917123061534895, -18.96411207358948658, 23.10000000000000142 ) ) ;
#1422 = ADVANCED_FACE ( 'NONE', ( #4859 ), #1050, .F. ) ;
#1423 = CARTESIAN_POINT ( 'NONE',  ( -21.50000000000000000, -21.49999999999999645, 10.00000000000000000 ) ) ;
#1424 = ORIENTED_EDGE ( 'NONE', *, *, #7868, .F. ) ;
#1425 = CARTESIAN_POINT ( 'NONE',  ( -9.203859287857209637, 14.04790614006179972, 40.30000000000000426 ) ) ;
#1426 = CARTESIAN_POINT ( 'NONE',  ( -22.27040399751773592, 25.48495336535562217, 23.09999999999999432 ) ) ;
#1427 = VERTEX_POINT ( 'NONE', #1788 ) ;
#1428 = CARTESIAN_POINT ( 'NONE',  ( -6.379192066585719800, 17.98851875966670377, 41.30000000000000426 ) ) ;
#1429 = EDGE_CURVE ( 'NONE', #1150, #6924, #2924, .T. ) ;
#1430 = CARTESIAN_POINT ( 'NONE',  ( 19.72771513445994174, -26.95188161856300724, 23.10000000000000142 ) ) ;
#1431 = LINE ( 'NONE', #298, #3073 ) ;
#1432 = DIRECTION ( 'NONE',  ( -2.168404344971007882E-16, -0.03489949670250172553, 0.9993908270190957621 ) ) ;
#1433 = ORIENTED_EDGE ( 'NONE', *, *, #6521, .T. ) ;
#1434 = CARTESIAN_POINT ( 'NONE',  ( 9.840481588686309067, 13.34985304738949985, 40.30000000000000426 ) ) ;
#1435 = ORIENTED_EDGE ( 'NONE', *, *, #1988, .T. ) ;
#1436 = VECTOR ( 'NONE', #353, 1000.000000000000114 ) ;
#1437 = ORIENTED_EDGE ( 'NONE', *, *, #1974, .T. ) ;
#1438 = CARTESIAN_POINT ( 'NONE',  ( -6.046312891224879138, 6.340750136658010128, 41.30000000000000426 ) ) ;
#1439 = B_SPLINE_SURFACE_WITH_KNOTS ( 'NONE', 3, 1, ( 
 ( #7135, #1036 ),
 ( #2944, #1610 ),
 ( #4727, #2909 ),
 ( #1726, #2252 ),
 ( #6607, #7832 ) ),
 .UNSPECIFIED., .F., .F., .F.,
 ( 4, 1, 4 ),
 ( 2, 2 ),
 ( 0.000000000000000000, 0.03089982365222620000, 0.05473263860856190238 ),
 ( 0.000000000000000000, 0.1000000000000000056 ),
 .UNSPECIFIED. ) ;
#1440 = CARTESIAN_POINT ( 'NONE',  ( -22.50033716024686115, 25.94453023964554461, 22.62113228575819690 ) ) ;
#1441 = CARTESIAN_POINT ( 'NONE',  ( 22.45571006646455459, -27.31995712774963181, 4.336808689942017736E-16 ) ) ;
#1442 = CARTESIAN_POINT ( 'NONE',  ( 25.89588108239666298, 16.40166822571531924, 23.09999999999999787 ) ) ;
#1443 = ORIENTED_EDGE ( 'NONE', *, *, #2591, .F. ) ;
#1444 = CARTESIAN_POINT ( 'NONE',  ( -9.246960617351630773, 14.53064746097110138, 41.30000000000000426 ) ) ;
#1445 = VECTOR ( 'NONE', #6244, 1000.000000000000227 ) ;
#1446 = EDGE_LOOP ( 'NONE', ( #3789, #5816, #4447 ) ) ;
#1447 = CARTESIAN_POINT ( 'NONE',  ( -22.23436631001322183, 26.91299766453865772, 0.5200145708877137452 ) ) ;
#1448 = B_SPLINE_CURVE_WITH_KNOTS ( 'NONE', 3,
 ( #1822, #7475, #4341, #1981, #4976 ),
 .UNSPECIFIED., .F., .F.,
 ( 4, 1, 4 ),
 ( 0.000000000000000000, 0.02879584727689919743, 0.06049198197087519990 ),
 .UNSPECIFIED. ) ;
#1449 = EDGE_CURVE ( 'NONE', #4375, #2047, #4955, .T. ) ;
#1450 = LINE ( 'NONE', #155, #5794 ) ;
#1451 = ADVANCED_BREP_SHAPE_REPRESENTATION ( 'slamtec rplidar c1', ( #6001, #5908, #5556 ), #2865 ) ;
#1452 = LINE ( 'NONE', #3941, #794 ) ;
#1453 = ORIENTED_EDGE ( 'NONE', *, *, #5349, .F. ) ;
#1454 = DIRECTION ( 'NONE',  ( 0.9999072599733419553, -0.01361879042365390056, 0.000000000000000000 ) ) ;
#1455 = EDGE_CURVE ( 'NONE', #3847, #3, #1666, .T. ) ;
#1456 = CARTESIAN_POINT ( 'NONE',  ( -18.40262674136366883, -27.89683959804512270, -4.987329993433320396E-15 ) ) ;
#1457 = CARTESIAN_POINT ( 'NONE',  ( -27.12509059227748764, -28.41460475494039883, 22.59999999999999787 ) ) ;
#1458 = FACE_OUTER_BOUND ( 'NONE', #6638, .T. ) ;
#1459 = CARTESIAN_POINT ( 'NONE',  ( 10.74900429268519808, 13.48324168858649941, 41.30000000000000426 ) ) ;
#1460 = CARTESIAN_POINT ( 'NONE',  ( -22.38443767395477479, -27.18167684180926358, 23.10000000000464127 ) ) ;
#1461 = CARTESIAN_POINT ( 'NONE',  ( 3.394733980665269879, 16.03561544270720063, 41.30000000000000426 ) ) ;
#1462 = VERTEX_POINT ( 'NONE', #2914 ) ;
#1463 = CARTESIAN_POINT ( 'NONE',  ( 10.13696777636750035, 13.76605045381189996, 40.30000000000000426 ) ) ;
#1464 = CARTESIAN_POINT ( 'NONE',  ( -9.464776183982930746, 14.14948149444970049, 41.30000000000000426 ) ) ;
#1465 = ORIENTED_EDGE ( 'NONE', *, *, #5015, .T. ) ;
#1466 = CIRCLE ( 'NONE', #3293, 10.50000000000000000 ) ;
#1467 = VERTEX_POINT ( 'NONE', #4252 ) ;
#1468 = ADVANCED_FACE ( 'NONE', ( #5398 ), #5302, .F. ) ;
#1469 = B_SPLINE_CURVE_WITH_KNOTS ( 'NONE', 3,
 ( #3897, #1255, #6176, #5664, #147 ),
 .UNSPECIFIED., .F., .F.,
 ( 4, 1, 4 ),
 ( 0.000000000000000000, 0.04278348836133749611, 0.07672327933106169728 ),
 .UNSPECIFIED. ) ;
#1470 = CARTESIAN_POINT ( 'NONE',  ( 23.98605818877564744, -27.18564445102837723, 0.5238208262195401810 ) ) ;
#1471 = CARTESIAN_POINT ( 'NONE',  ( -0.7786472314460989308, -19.73621228586849696, 41.39999999999999858 ) ) ;
#1472 = VECTOR ( 'NONE', #5151, 999.9999999999998863 ) ;
#1473 = CARTESIAN_POINT ( 'NONE',  ( -5.961347503331850817, 17.47833039295590041, 41.30000000000000426 ) ) ;
#1474 = CYLINDRICAL_SURFACE ( 'NONE', #4583, 2.000000000000000888 ) ;
#1475 = ORIENTED_EDGE ( 'NONE', *, *, #4625, .T. ) ;
#1476 = EDGE_LOOP ( 'NONE', ( #7580, #3251, #305, #2855 ) ) ;
#1477 = ORIENTED_EDGE ( 'NONE', *, *, #3654, .T. ) ;
#1478 = AXIS2_PLACEMENT_3D ( 'NONE', #2196, #1021, #3509 ) ;
#1479 = LINE ( 'NONE', #6402, #6851 ) ;
#1480 = CARTESIAN_POINT ( 'NONE',  ( 7.800849037987690693, 13.06339519499270097, 40.30000000000000426 ) ) ;
#1481 = CARTESIAN_POINT ( 'NONE',  ( -0.6146047549404056731, -27.12509059227749120, 23.09999999999999787 ) ) ;
#1482 = CARTESIAN_POINT ( 'NONE',  ( 26.29079292728338757, 19.11000857012541942, 22.61900824832992996 ) ) ;
#1483 = EDGE_CURVE ( 'NONE', #4325, #7796, #4489, .T. ) ;
#1484 = DIRECTION ( 'NONE',  ( 0.000000000000000000, 0.000000000000000000, -1.000000000000000000 ) ) ;
#1485 = ORIENTED_EDGE ( 'NONE', *, *, #6505, .T. ) ;
#1486 = CARTESIAN_POINT ( 'NONE',  ( -10.04860104254010089, 14.17588281531429928, 41.30000000000000426 ) ) ;
#1487 = DIRECTION ( 'NONE',  ( -1.000000000000000000, 0.000000000000000000, 0.000000000000000000 ) ) ;
#1488 = ORIENTED_EDGE ( 'NONE', *, *, #3984, .T. ) ;
#1489 = AXIS2_PLACEMENT_3D ( 'NONE', #4027, #7688, #5140 ) ;
#1490 = DIRECTION ( 'NONE',  ( 1.000000000000000000, 0.000000000000000000, 0.000000000000000000 ) ) ;
#1491 = LINE ( 'NONE', #1574, #1829 ) ;
#1492 = ORIENTED_EDGE ( 'NONE', *, *, #7259, .F. ) ;
#1493 = EDGE_CURVE ( 'NONE', #6337, #302, #5922, .T. ) ;
#1494 = CARTESIAN_POINT ( 'NONE',  ( 17.17341723148286903, 26.66763008816431579, -6.505213034913026604E-16 ) ) ;
#1495 = EDGE_CURVE ( 'NONE', #1462, #1968, #5700, .T. ) ;
#1496 = FACE_OUTER_BOUND ( 'NONE', #237, .T. ) ;
#1497 = CARTESIAN_POINT ( 'NONE',  ( -6.297520655956250657, 17.99924319285359786, 41.30000000000000426 ) ) ;
#1498 = CIRCLE ( 'NONE', #5998, 1.500000000000001332 ) ;
#1499 = DIRECTION ( 'NONE',  ( 0.04927280196613847280, 0.9987853578153844669, 0.000000000000000000 ) ) ;
#1500 = CARTESIAN_POINT ( 'NONE',  ( -27.02234768842297186, -20.29254799312939994, 23.10000000000000142 ) ) ;
#1501 = CARTESIAN_POINT ( 'NONE',  ( 10.43934496678019919, 15.46448351267940069, 41.30000000000000426 ) ) ;
#1502 = CARTESIAN_POINT ( 'NONE',  ( 3.857461225503890034, 15.91176389033389960, 40.30000000000000426 ) ) ;
#1503 = CARTESIAN_POINT ( 'NONE',  ( -20.29254777608655047, 25.79313830867631907, 23.10000000000000853 ) ) ;
#1504 = B_SPLINE_SURFACE_WITH_KNOTS ( 'NONE', 3, 1, ( 
 ( #973, #2835 ),
 ( #401, #3658 ),
 ( #2346, #4345 ),
 ( #3576, #3739 ),
 ( #3045, #2626 ) ),
 .UNSPECIFIED., .F., .F., .F.,
 ( 4, 1, 4 ),
 ( 2, 2 ),
 ( 0.000000000000000000, 0.02358452478244750170, 0.04524994969730789657 ),
 ( 0.000000000000000000, 0.1000000000000000056 ),
 .UNSPECIFIED. ) ;
#1505 = ORIENTED_EDGE ( 'NONE', *, *, #2070, .T. ) ;
#1506 = VECTOR ( 'NONE', #1265, 1000.000000000000000 ) ;
#1507 = EDGE_LOOP ( 'NONE', ( #2035, #303, #1406, #5612 ) ) ;
#1508 = CARTESIAN_POINT ( 'NONE',  ( -9.026590633715299461, 13.96497961981970093, 40.30000000000000426 ) ) ;
#1509 = DIRECTION ( 'NONE',  ( 0.000000000000000000, 0.000000000000000000, -1.000000000000000000 ) ) ;
#1510 = AXIS2_PLACEMENT_3D ( 'NONE', #2155, #7077, #6471 ) ;
#1511 = CARTESIAN_POINT ( 'NONE',  ( 4.838394301825269750, 32.12529775592570047, 5.081365502582559479 ) ) ;
#1512 = LINE ( 'NONE', #5071, #4068 ) ;
#1513 = EDGE_LOOP ( 'NONE', ( #1837, #7712, #4373, #6251 ) ) ;
#1514 = EDGE_CURVE ( 'NONE', #3, #6250, #5048, .T. ) ;
#1515 = ORIENTED_EDGE ( 'NONE', *, *, #5596, .T. ) ;
#1516 = CARTESIAN_POINT ( 'NONE',  ( -5.759664680668990400, 17.22480834775850056, 40.30000000000000426 ) ) ;
#1517 = ORIENTED_EDGE ( 'NONE', *, *, #1745, .F. ) ;
#1518 = LINE ( 'NONE', #1438, #5524 ) ;
#1519 = VERTEX_POINT ( 'NONE', #7057 ) ;
#1520 = AXIS2_PLACEMENT_3D ( 'NONE', #682, #7355, #2560 ) ;
#1521 = EDGE_CURVE ( 'NONE', #1936, #1868, #6412, .T. ) ;
#1522 = CARTESIAN_POINT ( 'NONE',  ( -26.04793108264625090, 23.82987243148525280, 22.62465252441332453 ) ) ;
#1523 = PLANE ( 'NONE',  #4932 ) ;
#1524 = CARTESIAN_POINT ( 'NONE',  ( 26.66763008816430158, -18.40262674136376120, 0.000000000000000000 ) ) ;
#1525 = DIRECTION ( 'NONE',  ( 1.000000000000000000, 2.168404344971006896E-16, 0.000000000000000000 ) ) ;
#1526 = VERTEX_POINT ( 'NONE', #152 ) ;
#1527 = LINE ( 'NONE', #2206, #2584 ) ;
#1528 = CARTESIAN_POINT ( 'NONE',  ( -5.758715584374089147, 16.65427505637470063, 40.30000000000000426 ) ) ;
#1529 = ORIENTED_EDGE ( 'NONE', *, *, #6568, .T. ) ;
#1530 = PLANE ( 'NONE',  #3189 ) ;
#1531 = CARTESIAN_POINT ( 'NONE',  ( -5.961347503331850817, 17.47833039295590041, 41.30000000000000426 ) ) ;
#1532 = ORIENTED_EDGE ( 'NONE', *, *, #2166, .T. ) ;
#1533 = EDGE_CURVE ( 'NONE', #1686, #2161, #7673, .T. ) ;
#1534 = PLANE ( 'NONE',  #7621 ) ;
#1535 = DIRECTION ( 'NONE',  ( 0.000000000000000000, 0.000000000000000000, -1.000000000000000000 ) ) ;
#1536 = AXIS2_PLACEMENT_3D ( 'NONE', #5792, #280, #7675 ) ;
#1537 = CARTESIAN_POINT ( 'NONE',  ( 2.176251966430319928, 15.56038403730719999, 41.30000000000000426 ) ) ;
#1538 = CARTESIAN_POINT ( 'NONE',  ( 3.530325456679110019, 15.45240078051609878, 41.30000000000000426 ) ) ;
#1539 = VECTOR ( 'NONE', #5347, 1000.000000000000227 ) ;
#1540 = ADVANCED_FACE ( 'NONE', ( #4608 ), #1530, .T. ) ;
#1541 = DIRECTION ( 'NONE',  ( -1.000000000000000000, 1.388624693425298120E-14, 0.000000000000000000 ) ) ;
#1542 = ADVANCED_FACE ( 'NONE', ( #317 ), #7096, .T. ) ;
#1543 = DIRECTION ( 'NONE',  ( 1.000000000000000000, -2.583081652463100014E-17, 7.396978045038510318E-16 ) ) ;
#1544 = VECTOR ( 'NONE', #4791, 1000.000000000000000 ) ;
#1545 = CARTESIAN_POINT ( 'NONE',  ( 11.76127926140800106, 13.95315373228410039, 40.30000000000000426 ) ) ;
#1546 = DIRECTION ( 'NONE',  ( 0.4289427226832449591, 0.9033316891690919004, 0.000000000000000000 ) ) ;
#1547 = CARTESIAN_POINT ( 'NONE',  ( -18.98261500600912299, 26.37949137287141710, 22.61809009964320794 ) ) ;
#1548 = CARTESIAN_POINT ( 'NONE',  ( -27.89683959804512270, 17.84163800695680635, 2.567906592516328776E-31 ) ) ;
#1549 = FACE_OUTER_BOUND ( 'NONE', #1852, .T. ) ;
#1550 = ORIENTED_EDGE ( 'NONE', *, *, #7407, .F. ) ;
#1551 = CARTESIAN_POINT ( 'NONE',  ( 25.89588108239667719, -18.29909851107004570, 23.10000000000000142 ) ) ;
#1552 = CARTESIAN_POINT ( 'NONE',  ( -10.06819412046579920, 14.65068935414949891, 41.30000000000000426 ) ) ;
#1553 = CARTESIAN_POINT ( 'NONE',  ( 2.785292676537629575, 15.53678133138840067, 41.30000000000000426 ) ) ;
#1554 = ORIENTED_EDGE ( 'NONE', *, *, #5511, .T. ) ;
#1555 = AXIS2_PLACEMENT_3D ( 'NONE', #7255, #2297, #6492 ) ;
#1556 = EDGE_LOOP ( 'NONE', ( #3031, #1437, #780, #5074, #6940, #2476, #6233, #5188, #3982, #3289 ) ) ;
#1557 = ORIENTED_EDGE ( 'NONE', *, *, #5373, .F. ) ;
#1558 = EDGE_CURVE ( 'NONE', #6649, #7836, #2630, .T. ) ;
#1559 = CARTESIAN_POINT ( 'NONE',  ( 25.87966289306234202, -18.96606443587164392, 23.09999999999998721 ) ) ;
#1560 = ORIENTED_EDGE ( 'NONE', *, *, #4557, .F. ) ;
#1561 = EDGE_CURVE ( 'NONE', #3090, #2276, #2734, .T. ) ;
#1562 = CARTESIAN_POINT ( 'NONE',  ( 17.17341723148286903, -27.89683959804510494, 0.000000000000000000 ) ) ;
#1563 = CARTESIAN_POINT ( 'NONE',  ( 26.09225665674471983, -23.69659137923251890, -9.757819552369539906E-16 ) ) ;
#1564 = CARTESIAN_POINT ( 'NONE',  ( 3.439890762897389820, 16.13133827465630077, 41.30000000000000426 ) ) ;
#1565 = ORIENTED_EDGE ( 'NONE', *, *, #5388, .F. ) ;
#1566 = DIRECTION ( 'NONE',  ( 0.4999999999999998890, -0.8660254037844387076, 0.000000000000000000 ) ) ;
#1567 = CARTESIAN_POINT ( 'NONE',  ( 11.27778356099960000, 14.16282031780589890, 40.30000000000000426 ) ) ;
#1568 = VERTEX_POINT ( 'NONE', #6641 ) ;
#1569 = DIRECTION ( 'NONE',  ( 6.938893903907222067E-15, 1.000000000000000000, 0.000000000000000000 ) ) ;
#1570 = ORIENTED_EDGE ( 'NONE', *, *, #3295, .F. ) ;
#1571 = VECTOR ( 'NONE', #5758, 1000.000000000000000 ) ;
#1572 = ADVANCED_FACE ( 'NONE', ( #5428 ), #3025, .F. ) ;
#1573 = CARTESIAN_POINT ( 'NONE',  ( -7.028470480218760308, 15.60405525580270059, 40.30000000000000426 ) ) ;
#1574 = CARTESIAN_POINT ( 'NONE',  ( -9.650064367965448753, 15.60762795477450027, 41.30000000000000426 ) ) ;
#1575 = B_SPLINE_SURFACE_WITH_KNOTS ( 'NONE', 3, 1, ( 
 ( #3257, #3301 ),
 ( #3381, #7645 ),
 ( #2109, #7024 ),
 ( #5803, #5138 ),
 ( #4543, #250 ) ),
 .UNSPECIFIED., .F., .F., .F.,
 ( 4, 1, 4 ),
 ( 2, 2 ),
 ( 0.000000000000000000, 0.02544746342518139706, 0.05188151922536529681 ),
 ( 0.000000000000000000, 0.1000000000000000056 ),
 .UNSPECIFIED. ) ;
#1576 = EDGE_LOOP ( 'NONE', ( #2006, #681, #7202, #587 ) ) ;
#1577 = CARTESIAN_POINT ( 'NONE',  ( -3.278647231446099930, -15.40608526694630065, 41.39999999999999858 ) ) ;
#1578 = EDGE_CURVE ( 'NONE', #5085, #6270, #3327, .T. ) ;
#1579 = DIRECTION ( 'NONE',  ( 0.000000000000000000, 0.000000000000000000, -1.000000000000000000 ) ) ;
#1580 = PRODUCT_DEFINITION ( 'UNKNOWN', '', #7772, #5763 ) ;
#1581 = ORIENTED_EDGE ( 'NONE', *, *, #1120, .T. ) ;
#1582 = CARTESIAN_POINT ( 'NONE',  ( 10.63372686462870043, 13.50896311546799922, 40.30000000000000426 ) ) ;
#1583 = CARTESIAN_POINT ( 'NONE',  ( 10.20483515505999783, 13.26411857137959949, 41.30000000000000426 ) ) ;
#1584 = CARTESIAN_POINT ( 'NONE',  ( -5.709908941083569722, 17.89810315802280272, 41.30000000000000426 ) ) ;
#1585 = CARTESIAN_POINT ( 'NONE',  ( 10.32551870358700086, 12.95779116954750165, 41.30000000000000426 ) ) ;
#1587 = EDGE_CURVE ( 'NONE', #1612, #536, #1625, .T. ) ;
#1586 = CARTESIAN_POINT ( 'NONE',  ( -20.33722115556387777, 26.27258523008849167, 23.10000000000578169 ) ) ;
#1588 = EDGE_CURVE ( 'NONE', #7581, #4131, #1151, .T. ) ;
#1589 = CARTESIAN_POINT ( 'NONE',  ( -8.674226803505350247, 14.33969640253310018, 40.30000000000000426 ) ) ;
#1590 = CARTESIAN_POINT ( 'NONE',  ( 10.33972502155259932, 12.86263653422759923, 40.30000000000000426 ) ) ;
#1591 = ADVANCED_FACE ( 'NONE', ( #6765 ), #17, .F. ) ;
#1592 = LINE ( 'NONE', #3391, #221 ) ;
#1593 = DIRECTION ( 'NONE',  ( -0.1287323112736009634, 0.9916793796556206964, 0.000000000000000000 ) ) ;
#1594 = ORIENTED_EDGE ( 'NONE', *, *, #2829, .T. ) ;
#1595 = VERTEX_POINT ( 'NONE', #6201 ) ;
#1596 = EDGE_CURVE ( 'NONE', #2726, #6280, #6809, .T. ) ;
#1597 = CARTESIAN_POINT ( 'NONE',  ( 25.80081894424451150, -23.07152533505068348, 22.62189512157802795 ) ) ;
#1598 = VERTEX_POINT ( 'NONE', #5586 ) ;
#1599 = B_SPLINE_CURVE_WITH_KNOTS ( 'NONE', 3,
 ( #2529, #6223, #4982, #3909, #2567 ),
 .UNSPECIFIED., .F., .F.,
 ( 4, 1, 4 ),
 ( 0.000000000000000000, 0.01046075584044130029, 0.02586547623505069948 ),
 .UNSPECIFIED. ) ;
#1600 = CARTESIAN_POINT ( 'NONE',  ( 5.338394301825279520, 32.43409392946973924, 0.08910118108471740128 ) ) ;
#1601 = DIRECTION ( 'NONE',  ( 1.000000000000000000, 0.000000000000000000, 0.000000000000000000 ) ) ;
#1602 = EDGE_CURVE ( 'NONE', #4892, #6213, #56, .T. ) ;
#1603 = DIRECTION ( 'NONE',  ( 0.9997752036100990836, -0.02120241133421020205, 0.000000000000000000 ) ) ;
#1604 = CARTESIAN_POINT ( 'NONE',  ( 24.79862158289313712, 23.80243897121255969, 22.62447668342645102 ) ) ;
#1605 = ORIENTED_EDGE ( 'NONE', *, *, #3882, .T. ) ;
#1606 = CARTESIAN_POINT ( 'NONE',  ( -2.661605698174729806, 27.52334054423229759, 7.922490248478589514 ) ) ;
#1607 = ORIENTED_EDGE ( 'NONE', *, *, #6051, .F. ) ;
#1608 = DIRECTION ( 'NONE',  ( 0.000000000000000000, 0.000000000000000000, -1.000000000000000000 ) ) ;
#1609 = VERTEX_POINT ( 'NONE', #7774 ) ;
#1610 = CARTESIAN_POINT ( 'NONE',  ( 2.278152561075119653, 15.54266943702009840, 40.30000000000000426 ) ) ;
#1611 = CARTESIAN_POINT ( 'NONE',  ( -0.5722441504467039586, 18.88662682999719777, 40.30000000000000426 ) ) ;
#1612 = VERTEX_POINT ( 'NONE', #3582 ) ;
#1613 = CARTESIAN_POINT ( 'NONE',  ( -9.681315860892119929, 14.96862224024780019, 40.30000000000000426 ) ) ;
#1614 = VERTEX_POINT ( 'NONE', #6015 ) ;
#1615 = CARTESIAN_POINT ( 'NONE',  ( 9.385395245059591218, -0.6146047549404077825, 41.30000000000000426 ) ) ;
#1616 = PLANE ( 'NONE',  #2811 ) ;
#1617 = EDGE_CURVE ( 'NONE', #1968, #7283, #2272, .T. ) ;
#1618 = CARTESIAN_POINT ( 'NONE',  ( 24.82847725615040346, -26.59701353877412089, 0.5246671287592131749 ) ) ;
#1619 = EDGE_CURVE ( 'NONE', #6059, #6997, #6550, .T. ) ;
#1620 = CARTESIAN_POINT ( 'NONE',  ( 10.23293787947360123, 13.20936556744800150, 41.30000000000000426 ) ) ;
#1621 = CARTESIAN_POINT ( 'NONE',  ( 6.949205376582550109, 16.95920502406449870, 41.30000000000000426 ) ) ;
#1622 = EDGE_CURVE ( 'NONE', #3889, #182, #1092, .T. ) ;
#1623 = DIRECTION ( 'NONE',  ( 0.000000000000000000, 0.000000000000000000, 1.000000000000000000 ) ) ;
#1624 = CARTESIAN_POINT ( 'NONE',  ( 17.19148697486859234, 26.66763008816431935, 0.000000000000000000 ) ) ;
#1625 = CIRCLE ( 'NONE', #1241, 2.000000000000000000 ) ;
#1626 = CARTESIAN_POINT ( 'NONE',  ( 3.582226832301850461, 17.54499995385240041, 41.30000000000000426 ) ) ;
#1627 = CARTESIAN_POINT ( 'NONE',  ( -10.15431902518030149, 16.30599687082739990, 40.30000000000000426 ) ) ;
#1628 = CARTESIAN_POINT ( 'NONE',  ( 3.422347886759169899, 18.39172723067869697, 41.30000000000000426 ) ) ;
#1629 = VERTEX_POINT ( 'NONE', #1710 ) ;
#1630 = EDGE_CURVE ( 'NONE', #2725, #5376, #2677, .T. ) ;
#1631 = CARTESIAN_POINT ( 'NONE',  ( 22.99999999999999645, 21.49999999999999645, 0.5000000000000004441 ) ) ;
#1632 = EDGE_LOOP ( 'NONE', ( #2336, #7789, #6694, #6371 ) ) ;
#1633 = CARTESIAN_POINT ( 'NONE',  ( 16.40166822571530503, -27.62478600578701560, 22.61744974835125888 ) ) ;
#1634 = ORIENTED_EDGE ( 'NONE', *, *, #6159, .T. ) ;
#1635 = B_SPLINE_SURFACE_WITH_KNOTS ( 'NONE', 3, 1, ( 
 ( #5513, #7992 ),
 ( #2473, #7392 ),
 ( #3602, #1856 ),
 ( #4332, #5593 ),
 ( #6035, #6770 ) ),
 .UNSPECIFIED., .F., .F., .F.,
 ( 4, 1, 4 ),
 ( 2, 2 ),
 ( 0.000000000000000000, 0.02129133792793609994, 0.04412504982888030419 ),
 ( 0.000000000000000000, 0.1000000000000000056 ),
 .UNSPECIFIED. ) ;
#1636 = FACE_OUTER_BOUND ( 'NONE', #172, .T. ) ;
#1637 = CARTESIAN_POINT ( 'NONE',  ( -5.758715584374089147, 16.65427505637470063, 41.30000000000000426 ) ) ;
#1638 = CARTESIAN_POINT ( 'NONE',  ( 9.529878309948269788, 13.71666961248990013, 41.30000000000000426 ) ) ;
#1639 = DIRECTION ( 'NONE',  ( -0.1806975293134328864, -0.9835387144896844402, 0.000000000000000000 ) ) ;
#1640 = DIRECTION ( 'NONE',  ( 1.000000000000000000, 0.000000000000000000, 0.000000000000000000 ) ) ;
#1641 = VERTEX_POINT ( 'NONE', #2315 ) ;
#1642 = CARTESIAN_POINT ( 'NONE',  ( -0.7786472314460989308, -19.73621228586849696, 41.39999999999999858 ) ) ;
#1643 = ORIENTED_EDGE ( 'NONE', *, *, #1561, .F. ) ;
#1644 = CARTESIAN_POINT ( 'NONE',  ( 2.947336782589780046, 15.12171683621880014, 40.30000000000000426 ) ) ;
#1645 = EDGE_CURVE ( 'NONE', #7397, #7534, #2847, .T. ) ;
#1646 = LINE ( 'NONE', #352, #7230 ) ;
#1647 = CARTESIAN_POINT ( 'NONE',  ( -28.28484772511239953, -21.91722660817499957, -0.08918182347011070765 ) ) ;
#1648 = VERTEX_POINT ( 'NONE', #6510 ) ;
#1649 = CARTESIAN_POINT ( 'NONE',  ( 25.19591106213782794, 24.24109622463121028, 1.084202172485504434E-15 ) ) ;
#1650 = ORIENTED_EDGE ( 'NONE', *, *, #1495, .F. ) ;
#1651 = DIRECTION ( 'NONE',  ( -1.000000000000000000, 0.000000000000000000, 0.000000000000000000 ) ) ;
#1652 = EDGE_CURVE ( 'NONE', #265, #1237, #2254, .T. ) ;
#1653 = VECTOR ( 'NONE', #6265, 1000.000000000000227 ) ;
#1654 = CARTESIAN_POINT ( 'NONE',  ( 6.936643174998880390, 16.84674734871670054, 41.30000000000000426 ) ) ;
#1655 = DIRECTION ( 'NONE',  ( 0.000000000000000000, 0.000000000000000000, -1.000000000000000000 ) ) ;
#1656 = EDGE_CURVE ( 'NONE', #7996, #7934, #2151, .T. ) ;
#1657 = CARTESIAN_POINT ( 'NONE',  ( 25.54551220375448395, -24.92115003094039238, 6.505213034913026604E-16 ) ) ;
#1658 = LINE ( 'NONE', #4026, #429 ) ;
#1659 = PLANE ( 'NONE',  #2278 ) ;
#1660 = AXIS2_PLACEMENT_3D ( 'NONE', #4173, #4212, #2915 ) ;
#1661 = CARTESIAN_POINT ( 'NONE',  ( -9.789225526048308978, 14.22255285263720026, 41.30000000000000426 ) ) ;
#1662 = DIRECTION ( 'NONE',  ( 0.3252373394801191253, -0.9456324196049402664, 0.000000000000000000 ) ) ;
#1663 = B_SPLINE_CURVE_WITH_KNOTS ( 'NONE', 3,
 ( #3736, #3158, #3817, #6866, #1369 ),
 .UNSPECIFIED., .F., .F.,
 ( 4, 1, 4 ),
 ( 0.000000000000000000, 0.01940528475791940266, 0.03661893328907710188 ),
 .UNSPECIFIED. ) ;
#1664 = EDGE_CURVE ( 'NONE', #32, #3836, #1875, .T. ) ;
#1665 = VECTOR ( 'NONE', #7702, 1000.000000000000114 ) ;
#1666 = B_SPLINE_CURVE_WITH_KNOTS ( 'NONE', 3,
 ( #1661, #4180, #2961, #1743, #2950 ),
 .UNSPECIFIED., .F., .F.,
 ( 4, 1, 4 ),
 ( 0.000000000000000000, 0.01183247495483989893, 0.02306317136571380336 ),
 .UNSPECIFIED. ) ;
#1667 = FACE_OUTER_BOUND ( 'NONE', #1035, .T. ) ;
#1668 = CARTESIAN_POINT ( 'NONE',  ( -5.379266741844990207, 17.56136821357720024, 40.30000000000000426 ) ) ;
#1669 = CARTESIAN_POINT ( 'NONE',  ( -10.06851645498080039, 16.31502197800109855, 40.30000000000000426 ) ) ;
#1670 = CARTESIAN_POINT ( 'NONE',  ( -0.6146047549404123345, 26.66763008816431579, 0.5000000000000000000 ) ) ;
#1671 = ORIENTED_EDGE ( 'NONE', *, *, #7485, .T. ) ;
#1672 = CARTESIAN_POINT ( 'NONE',  ( -5.286458531868709620, 17.32921775743540138, 41.30000000000000426 ) ) ;
#1673 = ORIENTED_EDGE ( 'NONE', *, *, #3800, .F. ) ;
#1674 = CARTESIAN_POINT ( 'NONE',  ( -5.250628551217629614, 17.19109523605380119, 40.30000000000000426 ) ) ;
#1675 = EDGE_CURVE ( 'NONE', #4829, #717, #610, .T. ) ;
#1676 = VECTOR ( 'NONE', #1746, 1000.000000000000227 ) ;
#1677 = EDGE_CURVE ( 'NONE', #3261, #7632, #5019, .T. ) ;
#1678 = CARTESIAN_POINT ( 'NONE',  ( 24.80576989711807911, -25.00091005656524601, 22.62441709299308101 ) ) ;
#1679 = ORIENTED_EDGE ( 'NONE', *, *, #4545, .F. ) ;
#1680 = CARTESIAN_POINT ( 'NONE',  ( -10.69967897954249914, 13.78278767055989817, 41.30000000000000426 ) ) ;
#1681 = DIRECTION ( 'NONE',  ( 0.000000000000000000, 0.000000000000000000, -1.000000000000000000 ) ) ;
#1682 = CARTESIAN_POINT ( 'NONE',  ( -28.39653501155466131, -18.40262674136375765, 0.5174497483512515705 ) ) ;
#1683 = CARTESIAN_POINT ( 'NONE',  ( -6.142459030276159915, 18.01960463918630140, 41.30000000000000426 ) ) ;
#1684 = VERTEX_POINT ( 'NONE', #1952 ) ;
#1685 = CARTESIAN_POINT ( 'NONE',  ( 8.172995640601749656, 12.78766205430570047, 40.30000000000000426 ) ) ;
#1686 = VERTEX_POINT ( 'NONE', #6226 ) ;
#1687 = EDGE_CURVE ( 'NONE', #6993, #2339, #5529, .T. ) ;
#1688 = EDGE_CURVE ( 'NONE', #1940, #7759, #3829, .T. ) ;
#1689 = ORIENTED_EDGE ( 'NONE', *, *, #918, .F. ) ;
#1690 = LINE ( 'NONE', #2873, #6196 ) ;
#1691 = CARTESIAN_POINT ( 'NONE',  ( -27.74226628995940303, -21.37464517302190004, 15.44831758018040091 ) ) ;
#1692 = CARTESIAN_POINT ( 'NONE',  ( 3.608399715779140315, 16.68331672076489980, 41.30000000000000426 ) ) ;
#1693 = ORIENTED_EDGE ( 'NONE', *, *, #7321, .F. ) ;
#1694 = CARTESIAN_POINT ( 'NONE',  ( 27.06254193305072420, 19.88175757589758774, 0.5190082483305665795 ) ) ;
#1695 = EDGE_LOOP ( 'NONE', ( #5116, #1071, #2020, #5157 ) ) ;
#1696 = CARTESIAN_POINT ( 'NONE',  ( 6.836821090538110823, 15.15999154324650178, 40.30000000000000426 ) ) ;
#1697 = FACE_BOUND ( 'NONE', #7737, .T. ) ;
#1698 = ORIENTED_EDGE ( 'NONE', *, *, #1929, .F. ) ;
#1699 = FACE_OUTER_BOUND ( 'NONE', #2415, .T. ) ;
#1700 = CARTESIAN_POINT ( 'NONE',  ( 11.22159897539429885, 13.79451934474860053, 40.30000000000000426 ) ) ;
#1701 = CARTESIAN_POINT ( 'NONE',  ( -9.158705203805320494, 15.08210253421400182, 40.30000000000000426 ) ) ;
#1702 = CARTESIAN_POINT ( 'NONE',  ( 25.68380745121454112, -25.62474627636764879, 0.5242893396432545261 ) ) ;
#1703 = CARTESIAN_POINT ( 'NONE',  ( 22.82968489480361285, 25.35920561457493250, 23.10000000000346887 ) ) ;
#1704 = CARTESIAN_POINT ( 'NONE',  ( 11.16963982970500169, 14.43372660274629915, 41.30000000000000426 ) ) ;
#1705 = CARTESIAN_POINT ( 'NONE',  ( 3.381807548862000079, -12.53009322378209944, 41.30000000000000426 ) ) ;
#1706 = CARTESIAN_POINT ( 'NONE',  ( -26.93023425836096152, 23.39294449170116152, 3.252606517456515767E-16 ) ) ;
#1707 = CARTESIAN_POINT ( 'NONE',  ( 26.64837773030360069, -19.23054803038019855, 15.37816956991539996 ) ) ;
#1708 = CARTESIAN_POINT ( 'NONE',  ( -6.307153727361160200, 16.28891728678519968, 41.30000000000000426 ) ) ;
#1709 = DIRECTION ( 'NONE',  ( -1.387778780781444413E-14, 0.000000000000000000, 1.000000000000000000 ) ) ;
#1710 = CARTESIAN_POINT ( 'NONE',  ( -10.26838636015069994, 12.21941433068429816, 41.30000000000000426 ) ) ;
#1711 = EDGE_CURVE ( 'NONE', #7508, #7372, #6872, .T. ) ;
#1712 = CARTESIAN_POINT ( 'NONE',  ( -6.359640276280909887, 17.57045269755629846, 41.30000000000000426 ) ) ;
#1713 = DIRECTION ( 'NONE',  ( 1.000000000000000000, 0.000000000000000000, 0.000000000000000000 ) ) ;
#1714 = B_SPLINE_CURVE_WITH_KNOTS ( 'NONE', 3,
 ( #1538, #4059, #847, #7643, #2142 ),
 .UNSPECIFIED., .F., .F.,
 ( 4, 1, 4 ),
 ( 0.000000000000000000, 0.02358452478244750170, 0.04524994969730790351 ),
 .UNSPECIFIED. ) ;
#1715 = EDGE_LOOP ( 'NONE', ( #395, #3996, #181, #7829 ) ) ;
#1716 = CARTESIAN_POINT ( 'NONE',  ( 3.333170871578770011, 18.43549456033489875, 41.30000000000000426 ) ) ;
#1717 = EDGE_LOOP ( 'NONE', ( #6362, #7655, #5960, #7641 ) ) ;
#1718 = ADVANCED_FACE ( 'NONE', ( #2603 ), #1575, .F. ) ;
#1719 = DIRECTION ( 'NONE',  ( -0.8034859426560702067, 0.5953237270209262855, 0.000000000000000000 ) ) ;
#1720 = CARTESIAN_POINT ( 'NONE',  ( 16.38481719960930150, 26.37872546980020161, 23.09999999999999787 ) ) ;
#1721 = CARTESIAN_POINT ( 'NONE',  ( 6.745845658655389876, 16.67801250511399758, 41.30000000000000426 ) ) ;
#1722 = CARTESIAN_POINT ( 'NONE',  ( 3.358446064208159942, 15.29864897262370071, 40.30000000000000426 ) ) ;
#1723 = CARTESIAN_POINT ( 'NONE',  ( -0.6146047549404088928, -0.6146047549404088928, 41.30000000000000426 ) ) ;
#1724 = ORIENTED_EDGE ( 'NONE', *, *, #4670, .T. ) ;
#1725 = CIRCLE ( 'NONE', #6243, 2.000000000000001776 ) ;
#1726 = CARTESIAN_POINT ( 'NONE',  ( 2.641366573520219863, 15.52143721616780070, 41.30000000000000426 ) ) ;
#1727 = DIRECTION ( 'NONE',  ( 0.000000000000000000, 0.000000000000000000, 1.000000000000000000 ) ) ;
#1728 = ADVANCED_FACE ( 'NONE', ( #2755 ), #7685, .F. ) ;
#1729 = VERTEX_POINT ( 'NONE', #4025 ) ;
#1730 = CARTESIAN_POINT ( 'NONE',  ( 9.879598326027370092, 12.54584693414930108, 40.30000000000000426 ) ) ;
#1731 = AXIS2_PLACEMENT_3D ( 'NONE', #6563, #541, #7169 ) ;
#1732 = CARTESIAN_POINT ( 'NONE',  ( 25.55430090684092193, 23.68187998975952269, 1.084202172485504434E-15 ) ) ;
#1733 = ORIENTED_EDGE ( 'NONE', *, *, #2653, .T. ) ;
#1734 = EDGE_CURVE ( 'NONE', #7081, #1568, #5173, .T. ) ;
#1735 = DIRECTION ( 'NONE',  ( 1.000000000000000000, 0.000000000000000000, 0.000000000000000000 ) ) ;
#1736 = CARTESIAN_POINT ( 'NONE',  ( 2.153277872611869981, 15.14466350712690002, 41.30000000000000426 ) ) ;
#1737 = DIRECTION ( 'NONE',  ( -0.5953237270209262855, -0.8034859426560702067, 0.000000000000000000 ) ) ;
#1738 = CARTESIAN_POINT ( 'NONE',  ( -5.916979979357109620, 17.97328504378209857, 40.30000000000000426 ) ) ;
#1739 = CARTESIAN_POINT ( 'NONE',  ( 27.16732550167385085, -18.40262674136375054, 0.5174497483512523477 ) ) ;
#1740 = CARTESIAN_POINT ( 'NONE',  ( 23.33830902478159075, 24.50197690338100642, 23.10000000000000853 ) ) ;
#1741 = EDGE_CURVE ( 'NONE', #3399, #5451, #5100, .T. ) ;
#1742 = CARTESIAN_POINT ( 'NONE',  ( 6.949205376582550109, 16.95920502406449870, 40.30000000000000426 ) ) ;
#1743 = CARTESIAN_POINT ( 'NONE',  ( -9.980488052540369637, 14.20012723165500113, 41.30000000000000426 ) ) ;
#1744 = CARTESIAN_POINT ( 'NONE',  ( -28.23834264132361582, 20.56763915809869303, -1.451963291452843999E-13 ) ) ;
#1745 = EDGE_CURVE ( 'NONE', #3017, #2656, #2076, .T. ) ;
#1746 = DIRECTION ( 'NONE',  ( 0.9999072599733419553, -0.01361879042365390056, 0.000000000000000000 ) ) ;
#1747 = DIRECTION ( 'NONE',  ( -0.9456324196049409325, -0.3252373394801170714, 0.000000000000000000 ) ) ;
#1748 = LINE ( 'NONE', #4863, #4459 ) ;
#1749 = CARTESIAN_POINT ( 'NONE',  ( -9.116765600404749037, 15.20054778791569916, 40.30000000000000426 ) ) ;
#1750 = CARTESIAN_POINT ( 'NONE',  ( -9.408452792339399906, 16.08890333656830407, 40.30000000000000426 ) ) ;
#1751 = B_SPLINE_CURVE_WITH_KNOTS ( 'NONE', 3,
 ( #6323, #4931, #3149, #7387, #6481 ),
 .UNSPECIFIED., .F., .F.,
 ( 4, 1, 4 ),
 ( 0.000000000000000000, 0.02879584727689919743, 0.06049198197087519990 ),
 .UNSPECIFIED. ) ;
#1752 = ORIENTED_EDGE ( 'NONE', *, *, #7677, .T. ) ;
#1753 = CARTESIAN_POINT ( 'NONE',  ( -9.576203527604580046, 14.53032801389129958, 41.30000000000000426 ) ) ;
#1754 = CARTESIAN_POINT ( 'NONE',  ( 11.13136505507829987, 14.95174774934160133, 40.30000000000000426 ) ) ;
#1755 = ORIENTED_EDGE ( 'NONE', *, *, #5494, .F. ) ;
#1756 = FACE_OUTER_BOUND ( 'NONE', #3474, .T. ) ;
#1757 = ADVANCED_FACE ( 'NONE', ( #5209 ), #164, .T. ) ;
#1758 = CARTESIAN_POINT ( 'NONE',  ( 21.46697368333630251, 26.71446571495119926, 7.713802996693780223 ) ) ;
#1759 = AXIS2_PLACEMENT_3D ( 'NONE', #3502, #563, #6660 ) ;
#1760 = CARTESIAN_POINT ( 'NONE',  ( -18.15660814464309780, 26.92130690495330114, 7.562500596349470250 ) ) ;
#1761 = CARTESIAN_POINT ( 'NONE',  ( -26.58571251132090296, -26.06835760287694725, 0.5246649187484619947 ) ) ;
#1762 = CARTESIAN_POINT ( 'NONE',  ( -5.961347503331850817, 17.47833039295590041, 40.30000000000000426 ) ) ;
#1763 = ORIENTED_EDGE ( 'NONE', *, *, #3393, .T. ) ;
#1764 = ORIENTED_EDGE ( 'NONE', *, *, #5469, .F. ) ;
#1765 = DIRECTION ( 'NONE',  ( 0.000000000000000000, 0.000000000000000000, -1.000000000000000000 ) ) ;
#1766 = FILL_AREA_STYLE ('',( #7254 ) ) ;
#1767 = ORIENTED_EDGE ( 'NONE', *, *, #5553, .T. ) ;
#1768 = ADVANCED_FACE ( 'NONE', ( #6301 ), #3917, .F. ) ;
#1769 = VECTOR ( 'NONE', #5906, 1000.000000000000000 ) ;
#1770 = CARTESIAN_POINT ( 'NONE',  ( -3.261382006547570267, 15.59255168546810033, 41.30000000000000426 ) ) ;
#1771 = CARTESIAN_POINT ( 'NONE',  ( -9.789225526048308978, 14.22255285263720026, 41.30000000000000426 ) ) ;
#1772 = ORIENTED_EDGE ( 'NONE', *, *, #1039, .F. ) ;
#1773 = DIRECTION ( 'NONE',  ( 0.000000000000000000, 0.000000000000000000, -1.000000000000000000 ) ) ;
#1774 = DIRECTION ( 'NONE',  ( 0.000000000000000000, 0.000000000000000000, -1.000000000000000000 ) ) ;
#1775 = ORIENTED_EDGE ( 'NONE', *, *, #5509, .F. ) ;
#1776 = ORIENTED_EDGE ( 'NONE', *, *, #7616, .F. ) ;
#1777 = CARTESIAN_POINT ( 'NONE',  ( 17.17341723148286903, -28.39653501155466486, 0.5174497483512490170 ) ) ;
#1778 = ORIENTED_EDGE ( 'NONE', *, *, #2614, .T. ) ;
#1779 = EDGE_CURVE ( 'NONE', #2063, #5729, #3586, .T. ) ;
#1780 = EDGE_CURVE ( 'NONE', #4303, #6738, #851, .T. ) ;
#1781 = EDGE_CURVE ( 'NONE', #1247, #3017, #6907, .T. ) ;
#1782 = LINE ( 'NONE', #7312, #232 ) ;
#1783 = DIRECTION ( 'NONE',  ( -1.000000000000000000, 0.000000000000000000, 0.000000000000000000 ) ) ;
#1784 = CARTESIAN_POINT ( 'NONE',  ( -6.453184937920749320, 17.97332015037380160, 41.30000000000000426 ) ) ;
#1785 = CARTESIAN_POINT ( 'NONE',  ( 23.86823963246312630, -0.6146047549404088928, 23.09999999999999787 ) ) ;
#1786 = DIRECTION ( 'NONE',  ( 0.000000000000000000, 0.000000000000000000, -1.000000000000000000 ) ) ;
#1787 = CARTESIAN_POINT ( 'NONE',  ( -10.12741081589729930, 14.14069446659670071, 40.30000000000000426 ) ) ;
#1788 = CARTESIAN_POINT ( 'NONE',  ( 9.872559396403879362, 12.43467658368009943, 41.30000000000000426 ) ) ;
#1789 = CARTESIAN_POINT ( 'NONE',  ( 25.60723911687200172, -25.70725355230619869, 7.780286686042069633 ) ) ;
#1790 = EDGE_CURVE ( 'NONE', #3595, #2239, #4584, .T. ) ;
#1791 = FACE_OUTER_BOUND ( 'NONE', #2826, .T. ) ;
#1792 = CARTESIAN_POINT ( 'NONE',  ( -18.96606473977875140, -27.10887256512845767, 23.10000000000001563 ) ) ;
#1793 = AXIS2_PLACEMENT_3D ( 'NONE', #3337, #3985, #2717 ) ;
#1794 = CARTESIAN_POINT ( 'NONE',  ( 3.539286952336860193, 17.64370726485629959, 41.30000000000000426 ) ) ;
#1795 = LINE ( 'NONE', #6147, #7182 ) ;
#1796 = ORIENTED_EDGE ( 'NONE', *, *, #7371, .F. ) ;
#1797 = LINE ( 'NONE', #5493, #1080 ) ;
#1798 = CARTESIAN_POINT ( 'NONE',  ( 6.509935011486049916, 16.42116421461409814, 40.30000000000000426 ) ) ;
#1799 = ORIENTED_EDGE ( 'NONE', *, *, #2287, .T. ) ;
#1800 = ORIENTED_EDGE ( 'NONE', *, *, #460, .T. ) ;
#1801 = MECHANICAL_DESIGN_GEOMETRIC_PRESENTATION_REPRESENTATION (  '', ( #5269 ), #6825 ) ;
#1802 = DIRECTION ( 'NONE',  ( 1.000000000000000000, -6.943123467126490601E-15, 0.000000000000000000 ) ) ;
#1803 = CARTESIAN_POINT ( 'NONE',  ( -9.295477089687478767, 14.53580710638119911, 41.30000000000000426 ) ) ;
#1804 = CARTESIAN_POINT ( 'NONE',  ( -10.69035895268469893, 16.08217148952480358, 41.30000000000000426 ) ) ;
#1805 = CARTESIAN_POINT ( 'NONE',  ( 24.24943116667650855, 25.18313140030873143, -3.252606517456513302E-16 ) ) ;
#1806 = ORIENTED_EDGE ( 'NONE', *, *, #6349, .F. ) ;
#1807 = AXIS2_PLACEMENT_3D ( 'NONE', #3675, #5539, #621 ) ;
#1808 = EDGE_CURVE ( 'NONE', #1641, #3120, #3869, .T. ) ;
#1809 = DIRECTION ( 'NONE',  ( 1.223900777406158770E-16, -0.9993908270190957621, 0.03489949670250099001 ) ) ;
#1810 = EDGE_CURVE ( 'NONE', #2084, #6810, #4478, .T. ) ;
#1811 = DIRECTION ( 'NONE',  ( 0.000000000000000000, 0.000000000000000000, -1.000000000000000000 ) ) ;
#1812 = CARTESIAN_POINT ( 'NONE',  ( -28.15051641483409739, -18.15660814464309780, 7.562500596349470250 ) ) ;
#1813 = ORIENTED_EDGE ( 'NONE', *, *, #2180, .T. ) ;
#1814 = CARTESIAN_POINT ( 'NONE',  ( -9.568217679681479737, 15.23419843766230031, 40.30000000000000426 ) ) ;
#1815 = CARTESIAN_POINT ( 'NONE',  ( 1.441281537410179947, 15.69541414713999927, 41.30000000000000426 ) ) ;
#1816 = ORIENTED_EDGE ( 'NONE', *, *, #2781, .F. ) ;
#1817 = ORIENTED_EDGE ( 'NONE', *, *, #7068, .F. ) ;
#1818 = FACE_BOUND ( 'NONE', #5338, .T. ) ;
#1819 = ORIENTED_EDGE ( 'NONE', *, *, #792, .F. ) ;
#1820 = EDGE_CURVE ( 'NONE', #1614, #2205, #7353, .T. ) ;
#1821 = ORIENTED_EDGE ( 'NONE', *, *, #5875, .F. ) ;
#1822 = CARTESIAN_POINT ( 'NONE',  ( 10.32551870358700086, 12.95779116954750165, 40.30000000000000426 ) ) ;
#1823 = FACE_OUTER_BOUND ( 'NONE', #3229, .T. ) ;
#1824 = B_SPLINE_CURVE_WITH_KNOTS ( 'NONE', 3,
 ( #5230, #4079, #454, #4153, #7860 ),
 .UNSPECIFIED., .F., .F.,
 ( 4, 1, 4 ),
 ( 0.000000000000000000, 0.02054540528558339990, 0.03963100698289179907 ),
 .UNSPECIFIED. ) ;
#1825 = CARTESIAN_POINT ( 'NONE',  ( 17.84932421512649370, -28.41490282204854267, -9.046668259864336874E-13 ) ) ;
#1826 = CARTESIAN_POINT ( 'NONE',  ( 21.04739680927738021, 25.48468650586431394, 23.10000000000000853 ) ) ;
#1827 = ORIENTED_EDGE ( 'NONE', *, *, #3804, .F. ) ;
#1828 = CARTESIAN_POINT ( 'NONE',  ( -10.15431902518030149, 16.30599687082739990, 40.30000000000000426 ) ) ;
#1829 = VECTOR ( 'NONE', #1535, 1000.000000000000000 ) ;
#1830 = CARTESIAN_POINT ( 'NONE',  ( -0.6146047549404088928, -0.6146047549404088928, 23.59999999999999787 ) ) ;
#1831 = ADVANCED_FACE ( 'NONE', ( #7150 ), #6006, .T. ) ;
#1832 = VECTOR ( 'NONE', #2178, 1000.000000000000000 ) ;
#1833 = CARTESIAN_POINT ( 'NONE',  ( 24.42416205821986352, 23.46934722019091879, 23.09999999999999787 ) ) ;
#1834 = CARTESIAN_POINT ( 'NONE',  ( -17.63087773559610838, -27.62478600578701204, 22.61744974835125532 ) ) ;
#1835 = CARTESIAN_POINT ( 'NONE',  ( -24.92115189791083907, -26.77472444052746070, 2.168404344971008868E-16 ) ) ;
#1836 = CARTESIAN_POINT ( 'NONE',  ( -4.118086260487139327, 18.59421319516879834, 40.30000000000000426 ) ) ;
#1837 = ORIENTED_EDGE ( 'NONE', *, *, #7290, .F. ) ;
#1838 = CARTESIAN_POINT ( 'NONE',  ( 3.224129114692329878, 18.01373973556029640, 41.30000000000000426 ) ) ;
#1839 = CARTESIAN_POINT ( 'NONE',  ( -4.661605698174730250, 32.09039825922320688, 6.080756329601659793 ) ) ;
#1840 = ORIENTED_EDGE ( 'NONE', *, *, #4737, .T. ) ;
#1841 = ADVANCED_FACE ( 'NONE', ( #3575 ), #4773, .T. ) ;
#1842 = CARTESIAN_POINT ( 'NONE',  ( 27.15001648919797361, 18.57152680822543189, 0.5181149972512242297 ) ) ;
#1843 = DIRECTION ( 'NONE',  ( -0.6946569551920374064, -0.7193411670433771388, 0.000000000000000000 ) ) ;
#1844 = CARTESIAN_POINT ( 'NONE',  ( -17.63087773559611549, 25.89588108239668784, 23.09999999999999787 ) ) ;
#1845 = DIRECTION ( 'NONE',  ( 0.5301703764411318520, -0.8478911321297496473, 0.000000000000000000 ) ) ;
#1846 = VERTEX_POINT ( 'NONE', #1785 ) ;
#1847 = CARTESIAN_POINT ( 'NONE',  ( -17.63087773559610838, -27.12509059227746988, 23.09999999999999787 ) ) ;
#1848 = EDGE_CURVE ( 'NONE', #139, #6836, #830, .T. ) ;
#1849 = VERTEX_POINT ( 'NONE', #3737 ) ;
#1850 = DIRECTION ( 'NONE',  ( 0.7071067811865480168, -0.02467767077833638023, 0.7066760308408340796 ) ) ;
#1851 = CARTESIAN_POINT ( 'NONE',  ( 3.158296623045659945, 15.19790552043070164, 40.30000000000000426 ) ) ;
#1852 = EDGE_LOOP ( 'NONE', ( #2249, #2017, #4314, #4413 ) ) ;
#1853 = CARTESIAN_POINT ( 'NONE',  ( -7.003667864041189794, 14.10785803714719933, 41.30000000000000426 ) ) ;
#1854 = DIRECTION ( 'NONE',  ( -0.8034859426560696516, 0.5953237270209269516, 0.000000000000000000 ) ) ;
#1855 = ORIENTED_EDGE ( 'NONE', *, *, #963, .T. ) ;
#1856 = CARTESIAN_POINT ( 'NONE',  ( -5.709908941083569722, 17.89810315802280272, 40.30000000000000426 ) ) ;
#1857 = CARTESIAN_POINT ( 'NONE',  ( -9.190301470533659867, 15.75528648706329982, 40.30000000000000426 ) ) ;
#1858 = ORIENTED_EDGE ( 'NONE', *, *, #2844, .F. ) ;
#1859 = B_SPLINE_CURVE_WITH_KNOTS ( 'NONE', 3,
 ( #284, #2138, #7638, #4613, #3410 ),
 .UNSPECIFIED., .F., .F.,
 ( 4, 1, 4 ),
 ( 0.000000000000000000, 0.02739916541069800301, 0.05527269924275869661 ),
 .UNSPECIFIED. ) ;
#1860 = CIRCLE ( 'NONE', #7009, 1.500000000000001332 ) ;
#1861 = CARTESIAN_POINT ( 'NONE',  ( 27.16732550167385440, 17.17341723148286192, 0.5174497483512491280 ) ) ;
#1862 = EDGE_LOOP ( 'NONE', ( #3597, #246, #6288, #6128 ) ) ;
#1863 = DIRECTION ( 'NONE',  ( -0.000000000000000000, -0.000000000000000000, -1.000000000000000000 ) ) ;
#1864 = CARTESIAN_POINT ( 'NONE',  ( 21.49999999999999645, 21.49999999999999645, 10.00000000000000000 ) ) ;
#1865 = CIRCLE ( 'NONE', #4705, 20.95022005823249955 ) ;
#1866 = CARTESIAN_POINT ( 'NONE',  ( 23.59407957331873718, -27.38807276830236859, 0.5232597604070842179 ) ) ;
#1867 = CARTESIAN_POINT ( 'NONE',  ( 23.85980466479258766, 24.08483899265374362, 23.09999999999997655 ) ) ;
#1868 = VERTEX_POINT ( 'NONE', #3281 ) ;
#1869 = EDGE_CURVE ( 'NONE', #2157, #7226, #5440, .T. ) ;
#1870 = CARTESIAN_POINT ( 'NONE',  ( 26.39557649590621224, -17.63087773559610838, 22.61744974835124822 ) ) ;
#1871 = CARTESIAN_POINT ( 'NONE',  ( 3.333170871578770011, 18.43549456033489875, 40.30000000000000426 ) ) ;
#1872 = DIRECTION ( 'NONE',  ( 0.000000000000000000, -1.000000000000000000, -3.506929592249540258E-15 ) ) ;
#1873 = CARTESIAN_POINT ( 'NONE',  ( 21.15525790548510088, -27.20119460435438441, 22.62099070507071019 ) ) ;
#1874 = PLANE ( 'NONE',  #4669 ) ;
#1875 = LINE ( 'NONE', #6144, #3981 ) ;
#1877 = EDGE_CURVE ( 'NONE', #6732, #2014, #5618, .T. ) ;
#1876 = CARTESIAN_POINT ( 'NONE',  ( -21.10335080298749943, 26.24176640039400255, 23.21706716625849864 ) ) ;
#1878 = CARTESIAN_POINT ( 'NONE',  ( -23.85056340440695877, -27.82353398246923248, -1.856228764101639821E-13 ) ) ;
#1879 = DIRECTION ( 'NONE',  ( 0.9916793796556205853, 0.1287323112736019626, 0.000000000000000000 ) ) ;
#1880 = ORIENTED_EDGE ( 'NONE', *, *, #1085, .T. ) ;
#1881 = CARTESIAN_POINT ( 'NONE',  ( 26.66763008816431579, -3.114604754940426989, 0.5000000000000000000 ) ) ;
#1882 = ORIENTED_EDGE ( 'NONE', *, *, #3486, .T. ) ;
#1883 = EDGE_LOOP ( 'NONE', ( #4554, #3792, #5223, #6735 ) ) ;
#1884 = VECTOR ( 'NONE', #6824, 1000.000000000000000 ) ;
#1885 = CARTESIAN_POINT ( 'NONE',  ( -17.63087773559610838, -27.12509059227746988, 22.59999999999999787 ) ) ;
#1886 = CARTESIAN_POINT ( 'NONE',  ( 3.792725247001820232, 18.09618653913380015, 41.30000000000000426 ) ) ;
#1887 = CARTESIAN_POINT ( 'NONE',  ( 3.612859788535689898, 17.41994487467379926, 40.30000000000000426 ) ) ;
#1888 = CARTESIAN_POINT ( 'NONE',  ( -3.658774962311160284, 18.65383751147630065, 41.30000000000000426 ) ) ;
#1889 = VECTOR ( 'NONE', #3855, 1000.000000000000000 ) ;
#1890 = ORIENTED_EDGE ( 'NONE', *, *, #5284, .F. ) ;
#1891 = CARTESIAN_POINT ( 'NONE',  ( 10.13696777636750035, 13.76605045381189996, 41.30000000000000426 ) ) ;
#1892 = VERTEX_POINT ( 'NONE', #190 ) ;
#1893 = LINE ( 'NONE', #2586, #2832 ) ;
#1894 = EDGE_CURVE ( 'NONE', #1969, #5658, #7543, .T. ) ;
#1895 = AXIS2_PLACEMENT_3D ( 'NONE', #1881, #1995, #6838 ) ;
#1896 = CARTESIAN_POINT ( 'NONE',  ( 11.43479872537440123, 14.72321654819459980, 41.30000000000000426 ) ) ;
#1897 = ORIENTED_EDGE ( 'NONE', *, *, #7552, .F. ) ;
#1898 = DIRECTION ( 'NONE',  ( -0.06894096229339170823, -0.9976207414233432269, 0.000000000000000000 ) ) ;
#1899 = DIRECTION ( 'NONE',  ( 0.000000000000000000, 0.9993908270190956511, 0.03489949670250108715 ) ) ;
#1900 = ORIENTED_EDGE ( 'NONE', *, *, #5251, .F. ) ;
#1901 = CONICAL_SURFACE ( 'NONE', #3857, 24.00000000000000000, 0.03490658503988566114 ) ;
#1902 = CARTESIAN_POINT ( 'NONE',  ( -27.51202774428747588, -20.42832427692968622, 22.61907626232639146 ) ) ;
#1903 = VERTEX_POINT ( 'NONE', #754 ) ;
#1904 = EDGE_CURVE ( 'NONE', #6597, #1237, #5121, .T. ) ;
#1905 = CARTESIAN_POINT ( 'NONE',  ( 21.49999999999999645, -21.50000000000000000, 0.5000000000000004441 ) ) ;
#1906 = CARTESIAN_POINT ( 'NONE',  ( 16.40166822571530147, -27.62478600578701560, 22.61744974835124822 ) ) ;
#1907 = LINE ( 'NONE', #765, #37 ) ;
#1908 = ORIENTED_EDGE ( 'NONE', *, *, #7393, .F. ) ;
#1909 = CARTESIAN_POINT ( 'NONE',  ( -6.796362638087650510, 17.88004680616609932, 40.30000000000000426 ) ) ;
#1910 = CARTESIAN_POINT ( 'NONE',  ( -27.38017617490274347, 23.61130470673260362, 0.5233376248231380590 ) ) ;
#1911 = DIRECTION ( 'NONE',  ( -1.000000000000000000, 0.000000000000000000, 0.000000000000000000 ) ) ;
#1912 = VECTOR ( 'NONE', #1081, 1000.000000000000000 ) ;
#1913 = B_SPLINE_CURVE_WITH_KNOTS ( 'NONE', 3,
 ( #6238, #7458, #4921, #6884, #4960, #7335, #7421, #2580, #700, #1805, #1965, #5541, #6805, #7981, #5620, #623, #3180, #2544, #6197, #3719, #6722, #5034 ),
 .UNSPECIFIED., .F., .F.,
 ( 4, 2, 2, 2, 2, 2, 2, 2, 2, 2, 4 ),
 ( 0.000000000000000000, 0.001998687990358580593, 0.003997375980717161187, 0.005996063971075741780, 0.006995407966255032077, 0.007994751961434322374, 0.008994095956613611803, 0.009993439951792902967, 0.01199212794215149744, 0.01399081593251009191, 0.01598950392286868638 ),
 .UNSPECIFIED. ) ;
#1914 = CARTESIAN_POINT ( 'NONE',  ( 10.57434546443830037, 13.52221266803760003, 40.30000000000000426 ) ) ;
#1915 = EDGE_CURVE ( 'NONE', #133, #1135, #3088, .T. ) ;
#1916 = CARTESIAN_POINT ( 'NONE',  ( -25.47864449827034861, -26.41234616271149704, 4.336808689942008368E-16 ) ) ;
#1917 = CARTESIAN_POINT ( 'NONE',  ( -27.60793497968109733, 16.38481719960930150, 23.09999999999999787 ) ) ;
#1918 = CARTESIAN_POINT ( 'NONE',  ( -26.06001602478066914, -26.57703630336980538, 0.5246049338246652205 ) ) ;
#1919 = ORIENTED_EDGE ( 'NONE', *, *, #2849, .F. ) ;
#1920 = CARTESIAN_POINT ( 'NONE',  ( -17.88812740418526204, 26.65282616449545472, 15.25078308168457575 ) ) ;
#1921 = CARTESIAN_POINT ( 'NONE',  ( -27.44648956642339144, 19.79283852793352949, 22.61954778399032051 ) ) ;
#1922 = ORIENTED_EDGE ( 'NONE', *, *, #5444, .T. ) ;
#1923 = EDGE_LOOP ( 'NONE', ( #3171, #4282, #6605, #6861 ) ) ;
#1924 = EDGE_CURVE ( 'NONE', #3198, #182, #5123, .T. ) ;
#1925 = CARTESIAN_POINT ( 'NONE',  ( -9.650064367965448753, 15.60762795477450027, 41.30000000000000426 ) ) ;
#1926 = CARTESIAN_POINT ( 'NONE',  ( 10.99663645060210015, 13.08155772447939924, 41.30000000000000426 ) ) ;
#1927 = CARTESIAN_POINT ( 'NONE',  ( 3.635014330823960194, 16.84570959661070333, 40.30000000000000426 ) ) ;
#1928 = DIRECTION ( 'NONE',  ( 0.000000000000000000, 0.000000000000000000, -1.000000000000000000 ) ) ;
#1929 = EDGE_CURVE ( 'NONE', #302, #5979, #1469, .T. ) ;
#1930 = ORIENTED_EDGE ( 'NONE', *, *, #713, .T. ) ;
#1931 = CARTESIAN_POINT ( 'NONE',  ( 4.076735221874499437, 16.58999099842340286, 41.30000000000000426 ) ) ;
#1932 = ORIENTED_EDGE ( 'NONE', *, *, #3537, .F. ) ;
#1933 = AXIS2_PLACEMENT_3D ( 'NONE', #358, #7760, #289 ) ;
#1934 = LINE ( 'NONE', #2552, #1445 ) ;
#1935 = VECTOR ( 'NONE', #2015, 1000.000000000000227 ) ;
#1936 = VERTEX_POINT ( 'NONE', #5081 ) ;
#1937 = CYLINDRICAL_SURFACE ( 'NONE', #6643, 10.50000000000000000 ) ;
#1938 = ORIENTED_EDGE ( 'NONE', *, *, #4393, .F. ) ;
#1939 = CARTESIAN_POINT ( 'NONE',  ( 2.964785200835389656, 18.13376311301610144, 40.30000000000000426 ) ) ;
#1940 = VERTEX_POINT ( 'NONE', #4491 ) ;
#1941 = VECTOR ( 'NONE', #3390, 1000.000000000000000 ) ;
#1942 = B_SPLINE_CURVE_WITH_KNOTS ( 'NONE', 3,
 ( #4612, #5168, #200, #7678, #2748 ),
 .UNSPECIFIED., .F., .F.,
 ( 4, 1, 4 ),
 ( 0.000000000000000000, 0.02544746342518139706, 0.05188151922536529681 ),
 .UNSPECIFIED. ) ;
#1943 = ORIENTED_EDGE ( 'NONE', *, *, #326, .T. ) ;
#1944 = DIRECTION ( 'NONE',  ( 1.000000000000000000, 0.000000000000000000, 0.000000000000000000 ) ) ;
#1945 = CARTESIAN_POINT ( 'NONE',  ( 10.28333761211700015, 13.11117093268710043, 41.30000000000000426 ) ) ;
#1946 = EDGE_CURVE ( 'NONE', #2627, #7608, #5505, .T. ) ;
#1947 = ORIENTED_EDGE ( 'NONE', *, *, #425, .F. ) ;
#1948 = CARTESIAN_POINT ( 'NONE',  ( 3.590308173573930173, 15.51758969383750042, 40.30000000000000426 ) ) ;
#1949 = CARTESIAN_POINT ( 'NONE',  ( -23.15621642112776968, 26.74373410024228193, 0.5209907050696288566 ) ) ;
#1950 = LINE ( 'NONE', #3130, #4388 ) ;
#1951 = CARTESIAN_POINT ( 'NONE',  ( 2.226272949295150294, 18.68983143902250177, 41.30000000000000426 ) ) ;
#1952 = CARTESIAN_POINT ( 'NONE',  ( -28.14683959804511204, 1.885395245059547920, 7.667790853193100276 ) ) ;
#1953 = CARTESIAN_POINT ( 'NONE',  ( -24.85299924773523728, -26.14127053127297629, 22.62428934064928399 ) ) ;
#1954 = CARTESIAN_POINT ( 'NONE',  ( -28.23991569235921872, -21.79562559018443579, 2.928044214583340221E-13 ) ) ;
#1955 = ORIENTED_EDGE ( 'NONE', *, *, #7462, .F. ) ;
#1956 = CARTESIAN_POINT ( 'NONE',  ( -9.386214620165368672, 14.11889735519109834, 40.30000000000000426 ) ) ;
#1957 = DIRECTION ( 'NONE',  ( 0.000000000000000000, 0.000000000000000000, -1.000000000000000000 ) ) ;
#1958 = VERTEX_POINT ( 'NONE', #3478 ) ;
#1959 = B_SPLINE_CURVE_WITH_KNOTS ( 'NONE', 3,
 ( #6378, #5917, #391, #5312, #6980 ),
 .UNSPECIFIED., .F., .F.,
 ( 4, 1, 4 ),
 ( 0.000000000000000000, 0.02544746342518139706, 0.05188151922536529681 ),
 .UNSPECIFIED. ) ;
#1960 = AXIS2_PLACEMENT_3D ( 'NONE', #7849, #3504, #5975 ) ;
#1961 = CARTESIAN_POINT ( 'NONE',  ( 27.12547610337487924, -20.15588254402990032, 0.5183677462760749588 ) ) ;
#1962 = EDGE_CURVE ( 'NONE', #4275, #5944, #3403, .T. ) ;
#1963 = LINE ( 'NONE', #3177, #7082 ) ;
#1964 = CARTESIAN_POINT ( 'NONE',  ( -28.14683959804511204, 1.885395245059547920, -0.07263636767417129547 ) ) ;
#1965 = CARTESIAN_POINT ( 'NONE',  ( 24.51238677038462299, 24.97516760365639499, -3.252606517456513795E-16 ) ) ;
#1966 = ORIENTED_EDGE ( 'NONE', *, *, #3386, .F. ) ;
#1967 = CARTESIAN_POINT ( 'NONE',  ( 4.141623386164730469, 17.01705588638730049, 41.30000000000000426 ) ) ;
#1968 = VERTEX_POINT ( 'NONE', #7787 ) ;
#1969 = VERTEX_POINT ( 'NONE', #4571 ) ;
#1970 = CARTESIAN_POINT ( 'NONE',  ( -4.661605698174730250, 27.59313953763729899, 5.923708594440400432 ) ) ;
#1971 = ORIENTED_EDGE ( 'NONE', *, *, #3169, .F. ) ;
#1972 = LINE ( 'NONE', #828, #5673 ) ;
#1973 = CARTESIAN_POINT ( 'NONE',  ( 11.64616093039719935, 14.45146747855840097, 41.30000000000000426 ) ) ;
#1974 = EDGE_CURVE ( 'NONE', #7304, #2040, #5233, .T. ) ;
#1975 = ORIENTED_EDGE ( 'NONE', *, *, #5851, .F. ) ;
#1976 = B_SPLINE_CURVE_WITH_KNOTS ( 'NONE', 3,
 ( #6951, #6992, #811, #3417, #292 ),
 .UNSPECIFIED., .F., .F.,
 ( 4, 1, 4 ),
 ( 0.000000000000000000, 0.04027735834994560643, 0.08458061810296360616 ),
 .UNSPECIFIED. ) ;
#1977 = DIRECTION ( 'NONE',  ( 0.000000000000000000, -1.000000000000000000, 0.000000000000000000 ) ) ;
#1978 = CARTESIAN_POINT ( 'NONE',  ( -23.17735780508785837, -26.99492249786887754, 22.62205170828907441 ) ) ;
#1979 = ORIENTED_EDGE ( 'NONE', *, *, #6642, .F. ) ;
#1980 = ORIENTED_EDGE ( 'NONE', *, *, #124, .T. ) ;
#1981 = CARTESIAN_POINT ( 'NONE',  ( 10.36145766723690009, 12.46074039270500045, 40.30000000000000426 ) ) ;
#1982 = CARTESIAN_POINT ( 'NONE',  ( 2.278152561075119653, 15.54266943702009840, 40.30000000000000426 ) ) ;
#1983 = ORIENTED_EDGE ( 'NONE', *, *, #5317, .T. ) ;
#1984 = CARTESIAN_POINT ( 'NONE',  ( 11.58286141436360062, 14.53285187076180129, 40.30000000000000426 ) ) ;
#1985 = CARTESIAN_POINT ( 'NONE',  ( -18.40262674136375409, 27.18539524505959903, 3.252606517456513302E-16 ) ) ;
#1986 = CARTESIAN_POINT ( 'NONE',  ( 11.00788154311520017, 14.55888134272720080, 41.30000000000000426 ) ) ;
#1987 = DIRECTION ( 'NONE',  ( 0.000000000000000000, 0.000000000000000000, -1.000000000000000000 ) ) ;
#1988 = EDGE_CURVE ( 'NONE', #3595, #790, #2167, .T. ) ;
#1989 = ADVANCED_FACE ( 'NONE', ( #346 ), #6523, .F. ) ;
#1990 = DIRECTION ( 'NONE',  ( 1.000000000000000000, 0.000000000000000000, 0.000000000000000000 ) ) ;
#1991 = CARTESIAN_POINT ( 'NONE',  ( -23.85040695177499259, -26.15848788425431692, 23.09999999999998010 ) ) ;
#1992 = CARTESIAN_POINT ( 'NONE',  ( -26.59701541476604092, -26.05768837006536032, 0.5246671272375068584 ) ) ;
#1993 = ORIENTED_EDGE ( 'NONE', *, *, #2496, .F. ) ;
#1994 = FACE_OUTER_BOUND ( 'NONE', #4752, .T. ) ;
#1995 = DIRECTION ( 'NONE',  ( -0.000000000000000000, -1.000000000000000000, 0.000000000000000000 ) ) ;
#1996 = VECTOR ( 'NONE', #2706, 1000.000000000000000 ) ;
#1997 = ORIENTED_EDGE ( 'NONE', *, *, #6124, .F. ) ;
#1998 = VERTEX_POINT ( 'NONE', #992 ) ;
#1999 = CARTESIAN_POINT ( 'NONE',  ( 4.051052619698849888, 16.46660864229310306, 41.30000000000000426 ) ) ;
#2000 = CARTESIAN_POINT ( 'NONE',  ( 3.728356555533430150, 18.16503630127369817, 40.30000000000000426 ) ) ;
#2001 = FACE_OUTER_BOUND ( 'NONE', #471, .T. ) ;
#2002 = CARTESIAN_POINT ( 'NONE',  ( 2.906749826774519985, 15.55739999116939920, 41.30000000000000426 ) ) ;
#2003 = ORIENTED_EDGE ( 'NONE', *, *, #4473, .T. ) ;
#2004 = CARTESIAN_POINT ( 'NONE',  ( -28.39653501155466131, -18.40262674136375765, 0.5174497483512515705 ) ) ;
#2005 = VERTEX_POINT ( 'NONE', #384 ) ;
#2006 = ORIENTED_EDGE ( 'NONE', *, *, #5991, .F. ) ;
#2007 = CARTESIAN_POINT ( 'NONE',  ( 3.903971976787460108, 16.01475150743359777, 40.30000000000000426 ) ) ;
#2008 = ORIENTED_EDGE ( 'NONE', *, *, #7143, .F. ) ;
#2009 = CARTESIAN_POINT ( 'NONE',  ( 23.49999999999999645, -21.50000000000000000, 2.168404344971008868E-16 ) ) ;
#2010 = CARTESIAN_POINT ( 'NONE',  ( 6.836821090538110823, 15.15999154324650178, 41.30000000000000426 ) ) ;
#2011 = VECTOR ( 'NONE', #6671, 1000.000000000000114 ) ;
#2012 = CARTESIAN_POINT ( 'NONE',  ( -27.89683959804511559, -18.40262674136376120, 0.4999999999999998890 ) ) ;
#2013 = CARTESIAN_POINT ( 'NONE',  ( 25.87996181761113945, 17.73490228294928528, 23.09999999999999432 ) ) ;
#2014 = VERTEX_POINT ( 'NONE', #5265 ) ;
#2015 = DIRECTION ( 'NONE',  ( -0.01361879042365470027, -0.9999072599733419553, 0.000000000000000000 ) ) ;
#2016 = CARTESIAN_POINT ( 'NONE',  ( -9.888488813083421647, 14.27641821219370044, 40.30000000000000426 ) ) ;
#2017 = ORIENTED_EDGE ( 'NONE', *, *, #7388, .T. ) ;
#2018 = EDGE_CURVE ( 'NONE', #2498, #2627, #4754, .T. ) ;
#2019 = PLANE ( 'NONE',  #1280 ) ;
#2020 = ORIENTED_EDGE ( 'NONE', *, *, #3755, .T. ) ;
#2021 = AXIS2_PLACEMENT_3D ( 'NONE', #5507, #1765, #5544 ) ;
#2022 = EDGE_CURVE ( 'NONE', #374, #2746, #4677, .T. ) ;
#2023 = ADVANCED_FACE ( 'NONE', ( #5824 ), #2814, .F. ) ;
#2024 = FACE_BOUND ( 'NONE', #3429, .T. ) ;
#2025 = FACE_OUTER_BOUND ( 'NONE', #1476, .T. ) ;
#2026 = B_SPLINE_SURFACE_WITH_KNOTS ( 'NONE', 3, 1, ( 
 ( #3297, #3826 ),
 ( #6868, #6340 ),
 ( #6221, #6828 ),
 ( #650, #5677 ),
 ( #2637, #807 ) ),
 .UNSPECIFIED., .F., .F., .F.,
 ( 4, 1, 4 ),
 ( 2, 2 ),
 ( 0.000000000000000000, 0.02608123565485459885, 0.05998096439887130177 ),
 ( 0.000000000000000000, 0.1000000000000000056 ),
 .UNSPECIFIED. ) ;
#2027 = CARTESIAN_POINT ( 'NONE',  ( -0.4606412464688070529, 18.88510679246890334, 41.30000000000000426 ) ) ;
#2028 = EDGE_CURVE ( 'NONE', #7836, #3376, #2231, .T. ) ;
#2029 = LINE ( 'NONE', #1339, #1271 ) ;
#2030 = DIRECTION ( 'NONE',  ( 0.9916793796556205853, 0.1287323112736019626, 0.000000000000000000 ) ) ;
#2031 = CARTESIAN_POINT ( 'NONE',  ( -9.116765600404749037, 15.20054778791569916, 41.30000000000000426 ) ) ;
#2032 = CARTESIAN_POINT ( 'NONE',  ( -27.59127744381131819, -18.98168096648819514, 23.10000000001039666 ) ) ;
#2033 = CARTESIAN_POINT ( 'NONE',  ( -28.14683959804511204, -3.114604754940452302, 0.06698729810777886984 ) ) ;
#2034 = AXIS2_PLACEMENT_3D ( 'NONE', #4815, #7912, #5964 ) ;
#2035 = ORIENTED_EDGE ( 'NONE', *, *, #5272, .F. ) ;
#2036 = LINE ( 'NONE', #3833, #6020 ) ;
#2037 = ADVANCED_FACE ( 'NONE', ( #6562 ), #235, .T. ) ;
#2038 = DIRECTION ( 'NONE',  ( -0.3983177095384171085, -0.9172475141792804099, 0.000000000000000000 ) ) ;
#2039 = CARTESIAN_POINT ( 'NONE',  ( -10.01672806291900031, 14.19011401372779879, 41.30000000000000426 ) ) ;
#2040 = VERTEX_POINT ( 'NONE', #6023 ) ;
#2041 = CARTESIAN_POINT ( 'NONE',  ( 24.83914605281331589, -26.58571100643805352, 0.5246649200493544996 ) ) ;
#2042 = DIRECTION ( 'NONE',  ( -0.000000000000000000, 0.000000000000000000, -1.000000000000000000 ) ) ;
#2043 = LINE ( 'NONE', #4959, #7964 ) ;
#2044 = DIRECTION ( 'NONE',  ( 0.000000000000000000, 0.9993908270190956511, 0.03489949670250108715 ) ) ;
#2045 = ORIENTED_EDGE ( 'NONE', *, *, #1622, .F. ) ;
#2046 = CARTESIAN_POINT ( 'NONE',  ( 9.888720267459721214, 13.08442085664560040, 40.30000000000000426 ) ) ;
#2047 = VERTEX_POINT ( 'NONE', #6721 ) ;
#2048 = ORIENTED_EDGE ( 'NONE', *, *, #134, .T. ) ;
#2049 = LINE ( 'NONE', #6438, #7343 ) ;
#2050 = CARTESIAN_POINT ( 'NONE',  ( -21.12621567922291277, 26.20528272567339556, 22.61965144960988283 ) ) ;
#2051 = CARTESIAN_POINT ( 'NONE',  ( -6.639229152579590121, 17.49805147957830087, 41.30000000000000426 ) ) ;
#2052 = CARTESIAN_POINT ( 'NONE',  ( 21.92700691125155998, -27.97294361012228237, 0.5209907050699303932 ) ) ;
#2053 = CARTESIAN_POINT ( 'NONE',  ( 24.93525821169201606, 22.60811282831803837, 23.09999999999998721 ) ) ;
#2054 = ADVANCED_FACE ( 'NONE', ( #4155 ), #3593, .T. ) ;
#2055 = VERTEX_POINT ( 'NONE', #2461 ) ;
#2056 = CARTESIAN_POINT ( 'NONE',  ( -9.524535151325238758, 14.17039709032979999, 40.30000000000000426 ) ) ;
#2057 = VECTOR ( 'NONE', #3605, 1000.000000000000000 ) ;
#2058 = CARTESIAN_POINT ( 'NONE',  ( -5.975147764671009831, 15.96898593451559911, 41.30000000000000426 ) ) ;
#2059 = EDGE_LOOP ( 'NONE', ( #6612, #6499, #4358, #1443 ) ) ;
#2060 = CARTESIAN_POINT ( 'NONE',  ( -5.621784335637239671, 16.09510886940989849, 40.30000000000000426 ) ) ;
#2061 = EDGE_CURVE ( 'NONE', #6738, #6189, #6950, .T. ) ;
#2062 = DIRECTION ( 'NONE',  ( 0.9916793796556205853, 0.1287323112736019626, 0.000000000000000000 ) ) ;
#2063 = VERTEX_POINT ( 'NONE', #1844 ) ;
#2064 = AXIS2_PLACEMENT_3D ( 'NONE', #687, #729, #6906 ) ;
#2065 = CARTESIAN_POINT ( 'NONE',  ( -0.7288602395069880835, 7.387693399902859781, 41.30000000000000426 ) ) ;
#2066 = B_SPLINE_CURVE_WITH_KNOTS ( 'NONE', 3,
 ( #2358, #575, #7094, #5270, #2869 ),
 .UNSPECIFIED., .F., .F.,
 ( 4, 1, 4 ),
 ( 0.000000000000000000, 0.02129133792793609994, 0.04412504982888030419 ),
 .UNSPECIFIED. ) ;
#2067 = CARTESIAN_POINT ( 'NONE',  ( 5.338394301825270638, 27.59313953763729899, 5.923708594440400432 ) ) ;
#2068 = VERTEX_POINT ( 'NONE', #6600 ) ;
#2069 = LINE ( 'NONE', #2027, #3334 ) ;
#2070 = EDGE_CURVE ( 'NONE', #356, #7508, #2136, .T. ) ;
#2071 = AXIS2_PLACEMENT_3D ( 'NONE', #1304, #6225, #81 ) ;
#2072 = CARTESIAN_POINT ( 'NONE',  ( -19.75763194350256668, -28.39888223900332420, -2.184516559163672619E-13 ) ) ;
#2073 = UNCERTAINTY_MEASURE_WITH_UNIT (LENGTH_MEASURE( 1.000000000000000082E-05 ), #7966, 'distance_accuracy_value', 'NONE');
#2074 = AXIS2_PLACEMENT_3D ( 'NONE', #5714, #2712, #7715 ) ;
#2075 = EDGE_CURVE ( 'NONE', #3937, #2330, #3064, .T. ) ;
#2076 = LINE ( 'NONE', #3342, #3717 ) ;
#2077 = CARTESIAN_POINT ( 'NONE',  ( -26.71416263428550408, -22.27040460238573871, 23.09999999999998721 ) ) ;
#2078 = CARTESIAN_POINT ( 'NONE',  ( 9.727103702786269679, 13.54974085977739939, 41.30000000000000426 ) ) ;
#2079 = ORIENTED_EDGE ( 'NONE', *, *, #6047, .T. ) ;
#2080 = EDGE_CURVE ( 'NONE', #6597, #3175, #3699, .T. ) ;
#2081 = CARTESIAN_POINT ( 'NONE',  ( -24.04189117769117345, 25.36708088343747391, 23.09999999999941522 ) ) ;
#2082 = ORIENTED_EDGE ( 'NONE', *, *, #3283, .F. ) ;
#2083 = EDGE_LOOP ( 'NONE', ( #1724, #1475 ) ) ;
#2084 = VERTEX_POINT ( 'NONE', #419 ) ;
#2085 = EDGE_CURVE ( 'NONE', #1117, #588, #6856, .T. ) ;
#2086 = CARTESIAN_POINT ( 'NONE',  ( -7.652994980072800324, 13.85476936622280064, 40.30000000000000426 ) ) ;
#2087 = CARTESIAN_POINT ( 'NONE',  ( -7.003667864041189794, 14.10785803714719933, 41.30000000000000426 ) ) ;
#2088 = CARTESIAN_POINT ( 'NONE',  ( -6.119445199457490325, 17.57568063723600105, 41.30000000000000426 ) ) ;
#2089 = CARTESIAN_POINT ( 'NONE',  ( 9.337044350262901915, 14.35873461924449934, 41.30000000000000426 ) ) ;
#2090 = VERTEX_POINT ( 'NONE', #540 ) ;
#2091 = CARTESIAN_POINT ( 'NONE',  ( 26.92130690495330114, 16.92739863476230155, 7.562500596349470250 ) ) ;
#2092 = VECTOR ( 'NONE', #5796, 1000.000000000000000 ) ;
#2093 = VERTEX_POINT ( 'NONE', #2288 ) ;
#2094 = CARTESIAN_POINT ( 'NONE',  ( 26.91007583308461903, -18.14537707277451162, 7.884116415017912161 ) ) ;
#2095 = B_SPLINE_SURFACE_WITH_KNOTS ( 'NONE', 3, 1, ( 
 ( #410, #2274 ),
 ( #1057, #5978 ),
 ( #2158, #7080 ),
 ( #2805, #5778 ),
 ( #7656, #7699 ) ),
 .UNSPECIFIED., .F., .F., .F.,
 ( 4, 1, 4 ),
 ( 2, 2 ),
 ( 0.000000000000000000, 0.01890507437174400104, 0.03336406562343360166 ),
 ( 0.000000000000000000, 0.1000000000000000056 ),
 .UNSPECIFIED. ) ;
#2096 = CARTESIAN_POINT ( 'NONE',  ( -9.568217679681479737, 15.23419843766230031, 41.30000000000000426 ) ) ;
#2097 = DIRECTION ( 'NONE',  ( -1.000000000000000000, 0.000000000000000000, -0.000000000000000000 ) ) ;
#2098 = FACE_OUTER_BOUND ( 'NONE', #5872, .T. ) ;
#2099 = FACE_OUTER_BOUND ( 'NONE', #5598, .T. ) ;
#2100 = EDGE_LOOP ( 'NONE', ( #5879, #2894, #1061, #3652 ) ) ;
#2101 = CARTESIAN_POINT ( 'NONE',  ( -23.93669975069048661, 26.53642234043765313, 0.5220177237700035500 ) ) ;
#2102 = ORIENTED_EDGE ( 'NONE', *, *, #890, .F. ) ;
#2103 = DIRECTION ( 'NONE',  ( -0.8034859426560697626, 0.5953237270209269516, 0.000000000000000000 ) ) ;
#2104 = DIRECTION ( 'NONE',  ( -0.9999072599733419553, 0.01361879042365390056, 0.000000000000000000 ) ) ;
#2105 = VERTEX_POINT ( 'NONE', #4759 ) ;
#2106 = CARTESIAN_POINT ( 'NONE',  ( 2.720929507691979943, 15.52585499005520120, 41.30000000000000426 ) ) ;
#2107 = DIRECTION ( 'NONE',  ( 0.000000000000000000, 0.9993908270190956511, 0.03489949670250108715 ) ) ;
#2108 = ADVANCED_FACE ( 'NONE', ( #7334 ), #1901, .T. ) ;
#2109 = CARTESIAN_POINT ( 'NONE',  ( 11.76702340454039941, 14.21881589821439995, 41.30000000000000426 ) ) ;
#2110 = CARTESIAN_POINT ( 'NONE',  ( -27.00845936794428681, -23.05273652188240519, 23.10000000000463061 ) ) ;
#2111 = CARTESIAN_POINT ( 'NONE',  ( -3.261382006547570267, 15.59255168546810033, 40.30000000000000426 ) ) ;
#2112 = CARTESIAN_POINT ( 'NONE',  ( -20.95692464511746067, 25.72267211129991082, 23.09999999999999432 ) ) ;
#2113 = EDGE_CURVE ( 'NONE', #6847, #2726, #3207, .T. ) ;
#2114 = AXIS2_PLACEMENT_3D ( 'NONE', #5634, #5012, #2597 ) ;
#2115 = ORIENTED_EDGE ( 'NONE', *, *, #4875, .T. ) ;
#2116 = PLANE ( 'NONE',  #5703 ) ;
#2117 = LINE ( 'NONE', #5181, #4907 ) ;
#2118 = VECTOR ( 'NONE', #7209, 1000.000000000000000 ) ;
#2119 = CARTESIAN_POINT ( 'NONE',  ( -9.731469937561948669, 14.91517981463690035, 41.30000000000000426 ) ) ;
#2120 = CARTESIAN_POINT ( 'NONE',  ( -6.230391540029009079, 15.87854359378800062, 41.30000000000000426 ) ) ;
#2121 = ORIENTED_EDGE ( 'NONE', *, *, #1359, .T. ) ;
#2122 = PLANE ( 'NONE',  #46 ) ;
#2123 = VERTEX_POINT ( 'NONE', #50 ) ;
#2124 = FACE_OUTER_BOUND ( 'NONE', #7563, .T. ) ;
#2125 = EDGE_LOOP ( 'NONE', ( #3740, #5563, #3036, #7661 ) ) ;
#2126 = B_SPLINE_CURVE_WITH_KNOTS ( 'NONE', 3,
 ( #2799, #5486, #5412, #527, #4822 ),
 .UNSPECIFIED., .F., .F.,
 ( 4, 1, 4 ),
 ( 0.000000000000000000, 0.03601259360482249317, 0.06260145982352630090 ),
 .UNSPECIFIED. ) ;
#2127 = CARTESIAN_POINT ( 'NONE',  ( 10.91810447372070136, 13.52899262533779989, 41.30000000000000426 ) ) ;
#2128 = CARTESIAN_POINT ( 'NONE',  ( 25.89588108239668784, 27.18539524505959903, 22.59999999999999787 ) ) ;
#2129 = CARTESIAN_POINT ( 'NONE',  ( -23.00000000000000355, 21.50000000000000355, 10.00000000000000000 ) ) ;
#2130 = CARTESIAN_POINT ( 'NONE',  ( 25.20139900122295273, 23.14023052376147405, 23.09999999999941878 ) ) ;
#2131 = ORIENTED_EDGE ( 'NONE', *, *, #4330, .F. ) ;
#2132 = CARTESIAN_POINT ( 'NONE',  ( 2.838394301825279964, 32.28234549108699980, 0.5841067809966319357 ) ) ;
#2133 = CARTESIAN_POINT ( 'NONE',  ( -7.162802802506739397, 15.99462848813629989, 41.30000000000000426 ) ) ;
#2134 = CARTESIAN_POINT ( 'NONE',  ( -3.667523178702579933, 15.12333542548280008, 40.30000000000000426 ) ) ;
#2135 = CARTESIAN_POINT ( 'NONE',  ( -20.84536397766856908, 27.07887243713291525, 0.5188322034041306097 ) ) ;
#2136 = B_SPLINE_CURVE_WITH_KNOTS ( 'NONE', 3,
 ( #2365, #1146, #1721, #7291, #6117 ),
 .UNSPECIFIED., .F., .F.,
 ( 4, 1, 4 ),
 ( 0.000000000000000000, 0.03449786595524659966, 0.06951110130666840470 ),
 .UNSPECIFIED. ) ;
#2137 = FACE_OUTER_BOUND ( 'NONE', #3644, .T. ) ;
#2138 = CARTESIAN_POINT ( 'NONE',  ( -9.568889186495159294, 16.18386444549000203, 41.30000000000000426 ) ) ;
#2139 = EDGE_CURVE ( 'NONE', #5515, #555, #2431, .T. ) ;
#2140 = ORIENTED_EDGE ( 'NONE', *, *, #3362, .F. ) ;
#2141 = DIRECTION ( 'NONE',  ( -0.9999072599733420663, 0.01361879042365470201, 0.000000000000000000 ) ) ;
#2142 = CARTESIAN_POINT ( 'NONE',  ( 3.158296623045659945, 15.19790552043070164, 41.30000000000000426 ) ) ;
#2143 = CARTESIAN_POINT ( 'NONE',  ( -4.118086260487139327, 18.59421319516879834, 41.30000000000000426 ) ) ;
#2144 = CARTESIAN_POINT ( 'NONE',  ( -9.408452792339399906, 16.08890333656830407, 40.30000000000000426 ) ) ;
#2145 = DIRECTION ( 'NONE',  ( 1.000000000000000000, 0.000000000000000000, 0.000000000000000000 ) ) ;
#2146 = CARTESIAN_POINT ( 'NONE',  ( 3.063672018094139915, 15.64736861108340094, 40.30000000000000426 ) ) ;
#2147 = DIRECTION ( 'NONE',  ( 0.000000000000000000, 0.000000000000000000, -1.000000000000000000 ) ) ;
#2148 = CARTESIAN_POINT ( 'NONE',  ( -23.05937056075533320, 25.79916560545832738, 22.62187321704955068 ) ) ;
#2149 = EDGE_CURVE ( 'NONE', #3326, #6651, #6312, .T. ) ;
#2150 = DIRECTION ( 'NONE',  ( 0.000000000000000000, 0.000000000000000000, 1.000000000000000000 ) ) ;
#2151 = B_SPLINE_CURVE_WITH_KNOTS ( 'NONE', 3,
 ( #6261, #4267, #38, #5057, #2448, #653, #3132, #689, #4908, #1833, #6790, #82, #1220, #6709, #732, #4983, #126, #6833, #2568, #8008, #1305, #3665 ),
 .UNSPECIFIED., .F., .F.,
 ( 4, 2, 2, 2, 2, 2, 2, 2, 2, 2, 4 ),
 ( 0.000000000000000000, 0.001996899730865964867, 0.003993799461731929734, 0.005990699192597895469, 0.006989149058030873565, 0.007987598923463850795, 0.008986048788896829759, 0.009984498654329805253, 0.01198139838519576145, 0.01397829811606171764, 0.01597519784692767383 ),
 .UNSPECIFIED. ) ;
#2152 = DIRECTION ( 'NONE',  ( -0.000000000000000000, -0.000000000000000000, -1.000000000000000000 ) ) ;
#2153 = CARTESIAN_POINT ( 'NONE',  ( 24.20342077009430781, -24.96984951627199933, 23.09999999999999787 ) ) ;
#2154 = CIRCLE ( 'NONE', #2801, 1.500000000000001332 ) ;
#2155 = CARTESIAN_POINT ( 'NONE',  ( 0.9111075008625759697, 15.37287731696949855, 41.30000000000000426 ) ) ;
#2156 = CARTESIAN_POINT ( 'NONE',  ( -9.105387076229220611, 15.31499630522300137, 40.30000000000000426 ) ) ;
#2157 = VERTEX_POINT ( 'NONE', #1233 ) ;
#2158 = CARTESIAN_POINT ( 'NONE',  ( -9.629999010857940078, 14.20730936582670090, 41.30000000000000426 ) ) ;
#2159 = ORIENTED_EDGE ( 'NONE', *, *, #7050, .F. ) ;
#2160 = ADVANCED_FACE ( 'NONE', ( #741 ), #2609, .F. ) ;
#2161 = VERTEX_POINT ( 'NONE', #4369 ) ;
#2162 = CARTESIAN_POINT ( 'NONE',  ( -10.12741081589729930, 14.14069446659670071, 40.30000000000000426 ) ) ;
#2163 = ORIENTED_EDGE ( 'NONE', *, *, #3942, .T. ) ;
#2164 = CARTESIAN_POINT ( 'NONE',  ( 9.529878309948269788, 13.71666961248990013, 40.30000000000000426 ) ) ;
#2165 = FACE_OUTER_BOUND ( 'NONE', #2338, .T. ) ;
#2166 = EDGE_CURVE ( 'NONE', #2725, #4563, #4407, .T. ) ;
#2167 = LINE ( 'NONE', #4007, #4738 ) ;
#2168 = CARTESIAN_POINT ( 'NONE',  ( 25.22122750032007232, 23.15124475452410380, 22.62373876788464244 ) ) ;
#2169 = EDGE_LOOP ( 'NONE', ( #5389, #2699, #6346 ) ) ;
#2170 = DIRECTION ( 'NONE',  ( 0.000000000000000000, 0.000000000000000000, -1.000000000000000000 ) ) ;
#2171 = DIRECTION ( 'NONE',  ( 7.401486830834377265E-16, 0.03489949670250108715, -0.9993908270190956511 ) ) ;
#2172 = ADVANCED_FACE ( 'NONE', ( #2001 ), #7494, .T. ) ;
#2173 = EDGE_LOOP ( 'NONE', ( #4095, #2620, #1796, #118 ) ) ;
#2174 = VECTOR ( 'NONE', #3459, 1000.000000000000000 ) ;
#2175 = PLANE ( 'NONE',  #2576 ) ;
#2176 = EDGE_LOOP ( 'NONE', ( #942, #4968 ) ) ;
#2177 = FACE_OUTER_BOUND ( 'NONE', #4974, .T. ) ;
#2178 = DIRECTION ( 'NONE',  ( 0.000000000000000000, 0.000000000000000000, -1.000000000000000000 ) ) ;
#2179 = VECTOR ( 'NONE', #7939, 1000.000000000000000 ) ;
#2180 = EDGE_CURVE ( 'NONE', #3175, #1240, #6275, .T. ) ;
#2181 = CARTESIAN_POINT ( 'NONE',  ( 17.84162214898172749, 26.66763008957268255, -6.505213034913026604E-16 ) ) ;
#2182 = DIRECTION ( 'NONE',  ( -1.224646799147351235E-16, 1.000000000000000000, 0.000000000000000000 ) ) ;
#2183 = AXIS2_PLACEMENT_3D ( 'NONE', #3764, #57, #6202 ) ;
#2184 = CARTESIAN_POINT ( 'NONE',  ( 26.66763008816430514, -18.40262674136375409, -2.168404344971008868E-16 ) ) ;
#2185 = FACE_OUTER_BOUND ( 'NONE', #3266, .T. ) ;
#2186 = VECTOR ( 'NONE', #1016, 1000.000000000000114 ) ;
#2187 = CARTESIAN_POINT ( 'NONE',  ( 9.840481588686309067, 13.34985304738949985, 41.30000000000000426 ) ) ;
#2188 = LINE ( 'NONE', #897, #4887 ) ;
#2189 = CARTESIAN_POINT ( 'NONE',  ( -22.37943632729073329, 25.95244092570347405, 23.10000000000693632 ) ) ;
#2190 = DIRECTION ( 'NONE',  ( 0.000000000000000000, 0.000000000000000000, -1.000000000000000000 ) ) ;
#2191 = EDGE_CURVE ( 'NONE', #3624, #268, #6148, .T. ) ;
#2192 = CARTESIAN_POINT ( 'NONE',  ( 10.32551870358700086, 12.95779116954750165, 40.30000000000000426 ) ) ;
#2193 = LINE ( 'NONE', #336, #5753 ) ;
#2194 = DIRECTION ( 'NONE',  ( 0.8034859426560697626, -0.5953237270209269516, 0.000000000000000000 ) ) ;
#2195 = VERTEX_POINT ( 'NONE', #5540 ) ;
#2196 = CARTESIAN_POINT ( 'NONE',  ( -2.661605698174729806, 32.03804901416949491, 7.579842570130300494 ) ) ;
#2197 = ORIENTED_EDGE ( 'NONE', *, *, #2653, .F. ) ;
#2198 = CARTESIAN_POINT ( 'NONE',  ( 24.43476100809968798, -25.41208305142587776, 23.09999999999970655 ) ) ;
#2199 = EDGE_CURVE ( 'NONE', #6534, #6059, #5029, .T. ) ;
#2200 = B_SPLINE_CURVE_WITH_KNOTS ( 'NONE', 3,
 ( #2471, #7389, #2423, #5748, #3280 ),
 .UNSPECIFIED., .F., .F.,
 ( 4, 1, 4 ),
 ( 0.000000000000000000, 0.01890507437174400104, 0.03336406562343360166 ),
 .UNSPECIFIED. ) ;
#2201 = LINE ( 'NONE', #2772, #6236 ) ;
#2202 = CARTESIAN_POINT ( 'NONE',  ( 21.49999999999999645, 21.49999999999999645, 0.5000000000000004441 ) ) ;
#2203 = CARTESIAN_POINT ( 'NONE',  ( 20.49946414022753416, -27.72363062433064584, -2.168404344970971644E-16 ) ) ;
#2204 = CARTESIAN_POINT ( 'NONE',  ( -6.119445199457490325, 17.57568063723600105, 40.30000000000000426 ) ) ;
#2205 = VERTEX_POINT ( 'NONE', #6760 ) ;
#2206 = CARTESIAN_POINT ( 'NONE',  ( 2.647685997333140140, 18.19246729135240059, 40.30000000000000426 ) ) ;
#2207 = CARTESIAN_POINT ( 'NONE',  ( 3.862868816547879725, 17.99730347761779825, 40.30000000000000426 ) ) ;
#2208 = ORIENTED_EDGE ( 'NONE', *, *, #4841, .F. ) ;
#2209 = CARTESIAN_POINT ( 'NONE',  ( -0.1091220223513110071, 18.88031908181340057, 40.30000000000000426 ) ) ;
#2210 = ORIENTED_EDGE ( 'NONE', *, *, #5698, .F. ) ;
#2211 = EDGE_CURVE ( 'NONE', #3273, #1467, #6461, .T. ) ;
#2212 = AXIS2_PLACEMENT_3D ( 'NONE', #1864, #2435, #1783 ) ;
#2213 = DIRECTION ( 'NONE',  ( -1.000000000000000000, 0.000000000000000000, 0.000000000000000000 ) ) ;
#2214 = CARTESIAN_POINT ( 'NONE',  ( 25.89588108239669140, -0.6146047549404056731, 23.09999999999999787 ) ) ;
#2215 = ADVANCED_FACE ( 'NONE', ( #5619 ), #1370, .F. ) ;
#2216 = B_SPLINE_SURFACE_WITH_KNOTS ( 'NONE', 3, 1, ( 
 ( #6945, #5679 ),
 ( #6341, #3255 ),
 ( #3828, #2601 ),
 ( #7559, #6300 ),
 ( #4429, #1914 ) ),
 .UNSPECIFIED., .F., .F., .F.,
 ( 4, 1, 4 ),
 ( 2, 2 ),
 ( 0.000000000000000000, 0.02833713107237060061, 0.05024488735256919802 ),
 ( 0.000000000000000000, 0.1000000000000000056 ),
 .UNSPECIFIED. ) ;
#2217 = VECTOR ( 'NONE', #3363, 1000.000000000000000 ) ;
#2218 = ORIENTED_EDGE ( 'NONE', *, *, #5974, .T. ) ;
#2219 = CARTESIAN_POINT ( 'NONE',  ( 27.08218819463458971, 19.88391176810183936, -1.097135370246513677E-13 ) ) ;
#2220 = EDGE_LOOP ( 'NONE', ( #3589, #3122, #2362, #7709 ) ) ;
#2221 = B_SPLINE_CURVE_WITH_KNOTS ( 'NONE', 3,
 ( #4639, #2245, #7785, #2285, #7088 ),
 .UNSPECIFIED., .F., .F.,
 ( 4, 1, 4 ),
 ( 0.000000000000000000, 0.02459028574144299720, 0.05191862317098430019 ),
 .UNSPECIFIED. ) ;
#2222 = CARTESIAN_POINT ( 'NONE',  ( -27.89683959804511915, 17.17341723148286903, 0.000000000000000000 ) ) ;
#2223 = EDGE_CURVE ( 'NONE', #6836, #1612, #2043, .T. ) ;
#2224 = CARTESIAN_POINT ( 'NONE',  ( -22.27040399829441952, 25.48495336797332911, 23.10000000000001563 ) ) ;
#2225 = EDGE_CURVE ( 'NONE', #2090, #576, #7653, .T. ) ;
#2226 = CARTESIAN_POINT ( 'NONE',  ( 25.17668011963547414, -25.47428378619904521, 3.252606517456513302E-16 ) ) ;
#2227 = CARTESIAN_POINT ( 'NONE',  ( -5.733329487999350604, 17.16037439629429784, 40.30000000000000426 ) ) ;
#2228 = CARTESIAN_POINT ( 'NONE',  ( 11.76127926140800106, 13.95315373228410039, 41.30000000000000426 ) ) ;
#2229 = CARTESIAN_POINT ( 'NONE',  ( -26.00297270786826687, 22.92019151529248688, 23.09999999999999787 ) ) ;
#2230 = CARTESIAN_POINT ( 'NONE',  ( 2.729363734454619994, 18.59740268094780191, 41.30000000000000426 ) ) ;
#2231 = B_SPLINE_CURVE_WITH_KNOTS ( 'NONE', 3,
 ( #1524, #7667, #4121, #6484, #7011, #5162, #1563, #4602, #3321, #2863, #311, #2773, #7707, #952, #3437, #5865, #7744, #2203, #5305, #2247, #7168, #5749 ),
 .UNSPECIFIED., .F., .F.,
 ( 4, 2, 2, 2, 2, 2, 2, 2, 2, 2, 4 ),
 ( 0.000000000000000000, 0.001998688591251315035, 0.003997377182502630071, 0.005996065773753943805, 0.006995410069379603274, 0.007994754365005263610, 0.008994098660630922212, 0.009993442956256582549, 0.01199213154750791363, 0.01399082013875924645, 0.01598950873001057926 ),
 .UNSPECIFIED. ) ;
#2232 = CARTESIAN_POINT ( 'NONE',  ( -5.180126546643889718, 16.91931405009639633, 41.30000000000000426 ) ) ;
#2233 = CARTESIAN_POINT ( 'NONE',  ( -10.01672806291900031, 14.19011401372779879, 41.30000000000000426 ) ) ;
#2234 = CARTESIAN_POINT ( 'NONE',  ( -6.723063907038290488, 17.46881961280319828, 40.30000000000000426 ) ) ;
#2235 = CARTESIAN_POINT ( 'NONE',  ( 21.49999999999999645, -21.50000000000000000, 0.000000000000000000 ) ) ;
#2236 = VERTEX_POINT ( 'NONE', #2850 ) ;
#2237 = CARTESIAN_POINT ( 'NONE',  ( -6.179594395282149932, 15.89601457708779719, 41.30000000000000426 ) ) ;
#2238 = CIRCLE ( 'NONE', #4580, 1.500000000000001332 ) ;
#2239 = VERTEX_POINT ( 'NONE', #262 ) ;
#2240 = ORIENTED_EDGE ( 'NONE', *, *, #3853, .T. ) ;
#2241 = PRODUCT ( 'slamtec rplidar c1', 'slamtec rplidar c1', '', ( #5099 ) ) ;
#2242 = CARTESIAN_POINT ( 'NONE',  ( 17.07707363175184057, -27.62477596950694902, 22.61773714980954608 ) ) ;
#2243 = ORIENTED_EDGE ( 'NONE', *, *, #7918, .F. ) ;
#2244 = VECTOR ( 'NONE', #5562, 1000.000000000000000 ) ;
#2245 = CARTESIAN_POINT ( 'NONE',  ( -5.727486751953139610, 16.73248949976909827, 41.30000000000000426 ) ) ;
#2246 = CARTESIAN_POINT ( 'NONE',  ( 3.394733980665269879, 16.03561544270720063, 41.30000000000000426 ) ) ;
#2247 = CARTESIAN_POINT ( 'NONE',  ( 18.50665142986412803, -27.88092028374623510, -2.602085213965215769E-15 ) ) ;
#2248 = FACE_OUTER_BOUND ( 'NONE', #5557, .T. ) ;
#2249 = ORIENTED_EDGE ( 'NONE', *, *, #6070, .T. ) ;
#2250 = DIRECTION ( 'NONE',  ( 0.000000000000000000, -0.03489949670250109409, 0.9993908270190957621 ) ) ;
#2251 = ORIENTED_EDGE ( 'NONE', *, *, #4143, .F. ) ;
#2252 = CARTESIAN_POINT ( 'NONE',  ( 2.641366573520219863, 15.52143721616780070, 40.30000000000000426 ) ) ;
#2253 = LINE ( 'NONE', #2374, #2996 ) ;
#2254 = B_SPLINE_CURVE_WITH_KNOTS ( 'NONE', 3,
 ( #1055, #6625, #488, #2967, #5414, #2352, #4824, #4225, #7278, #1916, #4947, #3052, #3746, #4394, #7967, #3212, #3166, #567, #5487, #7483, #1183, #7409 ),
 .UNSPECIFIED., .F., .F.,
 ( 4, 2, 2, 2, 2, 2, 2, 2, 2, 2, 4 ),
 ( 0.000000000000000000, 0.001998689182304851011, 0.003997378364609702021, 0.005996067546914553466, 0.006995412138066974851, 0.007994756729219395369, 0.008994101320371816755, 0.009993445911524236405, 0.01199213509382907744, 0.01399082427613392195, 0.01598951345843876298 ),
 .UNSPECIFIED. ) ;
#2255 = ORIENTED_EDGE ( 'NONE', *, *, #517, .T. ) ;
#2256 = CARTESIAN_POINT ( 'NONE',  ( 24.63155367055989942, 24.85658799842312661, -6.505213034913026604E-16 ) ) ;
#2257 = ORIENTED_EDGE ( 'NONE', *, *, #1365, .F. ) ;
#2258 = CARTESIAN_POINT ( 'NONE',  ( -8.771187618303001088, 14.38235337058249996, 40.30000000000000426 ) ) ;
#2259 = DIRECTION ( 'NONE',  ( 0.000000000000000000, 0.000000000000000000, -1.000000000000000000 ) ) ;
#2260 = EDGE_CURVE ( 'NONE', #4892, #97, #4746, .T. ) ;
#2261 = CARTESIAN_POINT ( 'NONE',  ( 17.17341723148286903, 26.66763008816431935, 0.000000000000000000 ) ) ;
#2262 = CARTESIAN_POINT ( 'NONE',  ( 11.07124740257579987, 13.59930373014210048, 41.30000000000000426 ) ) ;
#2263 = TOROIDAL_SURFACE ( 'NONE', #718, 1.500000000000000000, 0.5000000000000000000 ) ;
#2264 = DIRECTION ( 'NONE',  ( -0.8034859426560688744, 0.5953237270209279508, 0.000000000000000000 ) ) ;
#2265 = CARTESIAN_POINT ( 'NONE',  ( 10.96932855645020055, 13.55251066744540012, 41.30000000000000426 ) ) ;
#2266 = B_SPLINE_CURVE_WITH_KNOTS ( 'NONE', 3,
 ( #5055, #5606, #7481, #7518, #5097 ),
 .UNSPECIFIED., .F., .F.,
 ( 4, 1, 4 ),
 ( 0.000000000000000000, 0.02487913534454670034, 0.06055678123000800273 ),
 .UNSPECIFIED. ) ;
#2267 = FACE_OUTER_BOUND ( 'NONE', #1556, .T. ) ;
#2268 = CARTESIAN_POINT ( 'NONE',  ( -25.73006071325488264, 24.98905593400647973, 2.168404344971011333E-16 ) ) ;
#2269 = EDGE_CURVE ( 'NONE', #3038, #6839, #6072, .T. ) ;
#2270 = TOROIDAL_SURFACE ( 'NONE', #5240, 20.95022005823249955, 2.500000000000000000 ) ;
#2271 = CARTESIAN_POINT ( 'NONE',  ( 10.35720781245700017, 12.35489637887460113, 40.30000000000000426 ) ) ;
#2272 = LINE ( 'NONE', #5372, #7697 ) ;
#2273 = CARTESIAN_POINT ( 'NONE',  ( -10.69035895268469893, 16.08217148952480358, 40.30000000000000426 ) ) ;
#2274 = CARTESIAN_POINT ( 'NONE',  ( -9.464776183982930746, 14.14948149444970049, 40.30000000000000426 ) ) ;
#2275 = AXIS2_PLACEMENT_3D ( 'NONE', #2705, #7628, #2097 ) ;
#2276 = VERTEX_POINT ( 'NONE', #7617 ) ;
#2277 = DIRECTION ( 'NONE',  ( 0.000000000000000000, -1.000000000000000000, 0.000000000000000000 ) ) ;
#2278 = AXIS2_PLACEMENT_3D ( 'NONE', #4138, #6583, #1048 ) ;
#2279 = EDGE_LOOP ( 'NONE', ( #2985, #604, #1880, #1922 ) ) ;
#2280 = CARTESIAN_POINT ( 'NONE',  ( 24.50197957952447325, -24.56752045442191346, 23.09999999999999787 ) ) ;
#2281 = VERTEX_POINT ( 'NONE', #6511 ) ;
#2282 = B_SPLINE_SURFACE_WITH_KNOTS ( 'NONE', 3, 3, ( 
 ( #3183, #2091, #2657, #4999 ),
 ( #6199, #3144, #7460, #5622 ),
 ( #5659, #2582, #5037, #4444 ),
 ( #1357, #6278, #3230, #5459 ),
 ( #4835, #7289, #6022, #6676 ),
 ( #5947, #1758, #4237, #4154 ),
 ( #3555, #7248, #2938, #4279 ),
 ( #4797, #417, #4758, #1720 ) ),
 .UNSPECIFIED., .F., .F., .F.,
 ( 4, 1, 1, 1, 1, 4 ),
 ( 4, 4 ),
 ( 0.000000000000000000, 0.1428571428571430157, 0.2857142857142860315, 0.5714285714285709528, 0.8571428571428569843, 1.000000000000000000 ),
 ( -0.08275460106382859227, 2.250710682861490231 ),
 .UNSPECIFIED. ) ;
#2283 = VECTOR ( 'NONE', #6103, 1000.000000000000000 ) ;
#2284 =( BOUNDED_SURFACE ( )  B_SPLINE_SURFACE ( 3, 2, ( 
 ( #4264, #4348, #6784 ),
 ( #1259, #2393, #1127 ),
 ( #6744, #2350, #486 ),
 ( #4222, #6620, #649 ),
 ( #7273, #1744, #5445 ),
 ( #6661, #6052, #3700 ),
 ( #564, #524, #7444 ),
 ( #1910, #5566, #6012 ),
 ( #3007, #6141, #2962 ),
 ( #607, #5410, #6706 ),
 ( #3661, #6096, #5761 ),
 ( #7480, #6220, #6256 ),
 ( #1338, #5718, #3162 ),
 ( #5053, #205, #846 ),
 ( #727, #3946, #2599 ),
 ( #4462, #6904, #2680 ),
 ( #7516, #685, #3208 ),
 ( #4501, #4540, #2565 ),
 ( #1949, #3253, #6942 ),
 ( #6381, #3907, #6827 ),
 ( #3825, #6339, #769 ),
 ( #5676, #5638, #1301 ),
 ( #75, #5016, #122 ),
 ( #1373, #1985, #3865 ) ),
 .UNSPECIFIED., .F., .F., .F. ) 
 B_SPLINE_SURFACE_WITH_KNOTS ( ( 4, 2, 2, 2, 2, 2, 2, 2, 2, 2, 2, 4 ),
 ( 3, 3 ),
 ( 0.000000000000000000, 0.001998688591251320239, 0.003997377182502640479, 0.005996065773753960285, 0.006995410069379620621, 0.007495082217192450789, 0.007994754365005280958, 0.008994098660630941294, 0.009993442956256599896, 0.01199213154750792057, 0.01399082013875924124, 0.01598950873001056192 ),
 ( 0.000000000000000000, 1.000000000000000000 ),
 .UNSPECIFIED. ) 
 GEOMETRIC_REPRESENTATION_ITEM ( )  RATIONAL_B_SPLINE_SURFACE ( (
 ( 1.000000000000000000, 0.6946583704589983643, 1.000000000000000000),
 ( 1.000000000000000000, 0.6944492199208155414, 1.000000000000000000),
 ( 1.000000000000000000, 0.6941901333766552495, 1.000000000000000000),
 ( 1.000000000000000000, 0.6935267841155768886, 1.000000000000000000),
 ( 1.000000000000000000, 0.6931467912121243025, 1.000000000000000000),
 ( 1.000000000000000000, 0.6921303212686167328, 1.000000000000000000),
 ( 1.000000000000000000, 0.6914516343437606682, 1.000000000000000000),
 ( 1.000000000000000000, 0.6904074858272949422, 1.000000000000000000),
 ( 1.000000000000000000, 0.6900704554137128133, 1.000000000000000000),
 ( 1.000000000000000000, 0.6897178221525921415, 1.000000000000000000),
 ( 1.000000000000000000, 0.6896251964263012679, 1.000000000000000000),
 ( 1.000000000000000000, 0.6894889934959683719, 1.000000000000000000),
 ( 1.000000000000000000, 0.6894488325885503865, 1.000000000000000000),
 ( 1.000000000000000000, 0.6894438854843987219, 1.000000000000000000),
 ( 1.000000000000000000, 0.6896023185329078764, 1.000000000000000000),
 ( 1.000000000000000000, 0.6901168783824003228, 1.000000000000000000),
 ( 1.000000000000000000, 0.6904638670423459690, 1.000000000000000000),
 ( 1.000000000000000000, 0.6914674469583221850, 1.000000000000000000),
 ( 1.000000000000000000, 0.6921051673397554671, 1.000000000000000000),
 ( 1.000000000000000000, 0.6931397779700522177, 1.000000000000000000),
 ( 1.000000000000000000, 0.6935357672258161132, 1.000000000000000000),
 ( 1.000000000000000000, 0.6941973852842907577, 1.000000000000000000),
 ( 1.000000000000000000, 0.6944514993989651108, 1.000000000000000000),
 ( 1.000000000000000000, 0.6946583704589984753, 1.000000000000000000) ) ) 
 REPRESENTATION_ITEM ( '' )  SURFACE ( )  );
#2285 = CARTESIAN_POINT ( 'NONE',  ( -5.708576950000829875, 17.06976599093399827, 41.30000000000000426 ) ) ;
#2286 = CARTESIAN_POINT ( 'NONE',  ( -10.24421229017490020, 14.06758242428240102, 41.30000000000000426 ) ) ;
#2287 = EDGE_CURVE ( 'NONE', #6332, #132, #2537, .T. ) ;
#2288 = CARTESIAN_POINT ( 'NONE',  ( 9.811208069487911132, 11.57386766533040046, 41.30000000000000426 ) ) ;
#2289 = DIRECTION ( 'NONE',  ( 0.9172475141792799658, -0.3983177095384179411, 0.000000000000000000 ) ) ;
#2290 = ORIENTED_EDGE ( 'NONE', *, *, #7388, .F. ) ;
#2291 = FACE_OUTER_BOUND ( 'NONE', #2059, .T. ) ;
#2292 = ADVANCED_FACE ( 'NONE', ( #5182 ), #342, .F. ) ;
#2293 = ORIENTED_EDGE ( 'NONE', *, *, #1848, .F. ) ;
#2294 = B_SPLINE_CURVE_WITH_KNOTS ( 'NONE', 3,
 ( #6017, #4147, #1750, #5375, #5896 ),
 .UNSPECIFIED., .F., .F.,
 ( 4, 1, 4 ),
 ( 0.000000000000000000, 0.02739916541069800301, 0.05527269924275869661 ),
 .UNSPECIFIED. ) ;
#2295 = CARTESIAN_POINT ( 'NONE',  ( 2.795644922137920041, 15.10878634749940019, 40.30000000000000426 ) ) ;
#2296 = CARTESIAN_POINT ( 'NONE',  ( -26.06835556269418674, 25.35650149655718266, 0.5246649200493523901 ) ) ;
#2297 = DIRECTION ( 'NONE',  ( 0.5953237270209262855, 0.8034859426560702067, 0.000000000000000000 ) ) ;
#2298 = CARTESIAN_POINT ( 'NONE',  ( 11.76127926140800106, 13.95315373228410039, 40.30000000000000426 ) ) ;
#2299 = ORIENTED_EDGE ( 'NONE', *, *, #4536, .T. ) ;
#2300 = CARTESIAN_POINT ( 'NONE',  ( 26.99059431028402400, 20.56334499542041527, 0.5195575147294486662 ) ) ;
#2301 = ORIENTED_EDGE ( 'NONE', *, *, #1208, .F. ) ;
#2302 = CARTESIAN_POINT ( 'NONE',  ( -8.375162879035658037, 13.40321136267920110, 41.30000000000000426 ) ) ;
#2303 = EDGE_LOOP ( 'NONE', ( #595, #6390, #5781, #5610 ) ) ;
#2304 = DIRECTION ( 'NONE',  ( 1.000000000000000000, 0.000000000000000000, 0.000000000000000000 ) ) ;
#2305 = CARTESIAN_POINT ( 'NONE',  ( 10.34223030316899994, 13.19447690547410090, 40.30000000000000426 ) ) ;
#2306 = CARTESIAN_POINT ( 'NONE',  ( 26.09225666268445920, -23.69659138104875140, -8.673617379884035472E-16 ) ) ;
#2307 = PLANE ( 'NONE',  #559 ) ;
#2308 = DIRECTION ( 'NONE',  ( 0.000000000000000000, 0.000000000000000000, -1.000000000000000000 ) ) ;
#2309 = CIRCLE ( 'NONE', #1536, 0.5000000000000000000 ) ;
#2310 = DIRECTION ( 'NONE',  ( 4.163336342344333329E-17, 0.03489949670250038632, -0.9993908270190956511 ) ) ;
#2311 = CARTESIAN_POINT ( 'NONE',  ( -1.498816287650310164, 15.40486053963519986, 40.30000000000000426 ) ) ;
#2312 = CARTESIAN_POINT ( 'NONE',  ( -8.925692121915529853, 13.91777915721299941, 41.30000000000000426 ) ) ;
#2313 = AXIS2_PLACEMENT_3D ( 'NONE', #2132, #5910, #3481 ) ;
#2314 = DIRECTION ( 'NONE',  ( -1.000000000000000000, 1.340162390516087587E-14, -1.387778780781425323E-14 ) ) ;
#2315 = CARTESIAN_POINT ( 'NONE',  ( 6.836821090538110823, 15.15999154324650178, 41.30000000000000426 ) ) ;
#2316 = CARTESIAN_POINT ( 'NONE',  ( 3.458293040022880405, 17.82989062863650176, 41.30000000000000426 ) ) ;
#2317 = CARTESIAN_POINT ( 'NONE',  ( -5.250628551217629614, 17.19109523605380119, 40.30000000000000426 ) ) ;
#2318 = ORIENTED_EDGE ( 'NONE', *, *, #5049, .F. ) ;
#2319 = CARTESIAN_POINT ( 'NONE',  ( 2.627099337079939811, 15.10061433192499969, 40.30000000000000426 ) ) ;
#2320 = ORIENTED_EDGE ( 'NONE', *, *, #7221, .T. ) ;
#2321 = VECTOR ( 'NONE', #476, 1000.000000000000000 ) ;
#2322 = EDGE_CURVE ( 'NONE', #542, #3624, #1592, .T. ) ;
#2323 = EDGE_CURVE ( 'NONE', #4725, #7525, #372, .T. ) ;
#2324 = CARTESIAN_POINT ( 'NONE',  ( 3.857461225503890034, 15.91176389033389960, 40.30000000000000426 ) ) ;
#2325 = DIRECTION ( 'NONE',  ( 1.000000000000000000, 0.000000000000000000, -0.000000000000000000 ) ) ;
#2326 = CARTESIAN_POINT ( 'NONE',  ( -21.89987771228200941, -28.20474941278795455, 0.5196379947289889722 ) ) ;
#2327 = CARTESIAN_POINT ( 'NONE',  ( -2.808451274068719972, 16.88858646847949885, 40.30000000000000426 ) ) ;
#2328 = ORIENTED_EDGE ( 'NONE', *, *, #4902, .T. ) ;
#2329 = CARTESIAN_POINT ( 'NONE',  ( 9.352710642313947886, 5.140776578444140377, 41.30000000000000426 ) ) ;
#2330 = VERTEX_POINT ( 'NONE', #2766 ) ;
#2331 = DIRECTION ( 'NONE',  ( 0.8478911321297500914, 0.5301703764411311859, 0.000000000000000000 ) ) ;
#2332 = EDGE_CURVE ( 'NONE', #7525, #7974, #2193, .T. ) ;
#2333 = AXIS2_PLACEMENT_3D ( 'NONE', #883, #5833, #3373 ) ;
#2334 = CARTESIAN_POINT ( 'NONE',  ( 9.891362968833341540, 12.93684779613270130, 41.30000000000000426 ) ) ;
#2335 = DIRECTION ( 'NONE',  ( 0.000000000000000000, 0.000000000000000000, 1.000000000000000000 ) ) ;
#2336 = ORIENTED_EDGE ( 'NONE', *, *, #1587, .F. ) ;
#2337 = CARTESIAN_POINT ( 'NONE',  ( 26.65171082337880293, 18.50665128870875975, -4.987329993433320396E-15 ) ) ;
#2338 = EDGE_LOOP ( 'NONE', ( #3359, #1277, #3427, #7450 ) ) ;
#2339 = VERTEX_POINT ( 'NONE', #863 ) ;
#2340 = CARTESIAN_POINT ( 'NONE',  ( -0.6146047549404088928, -0.6146047549404088928, 41.30000000000000426 ) ) ;
#2341 = AXIS2_PLACEMENT_3D ( 'NONE', #1000, #3979, #3488 ) ;
#2342 = CARTESIAN_POINT ( 'NONE',  ( 9.891103593255460069, 13.02115225395049869, 40.30000000000000426 ) ) ;
#2343 = VECTOR ( 'NONE', #3029, 1000.000000000000000 ) ;
#2344 = CARTESIAN_POINT ( 'NONE',  ( 23.80244090203757779, -26.02783231956738064, 22.62447668000806900 ) ) ;
#2345 = CARTESIAN_POINT ( 'NONE',  ( -6.796362638087650510, 17.88004680616609932, 40.30000000000000426 ) ) ;
#2346 = CARTESIAN_POINT ( 'NONE',  ( 3.358446064208159942, 15.29864897262370071, 41.30000000000000426 ) ) ;
#2347 = CARTESIAN_POINT ( 'NONE',  ( -10.24421229017490020, 14.06758242428240102, 41.30000000000000426 ) ) ;
#2348 = CARTESIAN_POINT ( 'NONE',  ( -4.661605698174719592, 27.80253651785229962, -0.07263636767417129547 ) ) ;
#2349 = ADVANCED_FACE ( 'NONE', ( #6962 ), #4593, .T. ) ;
#2350 = CARTESIAN_POINT ( 'NONE',  ( -28.39888207802000153, 18.52842230385090261, -5.783814734345072234E-13 ) ) ;
#2351 = CARTESIAN_POINT ( 'NONE',  ( 3.792725247001820232, 18.09618653913380015, 41.30000000000000426 ) ) ;
#2352 = CARTESIAN_POINT ( 'NONE',  ( -23.04835854555985009, -27.48564898557122405, -2.567906592516330965E-31 ) ) ;
#2353 = CARTESIAN_POINT ( 'NONE',  ( -20.34076071226446558, -27.50044549324149301, 23.09999999999655529 ) ) ;
#2354 = DIRECTION ( 'NONE',  ( 0.000000000000000000, 0.000000000000000000, -1.000000000000000000 ) ) ;
#2355 = CARTESIAN_POINT ( 'NONE',  ( 11.13136505507829987, 14.95174774934160133, 40.30000000000000426 ) ) ;
#2356 = VERTEX_POINT ( 'NONE', #2802 ) ;
#2357 = PLANE ( 'NONE',  #2647 ) ;
#2358 = CARTESIAN_POINT ( 'NONE',  ( -5.916979979357109620, 17.97328504378209857, 40.30000000000000426 ) ) ;
#2359 = ORIENTED_EDGE ( 'NONE', *, *, #1140, .F. ) ;
#2360 = CARTESIAN_POINT ( 'NONE',  ( -8.925692121915529853, 13.91777915721299941, 40.30000000000000426 ) ) ;
#2361 = VECTOR ( 'NONE', #6632, 1000.000000000000114 ) ;
#2362 = ORIENTED_EDGE ( 'NONE', *, *, #7598, .T. ) ;
#2363 = CARTESIAN_POINT ( 'NONE',  ( 19.97482922208686773, 27.05312201741380562, 0.5190886113489991960 ) ) ;
#2364 = FACE_OUTER_BOUND ( 'NONE', #6996, .T. ) ;
#2365 = CARTESIAN_POINT ( 'NONE',  ( 6.949205376582550109, 16.95920502406449870, 41.30000000000000426 ) ) ;
#2366 = CARTESIAN_POINT ( 'NONE',  ( 3.063672018094139915, 15.64736861108340094, 41.30000000000000426 ) ) ;
#2367 = ORIENTED_EDGE ( 'NONE', *, *, #1120, .F. ) ;
#2368 = FACE_OUTER_BOUND ( 'NONE', #4838, .T. ) ;
#2369 = EDGE_CURVE ( 'NONE', #5713, #2908, #5812, .T. ) ;
#2370 = ORIENTED_EDGE ( 'NONE', *, *, #5698, .T. ) ;
#2371 = CARTESIAN_POINT ( 'NONE',  ( -28.35468561325570391, 18.92667303414901880, 0.5183677462760720722 ) ) ;
#2372 = EDGE_LOOP ( 'NONE', ( #4963, #16 ) ) ;
#2373 = CARTESIAN_POINT ( 'NONE',  ( -27.89683959804511915, 17.17341723148286903, 0.5000000000000000000 ) ) ;
#2374 = CARTESIAN_POINT ( 'NONE',  ( -10.91232585117759868, 14.12286966070220018, 41.30000000000000426 ) ) ;
#2375 = VERTEX_POINT ( 'NONE', #5736 ) ;
#2376 = PLANE ( 'NONE',  #5400 ) ;
#2377 = DIRECTION ( 'NONE',  ( -0.9991157902197104201, 0.04204328404922352130, 0.000000000000000000 ) ) ;
#2378 = ORIENTED_EDGE ( 'NONE', *, *, #2810, .T. ) ;
#2379 = CARTESIAN_POINT ( 'NONE',  ( -9.153200567624109496, 14.50907717659450036, 40.30000000000000426 ) ) ;
#2380 = CARTESIAN_POINT ( 'NONE',  ( 16.40166822571530147, -27.62478600578701560, 22.61744974835124822 ) ) ;
#2381 = ORIENTED_EDGE ( 'NONE', *, *, #5083, .F. ) ;
#2382 = EDGE_CURVE ( 'NONE', #4450, #7581, #1431, .T. ) ;
#2383 = ORIENTED_EDGE ( 'NONE', *, *, #1808, .T. ) ;
#2384 = CIRCLE ( 'NONE', #3039, 0.5000000000000000000 ) ;
#2385 = CARTESIAN_POINT ( 'NONE',  ( -9.681315860892119929, 14.96862224024780019, 41.30000000000000426 ) ) ;
#2386 = CARTESIAN_POINT ( 'NONE',  ( -21.50000000000000000, -21.49999999999999645, 10.00000000000000000 ) ) ;
#2387 = CARTESIAN_POINT ( 'NONE',  ( -6.627671221020169590, 17.93747955119249937, 41.30000000000000426 ) ) ;
#2388 = DIRECTION ( 'NONE',  ( 0.000000000000000000, 0.000000000000000000, -1.000000000000000000 ) ) ;
#2389 = CARTESIAN_POINT ( 'NONE',  ( 17.07822691802248372, 26.39556632893659227, 22.61774089226854656 ) ) ;
#2390 = CARTESIAN_POINT ( 'NONE',  ( 6.745845658655389876, 16.67801250511399758, 41.30000000000000426 ) ) ;
#2391 = ADVANCED_FACE ( 'NONE', ( #5220 ), #7695, .F. ) ;
#2392 = LINE ( 'NONE', #3615, #589 ) ;
#2393 = CARTESIAN_POINT ( 'NONE',  ( -28.41490670114385253, 17.85048316524330403, 1.702710377764203081E-12 ) ) ;
#2394 = CARTESIAN_POINT ( 'NONE',  ( 26.37708701273090028, -18.95925731280750171, 23.14691927163010376 ) ) ;
#2395 = VECTOR ( 'NONE', #7111, 1000.000000000000000 ) ;
#2396 = CARTESIAN_POINT ( 'NONE',  ( -3.658774962311160284, 18.65383751147630065, 40.30000000000000426 ) ) ;
#2397 = CARTESIAN_POINT ( 'NONE',  ( -27.67238644245799861, 21.19568323463180093, 15.48255277548699915 ) ) ;
#2398 = FACE_OUTER_BOUND ( 'NONE', #5954, .T. ) ;
#2399 = CARTESIAN_POINT ( 'NONE',  ( 4.249650233759119544, 14.71656908516860085, 41.30000000000000426 ) ) ;
#2400 = EDGE_LOOP ( 'NONE', ( #983, #415, #5826, #4508 ) ) ;
#2401 = CARTESIAN_POINT ( 'NONE',  ( 2.153277872611869981, 15.14466350712690002, 41.30000000000000426 ) ) ;
#2402 = ADVANCED_FACE ( 'NONE', ( #940 ), #7181, .F. ) ;
#2403 = CYLINDRICAL_SURFACE ( 'NONE', #845, 0.5000000000000004441 ) ;
#2404 = ORIENTED_EDGE ( 'NONE', *, *, #6728, .F. ) ;
#2405 = VECTOR ( 'NONE', #1774, 1000.000000000000000 ) ;
#2406 = VERTEX_POINT ( 'NONE', #4110 ) ;
#2407 = CARTESIAN_POINT ( 'NONE',  ( 22.05187717598100505, 26.71570407425592464, 0.5211017932830698252 ) ) ;
#2408 = CARTESIAN_POINT ( 'NONE',  ( -12.12398264609399945, 15.18703324260019905, 40.30000000000000426 ) ) ;
#2409 = VECTOR ( 'NONE', #3287, 1000.000000000000114 ) ;
#2410 = CARTESIAN_POINT ( 'NONE',  ( -27.18564520217124070, -25.21526902220011834, 0.5238208196670784966 ) ) ;
#2411 = CARTESIAN_POINT ( 'NONE',  ( -7.652994980072800324, 13.85476936622280064, 41.30000000000000426 ) ) ;
#2412 = EDGE_CURVE ( 'NONE', #6528, #6280, #5401, .T. ) ;
#2413 = ORIENTED_EDGE ( 'NONE', *, *, #3121, .T. ) ;
#2414 = CARTESIAN_POINT ( 'NONE',  ( -24.96985171909512857, -25.43263242001052404, 23.09999999999999787 ) ) ;
#2415 = EDGE_LOOP ( 'NONE', ( #110, #2463, #735, #3059 ) ) ;
#2416 = DIRECTION ( 'NONE',  ( -0.1806975293134319427, -0.9835387144896846623, 0.000000000000000000 ) ) ;
#2417 = CARTESIAN_POINT ( 'NONE',  ( -25.09744914234394741, -0.6146047549404058952, 23.09999999999999787 ) ) ;
#2418 = ORIENTED_EDGE ( 'NONE', *, *, #4351, .T. ) ;
#2419 = AXIS2_PLACEMENT_3D ( 'NONE', #2012, #3695, #2625 ) ;
#2420 = EDGE_CURVE ( 'NONE', #3560, #7283, #3622, .T. ) ;
#2421 = CARTESIAN_POINT ( 'NONE',  ( 4.838394301825269750, 32.12529775592570047, 5.081365502582559479 ) ) ;
#2422 = CARTESIAN_POINT ( 'NONE',  ( -28.42016867534129787, -19.77312946553709949, -0.1593298338457369845 ) ) ;
#2423 = CARTESIAN_POINT ( 'NONE',  ( -9.629999010857940078, 14.20730936582670090, 41.30000000000000426 ) ) ;
#2424 = VECTOR ( 'NONE', #1223, 1000.000000000000114 ) ;
#2425 = ORIENTED_EDGE ( 'NONE', *, *, #6483, .F. ) ;
#2426 = CARTESIAN_POINT ( 'NONE',  ( 10.35720781245700017, 12.35489637887460113, 41.30000000000000426 ) ) ;
#2427 = CARTESIAN_POINT ( 'NONE',  ( -9.105387076229220611, 15.31499630522300137, 41.30000000000000426 ) ) ;
#2428 = VERTEX_POINT ( 'NONE', #1093 ) ;
#2429 = DIRECTION ( 'NONE',  ( -0.000000000000000000, -0.000000000000000000, -1.000000000000000000 ) ) ;
#2430 = ORIENTED_EDGE ( 'NONE', *, *, #7491, .T. ) ;
#2431 = B_SPLINE_CURVE_WITH_KNOTS ( 'NONE', 3,
 ( #3227, #6195, #7420, #7457 ),
 .UNSPECIFIED., .F., .F.,
 ( 4, 4 ),
 ( -0.01029651723492192028, 2.202396848452707889 ),
 .UNSPECIFIED. ) ;
#2432 = EDGE_CURVE ( 'NONE', #6270, #6389, #570, .T. ) ;
#2433 = EDGE_CURVE ( 'NONE', #6398, #7864, #7923, .T. ) ;
#2434 = CARTESIAN_POINT ( 'NONE',  ( -26.15848525259333357, 22.62119548593360463, 23.09999999999999432 ) ) ;
#2435 = DIRECTION ( 'NONE',  ( -0.000000000000000000, -0.000000000000000000, -1.000000000000000000 ) ) ;
#2436 = CARTESIAN_POINT ( 'NONE',  ( -9.158705203805320494, 15.08210253421400182, 41.30000000000000426 ) ) ;
#2437 = CARTESIAN_POINT ( 'NONE',  ( 23.60466866776447148, -27.41006101602621925, -4.733931639275887043E-13 ) ) ;
#2438 = PLANE ( 'NONE',  #3819 ) ;
#2439 = ORIENTED_EDGE ( 'NONE', *, *, #2831, .T. ) ;
#2440 = CARTESIAN_POINT ( 'NONE',  ( -9.245204976220421145, 15.86077891719580180, 41.30000000000000426 ) ) ;
#2441 = CYLINDRICAL_SURFACE ( 'NONE', #71, 0.5000000000000004441 ) ;
#2442 = DIRECTION ( 'NONE',  ( 1.000000000000000000, 0.000000000000000000, 0.000000000000000000 ) ) ;
#2443 = ADVANCED_FACE ( 'NONE', ( #5416 ), #144, .F. ) ;
#2444 = AXIS2_PLACEMENT_3D ( 'NONE', #4917, #2499, #1098 ) ;
#2445 = CARTESIAN_POINT ( 'NONE',  ( 25.19003406346249818, -24.38375164967489894, 23.09999999999769216 ) ) ;
#2446 = EDGE_CURVE ( 'NONE', #6997, #1568, #6281, .T. ) ;
#2447 = DIRECTION ( 'NONE',  ( 0.000000000000000000, 0.000000000000000000, -1.000000000000000000 ) ) ;
#2448 = CARTESIAN_POINT ( 'NONE',  ( 25.72267223624675481, 19.72771510915224269, 23.10000000000000853 ) ) ;
#2449 = CARTESIAN_POINT ( 'NONE',  ( -28.42180713241059919, 17.19868935233879981, -0.2062491054757909781 ) ) ;
#2450 = VECTOR ( 'NONE', #6249, 1000.000000000000000 ) ;
#2451 = CARTESIAN_POINT ( 'NONE',  ( 10.57434546443830037, 13.52221266803760003, 40.30000000000000426 ) ) ;
#2452 = CARTESIAN_POINT ( 'NONE',  ( -26.21826697878178081, -25.73006270271752882, 3.252606517456513302E-16 ) ) ;
#2453 = DIRECTION ( 'NONE',  ( 0.000000000000000000, 0.000000000000000000, -1.000000000000000000 ) ) ;
#2454 = VERTEX_POINT ( 'NONE', #4749 ) ;
#2455 = CARTESIAN_POINT ( 'NONE',  ( 2.715877902717790171, 15.10198686240030064, 40.30000000000000426 ) ) ;
#2456 = CARTESIAN_POINT ( 'NONE',  ( 5.191947692418542815, 32.44373627464361221, 6.093095164990828039 ) ) ;
#2457 = ORIENTED_EDGE ( 'NONE', *, *, #2433, .F. ) ;
#2458 = VECTOR ( 'NONE', #6165, 1000.000000000000227 ) ;
#2459 = CARTESIAN_POINT ( 'NONE',  ( -9.561932364724301081, 15.29105642752720051, 41.30000000000000426 ) ) ;
#2460 = DIRECTION ( 'NONE',  ( 0.9172475141792799658, -0.3983177095384179411, 0.000000000000000000 ) ) ;
#2461 = CARTESIAN_POINT ( 'NONE',  ( -4.661605698174719592, 27.80253651785229962, -0.07263636767417129547 ) ) ;
#2462 = CARTESIAN_POINT ( 'NONE',  ( 4.838394301825269750, 32.59009367273270641, 6.098206077952910142 ) ) ;
#2463 = ORIENTED_EDGE ( 'NONE', *, *, #3727, .F. ) ;
#2464 = VECTOR ( 'NONE', #3066, 1000.000000000000114 ) ;
#2465 = ORIENTED_EDGE ( 'NONE', *, *, #2446, .T. ) ;
#2466 = CARTESIAN_POINT ( 'NONE',  ( 11.13136505507829987, 14.95174774934160133, 41.30000000000000426 ) ) ;
#2467 = ORIENTED_EDGE ( 'NONE', *, *, #7242, .F. ) ;
#2468 = ADVANCED_FACE ( 'NONE', ( #2398 ), #6467, .F. ) ;
#2469 = CARTESIAN_POINT ( 'NONE',  ( 11.71682292872689857, 13.67787008850240049, 40.30000000000000426 ) ) ;
#2470 = CIRCLE ( 'NONE', #1156, 0.5000000000000000000 ) ;
#2471 = CARTESIAN_POINT ( 'NONE',  ( -9.464776183982930746, 14.14948149444970049, 41.30000000000000426 ) ) ;
#2472 = VERTEX_POINT ( 'NONE', #1056 ) ;
#2473 = CARTESIAN_POINT ( 'NONE',  ( -5.849583725877619322, 17.94881528947969684, 41.30000000000000426 ) ) ;
#2474 = B_SPLINE_CURVE_WITH_KNOTS ( 'NONE', 3,
 ( #7718, #887, #6380, #2752, #3377 ),
 .UNSPECIFIED., .F., .F.,
 ( 4, 1, 4 ),
 ( 0.000000000000000000, 0.03449786595524659966, 0.06951110130666840470 ),
 .UNSPECIFIED. ) ;
#2475 = CARTESIAN_POINT ( 'NONE',  ( 9.825407396402690452, 13.38649721548260096, 40.30000000000000426 ) ) ;
#2476 = ORIENTED_EDGE ( 'NONE', *, *, #7290, .T. ) ;
#2477 = FACE_OUTER_BOUND ( 'NONE', #4607, .T. ) ;
#2478 = ORIENTED_EDGE ( 'NONE', *, *, #6111, .F. ) ;
#2479 = CARTESIAN_POINT ( 'NONE',  ( 10.99663645060210015, 13.08155772447939924, 40.30000000000000426 ) ) ;
#2480 = CARTESIAN_POINT ( 'NONE',  ( 26.39556599639243117, -18.32952520803042162, 22.61775041508758477 ) ) ;
#2481 = CARTESIAN_POINT ( 'NONE',  ( 23.93510561524780655, -27.24399257739555935, 0.000000000000000000 ) ) ;
#2482 = CARTESIAN_POINT ( 'NONE',  ( 23.73381811564121691, 24.19671541319812036, 23.10000000000000142 ) ) ;
#2483 = ORIENTED_EDGE ( 'NONE', *, *, #4070, .F. ) ;
#2484 = CARTESIAN_POINT ( 'NONE',  ( 7.334350787204350297, 17.19279174723540038, 40.30000000000000426 ) ) ;
#2485 = VECTOR ( 'NONE', #7872, 1000.000000000000000 ) ;
#2486 = CARTESIAN_POINT ( 'NONE',  ( 3.053102797726499951, 18.53654167475470160, 40.30000000000000426 ) ) ;
#2487 = DIRECTION ( 'NONE',  ( 0.000000000000000000, 0.000000000000000000, 1.000000000000000000 ) ) ;
#2488 = CARTESIAN_POINT ( 'NONE',  ( 21.82352639407553241, -27.00845960623031772, 23.09999999999537224 ) ) ;
#2489 = EDGE_CURVE ( 'NONE', #1329, #5023, #409, .T. ) ;
#2490 = CARTESIAN_POINT ( 'NONE',  ( -0.2767459480921540260, 15.38227756806939794, 41.30000000000000426 ) ) ;
#2491 = CARTESIAN_POINT ( 'NONE',  ( -20.29571114927409425, -27.02104457733912213, 23.10000000000001563 ) ) ;
#2492 = CARTESIAN_POINT ( 'NONE',  ( -27.89683959943156566, -19.06976699440826550, -1.084202172485504434E-16 ) ) ;
#2493 = LINE ( 'NONE', #7411, #5003 ) ;
#2494 = ORIENTED_EDGE ( 'NONE', *, *, #7133, .T. ) ;
#2495 = CYLINDRICAL_SURFACE ( 'NONE', #2547, 0.4999999999999986122 ) ;
#2496 = EDGE_CURVE ( 'NONE', #3273, #2276, #7853, .T. ) ;
#2497 = CARTESIAN_POINT ( 'NONE',  ( 9.337044350262901915, 14.35873461924449934, 41.30000000000000426 ) ) ;
#2498 = VERTEX_POINT ( 'NONE', #1749 ) ;
#2499 = DIRECTION ( 'NONE',  ( -7.285838599102587331E-17, 0.9993908270190957621, 0.03489949670250114266 ) ) ;
#2500 = ORIENTED_EDGE ( 'NONE', *, *, #1617, .F. ) ;
#2501 = CARTESIAN_POINT ( 'NONE',  ( 17.17341723148286903, -28.39653501155466486, 0.5174497483512490170 ) ) ;
#2502 = CARTESIAN_POINT ( 'NONE',  ( 16.40166822571530503, -27.12509059227746633, 23.09999999999999787 ) ) ;
#2503 = CARTESIAN_POINT ( 'NONE',  ( 3.013494163776559986, 15.61860000757850031, 41.30000000000000426 ) ) ;
#2504 = CARTESIAN_POINT ( 'NONE',  ( 10.27926888318410015, 11.22706917977009944, 41.30000000000000426 ) ) ;
#2505 = CARTESIAN_POINT ( 'NONE',  ( -18.29909864701399513, -27.12509059227746278, 23.09999999999999076 ) ) ;
#2506 = ORIENTED_EDGE ( 'NONE', *, *, #7131, .T. ) ;
#2507 = LINE ( 'NONE', #3805, #5808 ) ;
#2508 = CARTESIAN_POINT ( 'NONE',  ( -19.50183874796060124, -28.14887795776479962, 7.609419867979510421 ) ) ;
#2509 = ADVANCED_FACE ( 'NONE', ( #4227 ), #6667, .T. ) ;
#2510 = ORIENTED_EDGE ( 'NONE', *, *, #1140, .T. ) ;
#2511 = CARTESIAN_POINT ( 'NONE',  ( 9.891965025582189597, 12.74116218763160013, 40.30000000000000426 ) ) ;
#2512 = EDGE_CURVE ( 'NONE', #7864, #3810, #1795, .T. ) ;
#2513 = CARTESIAN_POINT ( 'NONE',  ( -0.6146047549404088928, -0.6146047549404088928, 41.30000000000000426 ) ) ;
#2514 = EDGE_LOOP ( 'NONE', ( #2082, #229, #7777, #3511 ) ) ;
#2515 = ADVANCED_FACE ( 'NONE', ( #7326 ), #6104, .T. ) ;
#2516 = AXIS2_PLACEMENT_3D ( 'NONE', #1680, #989, #5821 ) ;
#2517 = CARTESIAN_POINT ( 'NONE',  ( -22.50120785343382579, -27.17514324561183869, 22.62109165198913985 ) ) ;
#2518 = EDGE_LOOP ( 'NONE', ( #7500, #2589, #6879, #5742 ) ) ;
#2519 = ORIENTED_EDGE ( 'NONE', *, *, #2139, .F. ) ;
#2520 = CARTESIAN_POINT ( 'NONE',  ( -0.5722441504467039586, 18.88662682999719777, 41.30000000000000426 ) ) ;
#2521 = CARTESIAN_POINT ( 'NONE',  ( 9.529878309948269788, 13.71666961248990013, 41.30000000000000426 ) ) ;
#2522 = VECTOR ( 'NONE', #6007, 1000.000000000000114 ) ;
#2523 = ORIENTED_EDGE ( 'NONE', *, *, #1180, .T. ) ;
#2524 = B_SPLINE_CURVE_WITH_KNOTS ( 'NONE', 3,
 ( #6283, #272, #751, #2096, #145 ),
 .UNSPECIFIED., .F., .F.,
 ( 4, 1, 4 ),
 ( 0.000000000000000000, 0.01794880335925769926, 0.03484410743618390066 ),
 .UNSPECIFIED. ) ;
#2525 = LINE ( 'NONE', #2484, #6123 ) ;
#2526 = EDGE_CURVE ( 'NONE', #7592, #834, #571, .T. ) ;
#2527 = ADVANCED_FACE ( 'NONE', ( #4270 ), #5674, .F. ) ;
#2528 = CARTESIAN_POINT ( 'NONE',  ( 11.27778356099960000, 14.16282031780589890, 41.30000000000000426 ) ) ;
#2529 = CARTESIAN_POINT ( 'NONE',  ( 9.727103702786269679, 13.54974085977739939, 41.30000000000000426 ) ) ;
#2530 = CARTESIAN_POINT ( 'NONE',  ( -21.37464152056400124, 26.51305711797050080, 15.44831746443320064 ) ) ;
#2531 = CARTESIAN_POINT ( 'NONE',  ( -23.84327550618958469, -27.80178004693567928, 0.5218951151297325231 ) ) ;
#2532 = ORIENTED_EDGE ( 'NONE', *, *, #6070, .F. ) ;
#2533 = DIRECTION ( 'NONE',  ( 0.000000000000000000, 0.000000000000000000, -1.000000000000000000 ) ) ;
#2534 = PLANE ( 'NONE',  #724 ) ;
#2535 = EDGE_LOOP ( 'NONE', ( #269, #2714, #4317, #1897 ) ) ;
#2536 = ORIENTED_EDGE ( 'NONE', *, *, #6680, .F. ) ;
#2537 = B_SPLINE_CURVE_WITH_KNOTS ( 'NONE', 3,
 ( #1473, #4033, #2088, #980, #3467 ),
 .UNSPECIFIED., .F., .F.,
 ( 4, 1, 4 ),
 ( 0.000000000000000000, 0.01827576516696859804, 0.03635162512819079678 ),
 .UNSPECIFIED. ) ;
#2538 = EDGE_CURVE ( 'NONE', #6305, #3880, #2493, .T. ) ;
#2539 = EDGE_CURVE ( 'NONE', #2161, #3889, #3098, .T. ) ;
#2540 = CARTESIAN_POINT ( 'NONE',  ( 10.35012445675729964, 13.61159799400099857, 41.30000000000000426 ) ) ;
#2541 = CARTESIAN_POINT ( 'NONE',  ( 10.59216296427360149, 13.06779319703839803, 41.30000000000000426 ) ) ;
#2542 = B_SPLINE_CURVE_WITH_KNOTS ( 'NONE', 3,
 ( #6205, #752, #3237, #7428, #1243 ),
 .UNSPECIFIED., .F., .F.,
 ( 4, 1, 4 ),
 ( 0.000000000000000000, 0.03340595680657129640, 0.05869094496829650037 ),
 .UNSPECIFIED. ) ;
#2543 = CARTESIAN_POINT ( 'NONE',  ( 2.906749826774519985, 15.55739999116939920, 40.30000000000000426 ) ) ;
#2544 = CARTESIAN_POINT ( 'NONE',  ( 26.49442124201442894, 20.49946411491985288, 1.155557966632352197E-30 ) ) ;
#2545 = VERTEX_POINT ( 'NONE', #4313 ) ;
#2546 = CARTESIAN_POINT ( 'NONE',  ( 9.811208069487911132, 11.57386766533040046, 40.30000000000000426 ) ) ;
#2547 = AXIS2_PLACEMENT_3D ( 'NONE', #7201, #6594, #1059 ) ;
#2548 = ORIENTED_EDGE ( 'NONE', *, *, #5038, .T. ) ;
#2549 = DIRECTION ( 'NONE',  ( 0.8478911321297508685, 0.5301703764411300757, 0.000000000000000000 ) ) ;
#2550 = AXIS2_PLACEMENT_3D ( 'NONE', #6009, #4139, #7917 ) ;
#2551 = AXIS2_PLACEMENT_3D ( 'NONE', #2926, #6507, #5326 ) ;
#2552 = CARTESIAN_POINT ( 'NONE',  ( 8.541785258998089603, 12.51441619093120039, 41.30000000000000426 ) ) ;
#2553 = ORIENTED_EDGE ( 'NONE', *, *, #5983, .F. ) ;
#2554 = PLANE ( 'NONE',  #7300 ) ;
#2555 = ORIENTED_EDGE ( 'NONE', *, *, #4712, .F. ) ;
#2556 = VECTOR ( 'NONE', #772, 1000.000000000000000 ) ;
#2557 = CARTESIAN_POINT ( 'NONE',  ( -27.60739210365921537, -19.03238624192120554, 22.61811680928238744 ) ) ;
#2558 = ORIENTED_EDGE ( 'NONE', *, *, #1962, .T. ) ;
#2559 = ORIENTED_EDGE ( 'NONE', *, *, #6642, .T. ) ;
#2560 = DIRECTION ( 'NONE',  ( 0.000000000000000000, 0.000000000000000000, 1.000000000000000000 ) ) ;
#2561 = CARTESIAN_POINT ( 'NONE',  ( 10.20483515505999783, 13.26411857137959949, 41.30000000000000426 ) ) ;
#2562 = VECTOR ( 'NONE', #1879, 1000.000000000000000 ) ;
#2563 = ORIENTED_EDGE ( 'NONE', *, *, #3188, .T. ) ;
#2564 = CARTESIAN_POINT ( 'NONE',  ( 11.24183388556400054, 14.86854810147270101, 40.30000000000000426 ) ) ;
#2565 = CARTESIAN_POINT ( 'NONE',  ( -23.68491957634772760, 26.09074761786991914, -3.252606517456513302E-16 ) ) ;
#2566 = CARTESIAN_POINT ( 'NONE',  ( 11.24501049525490082, 14.24491873794270091, 41.30000000000000426 ) ) ;
#2567 = CARTESIAN_POINT ( 'NONE',  ( 9.529878309948269788, 13.71666961248990013, 41.30000000000000426 ) ) ;
#2568 = CARTESIAN_POINT ( 'NONE',  ( 19.06650017206660408, 25.79183353055990580, 23.10000000000001918 ) ) ;
#2569 = CARTESIAN_POINT ( 'NONE',  ( -27.62477596948015091, -18.30628324235336635, 22.61773715057707079 ) ) ;
#2570 = CARTESIAN_POINT ( 'NONE',  ( -26.84802737225320612, -25.78355162998891004, -2.708004635421169432E-13 ) ) ;
#2571 = ORIENTED_EDGE ( 'NONE', *, *, #2965, .F. ) ;
#2572 = CIRCLE ( 'NONE', #2821, 23.98314897389398936 ) ;
#2573 = LINE ( 'NONE', #5, #208 ) ;
#2574 = B_SPLINE_CURVE_WITH_KNOTS ( 'NONE', 3,
 ( #4820, #4104, #1704, #522, #5324 ),
 .UNSPECIFIED., .F., .F.,
 ( 4, 1, 4 ),
 ( 0.000000000000000000, 0.02608123565485459885, 0.05998096439887130177 ),
 .UNSPECIFIED. ) ;
#2575 = EDGE_LOOP ( 'NONE', ( #4890, #7535, #7171, #4667 ) ) ;
#2576 = AXIS2_PLACEMENT_3D ( 'NONE', #3974, #351, #6490 ) ;
#2577 = CARTESIAN_POINT ( 'NONE',  ( -4.661605698174719592, 32.29979523943820396, 0.08441136748708391591 ) ) ;
#2578 = CARTESIAN_POINT ( 'NONE',  ( 11.18052965830619883, 13.72677483979160051, 41.30000000000000426 ) ) ;
#2579 = CARTESIAN_POINT ( 'NONE',  ( -10.25321307584949970, 16.27683842836829697, 41.30000000000000426 ) ) ;
#2580 = CARTESIAN_POINT ( 'NONE',  ( 23.39294250279629495, 25.70102207711578401, 3.252606517456512809E-16 ) ) ;
#2581 = ORIENTED_EDGE ( 'NONE', *, *, #5934, .T. ) ;
#2582 = CARTESIAN_POINT ( 'NONE',  ( 26.78434817012599822, 20.41671901250920129, 7.679567644534849968 ) ) ;
#2583 = ORIENTED_EDGE ( 'NONE', *, *, #777, .T. ) ;
#2584 = VECTOR ( 'NONE', #7128, 1000.000000000000227 ) ;
#2585 = EDGE_CURVE ( 'NONE', #5008, #6337, #7924, .T. ) ;
#2586 = CARTESIAN_POINT ( 'NONE',  ( -11.53845485501789803, 15.55315275682589871, 41.30000000000000426 ) ) ;
#2587 = CARTESIAN_POINT ( 'NONE',  ( -10.25321307584949970, 16.27683842836829697, 40.30000000000000426 ) ) ;
#2588 = CARTESIAN_POINT ( 'NONE',  ( -25.97854303896379946, -27.10774438278629717, 0.01153711695717760111 ) ) ;
#2589 = ORIENTED_EDGE ( 'NONE', *, *, #2433, .T. ) ;
#2590 = DIRECTION ( 'NONE',  ( 0.000000000000000000, 0.000000000000000000, -1.000000000000000000 ) ) ;
#2591 = EDGE_CURVE ( 'NONE', #5023, #701, #4357, .T. ) ;
#2592 = CARTESIAN_POINT ( 'NONE',  ( 2.765246348989209846, 18.17070349071000024, 41.30000000000000426 ) ) ;
#2593 = ORIENTED_EDGE ( 'NONE', *, *, #3398, .T. ) ;
#2594 = EDGE_CURVE ( 'NONE', #6270, #5085, #2154, .T. ) ;
#2595 = CARTESIAN_POINT ( 'NONE',  ( -26.71389801073207693, 21.04739843260463061, 23.10000000000000497 ) ) ;
#2596 = CARTESIAN_POINT ( 'NONE',  ( 2.458648362069400406, 15.51129169109769990, 40.30000000000000426 ) ) ;
#2597 = DIRECTION ( 'NONE',  ( 1.000000000000000000, 0.000000000000000000, 0.000000000000000000 ) ) ;
#2598 = CARTESIAN_POINT ( 'NONE',  ( -6.379192066585719800, 17.98851875966670377, 40.30000000000000426 ) ) ;
#2599 = CARTESIAN_POINT ( 'NONE',  ( -25.47030755378223432, 25.19591231659931907, -2.168404344971008868E-16 ) ) ;
#2600 = CARTESIAN_POINT ( 'NONE',  ( 11.16963982970500169, 14.43372660274629915, 41.30000000000000426 ) ) ;
#2601 = CARTESIAN_POINT ( 'NONE',  ( 10.35012445675729964, 13.61159799400099857, 40.30000000000000426 ) ) ;
#2602 = DIRECTION ( 'NONE',  ( 0.000000000000000000, 0.000000000000000000, 1.000000000000000000 ) ) ;
#2603 = FACE_OUTER_BOUND ( 'NONE', #4533, .T. ) ;
#2604 = CARTESIAN_POINT ( 'NONE',  ( -25.80745869896436773, -25.27053702340381847, 23.09999999999766374 ) ) ;
#2605 = CARTESIAN_POINT ( 'NONE',  ( -26.78351188773227776, -24.91109194528560877, -6.505213034913026604E-16 ) ) ;
#2606 = EDGE_LOOP ( 'NONE', ( #4576, #7031, #6418, #1993 ) ) ;
#2607 = CARTESIAN_POINT ( 'NONE',  ( -27.62478600578710797, 16.40166822571531213, 22.61744974835125532 ) ) ;
#2608 = ADVANCED_FACE ( 'NONE', ( #7227 ), #4134, .F. ) ;
#2609 = B_SPLINE_SURFACE_WITH_KNOTS ( 'NONE', 3, 1, ( 
 ( #1316, #3885 ),
 ( #137, #1927 ),
 ( #4481, #5033 ),
 ( #3718, #1887 ),
 ( #6920, #3141 ) ),
 .UNSPECIFIED., .F., .F., .F.,
 ( 4, 1, 4 ),
 ( 2, 2 ),
 ( 0.000000000000000000, 0.04873644705069850314, 0.08699085488451700765 ),
 ( 0.000000000000000000, 0.1000000000000000056 ),
 .UNSPECIFIED. ) ;
#2610 = ORIENTED_EDGE ( 'NONE', *, *, #7265, .T. ) ;
#2611 = ADVANCED_FACE ( 'NONE', ( #5319, #2954 ), #6578, .T. ) ;
#2612 = ORIENTED_EDGE ( 'NONE', *, *, #1664, .T. ) ;
#2613 = VECTOR ( 'NONE', #308, 1000.000000000000000 ) ;
#2614 = EDGE_CURVE ( 'NONE', #719, #1684, #1007, .T. ) ;
#2615 = CARTESIAN_POINT ( 'NONE',  ( -4.661605698174717816, 32.43409392946976055, 0.08910118108471652698 ) ) ;
#2616 = CARTESIAN_POINT ( 'NONE',  ( 3.728356555533430150, 18.16503630127369817, 41.30000000000000426 ) ) ;
#2617 = DIRECTION ( 'NONE',  ( 0.000000000000000000, 0.000000000000000000, 1.000000000000000000 ) ) ;
#2618 = CARTESIAN_POINT ( 'NONE',  ( -9.988248872353601371, 14.70186710639259964, 40.30000000000000426 ) ) ;
#2619 = ORIENTED_EDGE ( 'NONE', *, *, #7736, .F. ) ;
#2620 = ORIENTED_EDGE ( 'NONE', *, *, #5699, .F. ) ;
#2621 = CARTESIAN_POINT ( 'NONE',  ( 2.947336782589780046, 15.12171683621880014, 40.30000000000000426 ) ) ;
#2622 = ORIENTED_EDGE ( 'NONE', *, *, #3169, .T. ) ;
#2623 = CARTESIAN_POINT ( 'NONE',  ( -10.25321307584949970, 16.27683842836829697, 41.30000000000000426 ) ) ;
#2624 = EDGE_CURVE ( 'NONE', #7527, #536, #6654, .T. ) ;
#2625 = DIRECTION ( 'NONE',  ( 0.000000000000000000, 0.000000000000000000, -1.000000000000000000 ) ) ;
#2626 = CARTESIAN_POINT ( 'NONE',  ( 3.158296623045659945, 15.19790552043070164, 40.30000000000000426 ) ) ;
#2627 = VERTEX_POINT ( 'NONE', #434 ) ;
#2628 = CARTESIAN_POINT ( 'NONE',  ( 6.817961812553259726, 14.75693245065459891, 41.30000000000000426 ) ) ;
#2629 = VERTEX_POINT ( 'NONE', #2261 ) ;
#2630 = LINE ( 'NONE', #958, #982 ) ;
#2631 = CARTESIAN_POINT ( 'NONE',  ( 4.838394301825280408, 32.78204090459649223, 0.6015565293478819520 ) ) ;
#2632 = CARTESIAN_POINT ( 'NONE',  ( -9.698101032201870808, 15.67062387247539945, 40.30000000000000426 ) ) ;
#2633 = CARTESIAN_POINT ( 'NONE',  ( 17.10031569958726649, -27.62477562344183113, 22.61774705981797240 ) ) ;
#2634 = VERTEX_POINT ( 'NONE', #7804 ) ;
#2635 = CARTESIAN_POINT ( 'NONE',  ( 19.83824917774416718, 26.56358253509717926, -4.878909776184769953E-15 ) ) ;
#2636 = CARTESIAN_POINT ( 'NONE',  ( -18.40262674136366527, -28.41460475494040949, -4.987329993433321185E-15 ) ) ;
#2637 = CARTESIAN_POINT ( 'NONE',  ( -10.58694316667890156, 15.69196364208130134, 41.30000000000000426 ) ) ;
#2638 = FACE_OUTER_BOUND ( 'NONE', #3112, .T. ) ;
#2639 = EDGE_CURVE ( 'NONE', #5023, #3304, #4257, .T. ) ;
#2640 = VECTOR ( 'NONE', #5950, 1000.000000000000000 ) ;
#2641 = DIRECTION ( 'NONE',  ( 0.000000000000000000, 0.000000000000000000, -1.000000000000000000 ) ) ;
#2642 = CARTESIAN_POINT ( 'NONE',  ( -26.05565635792802226, -24.99639732909538736, 22.62444870448790013 ) ) ;
#2643 = CARTESIAN_POINT ( 'NONE',  ( 3.260212648881379849, 15.80815253307910062, 40.30000000000000426 ) ) ;
#2644 = ORIENTED_EDGE ( 'NONE', *, *, #3598, .F. ) ;
#2645 = CARTESIAN_POINT ( 'NONE',  ( -18.40262674136375765, 27.16732550167385440, 0.5174497483512511264 ) ) ;
#2646 = CARTESIAN_POINT ( 'NONE',  ( 9.529878309948269788, 13.71666961248990013, 40.30000000000000426 ) ) ;
#2647 = AXIS2_PLACEMENT_3D ( 'NONE', #1136, #2932, #7856 ) ;
#2648 = ORIENTED_EDGE ( 'NONE', *, *, #1780, .F. ) ;
#2649 = ORIENTED_EDGE ( 'NONE', *, *, #579, .T. ) ;
#2650 = ADVANCED_FACE ( 'NONE', ( #4779 ), #1616, .F. ) ;
#2651 = DIRECTION ( 'NONE',  ( 0.000000000000000000, 0.000000000000000000, -1.000000000000000000 ) ) ;
#2652 = CARTESIAN_POINT ( 'NONE',  ( 26.91763008816432290, 1.885395245059572789, -0.07263636767417129547 ) ) ;
#2653 = EDGE_CURVE ( 'NONE', #356, #5979, #1782, .T. ) ;
#2654 = CARTESIAN_POINT ( 'NONE',  ( 2.720929507691979943, 15.52585499005520120, 41.30000000000000426 ) ) ;
#2655 = CARTESIAN_POINT ( 'NONE',  ( -9.846497049435791737, 14.79261095727319919, 40.30000000000000426 ) ) ;
#2656 = VERTEX_POINT ( 'NONE', #3455 ) ;
#2657 = CARTESIAN_POINT ( 'NONE',  ( 26.65001618737669986, 16.65610791718579975, 15.33125029817470164 ) ) ;
#2658 = VERTEX_POINT ( 'NONE', #4736 ) ;
#2659 = VECTOR ( 'NONE', #5523, 1000.000000000000114 ) ;
#2660 = ORIENTED_EDGE ( 'NONE', *, *, #3720, .T. ) ;
#2661 = CARTESIAN_POINT ( 'NONE',  ( 10.86288546572460056, 13.51405283445859951, 41.30000000000000426 ) ) ;
#2662 = ORIENTED_EDGE ( 'NONE', *, *, #4204, .F. ) ;
#2663 = CARTESIAN_POINT ( 'NONE',  ( -10.48453426098069841, 16.20863447251279865, 40.30000000000000426 ) ) ;
#2664 = CYLINDRICAL_SURFACE ( 'NONE', #4157, 1.500000000000001332 ) ;
#2665 = AXIS2_PLACEMENT_3D ( 'NONE', #4094, #4057, #394 ) ;
#2666 = ADVANCED_FACE ( 'NONE', ( #1699 ), #5402, .F. ) ;
#2667 = CARTESIAN_POINT ( 'NONE',  ( -4.661605698174719592, 32.22999624603319546, 2.083193021525270083 ) ) ;
#2668 = CARTESIAN_POINT ( 'NONE',  ( 26.36206803552573419, 17.75247111205537109, 23.10000000000115250 ) ) ;
#2669 = DIRECTION ( 'NONE',  ( 1.000000000000000000, 0.000000000000000000, 0.000000000000000000 ) ) ;
#2670 = CARTESIAN_POINT ( 'NONE',  ( -5.308972277116550842, 16.52114108819879945, 41.30000000000000426 ) ) ;
#2671 = ORIENTED_EDGE ( 'NONE', *, *, #2061, .F. ) ;
#2672 = CARTESIAN_POINT ( 'NONE',  ( -18.40262674136376120, 26.66763008816431579, 0.5000000000000000000 ) ) ;
#2673 = ORIENTED_EDGE ( 'NONE', *, *, #1596, .T. ) ;
#2674 = VECTOR ( 'NONE', #799, 1000.000000000000000 ) ;
#2675 = CARTESIAN_POINT ( 'NONE',  ( 3.394733980665269879, 16.03561544270720063, 40.30000000000000426 ) ) ;
#2676 = CARTESIAN_POINT ( 'NONE',  ( 9.682861282663759894, 13.60332053112749939, 41.30000000000000426 ) ) ;
#2677 = CIRCLE ( 'NONE', #5491, 10.00000000000000000 ) ;
#2678 = ORIENTED_EDGE ( 'NONE', *, *, #2412, .T. ) ;
#2679 = CARTESIAN_POINT ( 'NONE',  ( 2.278152561075119653, 15.54266943702009840, 41.30000000000000426 ) ) ;
#2680 = CARTESIAN_POINT ( 'NONE',  ( -24.91109073105111804, 25.55430164849444452, -2.168404344971008868E-16 ) ) ;
#2681 = DIRECTION ( 'NONE',  ( 0.000000000000000000, 0.000000000000000000, -1.000000000000000000 ) ) ;
#2682 = ADVANCED_FACE ( 'NONE', ( #6613 ), #4614, .F. ) ;
#2683 = EDGE_CURVE ( 'NONE', #97, #705, #6041, .T. ) ;
#2684 = CARTESIAN_POINT ( 'NONE',  ( -9.299931370397629848, 15.93725422444850004, 40.30000000000000426 ) ) ;
#2685 = CARTESIAN_POINT ( 'NONE',  ( -0.1091220223513110071, 18.88031908181340057, 41.30000000000000426 ) ) ;
#2686 = CARTESIAN_POINT ( 'NONE',  ( 21.49999999999999645, 21.49999999999999645, 0.5000000000000004441 ) ) ;
#2687 = EDGE_LOOP ( 'NONE', ( #6164, #7583, #6724, #6812 ) ) ;
#2688 = CARTESIAN_POINT ( 'NONE',  ( -12.12398264609399945, 15.18703324260019905, 40.30000000000000426 ) ) ;
#2689 = CARTESIAN_POINT ( 'NONE',  ( -24.98242586281779154, 24.80774642877918623, 23.10000000000115250 ) ) ;
#2690 = EDGE_LOOP ( 'NONE', ( #919, #4339, #551, #5397 ) ) ;
#2691 = EDGE_CURVE ( 'NONE', #3120, #356, #5498, .T. ) ;
#2692 = ORIENTED_EDGE ( 'NONE', *, *, #7558, .F. ) ;
#2693 = EDGE_CURVE ( 'NONE', #2063, #1003, #6366, .T. ) ;
#2694 = CARTESIAN_POINT ( 'NONE',  ( 17.87144887862089604, -28.39652412761341793, 0.5177467778815150190 ) ) ;
#2695 = CARTESIAN_POINT ( 'NONE',  ( 24.92927574271250535, -23.85040499581440798, 23.10000000000001563 ) ) ;
#2696 = CARTESIAN_POINT ( 'NONE',  ( -9.988248872353601371, 14.70186710639259964, 41.30000000000000426 ) ) ;
#2697 = CARTESIAN_POINT ( 'NONE',  ( 3.063672018094139915, 15.64736861108340094, 41.30000000000000426 ) ) ;
#2698 = EDGE_LOOP ( 'NONE', ( #3483, #6105, #2299, #474 ) ) ;
#2699 = ORIENTED_EDGE ( 'NONE', *, *, #2191, .F. ) ;
#2700 = EDGE_LOOP ( 'NONE', ( #7085, #7650, #7855, #7779 ) ) ;
#2701 = CARTESIAN_POINT ( 'NONE',  ( 11.33235166125330018, 13.17636322548860051, 41.30000000000000426 ) ) ;
#2702 = VECTOR ( 'NONE', #5929, 999.9999999999998863 ) ;
#2703 = DIRECTION ( 'NONE',  ( 0.000000000000000000, 0.000000000000000000, -1.000000000000000000 ) ) ;
#2704 = CARTESIAN_POINT ( 'NONE',  ( -10.24421229017490020, 14.06758242428240102, 40.30000000000000426 ) ) ;
#2705 = CARTESIAN_POINT ( 'NONE',  ( -21.50000000000000000, -21.49999999999999645, 10.00000000000000000 ) ) ;
#2706 = DIRECTION ( 'NONE',  ( 0.000000000000000000, 0.000000000000000000, -1.000000000000000000 ) ) ;
#2707 = CARTESIAN_POINT ( 'NONE',  ( -9.629999010857940078, 14.20730936582670090, 40.30000000000000426 ) ) ;
#2708 = CARTESIAN_POINT ( 'NONE',  ( -5.621784335637239671, 16.09510886940989849, 40.30000000000000426 ) ) ;
#2709 = ADVANCED_FACE ( 'NONE', ( #116 ), #3778, .F. ) ;
#2710 = ORIENTED_EDGE ( 'NONE', *, *, #5248, .F. ) ;
#2711 = CARTESIAN_POINT ( 'NONE',  ( -19.80073646762869899, 27.15001643748005122, 0.5181149983396547976 ) ) ;
#2712 = DIRECTION ( 'NONE',  ( 0.9456324196049407105, 0.3252373394801179596, 0.000000000000000000 ) ) ;
#2713 = FACE_OUTER_BOUND ( 'NONE', #778, .T. ) ;
#2714 = ORIENTED_EDGE ( 'NONE', *, *, #1675, .T. ) ;
#2715 = CARTESIAN_POINT ( 'NONE',  ( 20.56763850666216698, 27.00913187984577846, 2.686835865004503697E-12 ) ) ;
#2716 = AXIS2_PLACEMENT_3D ( 'NONE', #3716, #6272, #6758 ) ;
#2717 = DIRECTION ( 'NONE',  ( -1.000000000000000000, 0.000000000000000000, 1.301042606982605321E-15 ) ) ;
#2718 = UNCERTAINTY_MEASURE_WITH_UNIT (LENGTH_MEASURE( 1.000000000000000082E-05 ), #464, 'distance_accuracy_value', 'NONE');
#2719 = DIRECTION ( 'NONE',  ( 0.7265226598794269908, -0.6871425068220730070, 0.000000000000000000 ) ) ;
#2720 = CARTESIAN_POINT ( 'NONE',  ( -26.54820785276329786, -22.91317134295842450, 23.10000000000000142 ) ) ;
#2721 = EDGE_CURVE ( 'NONE', #4689, #7632, #1253, .T. ) ;
#2722 = DIRECTION ( 'NONE',  ( 0.000000000000000000, 0.000000000000000000, -1.000000000000000000 ) ) ;
#2723 = CARTESIAN_POINT ( 'NONE',  ( 2.647685997333140140, 18.19246729135240059, 40.30000000000000426 ) ) ;
#2724 = CARTESIAN_POINT ( 'NONE',  ( -24.99639599029162795, 24.82644528081102209, 22.62444870861183688 ) ) ;
#2725 = VERTEX_POINT ( 'NONE', #4895 ) ;
#2726 = VERTEX_POINT ( 'NONE', #4938 ) ;
#2727 = CARTESIAN_POINT ( 'NONE',  ( 27.14186436454766138, -19.80567866290003565, 0.5181531351064599944 ) ) ;
#2728 = CARTESIAN_POINT ( 'NONE',  ( 21.68396105871240920, -26.54820811528565727, 23.10000000000000497 ) ) ;
#2729 = CARTESIAN_POINT ( 'NONE',  ( 6.499334004725469960, 14.89529761016420117, 41.30000000000000426 ) ) ;
#2730 = LINE ( 'NONE', #3392, #7797 ) ;
#2731 = ORIENTED_EDGE ( 'NONE', *, *, #2916, .T. ) ;
#2732 = ORIENTED_EDGE ( 'NONE', *, *, #1877, .T. ) ;
#2733 = AXIS2_PLACEMENT_3D ( 'NONE', #5169, #2783, #321 ) ;
#2734 = B_SPLINE_CURVE_WITH_KNOTS ( 'NONE', 3,
 ( #3443, #2984, #1644, #2295, #5310 ),
 .UNSPECIFIED., .F., .F.,
 ( 4, 1, 4 ),
 ( 0.000000000000000000, 0.02154680856456099927, 0.04544292946739780098 ),
 .UNSPECIFIED. ) ;
#2735 = CARTESIAN_POINT ( 'NONE',  ( 26.37844405615604870, -18.30696391124859090, 23.09999999997913633 ) ) ;
#2736 = ORIENTED_EDGE ( 'NONE', *, *, #6320, .T. ) ;
#2737 = AXIS2_PLACEMENT_3D ( 'NONE', #6968, #5041, #5784 ) ;
#2738 = B_SPLINE_SURFACE_WITH_KNOTS ( 'NONE', 3, 1, ( 
 ( #3216, #3875 ),
 ( #935, #5176 ),
 ( #3952, #365 ),
 ( #7724, #4549 ),
 ( #331, #1502 ) ),
 .UNSPECIFIED., .F., .F., .F.,
 ( 4, 1, 4 ),
 ( 2, 2 ),
 ( 0.000000000000000000, 0.03767428679441339745, 0.07146982913391690395 ),
 ( 0.000000000000000000, 0.1000000000000000056 ),
 .UNSPECIFIED. ) ;
#2739 = LINE ( 'NONE', #104, #2217 ) ;
#2740 = CARTESIAN_POINT ( 'NONE',  ( -9.251848160358719042, 14.81904947159610053, 40.30000000000000426 ) ) ;
#2741 = CARTESIAN_POINT ( 'NONE',  ( 3.394733980665269879, 16.03561544270720063, 41.30000000000000426 ) ) ;
#2742 = FACE_OUTER_BOUND ( 'NONE', #3264, .T. ) ;
#2743 = CARTESIAN_POINT ( 'NONE',  ( -5.621784335637239671, 16.09510886940989849, 41.30000000000000426 ) ) ;
#2744 = ORIENTED_EDGE ( 'NONE', *, *, #5687, .F. ) ;
#2745 = CARTESIAN_POINT ( 'NONE',  ( -5.961347503331850817, 17.47833039295590041, 40.30000000000000426 ) ) ;
#2746 = VERTEX_POINT ( 'NONE', #3735 ) ;
#2747 = ADVANCED_FACE ( 'NONE', ( #3123, #6173 ), #5558, .T. ) ;
#2748 = CARTESIAN_POINT ( 'NONE',  ( -9.648418924712981237, 16.23093750626999920, 41.30000000000000426 ) ) ;
#2749 = EDGE_CURVE ( 'NONE', #6649, #5658, #2470, .T. ) ;
#2750 = DIRECTION ( 'NONE',  ( 1.000000000000000000, 1.192622389734054877E-16, 0.000000000000000000 ) ) ;
#2751 = ORIENTED_EDGE ( 'NONE', *, *, #7161, .T. ) ;
#2752 = CARTESIAN_POINT ( 'NONE',  ( 6.588959622168499841, 16.50720245156840349, 40.30000000000000426 ) ) ;
#2753 = PLANE ( 'NONE',  #1403 ) ;
#2754 = CARTESIAN_POINT ( 'NONE',  ( -6.379192066585719800, 17.98851875966670377, 41.30000000000000426 ) ) ;
#2755 = FACE_OUTER_BOUND ( 'NONE', #598, .T. ) ;
#2757 = EDGE_CURVE ( 'NONE', #6839, #7875, #1448, .T. ) ;
#2756 = CARTESIAN_POINT ( 'NONE',  ( -8.674226803505350247, 14.33969640253310018, 41.30000000000000426 ) ) ;
#2758 = CARTESIAN_POINT ( 'NONE',  ( 3.126599493805060082, 15.69884766813920152, 41.30000000000000426 ) ) ;
#2759 = FACE_OUTER_BOUND ( 'NONE', #2514, .T. ) ;
#2760 = PLANE ( 'NONE',  #2550 ) ;
#2761 = DIRECTION ( 'NONE',  ( 2.219093413511559604E-15, 0.03489949670250078878, -0.9993908270190957621 ) ) ;
#2762 = VECTOR ( 'NONE', #2651, 1000.000000000000000 ) ;
#2763 = PLANE ( 'NONE',  #4542 ) ;
#2764 = CARTESIAN_POINT ( 'NONE',  ( 25.87966289183139068, -18.96606443578264489, 23.09999999999999787 ) ) ;
#2765 = VECTOR ( 'NONE', #1786, 1000.000000000000000 ) ;
#2766 = CARTESIAN_POINT ( 'NONE',  ( -6.893518561953730028, 17.84696906279179984, 41.30000000000000426 ) ) ;
#2767 = CARTESIAN_POINT ( 'NONE',  ( -9.681315860892119929, 14.96862224024780019, 41.30000000000000426 ) ) ;
#2768 = ORIENTED_EDGE ( 'NONE', *, *, #711, .F. ) ;
#2769 = ORIENTED_EDGE ( 'NONE', *, *, #713, .F. ) ;
#2770 = FACE_OUTER_BOUND ( 'NONE', #667, .T. ) ;
#2771 = ORIENTED_EDGE ( 'NONE', *, *, #5934, .F. ) ;
#2772 = CARTESIAN_POINT ( 'NONE',  ( 26.91763008816432290, -0.6146047549404055621, 0.06698729810778489280 ) ) ;
#2773 = CARTESIAN_POINT ( 'NONE',  ( 24.50085120337402600, -26.21826544388736124, 8.673617379884032514E-16 ) ) ;
#2774 = CARTESIAN_POINT ( 'NONE',  ( 24.42416205636961735, 23.46934721886243835, 23.09999999999999432 ) ) ;
#2775 = ORIENTED_EDGE ( 'NONE', *, *, #1429, .T. ) ;
#2776 = CARTESIAN_POINT ( 'NONE',  ( 6.836821090538110823, 15.15999154324650178, 41.30000000000000426 ) ) ;
#2777 = CARTESIAN_POINT ( 'NONE',  ( 3.792725247001820232, 18.09618653913380015, 40.30000000000000426 ) ) ;
#2778 = VERTEX_POINT ( 'NONE', #6134 ) ;
#2779 = B_SPLINE_CURVE_WITH_KNOTS ( 'NONE', 3,
 ( #4198, #7292, #1683, #6601, #993 ),
 .UNSPECIFIED., .F., .F.,
 ( 4, 1, 4 ),
 ( 0.000000000000000000, 0.02451018775968460267, 0.04653512814886311133 ),
 .UNSPECIFIED. ) ;
#2780 = CARTESIAN_POINT ( 'NONE',  ( 17.17341723148286547, 27.16732550167385440, 0.5174497483512500162 ) ) ;
#2781 = EDGE_CURVE ( 'NONE', #380, #5259, #1300, .T. ) ;
#2782 = CARTESIAN_POINT ( 'NONE',  ( -10.02035504606229921, 15.85758553957709793, 41.30000000000000426 ) ) ;
#2783 = DIRECTION ( 'NONE',  ( -4.317533984653383533E-17, -0.9993908270190957621, -0.03489949670250103858 ) ) ;
#2784 = ORIENTED_EDGE ( 'NONE', *, *, #6636, .F. ) ;
#2785 = PLANE ( 'NONE',  #6768 ) ;
#2786 = VECTOR ( 'NONE', #3193, 1000.000000000000000 ) ;
#2787 = DIRECTION ( 'NONE',  ( -1.000000000000000000, 0.000000000000000000, 0.000000000000000000 ) ) ;
#2788 = B_SPLINE_CURVE_WITH_KNOTS ( 'NONE', 3,
 ( #4956, #4236, #1842, #3754, #5458, #7978, #4404, #6802, #6675, #1144, #3629, #4993, #5499, #3018, #580, #47, #7455, #7929, #2407, #7417, #2363, #620, #4318, #6065, #4873, #4834 ),
 .UNSPECIFIED., .F., .F.,
 ( 4, 2, 2, 2, 2, 2, 2, 2, 2, 2, 2, 2, 4 ),
 ( -5.999999999208265857E-08, 0.002094035002442224975, 0.003141082503663333598, 0.004188130004884442655, 0.006282225007326651227, 0.007329272508547754646, 0.008376320009768855462, 0.009423367510989957146, 0.01047041501221106057, 0.01256451001465327434, 0.01465860501709548812, 0.01570565251831659848, 0.01675270001953771057 ),
 .UNSPECIFIED. ) ;
#2789 = DIRECTION ( 'NONE',  ( -0.1287323112736019626, 0.9916793796556205853, 0.000000000000000000 ) ) ;
#2790 = CARTESIAN_POINT ( 'NONE',  ( -9.245204976220421145, 15.86077891719580180, 41.30000000000000426 ) ) ;
#2791 = CARTESIAN_POINT ( 'NONE',  ( -8.771187618303001088, 14.38235337058249996, 41.30000000000000426 ) ) ;
#2792 = CARTESIAN_POINT ( 'NONE',  ( 9.749674547341738773, 13.51967160868009898, 41.30000000000000426 ) ) ;
#2793 = CARTESIAN_POINT ( 'NONE',  ( -24.13934172528290389, 24.78255264272684499, 23.09999999999999787 ) ) ;
#2794 = B_SPLINE_SURFACE_WITH_KNOTS ( 'NONE', 3, 1, ( 
 ( #4053, #3487 ),
 ( #5353, #1074 ),
 ( #6530, #5916 ),
 ( #2334, #6030 ),
 ( #7795, #4768 ) ),
 .UNSPECIFIED., .F., .F., .F.,
 ( 4, 1, 4 ),
 ( 2, 2 ),
 ( 0.000000000000000000, 0.03340595680657129640, 0.05869094496829650037 ),
 ( 0.000000000000000000, 0.1000000000000000056 ),
 .UNSPECIFIED. ) ;
#2795 = ADVANCED_FACE ( 'NONE', ( #1334 ), #791, .F. ) ;
#2796 = CARTESIAN_POINT ( 'NONE',  ( -23.68491957436087603, 26.09074761117243213, 6.505213034913025618E-16 ) ) ;
#2797 = VECTOR ( 'NONE', #4836, 1000.000000000000114 ) ;
#2798 = ORIENTED_EDGE ( 'NONE', *, *, #5485, .F. ) ;
#2799 = CARTESIAN_POINT ( 'NONE',  ( 2.729363734454619994, 18.59740268094780191, 40.30000000000000426 ) ) ;
#2800 = LINE ( 'NONE', #3959, #378 ) ;
#2801 = AXIS2_PLACEMENT_3D ( 'NONE', #6058, #613, #3012 ) ;
#2802 = CARTESIAN_POINT ( 'NONE',  ( -20.00000000000000000, 21.50000000000000355, 10.00000000000000000 ) ) ;
#2803 = CARTESIAN_POINT ( 'NONE',  ( 10.34223030316899994, 13.19447690547410090, 40.30000000000000426 ) ) ;
#2804 = ORIENTED_EDGE ( 'NONE', *, *, #4278, .T. ) ;
#2805 = CARTESIAN_POINT ( 'NONE',  ( -9.741084421304920582, 14.21794408321009939, 41.30000000000000426 ) ) ;
#2806 = EDGE_LOOP ( 'NONE', ( #4632, #1778, #4207, #7952, #3219, #1318, #6957, #2519 ) ) ;
#2807 = ADVANCED_FACE ( 'NONE', ( #4457 ), #1169, .F. ) ;
#2808 = CARTESIAN_POINT ( 'NONE',  ( -10.04860104254010089, 14.17588281531429928, 40.30000000000000426 ) ) ;
#2809 = ORIENTED_EDGE ( 'NONE', *, *, #3168, .T. ) ;
#2810 = EDGE_CURVE ( 'NONE', #6213, #705, #6840, .T. ) ;
#2811 = AXIS2_PLACEMENT_3D ( 'NONE', #1736, #3534, #6699 ) ;
#2812 = PLANE ( 'NONE',  #2516 ) ;
#2813 = CARTESIAN_POINT ( 'NONE',  ( 11.74654551350250031, 13.86191904050050105, 41.30000000000000426 ) ) ;
#2814 = PLANE ( 'NONE',  #6273 ) ;
#2815 = CARTESIAN_POINT ( 'NONE',  ( 3.537544349797790311, 16.33834323439950253, 40.30000000000000426 ) ) ;
#2816 = EDGE_LOOP ( 'NONE', ( #1492, #6198, #5077, #3919 ) ) ;
#2817 = LINE ( 'NONE', #5953, #5780 ) ;
#2818 = ADVANCED_FACE ( 'NONE', ( #2137 ), #5878, .F. ) ;
#2819 = DIRECTION ( 'NONE',  ( -1.000000000000000000, -1.224646799147351235E-16, 0.000000000000000000 ) ) ;
#2820 = ORIENTED_EDGE ( 'NONE', *, *, #2831, .F. ) ;
#2821 = AXIS2_PLACEMENT_3D ( 'NONE', #6953, #86, #5727 ) ;
#2822 = LINE ( 'NONE', #240, #6944 ) ;
#2823 = ADVANCED_FACE ( 'NONE', ( #2024, #7596 ), #242, .T. ) ;
#2824 = CARTESIAN_POINT ( 'NONE',  ( 10.20483515505999783, 13.26411857137959949, 41.30000000000000426 ) ) ;
#2825 = CARTESIAN_POINT ( 'NONE',  ( -9.464776183982930746, 14.14948149444970049, 41.30000000000000426 ) ) ;
#2826 = EDGE_LOOP ( 'NONE', ( #7622, #4151, #626, #1908 ) ) ;
#2827 = CARTESIAN_POINT ( 'NONE',  ( 26.59265208107604650, 22.60914764526178899, 2.529018251414705596E-13 ) ) ;
#2828 = ORIENTED_EDGE ( 'NONE', *, *, #2496, .T. ) ;
#2829 = EDGE_CURVE ( 'NONE', #2339, #4689, #6333, .T. ) ;
#2830 = DIRECTION ( 'NONE',  ( 0.7193411670433771388, -0.6946569551920374064, 0.000000000000000000 ) ) ;
#2831 = EDGE_CURVE ( 'NONE', #6189, #6997, #4166, .T. ) ;
#2832 = VECTOR ( 'NONE', #2549, 999.9999999999998863 ) ;
#2833 = CARTESIAN_POINT ( 'NONE',  ( 9.853794540581139572, 13.30336033792459993, 40.30000000000000426 ) ) ;
#2834 = CARTESIAN_POINT ( 'NONE',  ( 27.08085962444475925, -21.11669499066618627, -1.192622389734054877E-15 ) ) ;
#2835 = CARTESIAN_POINT ( 'NONE',  ( 3.530325456679110019, 15.45240078051609878, 40.30000000000000426 ) ) ;
#2836 = VECTOR ( 'NONE', #1509, 1000.000000000000000 ) ;
#2837 = CARTESIAN_POINT ( 'NONE',  ( 11.07124740257579987, 13.59930373014210048, 41.30000000000000426 ) ) ;
#2838 = CARTESIAN_POINT ( 'NONE',  ( -18.30581579685201632, 26.37844767034082594, 23.09999999997918607 ) ) ;
#2839 = CARTESIAN_POINT ( 'NONE',  ( -27.72205343728176175, 20.50099737166257441, -4.336808689942013792E-16 ) ) ;
#2840 = CARTESIAN_POINT ( 'NONE',  ( 16.38481719960930150, -27.60793497968100141, 23.09999999999999787 ) ) ;
#2841 = AXIS2_PLACEMENT_3D ( 'NONE', #720, #3199, #5010 ) ;
#2842 = B_SPLINE_CURVE_WITH_KNOTS ( 'NONE', 3,
 ( #382, #455, #2862, #3019, #7930 ),
 .UNSPECIFIED., .F., .F.,
 ( 4, 1, 4 ),
 ( 0.000000000000000000, 0.01669133509813689950, 0.03321019182490139721 ),
 .UNSPECIFIED. ) ;
#2843 = ADVANCED_FACE ( 'NONE', ( #2177 ), #7060, .F. ) ;
#2844 = EDGE_CURVE ( 'NONE', #2472, #6350, #1450, .T. ) ;
#2845 = CARTESIAN_POINT ( 'NONE',  ( -9.561932364724301081, 15.29105642752720051, 41.30000000000000426 ) ) ;
#2846 = PLANE ( 'NONE',  #6959 ) ;
#2847 = LINE ( 'NONE', #7323, #988 ) ;
#2848 = EDGE_CURVE ( 'NONE', #2726, #7183, #1942, .T. ) ;
#2849 = EDGE_CURVE ( 'NONE', #6133, #5427, #763, .T. ) ;
#2850 = CARTESIAN_POINT ( 'NONE',  ( 3.857461225503890034, 15.91176389033389960, 41.30000000000000426 ) ) ;
#2851 = CARTESIAN_POINT ( 'NONE',  ( 10.87105800725280069, 13.07728419855519952, 41.30000000000000426 ) ) ;
#2852 = VERTEX_POINT ( 'NONE', #320 ) ;
#2853 = CARTESIAN_POINT ( 'NONE',  ( -1.498816287650310164, 15.40486053963519986, 41.30000000000000426 ) ) ;
#2854 = EDGE_CURVE ( 'NONE', #4401, #7527, #507, .T. ) ;
#2855 = ORIENTED_EDGE ( 'NONE', *, *, #7041, .F. ) ;
#2856 = CARTESIAN_POINT ( 'NONE',  ( -5.961347503331850817, 17.47833039295590041, 40.30000000000000426 ) ) ;
#2857 = ADVANCED_FACE ( 'NONE', ( #3978 ), #1534, .F. ) ;
#2858 = CARTESIAN_POINT ( 'NONE',  ( 24.57607562245376442, -25.28826485823765324, 22.62460493258443250 ) ) ;
#2859 = ORIENTED_EDGE ( 'NONE', *, *, #890, .T. ) ;
#2860 = ADVANCED_FACE ( 'NONE', ( #283 ), #6845, .T. ) ;
#2861 = LINE ( 'NONE', #2164, #817 ) ;
#2862 = CARTESIAN_POINT ( 'NONE',  ( 11.07124740257579987, 13.59930373014210048, 40.30000000000000426 ) ) ;
#2863 = CARTESIAN_POINT ( 'NONE',  ( 25.18313404636017339, -25.47864260364745448, -2.168404344971003691E-16 ) ) ;
#2864 = CARTESIAN_POINT ( 'NONE',  ( -17.63087773559610838, -27.12509059227746988, 23.09999999999999787 ) ) ;
#2865 =( GEOMETRIC_REPRESENTATION_CONTEXT ( 3 ) GLOBAL_UNCERTAINTY_ASSIGNED_CONTEXT ( ( #2073 ) ) GLOBAL_UNIT_ASSIGNED_CONTEXT ( ( #7966, #5528, #1263 ) ) REPRESENTATION_CONTEXT ( 'NONE', 'WORKASPACE' ) );
#2866 = ORIENTED_EDGE ( 'NONE', *, *, #78, .T. ) ;
#2867 = FACE_OUTER_BOUND ( 'NONE', #5142, .T. ) ;
#2868 = EDGE_CURVE ( 'NONE', #3803, #5898, #7626, .T. ) ;
#2869 = CARTESIAN_POINT ( 'NONE',  ( -5.543350294531720124, 17.74580551231959902, 40.30000000000000426 ) ) ;
#2870 = ORIENTED_EDGE ( 'NONE', *, *, #7591, .F. ) ;
#2871 = DIRECTION ( 'NONE',  ( 1.224646799147351235E-16, -1.000000000000000000, 0.000000000000000000 ) ) ;
#2872 =( NAMED_UNIT ( * ) PLANE_ANGLE_UNIT ( ) SI_UNIT ( $, .RADIAN. ) );
#2873 = CARTESIAN_POINT ( 'NONE',  ( -0.1567877880223629838, 15.38064373150580089, 41.30000000000000426 ) ) ;
#2874 = CARTESIAN_POINT ( 'NONE',  ( -9.246960617351630773, 14.53064746097110138, 40.30000000000000426 ) ) ;
#2875 = B_SPLINE_SURFACE_WITH_KNOTS ( 'NONE', 3, 1, ( 
 ( #4308, #3092 ),
 ( #2963, #1052 ),
 ( #4182, #5525 ),
 ( #3254, #3743 ),
 ( #770, #4463 ) ),
 .UNSPECIFIED., .F., .F., .F.,
 ( 4, 1, 4 ),
 ( 2, 2 ),
 ( 0.000000000000000000, 0.04278348836133749611, 0.07672327933106169728 ),
 ( 0.000000000000000000, 0.1000000000000000056 ),
 .UNSPECIFIED. ) ;
#2876 = ORIENTED_EDGE ( 'NONE', *, *, #7662, .T. ) ;
#2877 = CARTESIAN_POINT ( 'NONE',  ( 25.61881467281930469, 24.55433947458534405, 2.532239829928813459E-13 ) ) ;
#2878 = ORIENTED_EDGE ( 'NONE', *, *, #5603, .F. ) ;
#2879 = CARTESIAN_POINT ( 'NONE',  ( 10.91645983803849873, 14.62961564616669996, 40.30000000000000426 ) ) ;
#2880 = CARTESIAN_POINT ( 'NONE',  ( 5.338394301825270638, 27.59313953763729899, 5.923708594440400432 ) ) ;
#2881 = CARTESIAN_POINT ( 'NONE',  ( -9.386214620165368672, 14.11889735519109834, 40.30000000000000426 ) ) ;
#2882 = CARTESIAN_POINT ( 'NONE',  ( 25.70102474551025651, -24.62215400067393745, -8.673617379884035472E-16 ) ) ;
#2883 = LINE ( 'NONE', #7070, #1211 ) ;
#2884 = CARTESIAN_POINT ( 'NONE',  ( -10.20061438660609987, 14.09487259155339878, 41.30000000000000426 ) ) ;
#2885 = DIRECTION ( 'NONE',  ( 1.000000000000000000, 0.000000000000000000, 0.000000000000000000 ) ) ;
#2886 = CARTESIAN_POINT ( 'NONE',  ( 4.141623386164730469, 17.01705588638730049, 41.30000000000000426 ) ) ;
#2887 = DIRECTION ( 'NONE',  ( 0.000000000000000000, 0.000000000000000000, -1.000000000000000000 ) ) ;
#2888 = CARTESIAN_POINT ( 'NONE',  ( 0.3383943018252759671, 27.66293853104230038, 3.924926940402210462 ) ) ;
#2889 = DIRECTION ( 'NONE',  ( 0.000000000000000000, 0.000000000000000000, -1.000000000000000000 ) ) ;
#2890 = CARTESIAN_POINT ( 'NONE',  ( -6.148091392627780039, -10.43606219029780036, 41.30000000000000426 ) ) ;
#2891 = LINE ( 'NONE', #446, #3164 ) ;
#2892 = ORIENTED_EDGE ( 'NONE', *, *, #882, .T. ) ;
#2893 = CARTESIAN_POINT ( 'NONE',  ( 5.338394301825280408, 32.29979523943820396, 0.08441136748708391591 ) ) ;
#2894 = ORIENTED_EDGE ( 'NONE', *, *, #5687, .T. ) ;
#2895 = CARTESIAN_POINT ( 'NONE',  ( -5.810463883219590286, 17.34909805365230184, 41.30000000000000426 ) ) ;
#2896 = CARTESIAN_POINT ( 'NONE',  ( 24.40493111386726710, -24.70253478043050066, 23.09999999999999432 ) ) ;
#2897 = ORIENTED_EDGE ( 'NONE', *, *, #4296, .T. ) ;
#2898 = AXIS2_PLACEMENT_3D ( 'NONE', #3666, #7279, #7368 ) ;
#2899 = DIRECTION ( 'NONE',  ( 0.000000000000000000, 0.000000000000000000, -1.000000000000000000 ) ) ;
#2900 = CARTESIAN_POINT ( 'NONE',  ( -9.945101936153649902, 15.83705343478760241, 40.30000000000000426 ) ) ;
#2901 = B_SPLINE_CURVE_WITH_KNOTS ( 'NONE', 3,
 ( #5465, #706, #1896, #6688, #7302 ),
 .UNSPECIFIED., .F., .F.,
 ( 4, 1, 4 ),
 ( 0.000000000000000000, 0.04125262998132869785, 0.07205930488360980102 ),
 .UNSPECIFIED. ) ;
#2902 = CARTESIAN_POINT ( 'NONE',  ( -18.75164258549380492, -28.39652950831257172, 0.5175999377012912017 ) ) ;
#2903 = PLANE ( 'NONE',  #5842 ) ;
#2904 = ORIENTED_EDGE ( 'NONE', *, *, #7179, .F. ) ;
#2905 = CARTESIAN_POINT ( 'NONE',  ( -6.723063907038290488, 17.46881961280319828, 41.30000000000000426 ) ) ;
#2906 = EDGE_LOOP ( 'NONE', ( #4942, #573, #7453, #5075 ) ) ;
#2907 = SURFACE_STYLE_FILL_AREA ( #1766 ) ;
#2908 = VERTEX_POINT ( 'NONE', #6416 ) ;
#2909 = CARTESIAN_POINT ( 'NONE',  ( 2.458648362069400406, 15.51129169109769990, 40.30000000000000426 ) ) ;
#2910 = CARTESIAN_POINT ( 'NONE',  ( -28.14887795776479962, -19.50183874796060124, 7.609419867979529961 ) ) ;
#2911 = EDGE_LOOP ( 'NONE', ( #2318, #4037, #1485, #535 ) ) ;
#2912 = CARTESIAN_POINT ( 'NONE',  ( 23.93752788192903935, 25.98154381392849288, 0.5238028218464975128 ) ) ;
#2913 = ORIENTED_EDGE ( 'NONE', *, *, #3242, .T. ) ;
#2914 = CARTESIAN_POINT ( 'NONE',  ( -5.308972277116550842, 16.52114108819879945, 40.30000000000000426 ) ) ;
#2915 = DIRECTION ( 'NONE',  ( -1.000000000000000000, 0.000000000000000000, 0.000000000000000000 ) ) ;
#2916 = EDGE_CURVE ( 'NONE', #268, #1729, #5671, .T. ) ;
#2917 = ADVANCED_FACE ( 'NONE', ( #6291 ), #5276, .F. ) ;
#2918 = CARTESIAN_POINT ( 'NONE',  ( -0.6146047549404088928, -0.6146047549404088928, 41.30000000000000426 ) ) ;
#2919 = CARTESIAN_POINT ( 'NONE',  ( -8.925692121915529853, 13.91777915721299941, 41.30000000000000426 ) ) ;
#2920 = CARTESIAN_POINT ( 'NONE',  ( 27.00913313144409500, -21.79684866798585929, -1.015181681628292841E-12 ) ) ;
#2921 = VECTOR ( 'NONE', #64, 1000.000000000000000 ) ;
#2922 = DIRECTION ( 'NONE',  ( 1.000000000000000000, 0.000000000000000000, 0.000000000000000000 ) ) ;
#2923 = LINE ( 'NONE', #7844, #578 ) ;
#2925 = EDGE_CURVE ( 'NONE', #6993, #5218, #1690, .T. ) ;
#2924 = LINE ( 'NONE', #4263, #5613 ) ;
#2926 = CARTESIAN_POINT ( 'NONE',  ( -0.6146047549404088928, -0.6146047549404088928, 41.30000000000000426 ) ) ;
#2927 = CARTESIAN_POINT ( 'NONE',  ( 26.44317693257330149, -22.42489274450869985, 15.48255277559760046 ) ) ;
#2928 = DIRECTION ( 'NONE',  ( -1.000000000000000000, 0.000000000000000000, 0.000000000000000000 ) ) ;
#2929 = CARTESIAN_POINT ( 'NONE',  ( 3.298980315313420064, 17.95497181745789916, 40.30000000000000426 ) ) ;
#2930 = LINE ( 'NONE', #7118, #7545 ) ;
#2931 = ORIENTED_EDGE ( 'NONE', *, *, #255, .F. ) ;
#2932 = DIRECTION ( 'NONE',  ( -0.5953237270209257304, -0.8034859426560705398, 0.000000000000000000 ) ) ;
#2933 = ORIENTED_EDGE ( 'NONE', *, *, #3349, .T. ) ;
#2934 = EDGE_CURVE ( 'NONE', #7283, #790, #999, .T. ) ;
#2935 = ORIENTED_EDGE ( 'NONE', *, *, #3607, .T. ) ;
#2936 = B_SPLINE_CURVE_WITH_KNOTS ( 'NONE', 3,
 ( #2777, #2207, #5420, #3482, #3015 ),
 .UNSPECIFIED., .F., .F.,
 ( 4, 1, 4 ),
 ( 0.000000000000000000, 0.03600191228799420190, 0.07340084482242630048 ),
 .UNSPECIFIED. ) ;
#2937 = DIRECTION ( 'NONE',  ( 1.000000000000000000, 0.000000000000000000, 0.000000000000000000 ) ) ;
#2938 = CARTESIAN_POINT ( 'NONE',  ( 18.00133852050320016, 26.64837773030739854, 15.37816956980479866 ) ) ;
#2939 = CARTESIAN_POINT ( 'NONE',  ( 21.49999999999999645, 21.49999999999999645, 10.00000000000000000 ) ) ;
#2940 = CARTESIAN_POINT ( 'NONE',  ( -10.02035504606229921, 15.85758553957709793, 41.30000000000000426 ) ) ;
#2941 = EDGE_LOOP ( 'NONE', ( #4419, #2622, #505, #5103 ) ) ;
#2942 = VERTEX_POINT ( 'NONE', #2824 ) ;
#2943 = CARTESIAN_POINT ( 'NONE',  ( -10.91232585117759868, 14.12286966070220018, 40.30000000000000426 ) ) ;
#2944 = CARTESIAN_POINT ( 'NONE',  ( 2.278152561075119653, 15.54266943702009840, 41.30000000000000426 ) ) ;
#2945 = FACE_OUTER_BOUND ( 'NONE', #2906, .T. ) ;
#2946 = EDGE_CURVE ( 'NONE', #3836, #7796, #6969, .T. ) ;
#2947 = ORIENTED_EDGE ( 'NONE', *, *, #7390, .T. ) ;
#2948 = CARTESIAN_POINT ( 'NONE',  ( 26.01478205290106160, 23.93510489838292443, -2.508675809629577126E-13 ) ) ;
#2949 = EDGE_LOOP ( 'NONE', ( #7330, #3060, #4210, #2913 ) ) ;
#2950 = CARTESIAN_POINT ( 'NONE',  ( -10.01672806291900031, 14.19011401372779879, 41.30000000000000426 ) ) ;
#2951 = DIRECTION ( 'NONE',  ( -1.224646799147351235E-16, 1.000000000000000000, -9.043690078957818035E-35 ) ) ;
#2952 = ORIENTED_EDGE ( 'NONE', *, *, #7794, .F. ) ;
#2953 = AXIS2_PLACEMENT_3D ( 'NONE', #6382, #2830, #1579 ) ;
#2954 = FACE_OUTER_BOUND ( 'NONE', #6669, .T. ) ;
#2955 = CARTESIAN_POINT ( 'NONE',  ( 11.27778356099960000, 14.16282031780589890, 40.30000000000000426 ) ) ;
#2956 = CARTESIAN_POINT ( 'NONE',  ( -6.893518561953730028, 17.84696906279179984, 40.30000000000000426 ) ) ;
#2957 = CARTESIAN_POINT ( 'NONE',  ( 26.65141189883576445, -19.73781344164855511, -4.770489558936219510E-15 ) ) ;
#2958 = DIRECTION ( 'NONE',  ( 1.000000000000000000, 0.000000000000000000, 0.000000000000000000 ) ) ;
#2959 = DIRECTION ( 'NONE',  ( 1.000000000000000000, 1.192622389734054877E-16, 0.000000000000000000 ) ) ;
#2960 = CIRCLE ( 'NONE', #5021, 1.500000000000001332 ) ;
#2961 = CARTESIAN_POINT ( 'NONE',  ( -9.906066169953589906, 14.22069020945520101, 41.30000000000000426 ) ) ;
#2962 = CARTESIAN_POINT ( 'NONE',  ( -26.77472171363533704, 23.69194052106124815, 3.252606517456513302E-16 ) ) ;
#2963 = CARTESIAN_POINT ( 'NONE',  ( 6.895158126615839933, 16.33704649284770127, 41.30000000000000426 ) ) ;
#2964 = VECTOR ( 'NONE', #6259, 1000.000000000000114 ) ;
#2965 = EDGE_CURVE ( 'NONE', #6026, #1030, #1646, .T. ) ;
#2966 = CARTESIAN_POINT ( 'NONE',  ( -6.183241599498570551, 16.33311860715000208, 41.30000000000000426 ) ) ;
#2967 = CARTESIAN_POINT ( 'NONE',  ( -21.06746015514293191, -27.79279358433943514, -1.734723475976806897E-15 ) ) ;
#2968 = DIRECTION ( 'NONE',  ( 1.224646799147351235E-16, -1.000000000000000000, -9.043690078957818035E-35 ) ) ;
#2969 = B_SPLINE_CURVE_WITH_KNOTS ( 'NONE', 3,
 ( #932, #6460, #5252, #2791, #2756 ),
 .UNSPECIFIED., .F., .F.,
 ( 4, 1, 4 ),
 ( 0.000000000000000000, 0.02879584727689919743, 0.06049198197087519990 ),
 .UNSPECIFIED. ) ;
#2970 = CARTESIAN_POINT ( 'NONE',  ( 2.715877902717790171, 15.10198686240030064, 41.30000000000000426 ) ) ;
#2971 = CYLINDRICAL_SURFACE ( 'NONE', #4333, 0.5000000000000004441 ) ;
#2972 = ORIENTED_EDGE ( 'NONE', *, *, #753, .T. ) ;
#2973 = CARTESIAN_POINT ( 'NONE',  ( -0.6146047549404088928, -0.6146047549404088928, 0.000000000000000000 ) ) ;
#2974 = EDGE_LOOP ( 'NONE', ( #634, #1816, #2892, #6071 ) ) ;
#2975 = VECTOR ( 'NONE', #569, 1000.000000000000000 ) ;
#2976 = EDGE_CURVE ( 'NONE', #2330, #1235, #7871, .T. ) ;
#2977 = CARTESIAN_POINT ( 'NONE',  ( 3.338394301825269750, 32.03804901416949491, 7.579842570130300494 ) ) ;
#2978 = CARTESIAN_POINT ( 'NONE',  ( -9.295477089687478767, 14.53580710638119911, 40.30000000000000426 ) ) ;
#2979 = CARTESIAN_POINT ( 'NONE',  ( -28.30808183264745281, -20.84536418496390198, 0.5188322041964718023 ) ) ;
#2980 = DIRECTION ( 'NONE',  ( 1.000000000000000000, 2.602085213965212121E-16, 0.000000000000000000 ) ) ;
#2981 = EDGE_CURVE ( 'NONE', #6450, #7944, #6451, .T. ) ;
#2982 = EDGE_LOOP ( 'NONE', ( #6886, #4878, #4615, #3333, #2644, #4889 ) ) ;
#2983 = EDGE_LOOP ( 'NONE', ( #5726, #6379, #6910, #5755 ) ) ;
#2984 = CARTESIAN_POINT ( 'NONE',  ( 3.090442778103850152, 15.17339993134010001, 40.30000000000000426 ) ) ;
#2985 = ORIENTED_EDGE ( 'NONE', *, *, #6710, .F. ) ;
#2986 = CARTESIAN_POINT ( 'NONE',  ( -7.569682328571920138, 17.17763678397260207, 41.30000000000000426 ) ) ;
#2987 = CARTESIAN_POINT ( 'NONE',  ( -9.623926775238519582, 15.55835804745319884, 40.30000000000000426 ) ) ;
#2988 = ORIENTED_EDGE ( 'NONE', *, *, #264, .F. ) ;
#2989 = CARTESIAN_POINT ( 'NONE',  ( -9.581180227655840653, 15.11693710288900050, 40.30000000000000426 ) ) ;
#2990 = CARTESIAN_POINT ( 'NONE',  ( -12.12398264609399945, 15.18703324260019905, 41.30000000000000426 ) ) ;
#2991 = ORIENTED_EDGE ( 'NONE', *, *, #777, .F. ) ;
#2992 = CARTESIAN_POINT ( 'NONE',  ( -9.246960617351630773, 14.53064746097110138, 40.30000000000000426 ) ) ;
#2993 = ORIENTED_EDGE ( 'NONE', *, *, #109, .T. ) ;
#2994 = DIRECTION ( 'NONE',  ( -0.8034859426560705398, 0.5953237270209257304, 0.000000000000000000 ) ) ;
#2995 = EDGE_LOOP ( 'NONE', ( #1840, #4813, #6, #5184 ) ) ;
#2996 = VECTOR ( 'NONE', #7256, 1000.000000000000000 ) ;
#2997 = EDGE_CURVE ( 'NONE', #5870, #801, #482, .T. ) ;
#2998 = CARTESIAN_POINT ( 'NONE',  ( 6.908245436722370236, 16.59252888148069971, 41.30000000000000426 ) ) ;
#2999 = CARTESIAN_POINT ( 'NONE',  ( 26.39557649590621224, -17.63087773559610838, 22.61744974835124822 ) ) ;
#3000 = CARTESIAN_POINT ( 'NONE',  ( -9.116765600404749037, 15.20054778791569916, 40.30000000000000426 ) ) ;
#3001 = EDGE_CURVE ( 'NONE', #3508, #5870, #5392, .T. ) ;
#3002 = CARTESIAN_POINT ( 'NONE',  ( 25.24281673142906612, -26.21735354585941025, -1.642576754815511601E-13 ) ) ;
#3003 = CARTESIAN_POINT ( 'NONE',  ( 23.47332333392775894, 24.40492849794695474, 23.10000000000000142 ) ) ;
#3004 = B_SPLINE_CURVE_WITH_KNOTS ( 'NONE', 3,
 ( #3113, #1198, #3642, #7341, #6076 ),
 .UNSPECIFIED., .F., .F.,
 ( 4, 1, 4 ),
 ( 0.000000000000000000, 0.01183247495483989893, 0.02306317136571380336 ),
 .UNSPECIFIED. ) ;
#3005 = CARTESIAN_POINT ( 'NONE',  ( 10.91810447372070136, 13.52899262533779989, 41.30000000000000426 ) ) ;
#3006 = LINE ( 'NONE', #1705, #4362 ) ;
#3007 = CARTESIAN_POINT ( 'NONE',  ( -27.21075610710745707, 23.93752976118043563, 0.5238028217888236471 ) ) ;
#3008 = CARTESIAN_POINT ( 'NONE',  ( 23.12985574888240237, -27.05411884630179742, 15.52850518791569989 ) ) ;
#3009 = DIRECTION ( 'NONE',  ( -0.9172475141792799658, 0.3983177095384179411, 0.000000000000000000 ) ) ;
#3010 = CARTESIAN_POINT ( 'NONE',  ( -9.681315860892119929, 14.96862224024780019, 40.30000000000000426 ) ) ;
#3011 = CARTESIAN_POINT ( 'NONE',  ( 3.224129114692329878, 18.01373973556029640, 40.30000000000000426 ) ) ;
#3012 = DIRECTION ( 'NONE',  ( -1.000000000000000000, 0.000000000000000000, 0.000000000000000000 ) ) ;
#3013 = ORIENTED_EDGE ( 'NONE', *, *, #6929, .F. ) ;
#3014 = FACE_OUTER_BOUND ( 'NONE', #1287, .T. ) ;
#3015 = CARTESIAN_POINT ( 'NONE',  ( 4.090671940752160118, 17.43216810938569949, 40.30000000000000426 ) ) ;
#3016 = ORIENTED_EDGE ( 'NONE', *, *, #7301, .F. ) ;
#3017 = VERTEX_POINT ( 'NONE', #2986 ) ;
#3018 = CARTESIAN_POINT ( 'NONE',  ( 24.85760016398544181, 25.33673248540672063, 0.5246603482084706283 ) ) ;
#3019 = CARTESIAN_POINT ( 'NONE',  ( 11.14422858322500076, 13.68443184191760054, 40.30000000000000426 ) ) ;
#3020 = DIRECTION ( 'NONE',  ( 0.000000000000000000, 0.000000000000000000, -1.000000000000000000 ) ) ;
#3021 = CARTESIAN_POINT ( 'NONE',  ( 3.338394301825269750, 27.52334054423229759, 7.922490248478589514 ) ) ;
#3022 = ORIENTED_EDGE ( 'NONE', *, *, #6880, .F. ) ;
#3023 = CARTESIAN_POINT ( 'NONE',  ( -22.27660953979227187, -26.71389997980356767, 23.09999999999999432 ) ) ;
#3024 = ORIENTED_EDGE ( 'NONE', *, *, #2382, .T. ) ;
#3025 = PLANE ( 'NONE',  #4483 ) ;
#3026 = ADVANCED_FACE ( 'NONE', ( #4806 ), #1439, .F. ) ;
#3027 = SURFACE_SIDE_STYLE ('',( #2907 ) ) ;
#3028 = ORIENTED_EDGE ( 'NONE', *, *, #4638, .F. ) ;
#3029 = DIRECTION ( 'NONE',  ( 0.000000000000000000, 0.000000000000000000, -1.000000000000000000 ) ) ;
#3030 = PLANE ( 'NONE',  #4427 ) ;
#3031 = ORIENTED_EDGE ( 'NONE', *, *, #5049, .T. ) ;
#3032 = CARTESIAN_POINT ( 'NONE',  ( -9.681315860892119929, 14.96862224024780019, 40.30000000000000426 ) ) ;
#3033 = VECTOR ( 'NONE', #4008, 1000.000000000000000 ) ;
#3034 = DIRECTION ( 'NONE',  ( -0.9993908270190957621, -1.223900777406158770E-16, 0.03489949670250099001 ) ) ;
#3035 = FACE_BOUND ( 'NONE', #3156, .T. ) ;
#3036 = ORIENTED_EDGE ( 'NONE', *, *, #1677, .T. ) ;
#3037 = ADVANCED_FACE ( 'NONE', ( #390 ), #2794, .F. ) ;
#3038 = VERTEX_POINT ( 'NONE', #4205 ) ;
#3039 = AXIS2_PLACEMENT_3D ( 'NONE', #5335, #2277, #3965 ) ;
#3040 = CARTESIAN_POINT ( 'NONE',  ( -27.02104381313890613, 19.06650091166056527, 23.09999999999999432 ) ) ;
#3041 = DIRECTION ( 'NONE',  ( 0.000000000000000000, 0.000000000000000000, 1.000000000000000000 ) ) ;
#3042 = CARTESIAN_POINT ( 'NONE',  ( -6.297520655956250657, 17.99924319285359786, 40.30000000000000426 ) ) ;
#3044 = ADVANCED_FACE ( 'NONE', ( #6644 ), #7105, .T. ) ;
#3043 = CARTESIAN_POINT ( 'NONE',  ( 19.88391201193438818, -28.31139757442398874, 2.471800911670721599E-13 ) ) ;
#3045 = CARTESIAN_POINT ( 'NONE',  ( 3.158296623045659945, 15.19790552043070164, 41.30000000000000426 ) ) ;
#3046 = ORIENTED_EDGE ( 'NONE', *, *, #3525, .F. ) ;
#3047 = CARTESIAN_POINT ( 'NONE',  ( 3.809201748730219883, 15.82325346959809842, 40.30000000000000426 ) ) ;
#3048 = PLANE ( 'NONE',  #978 ) ;
#3049 = CARTESIAN_POINT ( 'NONE',  ( 3.053102797726499951, 18.53654167475470160, 41.30000000000000426 ) ) ;
#3050 = CARTESIAN_POINT ( 'NONE',  ( 21.15022681741039534, -27.18165043558480676, 23.09999999999999076 ) ) ;
#3051 = CARTESIAN_POINT ( 'NONE',  ( -6.179594395282149932, 15.89601457708779719, 41.30000000000000426 ) ) ;
#3052 = CARTESIAN_POINT ( 'NONE',  ( -26.21826697834218933, -25.73006270239810434, -1.084202172485503645E-15 ) ) ;
#3053 = FACE_OUTER_BOUND ( 'NONE', #5921, .T. ) ;
#3054 = DIRECTION ( 'NONE',  ( 0.000000000000000000, 0.000000000000000000, -1.000000000000000000 ) ) ;
#3055 = CARTESIAN_POINT ( 'NONE',  ( -9.789225526048308978, 14.22255285263720026, 41.30000000000000426 ) ) ;
#3056 = EDGE_LOOP ( 'NONE', ( #3604, #2993 ) ) ;
#3057 = CARTESIAN_POINT ( 'NONE',  ( 3.053102797726499951, 18.53654167475470160, 41.30000000000000426 ) ) ;
#3058 = CARTESIAN_POINT ( 'NONE',  ( 2.729363734454619994, 18.59740268094780191, 41.30000000000000426 ) ) ;
#3059 = ORIENTED_EDGE ( 'NONE', *, *, #483, .T. ) ;
#3060 = ORIENTED_EDGE ( 'NONE', *, *, #2594, .F. ) ;
#3061 = CARTESIAN_POINT ( 'NONE',  ( 10.57434546443830037, 13.52221266803760003, 41.30000000000000426 ) ) ;
#3062 = CARTESIAN_POINT ( 'NONE',  ( 9.853794540581139572, 13.30336033792459993, 41.30000000000000426 ) ) ;
#3063 = CLOSED_SHELL ( 'NONE', ( #2860, #3811, #5933, #5196, #5207, #5756, #5455, #5565, #1989, #2515, #842, #7977, #2108, #6258, #853, #4184, #4911, #4165, #3864, #1540, #6687, #7753, #5918, #4804, #5204, #6547, #3044, #1375, #1381, #2747, #2666, #7531, #5472, #15, #5731, #1181, #5591, #2611, #4023, #2857, #2917, #453, #1718, #3204, #2795, #4684, #4103, #7173, #4929, #6224, #3918, #3037, #2682, #159, #1230, #7505, #4693, #4290, #4524, #6112, #6010, #296, #6815, #5318, #4805, #4286, #7191, #750, #7216, #4438, #7728, #6113, #2823, #7960, #7005, #6807, #3801, #7296, #6274, #2292, #4648, #974, #4724, #2843, #6539, #584, #6421, #966, #5165, #5797, #2443, #74, #4243, #3702, #5475, #4995, #2023, #1279, #816, #1251, #1728, #5339, #2807, #7761, #5217, #377, #7893, #7379, #624, #1019, #3949, #870, #7322, #5721, #669, #3235, #2468, #1768, #788, #3738, #6755, #1468, #5035, #4425, #4944, #3731, #4694, #2527, #383, #1591, #3453, #7683, #2709, #4555, #6268, #7704, #2818, #5225, #1422, #7819, #2650, #2391, #2608, #94, #6830, #7472, #6663, #5030, #6054, #4118, #5993, #4871, #8006, #1412, #3026, #2215, #199, #4191, #2160, #2402, #5678, #1572, #1757, #3361, #5734, #6453, #7936, #1542, #7348, #2054, #6110, #618, #228, #2037, #1393, #4169, #1286, #7839, #5383, #6086, #3930, #1158, #7354, #103, #121, #4661, #6857, #652, #1841, #3418, #7877, #7719, #3464, #6903, #1333, #4703, #2172, #1376, #4064 ) ) ;
#3064 = LINE ( 'NONE', #4321, #2797 ) ;
#3065 = CARTESIAN_POINT ( 'NONE',  ( -6.304334965571159799, 17.58001425048900401, 40.30000000000000426 ) ) ;
#3066 = DIRECTION ( 'NONE',  ( 0.9835387144896844402, -0.1806975293134328864, 0.000000000000000000 ) ) ;
#3067 = EDGE_LOOP ( 'NONE', ( #7461, #1386, #4422, #5914 ) ) ;
#3068 = EDGE_CURVE ( 'NONE', #2406, #3803, #7903, .T. ) ;
#3069 = EDGE_CURVE ( 'NONE', #6218, #6305, #3300, .T. ) ;
#3070 =( NAMED_UNIT ( * ) PLANE_ANGLE_UNIT ( ) SI_UNIT ( $, .RADIAN. ) );
#3071 = ORIENTED_EDGE ( 'NONE', *, *, #5009, .F. ) ;
#3072 = B_SPLINE_CURVE_WITH_KNOTS ( 'NONE', 3,
 ( #7660, #6318, #4040, #2007, #3358 ),
 .UNSPECIFIED., .F., .F.,
 ( 4, 1, 4 ),
 ( 0.000000000000000000, 0.03767428679441339745, 0.07146982913391690395 ),
 .UNSPECIFIED. ) ;
#3073 = VECTOR ( 'NONE', #3923, 1000.000000000000114 ) ;
#3074 = CARTESIAN_POINT ( 'NONE',  ( 11.74654551350250031, 13.86191904050050105, 41.30000000000000426 ) ) ;
#3075 = CARTESIAN_POINT ( 'NONE',  ( 9.749674547341738773, 13.51967160868009898, 41.30000000000000426 ) ) ;
#3076 = CARTESIAN_POINT ( 'NONE',  ( 3.635014330823960194, 16.84570959661070333, 41.30000000000000426 ) ) ;
#3077 = EDGE_CURVE ( 'NONE', #5336, #5515, #6860, .T. ) ;
#3078 = AXIS2_PLACEMENT_3D ( 'NONE', #1044, #5884, #2304 ) ;
#3079 = ORIENTED_EDGE ( 'NONE', *, *, #4183, .F. ) ;
#3080 = CARTESIAN_POINT ( 'NONE',  ( -10.69967897954249914, 13.78278767055989817, 41.30000000000000426 ) ) ;
#3081 = LINE ( 'NONE', #6734, #7164 ) ;
#3082 = EDGE_CURVE ( 'NONE', #1609, #6229, #2507, .T. ) ;
#3083 = CARTESIAN_POINT ( 'NONE',  ( -17.63087773559610838, 26.39557649590621224, 22.61744974835124822 ) ) ;
#3084 = ORIENTED_EDGE ( 'NONE', *, *, #4577, .T. ) ;
#3085 = ORIENTED_EDGE ( 'NONE', *, *, #3664, .F. ) ;
#3086 = CARTESIAN_POINT ( 'NONE',  ( -9.731469937561948669, 14.91517981463690035, 40.30000000000000426 ) ) ;
#3087 = CARTESIAN_POINT ( 'NONE',  ( -0.1567877880223629838, 15.38064373150580089, 41.30000000000000426 ) ) ;
#3088 = LINE ( 'NONE', #2667, #4368 ) ;
#3089 = CARTESIAN_POINT ( 'NONE',  ( 19.79001499032904832, 26.19868672595616133, 23.10000000000350084 ) ) ;
#3090 = VERTEX_POINT ( 'NONE', #7465 ) ;
#3091 = CARTESIAN_POINT ( 'NONE',  ( 3.718508343058140042, 15.65691698958100098, 40.30000000000000426 ) ) ;
#3092 = CARTESIAN_POINT ( 'NONE',  ( 6.887860201077399935, 16.19458089575759985, 40.30000000000000426 ) ) ;
#3093 = CARTESIAN_POINT ( 'NONE',  ( 24.89307298010047731, -24.83975205632147976, 23.10000000000115250 ) ) ;
#3094 = CARTESIAN_POINT ( 'NONE',  ( -0.6199099161177559214, 15.38695147968959986, 40.30000000000000426 ) ) ;
#3095 = CARTESIAN_POINT ( 'NONE',  ( -18.29908292725972530, -27.12509059368351316, 23.09999999999999787 ) ) ;
#3096 = VECTOR ( 'NONE', #5399, 1000.000000000000000 ) ;
#3097 = CARTESIAN_POINT ( 'NONE',  ( -27.41006169967933204, -24.83387861122213991, -3.737395406480060423E-14 ) ) ;
#3098 = LINE ( 'NONE', #1836, #2562 ) ;
#3099 = EDGE_LOOP ( 'NONE', ( #4189, #4295 ) ) ;
#3100 = CARTESIAN_POINT ( 'NONE',  ( 22.99999999999999645, 21.49999999999999645, 10.00000000000000000 ) ) ;
#3101 = CARTESIAN_POINT ( 'NONE',  ( -27.18167479742797354, 21.15522685678609349, 23.09999999999883258 ) ) ;
#3102 = ORIENTED_EDGE ( 'NONE', *, *, #91, .T. ) ;
#3103 = VECTOR ( 'NONE', #5789, 1000.000000000000000 ) ;
#3104 = EDGE_CURVE ( 'NONE', #7991, #2084, #3977, .T. ) ;
#3105 = LINE ( 'NONE', #5538, #1204 ) ;
#3106 = FACE_OUTER_BOUND ( 'NONE', #184, .T. ) ;
#3107 = CARTESIAN_POINT ( 'NONE',  ( -19.77312946553709949, 27.19095916546050162, -0.1593298338457369845 ) ) ;
#3108 = DIRECTION ( 'NONE',  ( 0.000000000000000000, -1.000000000000000000, 0.000000000000000000 ) ) ;
#3109 = CARTESIAN_POINT ( 'NONE',  ( -8.771187618303001088, 14.38235337058249996, 40.30000000000000426 ) ) ;
#3110 = VERTEX_POINT ( 'NONE', #6162 ) ;
#3111 = VECTOR ( 'NONE', #4735, 1000.000000000000114 ) ;
#3112 = EDGE_LOOP ( 'NONE', ( #3394, #1529, #7595, #7473 ) ) ;
#3113 = CARTESIAN_POINT ( 'NONE',  ( -9.789225526048308978, 14.22255285263720026, 40.30000000000000426 ) ) ;
#3114 = EDGE_CURVE ( 'NONE', #5793, #231, #4376, .T. ) ;
#3115 = ORIENTED_EDGE ( 'NONE', *, *, #2022, .T. ) ;
#3116 = CARTESIAN_POINT ( 'NONE',  ( -10.58694316667890156, 15.69196364208130134, 41.30000000000000426 ) ) ;
#3117 = CARTESIAN_POINT ( 'NONE',  ( -9.105387076229220611, 15.31499630522300137, 40.30000000000000426 ) ) ;
#3118 = VERTEX_POINT ( 'NONE', #19 ) ;
#3119 = DIRECTION ( 'NONE',  ( 0.000000000000000000, 0.000000000000000000, -1.000000000000000000 ) ) ;
#3120 = VERTEX_POINT ( 'NONE', #6204 ) ;
#3121 = EDGE_CURVE ( 'NONE', #1614, #7245, #7386, .T. ) ;
#3122 = ORIENTED_EDGE ( 'NONE', *, *, #1407, .F. ) ;
#3123 = FACE_BOUND ( 'NONE', #2176, .T. ) ;
#3124 = CARTESIAN_POINT ( 'NONE',  ( 2.176251966430319928, 15.56038403730719999, 40.30000000000000426 ) ) ;
#3125 =( BOUNDED_SURFACE ( )  B_SPLINE_SURFACE ( 3, 2, ( 
 ( #160, #2636, #1456 ),
 ( #5095, #7556, #7602 ),
 ( #3296, #2072, #5359 ),
 ( #4654, #1004, #4582 ),
 ( #4356, #4949, #1343 ),
 ( #3831, #655, #6263 ),
 ( #2531, #1878, #7521 ),
 ( #4986, #40, #7449 ),
 ( #5060, #3134, #1835 ),
 ( #734, #84, #128 ),
 ( #1308, #5531, #6835 ),
 ( #1918, #4312, #4397 ),
 ( #3214, #6749, #6909 ),
 ( #1992, #7969, #2452 ),
 ( #3788, #2570, #3749 ),
 ( #4468, #5646, #2605 ),
 ( #6185, #3097, #691 ),
 ( #5571, #7486, #1222 ),
 ( #3706, #1267, #6146 ),
 ( #5609, #1954, #5022 ),
 ( #612, #1382, #6228 ),
 ( #4432, #1, #3871 ),
 ( #3170, #774, #2492 ),
 ( #6874, #6304, #7410 ) ),
 .UNSPECIFIED., .F., .F., .F. ) 
 B_SPLINE_SURFACE_WITH_KNOTS ( ( 4, 2, 2, 2, 2, 2, 2, 2, 2, 2, 2, 4 ),
 ( 3, 3 ),
 ( 0.000000000000000000, 0.001998689182304851011, 0.003997378364609702021, 0.005996067546914552598, 0.006995412138066978321, 0.007495084433643191615, 0.007994756729219404043, 0.008994101320371830632, 0.009993445911524255487, 0.01199213509382910520, 0.01399082427613395664, 0.01598951345843880809 ),
 ( 0.000000000000000000, 1.000000000000000000 ),
 .UNSPECIFIED. ) 
 GEOMETRIC_REPRESENTATION_ITEM ( )  RATIONAL_B_SPLINE_SURFACE ( (
 ( 1.000000000000000000, 0.6946583704589971431, 1.000000000000000000),
 ( 1.000000000000000000, 0.6944492218662473570, 1.000000000000000000),
 ( 1.000000000000000000, 0.6941901374489607424, 1.000000000000000000),
 ( 1.000000000000000000, 0.6935267911053575318, 1.000000000000000000),
 ( 1.000000000000000000, 0.6931467984108520275, 1.000000000000000000),
 ( 1.000000000000000000, 0.6921303271241135979, 1.000000000000000000),
 ( 1.000000000000000000, 0.6914516390069870289, 1.000000000000000000),
 ( 1.000000000000000000, 0.6904074868457781289, 1.000000000000000000),
 ( 1.000000000000000000, 0.6900704554378749300, 1.000000000000000000),
 ( 1.000000000000000000, 0.6897178214234357396, 1.000000000000000000),
 ( 1.000000000000000000, 0.6896251955088261720, 1.000000000000000000),
 ( 1.000000000000000000, 0.6894889925963190169, 1.000000000000000000),
 ( 1.000000000000000000, 0.6894488319798114384, 1.000000000000000000),
 ( 1.000000000000000000, 0.6894438865882115408, 1.000000000000000000),
 ( 1.000000000000000000, 0.6896023215245082882, 1.000000000000000000),
 ( 1.000000000000000000, 0.6901168838315366871, 1.000000000000000000),
 ( 1.000000000000000000, 0.6904638728837741990, 1.000000000000000000),
 ( 1.000000000000000000, 0.6914674503583966292, 1.000000000000000000),
 ( 1.000000000000000000, 0.6921051679053713546, 1.000000000000000000),
 ( 1.000000000000000000, 0.6931397773121479311, 1.000000000000000000),
 ( 1.000000000000000000, 0.6935357666852395297, 1.000000000000000000),
 ( 1.000000000000000000, 0.6941973844837288077, 1.000000000000000000),
 ( 1.000000000000000000, 0.6944514988256286214, 1.000000000000000000),
 ( 1.000000000000000000, 0.6946583704589984753, 1.000000000000000000) ) ) 
 REPRESENTATION_ITEM ( '' )  SURFACE ( )  );
#3126 = LINE ( 'NONE', #7915, #2522 ) ;
#3127 = CARTESIAN_POINT ( 'NONE',  ( -10.06851645498080039, 16.31502197800109855, 40.30000000000000426 ) ) ;
#3128 = AXIS2_PLACEMENT_3D ( 'NONE', #1199, #1727, #4769 ) ;
#3129 = CARTESIAN_POINT ( 'NONE',  ( 2.847589108164529481, 18.57517701831429946, 41.30000000000000426 ) ) ;
#3130 = CARTESIAN_POINT ( 'NONE',  ( 11.56418602371990012, 13.44251381513900157, 41.30000000000000426 ) ) ;
#3131 = CARTESIAN_POINT ( 'NONE',  ( 21.68396106069696216, -26.54820812198081370, 23.09999999999999787 ) ) ;
#3132 = CARTESIAN_POINT ( 'NONE',  ( 25.31899888102596563, 21.68396027649109570, 23.10000000000000853 ) ) ;
#3133 = CARTESIAN_POINT ( 'NONE',  ( -3.658774962311160284, 18.65383751147630065, 40.30000000000000426 ) ) ;
#3134 = CARTESIAN_POINT ( 'NONE',  ( -25.17910233725893576, -27.23249848833992459, 2.183664050287069056E-13 ) ) ;
#3135 = ORIENTED_EDGE ( 'NONE', *, *, #1645, .T. ) ;
#3136 = FACE_OUTER_BOUND ( 'NONE', #3312, .T. ) ;
#3137 = CARTESIAN_POINT ( 'NONE',  ( -27.60765356605201859, 17.07775440136201794, 23.10000000000579590 ) ) ;
#3138 = B_SPLINE_CURVE_WITH_KNOTS ( 'NONE', 3,
 ( #7195, #3542, #1668, #5935, #7239 ),
 .UNSPECIFIED., .F., .F.,
 ( 4, 1, 4 ),
 ( 0.000000000000000000, 0.02418204611301030121, 0.04927504253559469166 ),
 .UNSPECIFIED. ) ;
#3139 = CARTESIAN_POINT ( 'NONE',  ( -9.565092019578870008, 15.34733272393379977, 41.30000000000000426 ) ) ;
#3140 = DIRECTION ( 'NONE',  ( 1.000000000000000000, 1.224646799147351235E-16, -0.000000000000000000 ) ) ;
#3141 = CARTESIAN_POINT ( 'NONE',  ( 3.582226832301850461, 17.54499995385240041, 40.30000000000000426 ) ) ;
#3142 = CARTESIAN_POINT ( 'NONE',  ( 3.333170871578770011, 18.43549456033489875, 40.30000000000000426 ) ) ;
#3143 = ORIENTED_EDGE ( 'NONE', *, *, #2323, .F. ) ;
#3144 = CARTESIAN_POINT ( 'NONE',  ( 26.91966844788399627, 18.27262923807980144, 7.609419867979529961 ) ) ;
#3145 = VERTEX_POINT ( 'NONE', #671 ) ;
#3146 = DIRECTION ( 'NONE',  ( 0.000000000000000000, 0.000000000000000000, -1.000000000000000000 ) ) ;
#3147 = LINE ( 'NONE', #6242, #1015 ) ;
#3148 = DIRECTION ( 'NONE',  ( 0.000000000000000000, 0.000000000000000000, -1.000000000000000000 ) ) ;
#3149 = CARTESIAN_POINT ( 'NONE',  ( 10.36956850287059950, 12.66274338891180129, 41.30000000000000426 ) ) ;
#3150 = EDGE_LOOP ( 'NONE', ( #6131, #6640, #3135, #393 ) ) ;
#3151 = CARTESIAN_POINT ( 'NONE',  ( -9.681315860892119929, 14.96862224024780019, 41.30000000000000426 ) ) ;
#3152 = LINE ( 'NONE', #4971, #2786 ) ;
#3153 = ORIENTED_EDGE ( 'NONE', *, *, #5251, .T. ) ;
#3154 = CARTESIAN_POINT ( 'NONE',  ( 3.224129114692329878, 18.01373973556029640, 41.30000000000000426 ) ) ;
#3155 = ORIENTED_EDGE ( 'NONE', *, *, #1171, .F. ) ;
#3156 = EDGE_LOOP ( 'NONE', ( #6307, #5814, #2933, #1634, #2115, #7998, #6726, #6473, #3370, #3153, #7383, #2320 ) ) ;
#3157 = DIRECTION ( 'NONE',  ( 0.000000000000000000, 0.000000000000000000, -1.000000000000000000 ) ) ;
#3158 = CARTESIAN_POINT ( 'NONE',  ( 2.785292676537629575, 15.53678133138840067, 40.30000000000000426 ) ) ;
#3159 = CARTESIAN_POINT ( 'NONE',  ( 6.770203740371770529, 13.62201054562179969, 41.30000000000000426 ) ) ;
#3160 = ORIENTED_EDGE ( 'NONE', *, *, #6191, .F. ) ;
#3161 = CARTESIAN_POINT ( 'NONE',  ( -5.916979979357109620, 17.97328504378209857, 40.30000000000000426 ) ) ;
#3162 = CARTESIAN_POINT ( 'NONE',  ( -26.08579964246169780, 24.63155574240061441, -3.252606517456513302E-16 ) ) ;
#3163 = FACE_OUTER_BOUND ( 'NONE', #4363, .T. ) ;
#3164 = VECTOR ( 'NONE', #6627, 1000.000000000000114 ) ;
#3165 = CARTESIAN_POINT ( 'NONE',  ( 6.876665505974150605, 17.39154306581720277, 41.30000000000000426 ) ) ;
#3166 = CARTESIAN_POINT ( 'NONE',  ( -27.48591164266826681, -23.04215360892595044, 4.336808689942014285E-16 ) ) ;
#3167 = CARTESIAN_POINT ( 'NONE',  ( -25.65337405316034847, -24.69856033971216291, 23.09999999999999787 ) ) ;
#3168 = EDGE_CURVE ( 'NONE', #3198, #1519, #7941, .T. ) ;
#3169 = EDGE_CURVE ( 'NONE', #2239, #1648, #3684, .T. ) ;
#3170 = CARTESIAN_POINT ( 'NONE',  ( -28.39652497524796715, -19.07803224811919307, 0.5177371505719394751 ) ) ;
#3171 = ORIENTED_EDGE ( 'NONE', *, *, #7601, .F. ) ;
#3172 = CARTESIAN_POINT ( 'NONE',  ( -3.278647231446099930, -15.40608526694630065, 41.30000000000000426 ) ) ;
#3173 = B_SPLINE_CURVE_WITH_KNOTS ( 'NONE', 3,
 ( #3886, #3228, #6433, #5112 ),
 .UNSPECIFIED., .F., .F.,
 ( 4, 4 ),
 ( -2.202396848452707889, 0.01029651723492186477 ),
 .UNSPECIFIED. ) ;
#3174 = CARTESIAN_POINT ( 'NONE',  ( 9.640635592281158850, 13.63468925182320035, 40.30000000000000426 ) ) ;
#3175 = VERTEX_POINT ( 'NONE', #7427 ) ;
#3176 = CARTESIAN_POINT ( 'NONE',  ( 25.94286203001966840, -25.23240417187268392, 0.5238838621531624051 ) ) ;
#3177 = CARTESIAN_POINT ( 'NONE',  ( 9.727103702786269679, 13.54974085977739939, 41.30000000000000426 ) ) ;
#3178 = ADVANCED_FACE ( 'NONE', ( #5004 ), #59, .T. ) ;
#3179 = CARTESIAN_POINT ( 'NONE',  ( -10.61460475494040878, -0.6146047549404114463, 41.30000000000000426 ) ) ;
#3180 = CARTESIAN_POINT ( 'NONE',  ( 26.25670261759859869, 21.81294288128987802, 3.370377402677654423E-31 ) ) ;
#3181 = AXIS2_PLACEMENT_3D ( 'NONE', #3284, #1977, #4494 ) ;
#3182 = EDGE_LOOP ( 'NONE', ( #6267, #3972, #4398, #1570 ) ) ;
#3183 = CARTESIAN_POINT ( 'NONE',  ( 27.19259762252979939, 17.19868935233879981, -0.2062491054757909781 ) ) ;
#3184 = EDGE_CURVE ( 'NONE', #2778, #7294, #1934, .T. ) ;
#3185 = ORIENTED_EDGE ( 'NONE', *, *, #301, .T. ) ;
#3186 = CARTESIAN_POINT ( 'NONE',  ( 11.27778356099960000, 14.16282031780589890, 41.30000000000000426 ) ) ;
#3187 = ORIENTED_EDGE ( 'NONE', *, *, #2166, .F. ) ;
#3188 = EDGE_CURVE ( 'NONE', #1595, #3326, #2901, .T. ) ;
#3189 = AXIS2_PLACEMENT_3D ( 'NONE', #4013, #196, #6448 ) ;
#3190 = CARTESIAN_POINT ( 'NONE',  ( -10.02035504606229921, 15.85758553957709793, 41.30000000000000426 ) ) ;
#3191 = CARTESIAN_POINT ( 'NONE',  ( -27.05411623193509740, -24.35907231164939901, 15.52850534280130113 ) ) ;
#3192 = ORIENTED_EDGE ( 'NONE', *, *, #4340, .T. ) ;
#3193 = DIRECTION ( 'NONE',  ( 0.000000000000000000, 0.000000000000000000, -1.000000000000000000 ) ) ;
#3194 = ORIENTED_EDGE ( 'NONE', *, *, #6720, .F. ) ;
#3195 = AXIS2_PLACEMENT_3D ( 'NONE', #7316, #7586, #4855 ) ;
#3196 = CARTESIAN_POINT ( 'NONE',  ( 5.096926293524014717, 32.73966965732493151, 0.3413873143884946781 ) ) ;
#3197 = ORIENTED_EDGE ( 'NONE', *, *, #3552, .T. ) ;
#3198 = VERTEX_POINT ( 'NONE', #1770 ) ;
#3199 = DIRECTION ( 'NONE',  ( 0.000000000000000000, 0.000000000000000000, 1.000000000000000000 ) ) ;
#3200 = EDGE_CURVE ( 'NONE', #3776, #3566, #3004, .T. ) ;
#3201 = LINE ( 'NONE', #117, #1043 ) ;
#3202 = AXIS2_PLACEMENT_3D ( 'NONE', #1511, #3994, #903 ) ;
#3203 = DIRECTION ( 'NONE',  ( 0.000000000000000000, 0.000000000000000000, 1.000000000000000000 ) ) ;
#3204 = ADVANCED_FACE ( 'NONE', ( #6729 ), #215, .F. ) ;
#3205 = EDGE_LOOP ( 'NONE', ( #3452, #909, #637, #3636 ) ) ;
#3206 = FACE_OUTER_BOUND ( 'NONE', #4808, .T. ) ;
#3207 = B_SPLINE_CURVE_WITH_KNOTS ( 'NONE', 3,
 ( #7931, #1804, #6844, #2579, #6804 ),
 .UNSPECIFIED., .F., .F.,
 ( 4, 1, 4 ),
 ( 0.000000000000000000, 0.04125262998132869785, 0.07205930488360980102 ),
 .UNSPECIFIED. ) ;
#3208 = CARTESIAN_POINT ( 'NONE',  ( -24.60907224304082064, 25.70700770826380932, -3.252606517456513302E-16 ) ) ;
#3209 = LINE ( 'NONE', #1302, #7851 ) ;
#3210 = PLANE ( 'NONE',  #6437 ) ;
#3211 = EDGE_CURVE ( 'NONE', #1729, #1684, #2739, .T. ) ;
#3212 = CARTESIAN_POINT ( 'NONE',  ( -27.31995685183763101, -23.68492034673592173, 1.283953296258152564E-31 ) ) ;
#3213 = CARTESIAN_POINT ( 'NONE',  ( -26.61632444430043165, -24.05154053602274189, 22.62325975233917674 ) ) ;
#3214 = CARTESIAN_POINT ( 'NONE',  ( -26.19976847463448522, -26.45297938677200733, 0.5246603080941437680 ) ) ;
#3215 = ORIENTED_EDGE ( 'NONE', *, *, #7691, .T. ) ;
#3216 = CARTESIAN_POINT ( 'NONE',  ( 4.076735221874499437, 16.58999099842340286, 41.30000000000000426 ) ) ;
#3217 = CIRCLE ( 'NONE', #3360, 1.500000000000001332 ) ;
#3218 = CARTESIAN_POINT ( 'NONE',  ( 9.727103702786269679, 13.54974085977739939, 40.30000000000000426 ) ) ;
#3219 = ORIENTED_EDGE ( 'NONE', *, *, #4545, .T. ) ;
#3220 = APPLICATION_CONTEXT ( 'automotive_design' ) ;
#3221 = ORIENTED_EDGE ( 'NONE', *, *, #7598, .F. ) ;
#3222 = ORIENTED_EDGE ( 'NONE', *, *, #5132, .T. ) ;
#3223 = EDGE_CURVE ( 'NONE', #555, #5729, #1262, .T. ) ;
#3224 = STYLED_ITEM ( 'NONE', ( #1072 ), #5908 ) ;
#3225 = CARTESIAN_POINT ( 'NONE',  ( -28.39653501155466486, -3.114604754940452302, 0.5174497483512510154 ) ) ;
#3226 = CARTESIAN_POINT ( 'NONE',  ( 3.596184367862199860, 18.30640974657900344, 41.30000000000000426 ) ) ;
#3227 = CARTESIAN_POINT ( 'NONE',  ( -28.39653501155466131, 17.17341723148286547, 0.5174497483512503493 ) ) ;
#3228 = CARTESIAN_POINT ( 'NONE',  ( -27.88203567437625452, -17.88812740418526204, 15.25078308168457575 ) ) ;
#3229 = EDGE_LOOP ( 'NONE', ( #3729, #4484, #1515, #6309 ) ) ;
#3230 = CARTESIAN_POINT ( 'NONE',  ( 25.82491201334159570, 23.12984855010029861, 15.52850502989799963 ) ) ;
#3231 = ORIENTED_EDGE ( 'NONE', *, *, #7639, .F. ) ;
#3232 = TOROIDAL_SURFACE ( 'NONE', #252, 2.000000000000000888, 0.5000000000000000000 ) ;
#3233 = CARTESIAN_POINT ( 'NONE',  ( 11.18052965830619883, 13.72677483979160051, 41.30000000000000426 ) ) ;
#3234 = ORIENTED_EDGE ( 'NONE', *, *, #1521, .T. ) ;
#3235 = ADVANCED_FACE ( 'NONE', ( #187 ), #7770, .F. ) ;
#3236 = DIRECTION ( 'NONE',  ( 0.9033316891690919004, -0.4289427226832449591, 0.000000000000000000 ) ) ;
#3237 = CARTESIAN_POINT ( 'NONE',  ( 9.891965025582189597, 12.74116218763160013, 41.30000000000000426 ) ) ;
#3238 = VECTOR ( 'NONE', #4324, 1000.000000000000000 ) ;
#3239 = CARTESIAN_POINT ( 'NONE',  ( -2.661605698174729806, 27.52334054423229759, 7.922490248478589514 ) ) ;
#3240 = ORIENTED_EDGE ( 'NONE', *, *, #2191, .T. ) ;
#3241 = CARTESIAN_POINT ( 'NONE',  ( -0.5722441504467039586, 18.88662682999719777, 41.30000000000000426 ) ) ;
#3242 = EDGE_CURVE ( 'NONE', #6389, #4723, #6587, .T. ) ;
#3243 = ORIENTED_EDGE ( 'NONE', *, *, #7976, .T. ) ;
#3244 = DIRECTION ( 'NONE',  ( -1.000000000000000000, 0.000000000000000000, -0.000000000000000000 ) ) ;
#3245 = DIRECTION ( 'NONE',  ( -1.230939350188329950E-16, 1.000000000000000000, 0.000000000000000000 ) ) ;
#3246 = VERTEX_POINT ( 'NONE', #3931 ) ;
#3247 = DIRECTION ( 'NONE',  ( -1.000000000000000000, 2.168404344971006896E-16, 0.000000000000000000 ) ) ;
#3248 = CARTESIAN_POINT ( 'NONE',  ( 4.090671940752160118, 17.43216810938569949, 40.30000000000000426 ) ) ;
#3249 = DIRECTION ( 'NONE',  ( 1.000000000000000000, 0.000000000000000000, 0.000000000000000000 ) ) ;
#3250 = B_SPLINE_CURVE_WITH_KNOTS ( 'NONE', 3,
 ( #7946, #2475, #7469, #4418, #6211 ),
 .UNSPECIFIED., .F., .F.,
 ( 4, 1, 4 ),
 ( 0.000000000000000000, 0.01183247495483989893, 0.02306317136571380336 ),
 .UNSPECIFIED. ) ;
#3251 = ORIENTED_EDGE ( 'NONE', *, *, #5771, .T. ) ;
#3252 = PLANE ( 'NONE',  #7831 ) ;
#3253 = CARTESIAN_POINT ( 'NONE',  ( -23.16168599497608227, 26.76499050692484971, 2.175693484428757939E-13 ) ) ;
#3254 = CARTESIAN_POINT ( 'NONE',  ( 6.936643174998880390, 16.84674734871670054, 41.30000000000000426 ) ) ;
#3255 = CARTESIAN_POINT ( 'NONE',  ( 10.21383331014000007, 13.71035400205569843, 40.30000000000000426 ) ) ;
#3256 = APPLICATION_PROTOCOL_DEFINITION ( 'draft international standard', 'automotive_design', 1998, #5561 ) ;
#3257 = CARTESIAN_POINT ( 'NONE',  ( 11.64616093039719935, 14.45146747855840097, 41.30000000000000426 ) ) ;
#3258 = CARTESIAN_POINT ( 'NONE',  ( -25.00091209111206325, -26.03498188951587622, 22.62441709425982594 ) ) ;
#3259 = LINE ( 'NONE', #4910, #4347 ) ;
#3260 = B_SPLINE_CURVE_WITH_KNOTS ( 'NONE', 3,
 ( #3233, #5002, #5039, #6888, #3186 ),
 .UNSPECIFIED., .F., .F.,
 ( 4, 1, 4 ),
 ( 0.000000000000000000, 0.02307142434048009907, 0.04579996723221419624 ),
 .UNSPECIFIED. ) ;
#3261 = VERTEX_POINT ( 'NONE', #7502 ) ;
#3262 = CARTESIAN_POINT ( 'NONE',  ( 10.99663645060210015, 13.08155772447939924, 41.30000000000000426 ) ) ;
#3263 = CARTESIAN_POINT ( 'NONE',  ( 9.571220128144949157, 13.68606921227249984, 40.30000000000000426 ) ) ;
#3264 = EDGE_LOOP ( 'NONE', ( #6742, #2494, #7309, #3887 ) ) ;
#3265 = ORIENTED_EDGE ( 'NONE', *, *, #3823, .F. ) ;
#3266 = EDGE_LOOP ( 'NONE', ( #1557, #1554, #7074, #4039 ) ) ;
#3267 = VECTOR ( 'NONE', #3861, 1000.000000000000000 ) ;
#3268 = EDGE_CURVE ( 'NONE', #3118, #428, #1479, .T. ) ;
#3269 = CARTESIAN_POINT ( 'NONE',  ( 27.16279110628777005, -19.10427553876187190, 0.5177696529560247285 ) ) ;
#3270 = LINE ( 'NONE', #5691, #7352 ) ;
#3271 = CARTESIAN_POINT ( 'NONE',  ( 2.153277872611869981, 15.14466350712690002, 41.30000000000000426 ) ) ;
#3272 = CARTESIAN_POINT ( 'NONE',  ( 9.705833968659240085, 14.08548875587000104, 41.30000000000000426 ) ) ;
#3273 = VERTEX_POINT ( 'NONE', #5079 ) ;
#3274 = CARTESIAN_POINT ( 'NONE',  ( 9.853794540581139572, 13.30336033792459993, 40.30000000000000426 ) ) ;
#3275 = EDGE_LOOP ( 'NONE', ( #4193, #2904, #2208, #5106, #3750, #5309, #7538, #4251, #3640, #7857, #179, #5625, #7079, #4880, #4292, #4803, #4020, #7212, #6672 ) ) ;
#3276 = EDGE_LOOP ( 'NONE', ( #997, #421, #2328, #2692 ) ) ;
#3277 = CARTESIAN_POINT ( 'NONE',  ( 25.89588108239666653, -17.63087773559611549, 23.09999999999999432 ) ) ;
#3278 = CARTESIAN_POINT ( 'NONE',  ( -24.45013128247651579, 25.18093587830628977, 22.62382966768525350 ) ) ;
#3279 = CARTESIAN_POINT ( 'NONE',  ( -0.3645159692345329994, 17.13363528075149844, 40.30000000000000426 ) ) ;
#3280 = CARTESIAN_POINT ( 'NONE',  ( -9.789225526048308978, 14.22255285263720026, 41.30000000000000426 ) ) ;
#3281 = CARTESIAN_POINT ( 'NONE',  ( 4.076735221874499437, 16.58999099842340286, 40.30000000000000426 ) ) ;
#3282 = CARTESIAN_POINT ( 'NONE',  ( 25.95244116462503925, 21.15022622876598390, 23.10000000000347953 ) ) ;
#3283 = EDGE_CURVE ( 'NONE', #4775, #3399, #1972, .T. ) ;
#3284 = CARTESIAN_POINT ( 'NONE',  ( 23.49999999999999645, -21.50000000000000000, 0.5000000000000004441 ) ) ;
#3285 = VERTEX_POINT ( 'NONE', #2009 ) ;
#3286 = B_SPLINE_CURVE_WITH_KNOTS ( 'NONE', 3,
 ( #3010, #6834, #1306, #3787, #489 ),
 .UNSPECIFIED., .F., .F.,
 ( 4, 1, 4 ),
 ( 0.000000000000000000, 0.01794880335925769926, 0.03484410743618390066 ),
 .UNSPECIFIED. ) ;
#3287 = DIRECTION ( 'NONE',  ( -0.1287323112736009634, 0.9916793796556206964, 0.000000000000000000 ) ) ;
#3288 = DIRECTION ( 'NONE',  ( 0.000000000000000000, 0.000000000000000000, -1.000000000000000000 ) ) ;
#3289 = ORIENTED_EDGE ( 'NONE', *, *, #6111, .T. ) ;
#3290 = CARTESIAN_POINT ( 'NONE',  ( 3.439890762897389820, 16.13133827465630077, 40.30000000000000426 ) ) ;
#3291 = CARTESIAN_POINT ( 'NONE',  ( 9.571220128144949157, 13.68606921227249984, 40.30000000000000426 ) ) ;
#3292 = EDGE_LOOP ( 'NONE', ( #4564, #5154, #3222, #5315 ) ) ;
#3293 = AXIS2_PLACEMENT_3D ( 'NONE', #519, #1655, #7956 ) ;
#3294 = CARTESIAN_POINT ( 'NONE',  ( 21.49999999999999645, -21.50000000000000000, 10.00000000000000000 ) ) ;
#3295 = EDGE_CURVE ( 'NONE', #4475, #6149, #5746, .T. ) ;
#3296 = CARTESIAN_POINT ( 'NONE',  ( -19.75661514139218866, -28.38014102794445037, 0.5181001630266739433 ) ) ;
#3297 = CARTESIAN_POINT ( 'NONE',  ( -10.02035504606229921, 15.85758553957709793, 41.30000000000000426 ) ) ;
#3298 = CARTESIAN_POINT ( 'NONE',  ( 3.394733980665269879, 16.03561544270720063, 40.30000000000000426 ) ) ;
#3299 = AXIS2_PLACEMENT_3D ( 'NONE', #420, #4837, #2980 ) ;
#3300 = B_SPLINE_CURVE_WITH_KNOTS ( 'NONE', 3,
 ( #3190, #1155, #6767, #4329, #6811 ),
 .UNSPECIFIED., .F., .F.,
 ( 4, 1, 4 ),
 ( 0.000000000000000000, 0.02608123565485459885, 0.05998096439887130177 ),
 .UNSPECIFIED. ) ;
#3301 = CARTESIAN_POINT ( 'NONE',  ( 11.64616093039719935, 14.45146747855840097, 40.30000000000000426 ) ) ;
#3302 = FACE_OUTER_BOUND ( 'NONE', #5418, .T. ) ;
#3303 = CARTESIAN_POINT ( 'NONE',  ( 7.800849037987690693, 13.06339519499270097, 40.30000000000000426 ) ) ;
#3304 = VERTEX_POINT ( 'NONE', #7625 ) ;
#3305 = CARTESIAN_POINT ( 'NONE',  ( 10.35720781245700017, 12.35489637887460113, 41.30000000000000426 ) ) ;
#3306 = DIRECTION ( 'NONE',  ( 0.000000000000000000, -0.03489949670250078878, 0.9993908270190957621 ) ) ;
#3307 = ORIENTED_EDGE ( 'NONE', *, *, #191, .T. ) ;
#3308 = CARTESIAN_POINT ( 'NONE',  ( 26.53497465041395742, -23.95684842259466762, 0.5220633202980804466 ) ) ;
#3309 = LINE ( 'NONE', #6431, #2836 ) ;
#3310 = DIRECTION ( 'NONE',  ( -0.9172475141792804099, 0.3983177095384171085, 0.000000000000000000 ) ) ;
#3311 = DIRECTION ( 'NONE',  ( 1.000000000000000000, 1.242032401918712706E-16, 0.000000000000000000 ) ) ;
#3312 = EDGE_LOOP ( 'NONE', ( #473, #6525, #513, #1141 ) ) ;
#3313 = ORIENTED_EDGE ( 'NONE', *, *, #6880, .T. ) ;
#3314 = ORIENTED_EDGE ( 'NONE', *, *, #3607, .F. ) ;
#3315 = CARTESIAN_POINT ( 'NONE',  ( 3.857461225503890034, 15.91176389033389960, 41.30000000000000426 ) ) ;
#3316 = EDGE_CURVE ( 'NONE', #97, #7959, #2524, .T. ) ;
#3317 = CARTESIAN_POINT ( 'NONE',  ( -25.03165041191839180, 24.79862280968657018, 22.62447668000805479 ) ) ;
#3318 = CARTESIAN_POINT ( 'NONE',  ( -6.502344391915230837, 17.54578105322720205, 41.30000000000000426 ) ) ;
#3319 = AXIS2_PLACEMENT_3D ( 'NONE', #3241, #7013, #1484 ) ;
#3320 = CARTESIAN_POINT ( 'NONE',  ( 3.298980315313420064, 17.95497181745789916, 41.30000000000000426 ) ) ;
#3321 = CARTESIAN_POINT ( 'NONE',  ( 25.54551220319856242, -24.92115003056597544, -2.168404344971006156E-16 ) ) ;
#3322 = CARTESIAN_POINT ( 'NONE',  ( 24.59605311370514258, 24.05672662197406808, 22.62466713030460497 ) ) ;
#3323 = CARTESIAN_POINT ( 'NONE',  ( -5.661551853937660361, 16.89762732109520016, 40.30000000000000426 ) ) ;
#3324 = EDGE_LOOP ( 'NONE', ( #1560, #7610, #1332, #2648 ) ) ;
#3325 = CARTESIAN_POINT ( 'NONE',  ( 3.792725247001820232, 18.09618653913380015, 41.30000000000000426 ) ) ;
#3326 = VERTEX_POINT ( 'NONE', #5189 ) ;
#3327 = CIRCLE ( 'NONE', #2021, 1.500000000000001332 ) ;
#3328 = EDGE_CURVE ( 'NONE', #2205, #6864, #7664, .T. ) ;
#3329 = CARTESIAN_POINT ( 'NONE',  ( -9.793460452387849458, 15.79567947909460024, 41.30000000000000426 ) ) ;
#3330 = DIRECTION ( 'NONE',  ( -0.5301703764411311859, 0.8478911321297500914, 0.000000000000000000 ) ) ;
#3331 = B_SPLINE_SURFACE_WITH_KNOTS ( 'NONE', 3, 3, ( 
 ( #5579, #1760, #3757, #3633 ),
 ( #3107, #539, #3841, #5069 ),
 ( #222, #7116, #2530, #1876 ),
 ( #39, #6184, #4311, #7324 ),
 ( #4395, #4984, #7448, #4355 ),
 ( #6748, #654, #2397, #4909 ),
 ( #3747, #3620, #6056, #1131 ),
 ( #2449, #5448, #5488, #1917 ) ),
 .UNSPECIFIED., .F., .F., .F.,
 ( 4, 1, 1, 1, 1, 4 ),
 ( 4, 4 ),
 ( 0.000000000000000000, 0.1428571428571430157, 0.2857142857142860315, 0.5714285714285709528, 0.8571428571428569843, 1.000000000000000000 ),
 ( -0.08275460106382859227, 2.250710682861490231 ),
 .UNSPECIFIED. ) ;
#3332 = VECTOR ( 'NONE', #1639, 1000.000000000000114 ) ;
#3333 = ORIENTED_EDGE ( 'NONE', *, *, #2946, .F. ) ;
#3334 = VECTOR ( 'NONE', #1454, 1000.000000000000227 ) ;
#3335 = CARTESIAN_POINT ( 'NONE',  ( 17.85048310966750762, 27.18569719414355745, -5.079376279984364171E-13 ) ) ;
#3336 = DIRECTION ( 'NONE',  ( 1.000000000000000000, 0.000000000000000000, 0.000000000000000000 ) ) ;
#3337 = CARTESIAN_POINT ( 'NONE',  ( -2.661605698174729806, 27.59313953763729899, 5.923708594440400432 ) ) ;
#3338 = VECTOR ( 'NONE', #5332, 1000.000000000000000 ) ;
#3339 = EDGE_CURVE ( 'NONE', #7934, #2063, #7540, .T. ) ;
#3340 = EDGE_CURVE ( 'NONE', #6810, #2627, #6322, .T. ) ;
#3341 = LINE ( 'NONE', #930, #3378 ) ;
#3342 = CARTESIAN_POINT ( 'NONE',  ( -7.569682328571920138, 17.17763678397260207, 41.30000000000000426 ) ) ;
#3343 = CARTESIAN_POINT ( 'NONE',  ( -25.44651797301126450, -24.95831369694403890, 23.09999999999999787 ) ) ;
#3344 = CARTESIAN_POINT ( 'NONE',  ( -28.14683959804511204, -3.114604754940452302, -0.07263636767417129547 ) ) ;
#3345 = CARTESIAN_POINT ( 'NONE',  ( 4.838394301825269750, 32.09039825922320688, 6.080756329601659793 ) ) ;
#3346 = CARTESIAN_POINT ( 'NONE',  ( 3.338394301825279964, 32.09039825922320688, 6.080756329601659793 ) ) ;
#3347 = PLANE ( 'NONE',  #7177 ) ;
#3348 = ORIENTED_EDGE ( 'NONE', *, *, #1675, .F. ) ;
#3349 = EDGE_CURVE ( 'NONE', #2195, #1526, #7207, .T. ) ;
#3350 = LINE ( 'NONE', #4591, #2762 ) ;
#3351 = CARTESIAN_POINT ( 'NONE',  ( 6.506323114068810476, 13.73660156389740017, 41.30000000000000426 ) ) ;
#3352 = CARTESIAN_POINT ( 'NONE',  ( -5.543350294531720124, 17.74580551231959902, 40.30000000000000426 ) ) ;
#3353 = DIRECTION ( 'NONE',  ( 0.5953237270209269516, 0.8034859426560697626, 0.000000000000000000 ) ) ;
#3354 = ORIENTED_EDGE ( 'NONE', *, *, #1533, .F. ) ;
#3355 = CARTESIAN_POINT ( 'NONE',  ( -2.086569011484179725, 15.32856292959239930, 41.30000000000000426 ) ) ;
#3356 = ORIENTED_EDGE ( 'NONE', *, *, #7426, .F. ) ;
#3357 = ORIENTED_EDGE ( 'NONE', *, *, #2269, .F. ) ;
#3358 = CARTESIAN_POINT ( 'NONE',  ( 3.857461225503890034, 15.91176389033389960, 40.30000000000000426 ) ) ;
#3359 = ORIENTED_EDGE ( 'NONE', *, *, #4546, .F. ) ;
#3360 = AXIS2_PLACEMENT_3D ( 'NONE', #3990, #2147, #6426 ) ;
#3361 = ADVANCED_FACE ( 'NONE', ( #6480 ), #7706, .T. ) ;
#3362 = EDGE_CURVE ( 'NONE', #6782, #279, #2221, .T. ) ;
#3363 = DIRECTION ( 'NONE',  ( 0.000000000000000000, 0.000000000000000000, 1.000000000000000000 ) ) ;
#3364 = FACE_OUTER_BOUND ( 'NONE', #276, .T. ) ;
#3365 = CARTESIAN_POINT ( 'NONE',  ( -21.50000000000000000, 21.50000000000000355, 10.00000000000000000 ) ) ;
#3366 = CARTESIAN_POINT ( 'NONE',  ( 24.21730536663005040, 23.72910017789872228, 23.09999999999997655 ) ) ;
#3367 = ORIENTED_EDGE ( 'NONE', *, *, #2591, .T. ) ;
#3368 = LINE ( 'NONE', #3854, #3103 ) ;
#3369 = CARTESIAN_POINT ( 'NONE',  ( -5.708576950000829875, 17.06976599093399827, 41.30000000000000426 ) ) ;
#3370 = ORIENTED_EDGE ( 'NONE', *, *, #3676, .T. ) ;
#3371 = CARTESIAN_POINT ( 'NONE',  ( -6.242931402370629712, 17.57857501834079983, 40.30000000000000426 ) ) ;
#3372 = EDGE_CURVE ( 'NONE', #6653, #2123, #933, .T. ) ;
#3373 = DIRECTION ( 'NONE',  ( 1.000000000000000000, 0.000000000000000000, 0.000000000000000000 ) ) ;
#3374 = CARTESIAN_POINT ( 'NONE',  ( -5.308972277116550842, 16.52114108819879945, 41.30000000000000426 ) ) ;
#3375 = B_SPLINE_CURVE_WITH_KNOTS ( 'NONE', 3,
 ( #3594, #1068, #4122, #1029, #2940 ),
 .UNSPECIFIED., .F., .F.,
 ( 4, 1, 4 ),
 ( 0.000000000000000000, 0.02307142434048009907, 0.04579996723221419624 ),
 .UNSPECIFIED. ) ;
#3376 = VERTEX_POINT ( 'NONE', #1562 ) ;
#3377 = CARTESIAN_POINT ( 'NONE',  ( 6.509935011486049916, 16.42116421461409814, 40.30000000000000426 ) ) ;
#3378 = VECTOR ( 'NONE', #4100, 1000.000000000000114 ) ;
#3379 = FACE_OUTER_BOUND ( 'NONE', #6232, .T. ) ;
#3380 = CARTESIAN_POINT ( 'NONE',  ( -8.674226803505350247, 14.33969640253310018, 40.30000000000000426 ) ) ;
#3381 = CARTESIAN_POINT ( 'NONE',  ( 11.68593441874289951, 14.37490637069579869, 41.30000000000000426 ) ) ;
#3382 = CYLINDRICAL_SURFACE ( 'NONE', #4833, 0.4999999999999990563 ) ;
#3383 = CARTESIAN_POINT ( 'NONE',  ( 3.348190730664520220, 15.95691518804629894, 41.30000000000000426 ) ) ;
#3384 = CARTESIAN_POINT ( 'NONE',  ( -0.6146047549404088928, -0.6146047549404088928, 40.80000000000000426 ) ) ;
#3385 = CARTESIAN_POINT ( 'NONE',  ( -0.7786472314460989308, -19.73621228586849696, 41.30000000000000426 ) ) ;
#3386 = EDGE_CURVE ( 'NONE', #3246, #2055, #4195, .T. ) ;
#3387 = CARTESIAN_POINT ( 'NONE',  ( -2.661605698174730250, 32.37904819420074887, 7.945519420939885613 ) ) ;
#3388 = B_SPLINE_CURVE_WITH_KNOTS ( 'NONE', 3,
 ( #2459, #3139, #1191, #3591, #1925 ),
 .UNSPECIFIED., .F., .F.,
 ( 4, 1, 4 ),
 ( 0.000000000000000000, 0.01669133509813689950, 0.03321019182490139721 ),
 .UNSPECIFIED. ) ;
#3389 = CARTESIAN_POINT ( 'NONE',  ( -9.203859287857209637, 14.04790614006179972, 41.30000000000000426 ) ) ;
#3390 = DIRECTION ( 'NONE',  ( 0.000000000000000000, 0.000000000000000000, -1.000000000000000000 ) ) ;
#3391 = CARTESIAN_POINT ( 'NONE',  ( -28.41460475494040239, -3.114604754940450526, 1.080652084975446766E-16 ) ) ;
#3392 = CARTESIAN_POINT ( 'NONE',  ( -28.39653501155466486, -18.42069648474949162, 0.5174497483512504603 ) ) ;
#3393 = EDGE_CURVE ( 'NONE', #139, #4401, #3434, .T. ) ;
#3394 = ORIENTED_EDGE ( 'NONE', *, *, #3563, .F. ) ;
#3395 = CARTESIAN_POINT ( 'NONE',  ( 17.17341723148286903, 26.66763008816431935, 0.5000000000000000000 ) ) ;
#3396 = ORIENTED_EDGE ( 'NONE', *, *, #3188, .F. ) ;
#3397 = VECTOR ( 'NONE', #7137, 1000.000000000000000 ) ;
#3398 = EDGE_CURVE ( 'NONE', #7506, #4375, #5946, .T. ) ;
#3399 = VERTEX_POINT ( 'NONE', #5340 ) ;
#3400 = ORIENTED_EDGE ( 'NONE', *, *, #1414, .F. ) ;
#3401 = B_SPLINE_SURFACE_WITH_KNOTS ( 'NONE', 3, 3, ( 
 ( #258, #407, #369, #2840 ),
 ( #7319, #7274, #4223, #1128 ),
 ( #3617, #6662, #1178, #5411 ),
 ( #3579, #525, #3008, #6745 ),
 ( #1216, #1789, #5972, #608 ),
 ( #5446, #4945, #2927, #7919 ),
 ( #5482, #7848, #1707, #2394 ),
 ( #3701, #4860, #6621, #7963 ) ),
 .UNSPECIFIED., .F., .F., .F.,
 ( 4, 1, 1, 1, 1, 4 ),
 ( 4, 4 ),
 ( 0.000000000000000000, 0.1428571428571430157, 0.2857142857142860315, 0.5714285714285709528, 0.8571428571428569843, 1.000000000000000000 ),
 ( -0.08275460103059929795, 2.250710682861500000 ),
 .UNSPECIFIED. ) ;
#3402 = CARTESIAN_POINT ( 'NONE',  ( -17.63087773559610838, 26.39557649590621224, 22.61744974835124822 ) ) ;
#3403 = LINE ( 'NONE', #1481, #1769 ) ;
#3404 = CARTESIAN_POINT ( 'NONE',  ( 19.19586650510079551, 26.28203304791039585, 22.61908311433173679 ) ) ;
#3405 = ORIENTED_EDGE ( 'NONE', *, *, #1894, .F. ) ;
#3406 = CARTESIAN_POINT ( 'NONE',  ( -6.183241599498570551, 16.33311860715000208, 40.30000000000000426 ) ) ;
#3407 = CARTESIAN_POINT ( 'NONE',  ( 2.627099337079939811, 15.10061433192499969, 40.30000000000000426 ) ) ;
#3408 = EDGE_LOOP ( 'NONE', ( #2583, #7344 ) ) ;
#3409 = CARTESIAN_POINT ( 'NONE',  ( -6.119445199457490325, 17.57568063723600105, 40.30000000000000426 ) ) ;
#3410 = CARTESIAN_POINT ( 'NONE',  ( -9.245204976220421145, 15.86077891719580180, 41.30000000000000426 ) ) ;
#3411 = ORIENTED_EDGE ( 'NONE', *, *, #7691, .F. ) ;
#3412 = CARTESIAN_POINT ( 'NONE',  ( 19.88748506380468584, 27.08085883346942424, -1.414288532894410809E-12 ) ) ;
#3413 = CYLINDRICAL_SURFACE ( 'NONE', #1793, 2.000000000000000000 ) ;
#3414 = CARTESIAN_POINT ( 'NONE',  ( 10.86288546572460056, 13.51405283445859951, 40.30000000000000426 ) ) ;
#3415 = CARTESIAN_POINT ( 'NONE',  ( -9.568889186495159294, 16.18386444549000203, 41.30000000000000426 ) ) ;
#3416 = DIRECTION ( 'NONE',  ( 0.04204328404922352130, 0.9991157902197103091, 0.000000000000000000 ) ) ;
#3417 = CARTESIAN_POINT ( 'NONE',  ( 4.099040239734519808, 16.73679265412779671, 40.30000000000000426 ) ) ;
#3418 = ADVANCED_FACE ( 'NONE', ( #1101 ), #7526, .T. ) ;
#3419 = CARTESIAN_POINT ( 'NONE',  ( -10.58694316667890156, 15.69196364208130134, 40.30000000000000426 ) ) ;
#3420 = CARTESIAN_POINT ( 'NONE',  ( -26.41924357334512052, 23.15454213979398190, 23.10000000000230713 ) ) ;
#3421 = CARTESIAN_POINT ( 'NONE',  ( -27.48564701649968356, 21.81914743837215553, -4.336808689942015764E-16 ) ) ;
#3422 = LINE ( 'NONE', #334, #526 ) ;
#3423 = CARTESIAN_POINT ( 'NONE',  ( 5.191947692418542815, 32.64802234189653518, 0.2431076009653905246 ) ) ;
#3424 = VECTOR ( 'NONE', #1194, 1000.000000000000114 ) ;
#3425 = CARTESIAN_POINT ( 'NONE',  ( 3.582226832301850461, 17.54499995385240041, 41.30000000000000426 ) ) ;
#3426 = CARTESIAN_POINT ( 'NONE',  ( 3.596184367862199860, 18.30640974657900344, 41.30000000000000426 ) ) ;
#3427 = ORIENTED_EDGE ( 'NONE', *, *, #4771, .T. ) ;
#3428 = DIRECTION ( 'NONE',  ( 0.3252373394801170714, -0.9456324196049409325, 0.000000000000000000 ) ) ;
#3429 = EDGE_LOOP ( 'NONE', ( #5128, #4899, #3734, #656, #7423, #3765, #6152, #3637 ) ) ;
#3430 = B_SPLINE_CURVE_WITH_KNOTS ( 'NONE', 3,
 ( #2502, #4957, #5810, #261, #1430, #220, #2728, #7694, #4558, #5149, #5219, #2153, #7034, #7076, #2695, #6961, #297, #4516, #4626, #2764, #1551, #5110 ),
 .UNSPECIFIED., .F., .F.,
 ( 4, 2, 2, 2, 2, 2, 2, 2, 2, 2, 4 ),
 ( 0.000000000000000000, 0.001996899852255333476, 0.003993799704510666952, 0.005990699556765999995, 0.006989149482893666950, 0.007987599409021333904, 0.008986049335148999992, 0.009984499261276667814, 0.01198139911353199652, 0.01397829896578732696, 0.01597519881804265740 ),
 .UNSPECIFIED. ) ;
#3431 = VERTEX_POINT ( 'NONE', #5984 ) ;
#3432 = DIRECTION ( 'NONE',  ( -0.000000000000000000, -0.000000000000000000, -1.000000000000000000 ) ) ;
#3433 = ORIENTED_EDGE ( 'NONE', *, *, #2585, .F. ) ;
#3434 = LINE ( 'NONE', #381, #7793 ) ;
#3435 = EDGE_CURVE ( 'NONE', #5229, #2634, #2861, .T. ) ;
#3436 = CARTESIAN_POINT ( 'NONE',  ( 3.158296623045659945, 15.19790552043070164, 41.30000000000000426 ) ) ;
#3437 = CARTESIAN_POINT ( 'NONE',  ( 23.37986273415340222, -26.93621722149341480, 8.666684749742571848E-31 ) ) ;
#3438 = CARTESIAN_POINT ( 'NONE',  ( 21.94814545428635455, 25.76570783163188594, 22.62205171975248774 ) ) ;
#3439 = ORIENTED_EDGE ( 'NONE', *, *, #24, .F. ) ;
#3440 = CARTESIAN_POINT ( 'NONE',  ( -6.183241599498570551, 16.33311860715000208, 41.30000000000000426 ) ) ;
#3441 = LINE ( 'NONE', #6716, #6260 ) ;
#3442 = ORIENTED_EDGE ( 'NONE', *, *, #2223, .T. ) ;
#3443 = CARTESIAN_POINT ( 'NONE',  ( 3.158296623045659945, 15.19790552043070164, 40.30000000000000426 ) ) ;
#3444 = CARTESIAN_POINT ( 'NONE',  ( -11.11460475494040878, -0.6146047549404115573, 41.30000000000000426 ) ) ;
#3445 = ORIENTED_EDGE ( 'NONE', *, *, #4473, .F. ) ;
#3446 = CARTESIAN_POINT ( 'NONE',  ( -5.968511823699550689, 16.40971594895729879, 40.30000000000000426 ) ) ;
#3447 = CYLINDRICAL_SURFACE ( 'NONE', #282, 10.00000000000000000 ) ;
#3448 = ORIENTED_EDGE ( 'NONE', *, *, #6342, .T. ) ;
#3449 = CARTESIAN_POINT ( 'NONE',  ( 26.66763008954035286, 17.84055732761006396, 5.421010862427522170E-16 ) ) ;
#3450 = ORIENTED_EDGE ( 'NONE', *, *, #1820, .T. ) ;
#3451 = VECTOR ( 'NONE', #2590, 1000.000000000000000 ) ;
#3452 = ORIENTED_EDGE ( 'NONE', *, *, #4567, .F. ) ;
#3453 = ADVANCED_FACE ( 'NONE', ( #1636 ), #2812, .F. ) ;
#3454 = EDGE_CURVE ( 'NONE', #6595, #3999, #2201, .T. ) ;
#3455 = CARTESIAN_POINT ( 'NONE',  ( -7.569682328571920138, 17.17763678397260207, 40.30000000000000426 ) ) ;
#3456 = CARTESIAN_POINT ( 'NONE',  ( 26.25643750335086324, -23.04835694800154045, -2.168404344971008868E-16 ) ) ;
#3457 = CARTESIAN_POINT ( 'NONE',  ( -28.14683959804511204, -3.114604754940452302, -0.07263636767417129547 ) ) ;
#3458 = DIRECTION ( 'NONE',  ( -0.000000000000000000, -0.000000000000000000, -1.000000000000000000 ) ) ;
#3459 = DIRECTION ( 'NONE',  ( 0.000000000000000000, 0.000000000000000000, -1.000000000000000000 ) ) ;
#3460 = CARTESIAN_POINT ( 'NONE',  ( -26.14126795532792968, 23.62378776071890840, 22.62428933964283573 ) ) ;
#3461 = B_SPLINE_SURFACE_WITH_KNOTS ( 'NONE', 3, 1, ( 
 ( #2919, #4739 ),
 ( #4781, #1508 ),
 ( #3389, #4135 ),
 ( #436, #2881 ),
 ( #4817, #6657 ) ),
 .UNSPECIFIED., .F., .F., .F.,
 ( 4, 1, 4 ),
 ( 2, 2 ),
 ( 0.000000000000000000, 0.03340595680657129640, 0.05869094496829650037 ),
 ( 0.000000000000000000, 0.1000000000000000056 ),
 .UNSPECIFIED. ) ;
#3462 = LINE ( 'NONE', #4107, #4611 ) ;
#3463 = VECTOR ( 'NONE', #4310, 1000.000000000000000 ) ;
#3464 = ADVANCED_FACE ( 'NONE', ( #4716 ), #3812, .T. ) ;
#3465 = CARTESIAN_POINT ( 'NONE',  ( 10.36145766723690009, 12.46074039270500045, 41.30000000000000426 ) ) ;
#3466 = B_SPLINE_CURVE_WITH_KNOTS ( 'NONE', 3,
 ( #7654, #1553, #2002, #7618, #2697 ),
 .UNSPECIFIED., .F., .F.,
 ( 4, 1, 4 ),
 ( 0.000000000000000000, 0.01940528475791940266, 0.03661893328907710188 ),
 .UNSPECIFIED. ) ;
#3467 = CARTESIAN_POINT ( 'NONE',  ( -6.304334965571159799, 17.58001425048900401, 41.30000000000000426 ) ) ;
#3468 = CARTESIAN_POINT ( 'NONE',  ( -5.266496560315109932, 16.65240412582920015, 41.30000000000000426 ) ) ;
#3469 = ORIENTED_EDGE ( 'NONE', *, *, #7705, .F. ) ;
#3470 = CARTESIAN_POINT ( 'NONE',  ( 16.65891789430446934, 26.65282616449545827, 15.25078308168457575 ) ) ;
#3471 = VERTEX_POINT ( 'NONE', #2324 ) ;
#3472 = CARTESIAN_POINT ( 'NONE',  ( -5.733329487999350604, 17.16037439629429784, 40.30000000000000426 ) ) ;
#3473 = EDGE_CURVE ( 'NONE', #6924, #4767, #1143, .T. ) ;
#3474 = EDGE_LOOP ( 'NONE', ( #4598, #5628, #7672, #7422 ) ) ;
#3475 = CARTESIAN_POINT ( 'NONE',  ( 24.04132589079715387, -25.80745683766522447, 23.10000000000058051 ) ) ;
#3476 = ORIENTED_EDGE ( 'NONE', *, *, #433, .F. ) ;
#3477 = CARTESIAN_POINT ( 'NONE',  ( -9.405142799513498630, 14.54746987057459862, 41.30000000000000426 ) ) ;
#3478 = CARTESIAN_POINT ( 'NONE',  ( -1.498816287650310164, 15.40486053963519986, 41.30000000000000426 ) ) ;
#3479 = DIRECTION ( 'NONE',  ( 0.000000000000000000, 0.000000000000000000, -1.000000000000000000 ) ) ;
#3480 = ORIENTED_EDGE ( 'NONE', *, *, #7147, .F. ) ;
#3481 = DIRECTION ( 'NONE',  ( 0.000000000000000000, 0.7313537016191707929, -0.6819983600624981435 ) ) ;
#3482 = CARTESIAN_POINT ( 'NONE',  ( 4.062050854815740131, 17.55487336968339918, 40.30000000000000426 ) ) ;
#3483 = ORIENTED_EDGE ( 'NONE', *, *, #7143, .T. ) ;
#3484 = EDGE_CURVE ( 'NONE', #279, #6332, #1824, .T. ) ;
#3485 = AXIS2_PLACEMENT_3D ( 'NONE', #1139, #3628, #6063 ) ;
#3486 = EDGE_CURVE ( 'NONE', #3937, #3820, #6518, .T. ) ;
#3487 = CARTESIAN_POINT ( 'NONE',  ( 9.872559396403879362, 12.43467658368009943, 40.30000000000000426 ) ) ;
#3488 = DIRECTION ( 'NONE',  ( 1.000000000000000000, 1.239088197126290817E-16, 0.000000000000000000 ) ) ;
#3489 = AXIS2_PLACEMENT_3D ( 'NONE', #1118, #6039, #514 ) ;
#3490 = ORIENTED_EDGE ( 'NONE', *, *, #460, .F. ) ;
#3491 = CARTESIAN_POINT ( 'NONE',  ( 24.97055428114274278, 25.22376616802596416, 0.5246603064028159125 ) ) ;
#3492 = ORIENTED_EDGE ( 'NONE', *, *, #7265, .F. ) ;
#3493 = CARTESIAN_POINT ( 'NONE',  ( -8.956237054685368904, 14.46376407151149834, 41.30000000000000426 ) ) ;
#3494 = DIRECTION ( 'NONE',  ( -0.7134736700516182140, 0.7006820406882672270, 0.000000000000000000 ) ) ;
#3495 = VECTOR ( 'NONE', #2331, 1000.000000000000114 ) ;
#3496 = CARTESIAN_POINT ( 'NONE',  ( 9.888720267459721214, 13.08442085664560040, 41.30000000000000426 ) ) ;
#3497 = CARTESIAN_POINT ( 'NONE',  ( 26.66763008955992120, -19.07083179709298904, -2.168404344971008868E-16 ) ) ;
#3498 = FACE_OUTER_BOUND ( 'NONE', #4164, .T. ) ;
#3499 = AXIS2_PLACEMENT_3D ( 'NONE', #7886, #2314, #1709 ) ;
#3500 = DIRECTION ( 'NONE',  ( 1.000000000000000000, 6.943123467126492968E-15, 9.635519420023948763E-29 ) ) ;
#3501 = DIRECTION ( 'NONE',  ( 1.000000000000000000, 0.000000000000000000, 0.000000000000000000 ) ) ;
#3502 = CARTESIAN_POINT ( 'NONE',  ( -0.6146047549404088928, -0.6146047549404088928, 41.30000000000000426 ) ) ;
#3503 = DIRECTION ( 'NONE',  ( 1.000000000000000000, 1.224646799147351235E-16, -0.000000000000000000 ) ) ;
#3504 = DIRECTION ( 'NONE',  ( 0.000000000000000000, -1.000000000000000000, 0.000000000000000000 ) ) ;
#3505 = CARTESIAN_POINT ( 'NONE',  ( 10.36145766723690009, 12.46074039270500045, 40.30000000000000426 ) ) ;
#3506 = CARTESIAN_POINT ( 'NONE',  ( -9.731170377294649398, 16.26552939047660118, 40.30000000000000426 ) ) ;
#3507 = FACE_OUTER_BOUND ( 'NONE', #4652, .T. ) ;
#3508 = VERTEX_POINT ( 'NONE', #537 ) ;
#3509 = DIRECTION ( 'NONE',  ( -8.673617379884042375E-16, -0.03489949670250350189, 0.9993908270190956511 ) ) ;
#3510 = AXIS2_PLACEMENT_3D ( 'NONE', #5958, #2213, #426 ) ;
#3511 = ORIENTED_EDGE ( 'NONE', *, *, #1741, .F. ) ;
#3512 = EDGE_CURVE ( 'NONE', #5658, #5759, #2788, .T. ) ;
#3513 = CARTESIAN_POINT ( 'NONE',  ( 24.55829144189068458, -25.27300020824528204, 23.10000000000027853 ) ) ;
#3514 = CARTESIAN_POINT ( 'NONE',  ( -0.7786472314460989308, -19.73621228586849696, 41.30000000000000426 ) ) ;
#3515 = CARTESIAN_POINT ( 'NONE',  ( 9.891103593255460069, 13.02115225395049869, 41.30000000000000426 ) ) ;
#3516 = CARTESIAN_POINT ( 'NONE',  ( -28.14220700448366586, -22.23436653597579493, 0.5200145713188343288 ) ) ;
#3517 = PLANE ( 'NONE',  #6622 ) ;
#3518 = TOROIDAL_SURFACE ( 'NONE', #3128, 2.000000000000000888, 0.5000000000000000000 ) ;
#3519 = VERTEX_POINT ( 'NONE', #7332 ) ;
#3520 = CARTESIAN_POINT ( 'NONE',  ( -26.01176288011234305, -24.13934293818837062, 23.09999999999999432 ) ) ;
#3521 = ORIENTED_EDGE ( 'NONE', *, *, #1228, .F. ) ;
#3522 = CARTESIAN_POINT ( 'NONE',  ( -27.17207153990049306, 24.00319466199178819, 0.5238838621531617390 ) ) ;
#3523 = DIRECTION ( 'NONE',  ( 0.000000000000000000, 0.000000000000000000, -1.000000000000000000 ) ) ;
#3524 = CARTESIAN_POINT ( 'NONE',  ( -9.565092019578870008, 15.34733272393379977, 40.30000000000000426 ) ) ;
#3525 = EDGE_CURVE ( 'NONE', #4275, #6229, #4453, .T. ) ;
#3526 = B_SPLINE_SURFACE_WITH_KNOTS ( 'NONE', 3, 1, ( 
 ( #2528, #5605 ),
 ( #2566, #4428 ),
 ( #2600, #7517 ),
 ( #1986, #6905 ),
 ( #3866, #2879 ) ),
 .UNSPECIFIED., .F., .F., .F.,
 ( 4, 1, 4 ),
 ( 2, 2 ),
 ( 0.000000000000000000, 0.02608123565485459885, 0.05998096439887130177 ),
 ( 0.000000000000000000, 0.1000000000000000056 ),
 .UNSPECIFIED. ) ;
#3527 = VECTOR ( 'NONE', #3148, 1000.000000000000000 ) ;
#3528 = EDGE_LOOP ( 'NONE', ( #88, #141, #3307, #1890 ) ) ;
#3529 = CARTESIAN_POINT ( 'NONE',  ( 26.74373433960059998, 21.92700632409826156, 0.5209907058114464640 ) ) ;
#3530 = ORIENTED_EDGE ( 'NONE', *, *, #3664, .T. ) ;
#3531 = CARTESIAN_POINT ( 'NONE',  ( -8.956237054685368904, 14.46376407151149834, 40.30000000000000426 ) ) ;
#3532 = DIRECTION ( 'NONE',  ( 0.000000000000000000, 0.000000000000000000, -1.000000000000000000 ) ) ;
#3533 = B_SPLINE_CURVE_WITH_KNOTS ( 'NONE', 3,
 ( #1926, #4367, #2541, #6843, #1315 ),
 .UNSPECIFIED., .F., .F.,
 ( 4, 1, 4 ),
 ( 0.000000000000000000, 0.03711580906407299651, 0.08242987321745530449 ),
 .UNSPECIFIED. ) ;
#3534 = DIRECTION ( 'NONE',  ( -0.1806975293134329141, -0.9835387144896845513, 0.000000000000000000 ) ) ;
#3535 = CARTESIAN_POINT ( 'NONE',  ( 11.30312724816690029, 13.92900155362320014, 40.30000000000000426 ) ) ;
#3536 = CARTESIAN_POINT ( 'NONE',  ( -5.543350294531720124, 17.74580551231959902, 41.30000000000000426 ) ) ;
#3537 = EDGE_CURVE ( 'NONE', #5777, #1195, #4366, .T. ) ;
#3538 = DIRECTION ( 'NONE',  ( -0.5953237270209262855, -0.8034859426560702067, 0.000000000000000000 ) ) ;
#3539 = CARTESIAN_POINT ( 'NONE',  ( -10.58694316667890156, 15.69196364208130134, 40.30000000000000426 ) ) ;
#3540 = CARTESIAN_POINT ( 'NONE',  ( 3.596184367862199860, 18.30640974657900344, 40.30000000000000426 ) ) ;
#3541 = DIRECTION ( 'NONE',  ( -1.000000000000000000, 0.000000000000000000, -1.734723475976805517E-15 ) ) ;
#3542 = CARTESIAN_POINT ( 'NONE',  ( -5.489334050348150029, 17.68508882254600323, 40.30000000000000426 ) ) ;
#3543 = LINE ( 'NONE', #2233, #6569 ) ;
#3544 = CARTESIAN_POINT ( 'NONE',  ( 3.612859788535689898, 17.41994487467379926, 40.30000000000000426 ) ) ;
#3545 = CARTESIAN_POINT ( 'NONE',  ( -5.180126546643889718, 16.91931405009639633, 41.30000000000000426 ) ) ;
#3546 = ORIENTED_EDGE ( 'NONE', *, *, #5912, .T. ) ;
#3547 = CARTESIAN_POINT ( 'NONE',  ( 2.251984517285699816, 15.12839956717800050, 41.30000000000000426 ) ) ;
#3548 = VECTOR ( 'NONE', #6701, 1000.000000000000114 ) ;
#3549 = ORIENTED_EDGE ( 'NONE', *, *, #1493, .F. ) ;
#3550 = B_SPLINE_SURFACE_WITH_KNOTS ( 'NONE', 3, 1, ( 
 ( #2754, #7023 ),
 ( #1497, #5208 ),
 ( #7684, #4214 ),
 ( #4853, #1082 ),
 ( #3573, #6655 ) ),
 .UNSPECIFIED., .F., .F., .F.,
 ( 4, 1, 4 ),
 ( 2, 2 ),
 ( 0.000000000000000000, 0.02451018775968460267, 0.04653512814886310439 ),
 ( 0.000000000000000000, 0.1000000000000000056 ),
 .UNSPECIFIED. ) ;
#3551 = EDGE_LOOP ( 'NONE', ( #4272, #4763, #4916, #6818 ) ) ;
#3552 = EDGE_CURVE ( 'NONE', #2746, #832, #1860, .T. ) ;
#3553 = CIRCLE ( 'NONE', #6108, 23.44869712578019971 ) ;
#3554 = DIRECTION ( 'NONE',  ( 1.000000000000000000, 0.000000000000000000, 0.000000000000000000 ) ) ;
#3555 = CARTESIAN_POINT ( 'NONE',  ( 18.54391995565629969, 27.19095916546050162, -0.1593298338457369845 ) ) ;
#3556 = CARTESIAN_POINT ( 'NONE',  ( 3.260212648881379849, 15.80815253307910062, 40.30000000000000426 ) ) ;
#3557 = CARTESIAN_POINT ( 'NONE',  ( 24.57968214974046006, 24.07322370617021789, 22.62466756945459068 ) ) ;
#3558 = ORIENTED_EDGE ( 'NONE', *, *, #7947, .F. ) ;
#3559 = FACE_OUTER_BOUND ( 'NONE', #7130, .T. ) ;
#3560 = VERTEX_POINT ( 'NONE', #7288 ) ;
#3561 = LINE ( 'NONE', #389, #2179 ) ;
#3562 = B_SPLINE_CURVE_WITH_KNOTS ( 'NONE', 3,
 ( #4914, #6715, #1188, #3670, #5980 ),
 .UNSPECIFIED., .F., .F.,
 ( 4, 1, 4 ),
 ( 0.000000000000000000, 0.01681437180756419764, 0.04338606958268419883 ),
 .UNSPECIFIED. ) ;
#3563 = EDGE_CURVE ( 'NONE', #2658, #1614, #7514, .T. ) ;
#3564 = CARTESIAN_POINT ( 'NONE',  ( -5.821073174461130151, 16.58158492321780031, 40.30000000000000426 ) ) ;
#3565 = CARTESIAN_POINT ( 'NONE',  ( 9.840481588686309067, 13.34985304738949985, 41.30000000000000426 ) ) ;
#3566 = VERTEX_POINT ( 'NONE', #6115 ) ;
#3567 = LINE ( 'NONE', #7141, #7032 ) ;
#3568 = ORIENTED_EDGE ( 'NONE', *, *, #7238, .T. ) ;
#3569 = ORIENTED_EDGE ( 'NONE', *, *, #7050, .T. ) ;
#3570 = FACE_BOUND ( 'NONE', #968, .T. ) ;
#3571 = CIRCLE ( 'NONE', #7157, 10.50000000000000000 ) ;
#3572 = CARTESIAN_POINT ( 'NONE',  ( 6.895158126615839933, 16.33704649284770127, 41.30000000000000426 ) ) ;
#3573 = CARTESIAN_POINT ( 'NONE',  ( -5.916979979357109620, 17.97328504378209857, 41.30000000000000426 ) ) ;
#3574 = CARTESIAN_POINT ( 'NONE',  ( -9.789225526048308978, 14.22255285263720026, 40.30000000000000426 ) ) ;
#3575 = FACE_OUTER_BOUND ( 'NONE', #113, .T. ) ;
#3576 = CARTESIAN_POINT ( 'NONE',  ( 3.223099707753630305, 15.23052358035790022, 41.30000000000000426 ) ) ;
#3577 = DIRECTION ( 'NONE',  ( 0.04204328404922352130, 0.9991157902197103091, 0.000000000000000000 ) ) ;
#3578 = DIRECTION ( 'NONE',  ( 1.000000000000000000, 1.224646799147351235E-16, -0.000000000000000000 ) ) ;
#3579 = CARTESIAN_POINT ( 'NONE',  ( 23.67243718402770014, -27.59670028144720177, -0.008994215513543650162 ) ) ;
#3580 = VECTOR ( 'NONE', #5001, 1000.000000000000000 ) ;
#3581 = CARTESIAN_POINT ( 'NONE',  ( -0.5722441504467039586, 18.88662682999719777, 40.30000000000000426 ) ) ;
#3582 = CARTESIAN_POINT ( 'NONE',  ( 3.338394301825269750, 32.02059926581819838, 8.079537983639850651 ) ) ;
#3584 = EDGE_CURVE ( 'NONE', #7959, #4416, #3388, .T. ) ;
#3583 = CARTESIAN_POINT ( 'NONE',  ( -10.15431902518030149, 16.30599687082739990, 41.30000000000000426 ) ) ;
#3585 = CARTESIAN_POINT ( 'NONE',  ( 21.49999999999999645, -21.50000000000000000, 0.000000000000000000 ) ) ;
#3586 = CIRCLE ( 'NONE', #596, 0.5000000000000004441 ) ;
#3587 = EDGE_LOOP ( 'NONE', ( #3469, #7700, #757, #7714 ) ) ;
#3588 = CARTESIAN_POINT ( 'NONE',  ( 2.729363734454619994, 18.59740268094780191, 41.30000000000000426 ) ) ;
#3589 = ORIENTED_EDGE ( 'NONE', *, *, #3068, .F. ) ;
#3590 = VECTOR ( 'NONE', #3623, 1000.000000000000000 ) ;
#3591 = CARTESIAN_POINT ( 'NONE',  ( -9.623926775238519582, 15.55835804745319884, 41.30000000000000426 ) ) ;
#3592 = DIRECTION ( 'NONE',  ( 7.401486830834377265E-16, 0.03489949670250108715, -0.9993908270190956511 ) ) ;
#3593 = PLANE ( 'NONE',  #7830 ) ;
#3594 = CARTESIAN_POINT ( 'NONE',  ( -9.650064367965448753, 15.60762795477450027, 41.30000000000000426 ) ) ;
#3595 = VERTEX_POINT ( 'NONE', #6021 ) ;
#3596 = EDGE_CURVE ( 'NONE', #6819, #5667, #5575, .T. ) ;
#3597 = ORIENTED_EDGE ( 'NONE', *, *, #3184, .F. ) ;
#3598 = EDGE_CURVE ( 'NONE', #1612, #3836, #7134, .T. ) ;
#3599 = DIRECTION ( 'NONE',  ( 0.000000000000000000, 0.000000000000000000, -1.000000000000000000 ) ) ;
#3600 = DIRECTION ( 'NONE',  ( 0.000000000000000000, 0.000000000000000000, -1.000000000000000000 ) ) ;
#3601 = VERTEX_POINT ( 'NONE', #1231 ) ;
#3602 = CARTESIAN_POINT ( 'NONE',  ( -5.709908941083569722, 17.89810315802280272, 41.30000000000000426 ) ) ;
#3603 = CARTESIAN_POINT ( 'NONE',  ( 26.56488744286443904, 19.83508705242454795, -4.987329993433320396E-15 ) ) ;
#3604 = ORIENTED_EDGE ( 'NONE', *, *, #3807, .T. ) ;
#3605 = DIRECTION ( 'NONE',  ( 0.000000000000000000, 0.000000000000000000, -1.000000000000000000 ) ) ;
#3606 = ORIENTED_EDGE ( 'NONE', *, *, #5941, .F. ) ;
#3607 = EDGE_CURVE ( 'NONE', #6350, #6139, #3105, .T. ) ;
#3608 = CARTESIAN_POINT ( 'NONE',  ( 9.840481588686309067, 13.34985304738949985, 41.30000000000000426 ) ) ;
#3609 = CARTESIAN_POINT ( 'NONE',  ( 21.27112765036605424, -27.17373974952634086, 22.62113228575817914 ) ) ;
#3610 = CARTESIAN_POINT ( 'NONE',  ( -9.576203527604580046, 14.53032801389129958, 40.30000000000000426 ) ) ;
#3611 = CARTESIAN_POINT ( 'NONE',  ( 25.36744980224861834, -26.07685846585047429, 2.687046527216048728E-13 ) ) ;
#3612 = CARTESIAN_POINT ( 'NONE',  ( 22.92018961751876205, 24.77376043156348118, 23.10000000000000853 ) ) ;
#3613 = CARTESIAN_POINT ( 'NONE',  ( 11.07124740257579987, 13.59930373014210048, 40.30000000000000426 ) ) ;
#3614 = AXIS2_PLACEMENT_3D ( 'NONE', #1723, #4241, #4201 ) ;
#3615 = CARTESIAN_POINT ( 'NONE',  ( 10.02637720198029925, 15.28910112577960057, 41.30000000000000426 ) ) ;
#3616 = CARTESIAN_POINT ( 'NONE',  ( 3.249678716339170048, 18.46561809868619974, 40.30000000000000426 ) ) ;
#3617 = CARTESIAN_POINT ( 'NONE',  ( 20.68801344582460189, -28.28484806299280052, -0.08918193888541990633 ) ) ;
#3618 = VECTOR ( 'NONE', #7620, 1000.000000000000000 ) ;
#3619 = DIRECTION ( 'NONE',  ( 0.000000000000000000, 0.000000000000000000, -1.000000000000000000 ) ) ;
#3620 = CARTESIAN_POINT ( 'NONE',  ( -28.14887795776479962, 18.27262923807980144, 7.609419867979510421 ) ) ;
#3621 = EDGE_CURVE ( 'NONE', #1240, #5301, #3879, .T. ) ;
#3622 = LINE ( 'NONE', #4864, #3726 ) ;
#3623 = DIRECTION ( 'NONE',  ( 0.000000000000000000, 0.000000000000000000, 1.000000000000000000 ) ) ;
#3624 = VERTEX_POINT ( 'NONE', #3225 ) ;
#3625 = CARTESIAN_POINT ( 'NONE',  ( -9.246960617351630773, 14.53064746097110138, 41.30000000000000426 ) ) ;
#3626 = DIRECTION ( 'NONE',  ( 0.000000000000000000, 0.9993908270190957621, 0.03489949670250418884 ) ) ;
#3627 = ORIENTED_EDGE ( 'NONE', *, *, #781, .F. ) ;
#3628 = DIRECTION ( 'NONE',  ( 0.000000000000000000, 0.000000000000000000, 1.000000000000000000 ) ) ;
#3629 = CARTESIAN_POINT ( 'NONE',  ( 25.95643417730689251, 23.98605684594641119, 0.5238208328967877137 ) ) ;
#3630 = B_SPLINE_CURVE_WITH_KNOTS ( 'NONE', 3,
 ( #4978, #8005, #3659, #4304 ),
 .UNSPECIFIED., .F., .F.,
 ( 4, 4 ),
 ( -2.202396848452707889, 0.01029651723492186477 ),
 .UNSPECIFIED. ) ;
#3631 = CARTESIAN_POINT ( 'NONE',  ( -9.576203527604580046, 14.53032801389129958, 41.30000000000000426 ) ) ;
#3632 = EDGE_CURVE ( 'NONE', #4131, #1969, #6353, .T. ) ;
#3633 = CARTESIAN_POINT ( 'NONE',  ( -17.61402670949010130, 26.37872546980020161, 23.09999999999999787 ) ) ;
#3634 = CARTESIAN_POINT ( 'NONE',  ( 11.27778356099960000, 14.16282031780589890, 40.30000000000000426 ) ) ;
#3635 = CARTESIAN_POINT ( 'NONE',  ( 3.471434997763560570, 15.39972131501579966, 40.30000000000000426 ) ) ;
#3636 = ORIENTED_EDGE ( 'NONE', *, *, #6568, .F. ) ;
#3637 = ORIENTED_EDGE ( 'NONE', *, *, #3001, .F. ) ;
#3638 = CARTESIAN_POINT ( 'NONE',  ( 26.91763008816432290, 27.18539524505962746, 7.667790853192705036 ) ) ;
#3639 = CARTESIAN_POINT ( 'NONE',  ( -28.39653501155466131, 17.17341723148286547, 0.5174497483512503493 ) ) ;
#3640 = ORIENTED_EDGE ( 'NONE', *, *, #3713, .F. ) ;
#3641 = EDGE_CURVE ( 'NONE', #3798, #588, #3350, .T. ) ;
#3642 = CARTESIAN_POINT ( 'NONE',  ( -9.906066169953589906, 14.22069020945520101, 40.30000000000000426 ) ) ;
#3643 = CARTESIAN_POINT ( 'NONE',  ( -0.1091220223513110071, 18.88031908181340057, 40.30000000000000426 ) ) ;
#3644 = EDGE_LOOP ( 'NONE', ( #4443, #906, #6916, #954 ) ) ;
#3645 = CARTESIAN_POINT ( 'NONE',  ( 9.891362968833341540, 12.93684779613270130, 40.30000000000000426 ) ) ;
#3646 = CARTESIAN_POINT ( 'NONE',  ( 4.700765855299260387, 14.52067066262589989, 41.30000000000000426 ) ) ;
#3647 = EDGE_LOOP ( 'NONE', ( #786, #6203, #7905, #7435 ) ) ;
#3648 = ORIENTED_EDGE ( 'NONE', *, *, #6776, .F. ) ;
#3649 = CARTESIAN_POINT ( 'NONE',  ( -4.515159088767994433, 32.44373627464360510, 6.093095164990826262 ) ) ;
#3650 = EDGE_LOOP ( 'NONE', ( #3480, #1980, #1605, #4846 ) ) ;
#3651 = CIRCLE ( 'NONE', #2341, 10.50000000000000000 ) ;
#3652 = ORIENTED_EDGE ( 'NONE', *, *, #2022, .F. ) ;
#3653 = DIRECTION ( 'NONE',  ( 0.3983177095384179967, 0.9172475141792800768, 0.000000000000000000 ) ) ;
#3654 = EDGE_CURVE ( 'NONE', #5667, #133, #6413, .T. ) ;
#3655 = CARTESIAN_POINT ( 'NONE',  ( 24.07322580662316369, -25.80889317528300708, 22.62466756818378144 ) ) ;
#3656 = CARTESIAN_POINT ( 'NONE',  ( -6.627671221020169590, 17.93747955119249937, 40.30000000000000426 ) ) ;
#3657 = CARTESIAN_POINT ( 'NONE',  ( 24.24109804390196743, -26.42512182647962149, 0.000000000000000000 ) ) ;
#3658 = CARTESIAN_POINT ( 'NONE',  ( 3.471434997763560570, 15.39972131501579966, 40.30000000000000426 ) ) ;
#3659 = CARTESIAN_POINT ( 'NONE',  ( 26.91007583308461548, 16.91616756289371182, 7.884116415017906832 ) ) ;
#3660 = DIRECTION ( 'NONE',  ( -1.000000000000000000, 0.000000000000000000, 0.000000000000000000 ) ) ;
#3661 = CARTESIAN_POINT ( 'NONE',  ( -26.80672841276665963, 24.54344955245189297, 0.5244170929931716296 ) ) ;
#3662 = FACE_OUTER_BOUND ( 'NONE', #5093, .T. ) ;
#3663 = CARTESIAN_POINT ( 'NONE',  ( 21.83016105087358127, -27.02837511533968495, 22.62187321704610810 ) ) ;
#3664 = EDGE_CURVE ( 'NONE', #1598, #4961, #4515, .T. ) ;
#3665 = CARTESIAN_POINT ( 'NONE',  ( 16.40166822571531213, 25.89588108239666298, 23.09999999999999787 ) ) ;
#3666 = CARTESIAN_POINT ( 'NONE',  ( 9.811208069487911132, 11.57386766533040046, 41.30000000000000426 ) ) ;
#3667 = CARTESIAN_POINT ( 'NONE',  ( -6.304334965571159799, 17.58001425048900401, 41.30000000000000426 ) ) ;
#3668 = DIRECTION ( 'NONE',  ( -0.8478911321297500914, -0.5301703764411311859, 0.000000000000000000 ) ) ;
#3669 = ORIENTED_EDGE ( 'NONE', *, *, #1495, .T. ) ;
#3670 = CARTESIAN_POINT ( 'NONE',  ( -6.639229152579590121, 17.49805147957830087, 40.30000000000000426 ) ) ;
#3671 = DIRECTION ( 'NONE',  ( 0.000000000000000000, 0.000000000000000000, 1.000000000000000000 ) ) ;
#3672 = ORIENTED_EDGE ( 'NONE', *, *, #7552, .T. ) ;
#3673 = EDGE_CURVE ( 'NONE', #2330, #6026, #758, .T. ) ;
#3674 = DIRECTION ( 'NONE',  ( 1.000000000000000000, 0.000000000000000000, 0.000000000000000000 ) ) ;
#3675 = CARTESIAN_POINT ( 'NONE',  ( 19.49999999999999289, -21.50000000000000000, 0.5000000000000004441 ) ) ;
#3676 = EDGE_CURVE ( 'NONE', #1936, #2236, #4715, .T. ) ;
#3677 = CARTESIAN_POINT ( 'NONE',  ( 3.063672018094139915, 15.64736861108340094, 40.30000000000000426 ) ) ;
#3678 = FACE_OUTER_BOUND ( 'NONE', #7092, .T. ) ;
#3679 = ORIENTED_EDGE ( 'NONE', *, *, #1741, .T. ) ;
#3680 = VERTEX_POINT ( 'NONE', #1387 ) ;
#3681 = DIRECTION ( 'NONE',  ( -0.9835387144896845513, 0.1806975293134319149, 0.000000000000000000 ) ) ;
#3682 = SURFACE_STYLE_USAGE ( .BOTH. , #6766 ) ;
#3683 = AXIS2_PLACEMENT_3D ( 'NONE', #2089, #3353, #6963 ) ;
#3684 = LINE ( 'NONE', #1853, #3527 ) ;
#3685 = CARTESIAN_POINT ( 'NONE',  ( 11.61535526829529985, 13.52141349351989952, 40.30000000000000426 ) ) ;
#3686 = ORIENTED_EDGE ( 'NONE', *, *, #7068, .T. ) ;
#3687 = LINE ( 'NONE', #4886, #5911 ) ;
#3688 = DIRECTION ( 'NONE',  ( -0.000000000000000000, -0.000000000000000000, -1.000000000000000000 ) ) ;
#3689 = ORIENTED_EDGE ( 'NONE', *, *, #6043, .F. ) ;
#3690 = CARTESIAN_POINT ( 'NONE',  ( -1.161605698174730028, 32.53774442767899444, 7.597292318481549955 ) ) ;
#3691 = ORIENTED_EDGE ( 'NONE', *, *, #1630, .T. ) ;
#3692 = ORIENTED_EDGE ( 'NONE', *, *, #2639, .F. ) ;
#3693 = CARTESIAN_POINT ( 'NONE',  ( -25.64059455047335945, 23.47768408799898765, 23.09999999999999787 ) ) ;
#3694 = CARTESIAN_POINT ( 'NONE',  ( -9.875672825965400747, 12.46497071683210045, 41.30000000000000426 ) ) ;
#3695 = DIRECTION ( 'NONE',  ( -0.000000000000000000, -1.000000000000000000, -0.000000000000000000 ) ) ;
#3696 = CARTESIAN_POINT ( 'NONE',  ( 23.16577887616081810, 25.20979480816138718, 22.62380282184487612 ) ) ;
#3697 = ORIENTED_EDGE ( 'NONE', *, *, #6759, .F. ) ;
#3698 = CARTESIAN_POINT ( 'NONE',  ( -4.661605698174719592, 27.80253651785229962, -0.07263636767417129547 ) ) ;
#3699 = B_SPLINE_CURVE_WITH_KNOTS ( 'NONE', 3,
 ( #1682, #5423, #5986, #2979, #458, #1028, #3516, #4920, #5501, #7980, #2410, #1067, #1761, #1193, #5385, #7896, #5949, #4280, #7862, #2326, #4197, #6634, #1104, #500, #2902, #6677 ),
 .UNSPECIFIED., .F., .F.,
 ( 4, 2, 2, 2, 2, 2, 2, 2, 2, 2, 2, 2, 4 ),
 ( -6.000000000601484177E-08, 0.002094035258930658765, 0.003141082888395991222, 0.004188130517861324113, 0.006282225776791989028, 0.007329273406257319316, 0.008376321035722649605, 0.009423368665187979026, 0.01047041629465331018, 0.01256451155358397943, 0.01465860681251464868, 0.01570565444197997637, 0.01675270207144530579 ),
 .UNSPECIFIED. ) ;
#3700 = CARTESIAN_POINT ( 'NONE',  ( -27.48564701323283543, 21.81914743812762580, 6.505213034913026604E-16 ) ) ;
#3701 = CARTESIAN_POINT ( 'NONE',  ( 27.19259762251819978, -18.42789886220809947, -0.2062491051439050149 ) ) ;
#3702 = ADVANCED_FACE ( 'NONE', ( #3883 ), #2116, .F. ) ;
#3703 = CARTESIAN_POINT ( 'NONE',  ( 25.95246528754728388, -22.38443636666378111, 23.09999999999651976 ) ) ;
#3704 = VECTOR ( 'NONE', #1404, 1000.000000000000114 ) ;
#3705 = PLANE ( 'NONE',  #2898 ) ;
#3706 = CARTESIAN_POINT ( 'NONE',  ( -27.97294337402563968, -23.15621699868647454, 0.5209907042856327664 ) ) ;
#3707 = CARTESIAN_POINT ( 'NONE',  ( -3.278647231446099930, -15.40608526694630065, 41.30000000000000426 ) ) ;
#3708 = EDGE_LOOP ( 'NONE', ( #2732, #1983 ) ) ;
#3709 = CARTESIAN_POINT ( 'NONE',  ( 9.337044350262901915, 14.35873461924449934, 41.30000000000000426 ) ) ;
#3710 = DIRECTION ( 'NONE',  ( -0.9172475141792796327, 0.3983177095384188293, 0.000000000000000000 ) ) ;
#3711 = ORIENTED_EDGE ( 'NONE', *, *, #3673, .T. ) ;
#3712 = AXIS2_PLACEMENT_3D ( 'NONE', #5970, #1623, #4742 ) ;
#3713 = EDGE_CURVE ( 'NONE', #5451, #1195, #7492, .T. ) ;
#3714 = EDGE_CURVE ( 'NONE', #6215, #2105, #2238, .T. ) ;
#3715 = CARTESIAN_POINT ( 'NONE',  ( -4.515159088767986439, 32.64802234189658492, 0.2431076009653834746 ) ) ;
#3716 = CARTESIAN_POINT ( 'NONE',  ( -8.141998532835950542, 17.41757144940040192, 41.30000000000000426 ) ) ;
#3717 = VECTOR ( 'NONE', #3987, 1000.000000000000000 ) ;
#3718 = CARTESIAN_POINT ( 'NONE',  ( 3.612859788535689898, 17.41994487467379926, 41.30000000000000426 ) ) ;
#3719 = CARTESIAN_POINT ( 'NONE',  ( 26.65171082206851594, 18.50665128862093667, -2.818925648462314289E-15 ) ) ;
#3720 = EDGE_CURVE ( 'NONE', #2205, #2157, #6053, .T. ) ;
#3721 = ORIENTED_EDGE ( 'NONE', *, *, #3340, .T. ) ;
#3722 = CARTESIAN_POINT ( 'NONE',  ( 9.098265018586578989, 14.03646317651399933, 41.30000000000000426 ) ) ;
#3723 = ORIENTED_EDGE ( 'NONE', *, *, #3268, .T. ) ;
#3724 = FILL_AREA_STYLE ('',( #4928 ) ) ;
#3725 = VERTEX_POINT ( 'NONE', #901 ) ;
#3726 = VECTOR ( 'NONE', #3054, 1000.000000000000000 ) ;
#3727 = EDGE_CURVE ( 'NONE', #431, #1203, #1466, .T. ) ;
#3728 = CARTESIAN_POINT ( 'NONE',  ( 11.56418602371990012, 13.44251381513900157, 40.30000000000000426 ) ) ;
#3729 = ORIENTED_EDGE ( 'NONE', *, *, #2868, .F. ) ;
#3730 = CARTESIAN_POINT ( 'NONE',  ( 9.885132827102239617, 5.523663085483880408, 41.30000000000000426 ) ) ;
#3731 = ADVANCED_FACE ( 'NONE', ( #5476 ), #3461, .F. ) ;
#3732 = CARTESIAN_POINT ( 'NONE',  ( -5.286458531868709620, 17.32921775743540138, 40.30000000000000426 ) ) ;
#3733 = CARTESIAN_POINT ( 'NONE',  ( -25.80889466422820888, -25.30243738466090164, 22.62466756693206449 ) ) ;
#3734 = ORIENTED_EDGE ( 'NONE', *, *, #4872, .F. ) ;
#3735 = CARTESIAN_POINT ( 'NONE',  ( -23.00000000000000355, 21.50000000000000355, 0.5000000000000004441 ) ) ;
#3736 = CARTESIAN_POINT ( 'NONE',  ( 2.720929507691979943, 15.52585499005520120, 40.30000000000000426 ) ) ;
#3737 = CARTESIAN_POINT ( 'NONE',  ( -27.62478600578701560, -17.63087773559610838, 22.61744974835124822 ) ) ;
#3738 = ADVANCED_FACE ( 'NONE', ( #4176 ), #285, .F. ) ;
#3739 = CARTESIAN_POINT ( 'NONE',  ( 3.223099707753630305, 15.23052358035790022, 40.30000000000000426 ) ) ;
#3740 = ORIENTED_EDGE ( 'NONE', *, *, #2829, .F. ) ;
#3741 = CARTESIAN_POINT ( 'NONE',  ( -27.89683959804511915, 17.19148697486859234, 0.000000000000000000 ) ) ;
#3742 = EDGE_CURVE ( 'NONE', #7554, #3198, #5439, .T. ) ;
#3743 = CARTESIAN_POINT ( 'NONE',  ( 6.936643174998880390, 16.84674734871670054, 40.30000000000000426 ) ) ;
#3744 = TOROIDAL_SURFACE ( 'NONE', #244, 24.48284438740353508, 0.5000000000000000000 ) ;
#3745 = CARTESIAN_POINT ( 'NONE',  ( 25.32050765691219851, -22.92484237528921653, 23.10000000000001563 ) ) ;
#3746 = CARTESIAN_POINT ( 'NONE',  ( -26.42512306077737350, -25.47030934680884684, -6.259272319258527032E-31 ) ) ;
#3747 = CARTESIAN_POINT ( 'NONE',  ( -28.42016867534129787, 18.54391995565629969, -0.1593298338457369845 ) ) ;
#3748 = CIRCLE ( 'NONE', #3489, 0.5000000000000004441 ) ;
#3749 = CARTESIAN_POINT ( 'NONE',  ( -26.42512305892508095, -25.47030934547924019, -6.505213034913026604E-16 ) ) ;
#3750 = ORIENTED_EDGE ( 'NONE', *, *, #3200, .F. ) ;
#3751 = DIRECTION ( 'NONE',  ( -0.6871425068220728960, -0.7265226598794268797, 0.000000000000000000 ) ) ;
#3752 = CARTESIAN_POINT ( 'NONE',  ( -27.59095971828021732, 17.75471050876534207, 23.10000000000000497 ) ) ;
#3753 = EDGE_LOOP ( 'NONE', ( #5125, #5829, #3815, #1689 ) ) ;
#3754 = CARTESIAN_POINT ( 'NONE',  ( 27.07887255004985150, 19.61615425796837542, 0.5188322026260855369 ) ) ;
#3755 = EDGE_CURVE ( 'NONE', #1030, #576, #7419, .T. ) ;
#3756 = CARTESIAN_POINT ( 'NONE',  ( 10.32551870358700086, 12.95779116954750165, 40.30000000000000426 ) ) ;
#3757 = CARTESIAN_POINT ( 'NONE',  ( -17.88531742706660310, 26.65001618737669986, 15.33125029817470164 ) ) ;
#3758 = CARTESIAN_POINT ( 'NONE',  ( 2.251984517285699816, 15.12839956717800050, 41.30000000000000426 ) ) ;
#3759 = CARTESIAN_POINT ( 'NONE',  ( -10.26838636015069994, 12.21941433068429816, 40.30000000000000426 ) ) ;
#3760 = EDGE_LOOP ( 'NONE', ( #5752, #545, #2370, #745 ) ) ;
#3761 = CARTESIAN_POINT ( 'NONE',  ( 4.099040239734519808, 16.73679265412779671, 41.30000000000000426 ) ) ;
#3762 = VECTOR ( 'NONE', #1843, 1000.000000000000114 ) ;
#3763 = EDGE_LOOP ( 'NONE', ( #3265, #3845, #2465, #6241 ) ) ;
#3764 = CARTESIAN_POINT ( 'NONE',  ( -19.50000000000000000, 21.50000000000000355, 0.5000000000000004441 ) ) ;
#3765 = ORIENTED_EDGE ( 'NONE', *, *, #1152, .F. ) ;
#3766 = CARTESIAN_POINT ( 'NONE',  ( -9.245204976220421145, 15.86077891719580180, 41.30000000000000426 ) ) ;
#3767 = AXIS2_PLACEMENT_3D ( 'NONE', #1905, #1863, #1944 ) ;
#3768 = EDGE_CURVE ( 'NONE', #2068, #4829, #4150, .T. ) ;
#3769 = CARTESIAN_POINT ( 'NONE',  ( -19.23054803038409943, -27.87758724018820189, 15.37816956980479866 ) ) ;
#3770 = VERTEX_POINT ( 'NONE', #6430 ) ;
#3771 = LINE ( 'NONE', #7258, #6949 ) ;
#3772 = DIRECTION ( 'NONE',  ( 0.000000000000000000, 0.000000000000000000, -1.000000000000000000 ) ) ;
#3773 = EDGE_LOOP ( 'NONE', ( #5107, #7489, #7395, #3914 ) ) ;
#3774 = CARTESIAN_POINT ( 'NONE',  ( -26.02783352485686663, -25.03165231316412687, 22.62447667664991258 ) ) ;
#3775 = VERTEX_POINT ( 'NONE', #4215 ) ;
#3776 = VERTEX_POINT ( 'NONE', #3574 ) ;
#3777 = CARTESIAN_POINT ( 'NONE',  ( 2.153277872611869981, 15.14466350712690002, 41.30000000000000426 ) ) ;
#3778 = PLANE ( 'NONE',  #1520 ) ;
#3779 = CARTESIAN_POINT ( 'NONE',  ( 9.098265018586578989, 14.03646317651399933, 40.30000000000000426 ) ) ;
#3780 = VERTEX_POINT ( 'NONE', #1046 ) ;
#3781 = CARTESIAN_POINT ( 'NONE',  ( 3.530325456679110019, 15.45240078051609878, 40.30000000000000426 ) ) ;
#3782 = VECTOR ( 'NONE', #6174, 1000.000000000000114 ) ;
#3783 = LINE ( 'NONE', #5136, #4979 ) ;
#3784 = LINE ( 'NONE', #5137, #4128 ) ;
#3785 = DIRECTION ( 'NONE',  ( 0.7006820406882672270, 0.7134736700516182140, 0.000000000000000000 ) ) ;
#3786 = DIRECTION ( 'NONE',  ( 0.01361879042365470027, 0.9999072599733419553, 0.000000000000000000 ) ) ;
#3787 = CARTESIAN_POINT ( 'NONE',  ( -9.568217679681479737, 15.23419843766230031, 40.30000000000000426 ) ) ;
#3788 = CARTESIAN_POINT ( 'NONE',  ( -26.82740536369592022, -25.76814633486259964, 0.5244487044878862747 ) ) ;
#3789 = ORIENTED_EDGE ( 'NONE', *, *, #1239, .F. ) ;
#3790 = LINE ( 'NONE', #6877, #7818 ) ;
#3791 = EDGE_CURVE ( 'NONE', #5670, #3038, #80, .T. ) ;
#3792 = ORIENTED_EDGE ( 'NONE', *, *, #7196, .T. ) ;
#3793 = ORIENTED_EDGE ( 'NONE', *, *, #2446, .F. ) ;
#3794 = CARTESIAN_POINT ( 'NONE',  ( 22.03578245379812728, -27.94722621693923514, 0.5211234696927167231 ) ) ;
#3795 = CARTESIAN_POINT ( 'NONE',  ( 11.28618918779309865, 14.08527069939150067, 41.30000000000000426 ) ) ;
#3796 = DIRECTION ( 'NONE',  ( 1.000000000000000000, 1.224646799147351235E-16, -9.043690078957818035E-35 ) ) ;
#3797 = DIRECTION ( 'NONE',  ( -0.5301703764411311859, 0.8478911321297500914, 0.000000000000000000 ) ) ;
#3798 = VERTEX_POINT ( 'NONE', #4259 ) ;
#3799 = EDGE_LOOP ( 'NONE', ( #6964, #7791, #4990, #2290 ) ) ;
#3800 = EDGE_CURVE ( 'NONE', #6529, #2778, #6614, .T. ) ;
#3801 = ADVANCED_FACE ( 'NONE', ( #7913 ), #3980, .F. ) ;
#3802 = LINE ( 'NONE', #2466, #7989 ) ;
#3803 = VERTEX_POINT ( 'NONE', #4343 ) ;
#3804 = EDGE_CURVE ( 'NONE', #7351, #5036, #1907, .T. ) ;
#3805 = CARTESIAN_POINT ( 'NONE',  ( 27.18539524505959903, -27.62478600578703691, 22.61744974835124822 ) ) ;
#3806 = CARTESIAN_POINT ( 'NONE',  ( -22.69618371407520030, -27.94367907878410051, 7.713803149465520370 ) ) ;
#3807 = EDGE_CURVE ( 'NONE', #3145, #3110, #1073, .T. ) ;
#3808 = ORIENTED_EDGE ( 'NONE', *, *, #1291, .F. ) ;
#3809 = CARTESIAN_POINT ( 'NONE',  ( -3.667523178702579933, 15.12333542548280008, 41.30000000000000426 ) ) ;
#3810 = VERTEX_POINT ( 'NONE', #7357 ) ;
#3811 = ADVANCED_FACE ( 'NONE', ( #4300 ), #5580, .T. ) ;
#3812 = TOROIDAL_SURFACE ( 'NONE', #171, 2.000000000000000888, 0.5000000000000000000 ) ;
#3813 = CARTESIAN_POINT ( 'NONE',  ( -20.00000000000000000, 21.50000000000000355, 10.00000000000000000 ) ) ;
#3814 = ORIENTED_EDGE ( 'NONE', *, *, #3435, .F. ) ;
#3815 = ORIENTED_EDGE ( 'NONE', *, *, #4061, .T. ) ;
#3816 = CARTESIAN_POINT ( 'NONE',  ( 11.10732039076779998, 13.11281471274849864, 41.30000000000000426 ) ) ;
#3817 = CARTESIAN_POINT ( 'NONE',  ( 2.906749826774519985, 15.55739999116939920, 40.30000000000000426 ) ) ;
#3818 = EDGE_CURVE ( 'NONE', #944, #4276, #6175, .T. ) ;
#3819 = AXIS2_PLACEMENT_3D ( 'NONE', #6658, #7269, #2958 ) ;
#3820 = VERTEX_POINT ( 'NONE', #202 ) ;
#3821 = CARTESIAN_POINT ( 'NONE',  ( 3.148607570682200318, 18.04869081903849803, 40.30000000000000426 ) ) ;
#3822 = B_SPLINE_CURVE_WITH_KNOTS ( 'NONE', 3,
 ( #3436, #345, #4080, #6522, #5735 ),
 .UNSPECIFIED., .F., .F.,
 ( 4, 1, 4 ),
 ( 0.000000000000000000, 0.02154680856456099927, 0.04544292946739780098 ),
 .UNSPECIFIED. ) ;
#3823 = EDGE_CURVE ( 'NONE', #6059, #7081, #5850, .T. ) ;
#3824 = EDGE_CURVE ( 'NONE', #7020, #7873, #4378, .T. ) ;
#3825 = CARTESIAN_POINT ( 'NONE',  ( -21.11096732871408221, 27.06254180227301731, 0.5190082490652681013 ) ) ;
#3826 = CARTESIAN_POINT ( 'NONE',  ( -10.02035504606229921, 15.85758553957709793, 40.30000000000000426 ) ) ;
#3827 = VECTOR ( 'NONE', #6435, 1000.000000000000000 ) ;
#3828 = CARTESIAN_POINT ( 'NONE',  ( 10.35012445675729964, 13.61159799400099857, 41.30000000000000426 ) ) ;
#3829 = LINE ( 'NONE', #4354, #1506 ) ;
#3830 = CARTESIAN_POINT ( 'NONE',  ( -26.43061050010661006, -24.36944156428797115, 23.10000000000000142 ) ) ;
#3831 = CARTESIAN_POINT ( 'NONE',  ( -23.16115372350799007, -27.97295136867505505, 0.5209558687252980880 ) ) ;
#3832 = VERTEX_POINT ( 'NONE', #673 ) ;
#3833 = CARTESIAN_POINT ( 'NONE',  ( 5.475564368647679814, 15.33987289680569965, 40.30000000000000426 ) ) ;
#3834 = CARTESIAN_POINT ( 'NONE',  ( -27.89683959804511559, -18.40262674136376120, 0.000000000000000000 ) ) ;
#3835 = ORIENTED_EDGE ( 'NONE', *, *, #5875, .T. ) ;
#3836 = VERTEX_POINT ( 'NONE', #6855 ) ;
#3837 = EDGE_LOOP ( 'NONE', ( #4129, #4840, #3926, #3627 ) ) ;
#3838 = EDGE_CURVE ( 'NONE', #1319, #3847, #2200, .T. ) ;
#3839 = DIRECTION ( 'NONE',  ( -0.000000000000000000, -0.000000000000000000, -1.000000000000000000 ) ) ;
#3840 = CARTESIAN_POINT ( 'NONE',  ( 11.22159897539429885, 13.79451934474860053, 40.30000000000000426 ) ) ;
#3841 = CARTESIAN_POINT ( 'NONE',  ( -19.23054803038409943, 26.64837773030739854, 15.37816956980479866 ) ) ;
#3842 = CARTESIAN_POINT ( 'NONE',  ( 2.785292676537629575, 15.53678133138840067, 41.30000000000000426 ) ) ;
#3843 = DIRECTION ( 'NONE',  ( -0.9172475141792804099, 0.3983177095384171085, 0.000000000000000000 ) ) ;
#3844 = CIRCLE ( 'NONE', #3181, 0.5000000000000000000 ) ;
#3845 = ORIENTED_EDGE ( 'NONE', *, *, #1619, .T. ) ;
#3846 = CARTESIAN_POINT ( 'NONE',  ( 20.33561530329209077, -0.6146047549404063393, 41.30000000000000426 ) ) ;
#3847 = VERTEX_POINT ( 'NONE', #309 ) ;
#3848 = EDGE_CURVE ( 'NONE', #4084, #7103, #1725, .T. ) ;
#3849 = CARTESIAN_POINT ( 'NONE',  ( 3.090442778103850152, 15.17339993134010001, 41.30000000000000426 ) ) ;
#3850 = B_SPLINE_SURFACE_WITH_KNOTS ( 'NONE', 3, 1, ( 
 ( #7394, #4291 ),
 ( #594, #1857 ),
 ( #4334, #5594 ),
 ( #2427, #3117 ),
 ( #1162, #714 ) ),
 .UNSPECIFIED., .F., .F., .F.,
 ( 4, 1, 4 ),
 ( 2, 2 ),
 ( 0.000000000000000000, 0.03484500306595209734, 0.06857366313730180185 ),
 ( 0.000000000000000000, 0.1000000000000000056 ),
 .UNSPECIFIED. ) ;
#3851 = CARTESIAN_POINT ( 'NONE',  ( -27.43410932901714361, 19.89062512304538544, 22.61963074046942879 ) ) ;
#3852 = CARTESIAN_POINT ( 'NONE',  ( 7.334350787204350297, 17.19279174723540038, 40.30000000000000426 ) ) ;
#3853 = EDGE_CURVE ( 'NONE', #32, #3832, #4194, .T. ) ;
#3854 = CARTESIAN_POINT ( 'NONE',  ( -5.758715584374089147, 16.65427505637470063, 41.30000000000000426 ) ) ;
#3855 = DIRECTION ( 'NONE',  ( 0.000000000000000000, 0.000000000000000000, -1.000000000000000000 ) ) ;
#3856 = B_SPLINE_CURVE_WITH_KNOTS ( 'NONE', 3,
 ( #3892, #3928, #2701, #1397, #6361 ),
 .UNSPECIFIED., .F., .F.,
 ( 4, 1, 4 ),
 ( 0.000000000000000000, 0.03484500306595209734, 0.06857366313730180185 ),
 .UNSPECIFIED. ) ;
#3857 = AXIS2_PLACEMENT_3D ( 'NONE', #7210, #3020, #5460 ) ;
#3858 = EDGE_CURVE ( 'NONE', #2375, #5229, #4676, .T. ) ;
#3859 = CARTESIAN_POINT ( 'NONE',  ( -10.91232585117759868, 14.12286966070220018, 41.30000000000000426 ) ) ;
#3860 = CARTESIAN_POINT ( 'NONE',  ( -28.14683959804511204, -0.6146047549404123345, 0.06698729810777892535 ) ) ;
#3861 = DIRECTION ( 'NONE',  ( 1.224646799147351235E-16, -1.000000000000000000, -0.000000000000000000 ) ) ;
#3862 = VECTOR ( 'NONE', #5775, 1000.000000000000000 ) ;
#3863 = DIRECTION ( 'NONE',  ( 0.000000000000000000, 0.03489949670250109409, -0.9993908270190957621 ) ) ;
#3864 = ADVANCED_FACE ( 'NONE', ( #5384 ), #3331, .T. ) ;
#3865 = CARTESIAN_POINT ( 'NONE',  ( -18.40262674136375765, 26.66763008816431579, 3.252606517456513302E-16 ) ) ;
#3866 = CARTESIAN_POINT ( 'NONE',  ( 10.91645983803849873, 14.62961564616669996, 41.30000000000000426 ) ) ;
#3867 = LINE ( 'NONE', #1951, #2964 ) ;
#3868 = EDGE_CURVE ( 'NONE', #5543, #4074, #6500, .T. ) ;
#3869 = LINE ( 'NONE', #5680, #5245 ) ;
#3870 = CARTESIAN_POINT ( 'NONE',  ( -27.50179460683807164, -20.33722139561781006, 23.09999999998960973 ) ) ;
#3871 = CARTESIAN_POINT ( 'NONE',  ( -27.88092023638068184, -19.73586107935711453, -5.204170427930421283E-15 ) ) ;
#3872 = EDGE_CURVE ( 'NONE', #705, #6450, #3286, .T. ) ;
#3873 = EDGE_LOOP ( 'NONE', ( #6277, #4092, #3046, #7002 ) ) ;
#3874 = EDGE_CURVE ( 'NONE', #5515, #719, #1748, .T. ) ;
#3875 = CARTESIAN_POINT ( 'NONE',  ( 4.076735221874499437, 16.58999099842340286, 40.30000000000000426 ) ) ;
#3876 = AXIS2_PLACEMENT_3D ( 'NONE', #3345, #7153, #3501 ) ;
#3877 = FACE_OUTER_BOUND ( 'NONE', #860, .T. ) ;
#3878 = ORIENTED_EDGE ( 'NONE', *, *, #5837, .T. ) ;
#3879 = B_SPLINE_CURVE_WITH_KNOTS ( 'NONE', 3,
 ( #2501, #2694, #4479, #861, #6998, #5109, #135, #3794, #4439, #6234, #1470, #5654, #2041, #5148, #1313, #3176, #4556, #3308, #7572, #739, #219, #1961, #2727, #3269, #6271, #6310 ),
 .UNSPECIFIED., .F., .F.,
 ( 4, 2, 2, 2, 2, 2, 2, 2, 2, 2, 2, 2, 4 ),
 ( -5.999999999210944598E-08, 0.002094035131258679440, 0.003141082696888010742, 0.004188130262517342044, 0.006282225393776002913, 0.007329272959405326408, 0.008376320525034649037, 0.009423368090663972532, 0.01047041565629329429, 0.01256451078755194302, 0.01465860591881059001, 0.01570565348443990830, 0.01675270105006922486 ),
 .UNSPECIFIED. ) ;
#3880 = VERTEX_POINT ( 'NONE', #5570 ) ;
#3881 = VECTOR ( 'NONE', #7186, 1000.000000000000114 ) ;
#3882 = EDGE_CURVE ( 'NONE', #6120, #6308, #1184, .T. ) ;
#3883 = FACE_OUTER_BOUND ( 'NONE', #2400, .T. ) ;
#3884 = DIRECTION ( 'NONE',  ( -0.3252373394801179041, 0.9456324196049405995, 0.000000000000000000 ) ) ;
#3885 = CARTESIAN_POINT ( 'NONE',  ( 3.608399715779140315, 16.68331672076489980, 40.30000000000000426 ) ) ;
#3886 = CARTESIAN_POINT ( 'NONE',  ( -27.62478600578701560, -17.63087773559610838, 22.61744974835124822 ) ) ;
#3887 = ORIENTED_EDGE ( 'NONE', *, *, #6321, .T. ) ;
#3888 = CARTESIAN_POINT ( 'NONE',  ( 6.876665505974150605, 17.39154306581720277, 40.30000000000000426 ) ) ;
#3889 = VERTEX_POINT ( 'NONE', #3133 ) ;
#3890 = CIRCLE ( 'NONE', #762, 0.5000000000000000000 ) ;
#3891 = ORIENTED_EDGE ( 'NONE', *, *, #2844, .T. ) ;
#3892 = CARTESIAN_POINT ( 'NONE',  ( 11.56418602371990012, 13.44251381513900157, 41.30000000000000426 ) ) ;
#3893 = ORIENTED_EDGE ( 'NONE', *, *, #3454, .F. ) ;
#3894 = CARTESIAN_POINT ( 'NONE',  ( -20.42832397087245866, 26.28281837688686906, 22.61907626158203399 ) ) ;
#3895 = DIRECTION ( 'NONE',  ( -0.9987853578153845779, 0.04927280196613847973, 0.000000000000000000 ) ) ;
#3896 = AXIS2_PLACEMENT_3D ( 'NONE', #6633, #990, #1102 ) ;
#3897 = CARTESIAN_POINT ( 'NONE',  ( 6.887860201077399935, 16.19458089575759985, 40.30000000000000426 ) ) ;
#3898 = CARTESIAN_POINT ( 'NONE',  ( -27.89683959804511559, -0.6146047549404123345, 0.5000000000000000000 ) ) ;
#3899 = CARTESIAN_POINT ( 'NONE',  ( -5.661551853937660361, 16.89762732109520016, 41.30000000000000426 ) ) ;
#3900 = ORIENTED_EDGE ( 'NONE', *, *, #2781, .T. ) ;
#3901 = B_SPLINE_CURVE_WITH_KNOTS ( 'NONE', 3,
 ( #3124, #1982, #2596, #4458, #1335 ),
 .UNSPECIFIED., .F., .F.,
 ( 4, 1, 4 ),
 ( 0.000000000000000000, 0.03089982365222620347, 0.05473263860856190932 ),
 .UNSPECIFIED. ) ;
#3902 = CARTESIAN_POINT ( 'NONE',  ( -4.515159088767986439, 32.64802234189658492, 0.2431076009653834746 ) ) ;
#3903 = CARTESIAN_POINT ( 'NONE',  ( -9.793460452387849458, 15.79567947909460024, 40.30000000000000426 ) ) ;
#3904 = CARTESIAN_POINT ( 'NONE',  ( 10.84020813840569986, 14.68611252259870170, 41.30000000000000426 ) ) ;
#3905 = ORIENTED_EDGE ( 'NONE', *, *, #7446, .F. ) ;
#3906 = DIRECTION ( 'NONE',  ( 0.000000000000000000, 0.000000000000000000, -1.000000000000000000 ) ) ;
#3907 = CARTESIAN_POINT ( 'NONE',  ( -21.79562553097546385, 27.01070631741321293, -2.165945591493752248E-13 ) ) ;
#3908 = CARTESIAN_POINT ( 'NONE',  ( 3.582226832301850461, 17.54499995385240041, 40.30000000000000426 ) ) ;
#3909 = CARTESIAN_POINT ( 'NONE',  ( 9.571220128144949157, 13.68606921227249984, 41.30000000000000426 ) ) ;
#3910 = VECTOR ( 'NONE', #3600, 1000.000000000000000 ) ;
#3911 = CARTESIAN_POINT ( 'NONE',  ( -9.461146326281561159, 14.63274494988190000, 41.30000000000000426 ) ) ;
#3912 = CARTESIAN_POINT ( 'NONE',  ( -27.60765717950178910, -18.30581589626288519, 23.10000000000693987 ) ) ;
#3913 = CARTESIAN_POINT ( 'NONE',  ( 3.126599493805060082, 15.69884766813920152, 40.30000000000000426 ) ) ;
#3914 = ORIENTED_EDGE ( 'NONE', *, *, #4771, .F. ) ;
#3915 = DIRECTION ( 'NONE',  ( 0.000000000000000000, 0.000000000000000000, -1.000000000000000000 ) ) ;
#3916 = CARTESIAN_POINT ( 'NONE',  ( -26.58841784239731609, 22.82968679871515860, 23.10000000000057341 ) ) ;
#3917 = B_SPLINE_SURFACE_WITH_KNOTS ( 'NONE', 3, 1, ( 
 ( #3948, #6947 ),
 ( #3415, #5844 ),
 ( #1419, #2144 ),
 ( #4619, #2684 ),
 ( #2790, #6989 ) ),
 .UNSPECIFIED., .F., .F., .F.,
 ( 4, 1, 4 ),
 ( 2, 2 ),
 ( 0.000000000000000000, 0.02739916541069800301, 0.05527269924275869661 ),
 ( 0.000000000000000000, 0.1000000000000000056 ),
 .UNSPECIFIED. ) ;
#3918 = ADVANCED_FACE ( 'NONE', ( #3053 ), #3705, .F. ) ;
#3919 = ORIENTED_EDGE ( 'NONE', *, *, #1032, .F. ) ;
#3920 = EDGE_CURVE ( 'NONE', #1427, #3680, #529, .T. ) ;
#3921 = CARTESIAN_POINT ( 'NONE',  ( 4.700765855299260387, 14.52067066262589989, 41.30000000000000426 ) ) ;
#3922 = FACE_OUTER_BOUND ( 'NONE', #5046, .T. ) ;
#3923 = DIRECTION ( 'NONE',  ( -0.03489949670250098307, 0.000000000000000000, 0.9993908270190956511 ) ) ;
#3924 = DIRECTION ( 'NONE',  ( 0.000000000000000000, 0.000000000000000000, -1.000000000000000000 ) ) ;
#3925 = ORIENTED_EDGE ( 'NONE', *, *, #425, .T. ) ;
#3926 = ORIENTED_EDGE ( 'NONE', *, *, #1493, .T. ) ;
#3927 = ORIENTED_EDGE ( 'NONE', *, *, #5536, .T. ) ;
#3928 = CARTESIAN_POINT ( 'NONE',  ( 11.48607373154369959, 13.35283930614710002, 41.30000000000000426 ) ) ;
#3929 = ORIENTED_EDGE ( 'NONE', *, *, #5874, .F. ) ;
#3930 = ADVANCED_FACE ( 'NONE', ( #7921 ), #4472, .T. ) ;
#3931 = CARTESIAN_POINT ( 'NONE',  ( 5.338394301825280408, 27.80253651785229962, -0.07263636767417129547 ) ) ;
#3932 = CARTESIAN_POINT ( 'NONE',  ( 11.56418602371990012, 13.44251381513900157, 41.30000000000000426 ) ) ;
#3933 = CARTESIAN_POINT ( 'NONE',  ( 22.60191005664070119, -27.80012412110738396, 0.5218732170490582023 ) ) ;
#3934 = CARTESIAN_POINT ( 'NONE',  ( 9.891103593255460069, 13.02115225395049869, 41.30000000000000426 ) ) ;
#3935 = ORIENTED_EDGE ( 'NONE', *, *, #4638, .T. ) ;
#3936 = LINE ( 'NONE', #2628, #3451 ) ;
#3937 = VERTEX_POINT ( 'NONE', #83 ) ;
#3938 = CARTESIAN_POINT ( 'NONE',  ( -8.146923488539970393, 13.54592516046809969, 41.30000000000000426 ) ) ;
#3939 = ORIENTED_EDGE ( 'NONE', *, *, #5344, .F. ) ;
#3940 = CARTESIAN_POINT ( 'NONE',  ( -9.698101032201870808, 15.67062387247539945, 41.30000000000000426 ) ) ;
#3941 = CARTESIAN_POINT ( 'NONE',  ( -0.1567877880223629838, 15.38064373150580089, 40.30000000000000426 ) ) ;
#3942 = EDGE_CURVE ( 'NONE', #5695, #4892, #7484, .T. ) ;
#3943 = ORIENTED_EDGE ( 'NONE', *, *, #3676, .F. ) ;
#3944 = VECTOR ( 'NONE', #2899, 1000.000000000000000 ) ;
#3945 = DIRECTION ( 'NONE',  ( -1.000000000000000000, 0.000000000000000000, 0.000000000000000000 ) ) ;
#3946 = CARTESIAN_POINT ( 'NONE',  ( -25.78355031663856778, 25.61881628180046988, -1.423006073716913187E-12 ) ) ;
#3947 = AXIS2_PLACEMENT_3D ( 'NONE', #7151, #1047, #2264 ) ;
#3949 = ADVANCED_FACE ( 'NONE', ( #3302 ), #210, .F. ) ;
#3948 = CARTESIAN_POINT ( 'NONE',  ( -9.648418924712981237, 16.23093750626999920, 41.30000000000000426 ) ) ;
#3950 = CARTESIAN_POINT ( 'NONE',  ( -23.06484656134309574, -27.01010197793358358, 23.09999999999998366 ) ) ;
#3951 = CARTESIAN_POINT ( 'NONE',  ( 9.825407396402690452, 13.38649721548260096, 40.30000000000000426 ) ) ;
#3952 = CARTESIAN_POINT ( 'NONE',  ( 4.002331559649999981, 16.23254672205320404, 41.30000000000000426 ) ) ;
#3953 = CIRCLE ( 'NONE', #185, 2.000000000000001776 ) ;
#3954 = EDGE_CURVE ( 'NONE', #6305, #287, #438, .T. ) ;
#3955 = CARTESIAN_POINT ( 'NONE',  ( -3.261382006547570267, 15.59255168546810033, 40.30000000000000426 ) ) ;
#3956 = B_SPLINE_CURVE_WITH_KNOTS ( 'NONE', 3,
 ( #736, #1920, #168, #2645 ),
 .UNSPECIFIED., .F., .F.,
 ( 4, 4 ),
 ( -2.202396848452707889, 0.01029651723492186477 ),
 .UNSPECIFIED. ) ;
#3957 = ORIENTED_EDGE ( 'NONE', *, *, #4070, .T. ) ;
#3958 = CARTESIAN_POINT ( 'NONE',  ( 10.91810447372070136, 13.52899262533779989, 41.30000000000000426 ) ) ;
#3959 = CARTESIAN_POINT ( 'NONE',  ( 2.647685997333140140, 18.19246729135240059, 41.30000000000000426 ) ) ;
#3960 = B_SPLINE_CURVE_WITH_KNOTS ( 'NONE', 3,
 ( #4082, #3635, #1722, #7826, #1105 ),
 .UNSPECIFIED., .F., .F.,
 ( 4, 1, 4 ),
 ( 0.000000000000000000, 0.02358452478244750170, 0.04524994969730790351 ),
 .UNSPECIFIED. ) ;
#3961 =( BOUNDED_SURFACE ( )  B_SPLINE_SURFACE ( 3, 2, ( 
 ( #4510, #7488, #2607 ),
 ( #1346, #3137, #6912 ),
 ( #5685, #3752, #6231 ),
 ( #6954, #6151, #737 ),
 ( #616, #130, #1921 ),
 ( #6188, #3101, #4359 ),
 ( #5574, #4400, #6995 ),
 ( #4029, #3916, #976 ),
 ( #2229, #3420, #6387 ),
 ( #7609, #5889, #3460 ),
 ( #7029, #4660, #936 ),
 ( #7690, #6506, #7726 ),
 ( #5769, #5177, #4550 ),
 ( #7648, #4588, #5847 ),
 ( #856, #2689, #2724 ),
 ( #2793, #7072, #332 ),
 ( #6465, #2081, #5254 ),
 ( #4702, #3991, #2148 ),
 ( #1426, #2189, #5214 ),
 ( #2112, #4622, #7112 ),
 ( #1503, #1586, #4066 ),
 ( #6348, #367, #1547 ),
 ( #5806, #2838, #6427 ),
 ( #814, #5290, #5145 ) ),
 .UNSPECIFIED., .F., .F., .F. ) 
 B_SPLINE_SURFACE_WITH_KNOTS ( ( 4, 2, 2, 2, 2, 2, 2, 2, 2, 2, 2, 4 ),
 ( 3, 3 ),
 ( 2.775557561562891351E-17, 0.001998688591251356669, 0.003997377182502685582, 0.005996065773754014061, 0.006995410069379678734, 0.007495082217192510637, 0.007994754365005343408, 0.008994098660631007214, 0.009993442956256672755, 0.01199213154750800037, 0.01399082013875932971, 0.01598950873001065906 ),
 ( 0.000000000000000000, 1.000000000000000000 ),
 .UNSPECIFIED. ) 
 GEOMETRIC_REPRESENTATION_ITEM ( )  RATIONAL_B_SPLINE_SURFACE ( (
 ( 1.000000000000000000, 0.7193398003386544115, 1.000000000000000000),
 ( 1.000000000000000000, 0.7195417631446987539, 1.000000000000000000),
 ( 1.000000000000000000, 0.7197918246715464541, 1.000000000000000000),
 ( 1.000000000000000000, 0.7204309903490577760, 1.000000000000000000),
 ( 1.000000000000000000, 0.7207967968355925015, 1.000000000000000000),
 ( 1.000000000000000000, 0.7217728970222224705, 1.000000000000000000),
 ( 1.000000000000000000, 0.7224233967056100658, 1.000000000000000000),
 ( 1.000000000000000000, 0.7234208562093505934, 1.000000000000000000),
 ( 1.000000000000000000, 0.7237422690488586330, 1.000000000000000000),
 ( 1.000000000000000000, 0.7240782776521095254, 1.000000000000000000),
 ( 1.000000000000000000, 0.7241664845148561014, 1.000000000000000000),
 ( 1.000000000000000000, 0.7242961664206231109, 1.000000000000000000),
 ( 1.000000000000000000, 0.7243343891100429977, 1.000000000000000000),
 ( 1.000000000000000000, 0.7243390979292551046, 1.000000000000000000),
 ( 1.000000000000000000, 0.7241883515851490483, 1.000000000000000000),
 ( 1.000000000000000000, 0.7236980174588405479, 1.000000000000000000),
 ( 1.000000000000000000, 0.7233670315714426646, 1.000000000000000000),
 ( 1.000000000000000000, 0.7224082128707625117, 1.000000000000000000),
 ( 1.000000000000000000, 0.7217970294275943832, 1.000000000000000000),
 ( 1.000000000000000000, 0.7208035533719627797, 1.000000000000000000),
 ( 1.000000000000000000, 0.7204223418370985232, 1.000000000000000000),
 ( 1.000000000000000000, 0.7197848298657574251, 1.000000000000000000),
 ( 1.000000000000000000, 0.7195395599552313337, 1.000000000000000000),
 ( 1.000000000000000000, 0.7193398003386496375, 1.000000000000000000) ) ) 
 REPRESENTATION_ITEM ( '' )  SURFACE ( )  );
#3962 = CARTESIAN_POINT ( 'NONE',  ( -5.379266741844990207, 17.56136821357720024, 41.30000000000000426 ) ) ;
#3963 = CARTESIAN_POINT ( 'NONE',  ( 9.891103593255460069, 13.02115225395049869, 41.30000000000000426 ) ) ;
#3964 = ORIENTED_EDGE ( 'NONE', *, *, #1414, .T. ) ;
#3965 = DIRECTION ( 'NONE',  ( 0.000000000000000000, 0.000000000000000000, -1.000000000000000000 ) ) ;
#3966 = EDGE_LOOP ( 'NONE', ( #3143, #1278, #4335, #281 ) ) ;
#3967 = CARTESIAN_POINT ( 'NONE',  ( 3.530325456679110019, 15.45240078051609878, 40.30000000000000426 ) ) ;
#3968 = CARTESIAN_POINT ( 'NONE',  ( -10.15431902518030149, 16.30599687082739990, 40.30000000000000426 ) ) ;
#3969 = CARTESIAN_POINT ( 'NONE',  ( 2.647685997333140140, 18.19246729135240059, 41.30000000000000426 ) ) ;
#3970 = CARTESIAN_POINT ( 'NONE',  ( -9.295477089687478767, 14.53580710638119911, 40.30000000000000426 ) ) ;
#3971 = CARTESIAN_POINT ( 'NONE',  ( 25.79313843709677556, 19.06333804664889797, 23.09999999999999432 ) ) ;
#3972 = ORIENTED_EDGE ( 'NONE', *, *, #4183, .T. ) ;
#3973 = CARTESIAN_POINT ( 'NONE',  ( 4.700765855299260387, 14.52067066262589989, 40.30000000000000426 ) ) ;
#3974 = CARTESIAN_POINT ( 'NONE',  ( 1.721352768553900070, -15.40608526694630065, 41.30000000000000426 ) ) ;
#3975 = ORIENTED_EDGE ( 'NONE', *, *, #6248, .F. ) ;
#3976 = VECTOR ( 'NONE', #6129, 1000.000000000000114 ) ;
#3977 = B_SPLINE_CURVE_WITH_KNOTS ( 'NONE', 3,
 ( #3766, #4883, #5626, #6852, #629 ),
 .UNSPECIFIED., .F., .F.,
 ( 4, 1, 4 ),
 ( 0.000000000000000000, 0.03484500306595209734, 0.06857366313730180185 ),
 .UNSPECIFIED. ) ;
#3978 = FACE_OUTER_BOUND ( 'NONE', #5982, .T. ) ;
#3979 = DIRECTION ( 'NONE',  ( 0.000000000000000000, 0.000000000000000000, -1.000000000000000000 ) ) ;
#3980 = B_SPLINE_SURFACE_WITH_KNOTS ( 'NONE', 3, 1, ( 
 ( #479, #2956 ),
 ( #7880, #2345 ),
 ( #2387, #3656 ),
 ( #1784, #6089 ),
 ( #722, #6293 ) ),
 .UNSPECIFIED., .F., .F., .F.,
 ( 4, 1, 4 ),
 ( 2, 2 ),
 ( 0.000000000000000000, 0.03074975404565110162, 0.05339066706408800156 ),
 ( 0.000000000000000000, 0.1000000000000000056 ),
 .UNSPECIFIED. ) ;
#3981 = VECTOR ( 'NONE', #6101, 1000.000000000000000 ) ;
#3982 = ORIENTED_EDGE ( 'NONE', *, *, #7218, .T. ) ;
#3983 = CARTESIAN_POINT ( 'NONE',  ( 21.81914581504146611, 26.25643551163311074, -8.673617379884035472E-16 ) ) ;
#3984 = EDGE_CURVE ( 'NONE', #465, #7799, #186, .T. ) ;
#3985 = DIRECTION ( 'NONE',  ( 3.697785493223493933E-32, 0.9993908270190957621, 0.03489949670250108715 ) ) ;
#3986 = VECTOR ( 'NONE', #2354, 1000.000000000000000 ) ;
#3987 = DIRECTION ( 'NONE',  ( 0.000000000000000000, 0.000000000000000000, -1.000000000000000000 ) ) ;
#3988 = DIRECTION ( 'NONE',  ( 0.000000000000000000, 0.000000000000000000, -1.000000000000000000 ) ) ;
#3989 = CARTESIAN_POINT ( 'NONE',  ( 3.394733980665269879, 16.03561544270720063, 40.30000000000000426 ) ) ;
#3990 = CARTESIAN_POINT ( 'NONE',  ( -21.50000000000000000, -21.49999999999999645, 10.00000000000000000 ) ) ;
#3991 = CARTESIAN_POINT ( 'NONE',  ( -23.05273590395706762, 25.77925009634922660, 23.10000000000115605 ) ) ;
#3992 = CARTESIAN_POINT ( 'NONE',  ( -9.461146326281561159, 14.63274494988190000, 41.30000000000000426 ) ) ;
#3993 = CARTESIAN_POINT ( 'NONE',  ( 3.608399715779140315, 16.68331672076489980, 40.30000000000000426 ) ) ;
#3994 = DIRECTION ( 'NONE',  ( 4.163336342344333945E-17, 0.03489949670250039326, -0.9993908270190957621 ) ) ;
#3995 = CARTESIAN_POINT ( 'NONE',  ( 3.338394301825279964, 27.59313953763729899, 5.923708594440400432 ) ) ;
#3996 = ORIENTED_EDGE ( 'NONE', *, *, #1652, .F. ) ;
#3997 = LINE ( 'NONE', #2853, #3827 ) ;
#3998 = ORIENTED_EDGE ( 'NONE', *, *, #3713, .T. ) ;
#3999 = VERTEX_POINT ( 'NONE', #5323 ) ;
#4000 = B_SPLINE_SURFACE_WITH_KNOTS ( 'NONE', 3, 1, ( 
 ( #5447, #2192 ),
 ( #7115, #1590 ),
 ( #6509, #4144 ),
 ( #3465, #3505 ),
 ( #6549, #2271 ) ),
 .UNSPECIFIED., .F., .F., .F.,
 ( 4, 1, 4 ),
 ( 2, 2 ),
 ( 0.000000000000000000, 0.02879584727689919743, 0.06049198197087519990 ),
 ( 0.000000000000000000, 0.1000000000000000056 ),
 .UNSPECIFIED. ) ;
#4001 = CARTESIAN_POINT ( 'NONE',  ( 3.809201748730219883, 15.82325346959809842, 40.30000000000000426 ) ) ;
#4002 = EDGE_LOOP ( 'NONE', ( #6896, #5167, #5689, #4633 ) ) ;
#4003 = VECTOR ( 'NONE', #2994, 1000.000000000000114 ) ;
#4004 = EDGE_CURVE ( 'NONE', #4756, #4832, #6543, .T. ) ;
#4005 = CARTESIAN_POINT ( 'NONE',  ( -25.30243531650394218, 24.57968366540220018, 22.62466756818378499 ) ) ;
#4006 = FACE_OUTER_BOUND ( 'NONE', #6034, .T. ) ;
#4007 = CARTESIAN_POINT ( 'NONE',  ( -6.565683982065150026, 14.25849660405310004, 41.30000000000000426 ) ) ;
#4008 = DIRECTION ( 'NONE',  ( -1.000000000000000000, 0.000000000000000000, 0.000000000000000000 ) ) ;
#4009 = CARTESIAN_POINT ( 'NONE',  ( -9.789225526048308978, 14.22255285263720026, 40.30000000000000426 ) ) ;
#4010 = AXIS2_PLACEMENT_3D ( 'NONE', #1606, #2250, #5268 ) ;
#4011 = CARTESIAN_POINT ( 'NONE',  ( 2.153277872611869981, 15.14466350712690002, 40.30000000000000426 ) ) ;
#4012 = ORIENTED_EDGE ( 'NONE', *, *, #5843, .T. ) ;
#4013 = CARTESIAN_POINT ( 'NONE',  ( -28.41460475494039883, 27.18539524505959903, 0.000000000000000000 ) ) ;
#4014 = CARTESIAN_POINT ( 'NONE',  ( -21.50000000000000000, -21.49999999999999645, 10.00000000000000000 ) ) ;
#4015 = EDGE_LOOP ( 'NONE', ( #5027, #4923, #3442, #712 ) ) ;
#4016 = PRODUCT_RELATED_PRODUCT_CATEGORY ( 'part', '', ( #2241 ) ) ;
#4017 = CIRCLE ( 'NONE', #504, 1.500000000000001332 ) ;
#4018 = DIRECTION ( 'NONE',  ( 0.000000000000000000, 0.000000000000000000, -1.000000000000000000 ) ) ;
#4019 = DIRECTION ( 'NONE',  ( -0.5953237270209262855, -0.8034859426560702067, 0.000000000000000000 ) ) ;
#4020 = ORIENTED_EDGE ( 'NONE', *, *, #2412, .F. ) ;
#4021 = FACE_OUTER_BOUND ( 'NONE', #6897, .T. ) ;
#4022 = CARTESIAN_POINT ( 'NONE',  ( 4.838394301825269750, 32.62499316943520000, 5.098815250933810717 ) ) ;
#4023 = ADVANCED_FACE ( 'NONE', ( #291 ), #7722, .F. ) ;
#4024 = AXIS2_PLACEMENT_3D ( 'NONE', #600, #3653, #6087 ) ;
#4025 = CARTESIAN_POINT ( 'NONE',  ( -28.14683959804511204, 1.885395245059547920, 0.06698729810777892535 ) ) ;
#4026 = CARTESIAN_POINT ( 'NONE',  ( -5.543350294531720124, 17.74580551231959902, 41.30000000000000426 ) ) ;
#4027 = CARTESIAN_POINT ( 'NONE',  ( -21.50000000000000000, 21.50000000000000355, 10.00000000000000000 ) ) ;
#4028 = DIRECTION ( 'NONE',  ( -0.9835387144896845513, 0.1806975293134319427, 0.000000000000000000 ) ) ;
#4029 = CARTESIAN_POINT ( 'NONE',  ( -26.15848524962289190, 22.62119548502315780, 23.10000000000000142 ) ) ;
#4030 = CARTESIAN_POINT ( 'NONE',  ( -25.47030755511133293, 25.19591231845012302, 6.505213034913023646E-16 ) ) ;
#4031 = CARTESIAN_POINT ( 'NONE',  ( -6.565683982065150026, 14.25849660405310004, 41.30000000000000426 ) ) ;
#4032 = PLANE ( 'NONE',  #5160 ) ;
#4033 = CARTESIAN_POINT ( 'NONE',  ( -6.014239584615969747, 17.51089922324050363, 41.30000000000000426 ) ) ;
#4034 = CARTESIAN_POINT ( 'NONE',  ( -9.190301470533659867, 15.75528648706329982, 40.30000000000000426 ) ) ;
#4035 = EDGE_LOOP ( 'NONE', ( #6559, #4512, #6157, #4636 ) ) ;
#4036 = CARTESIAN_POINT ( 'NONE',  ( 27.41763008816432645, -3.114604754940426989, -0.07263636767417129547 ) ) ;
#4037 = ORIENTED_EDGE ( 'NONE', *, *, #6929, .T. ) ;
#4038 = VECTOR ( 'NONE', #2887, 1000.000000000000000 ) ;
#4039 = ORIENTED_EDGE ( 'NONE', *, *, #5279, .F. ) ;
#4040 = CARTESIAN_POINT ( 'NONE',  ( 4.002331559649999981, 16.23254672205320404, 40.30000000000000426 ) ) ;
#4041 = ORIENTED_EDGE ( 'NONE', *, *, #1711, .T. ) ;
#4042 = B_SPLINE_SURFACE_WITH_KNOTS ( 'NONE', 3, 1, ( 
 ( #1087, #5928 ),
 ( #402, #5408 ),
 ( #7317, #1787 ),
 ( #2884, #6008 ),
 ( #2347, #7192 ) ),
 .UNSPECIFIED., .F., .F., .F.,
 ( 4, 1, 4 ),
 ( 2, 2 ),
 ( 0.000000000000000000, 0.01046075584044130029, 0.02586547623505069948 ),
 ( 0.000000000000000000, 0.1000000000000000056 ),
 .UNSPECIFIED. ) ;
#4043 = DIRECTION ( 'NONE',  ( 0.000000000000000000, 0.000000000000000000, 1.000000000000000000 ) ) ;
#4044 = DIRECTION ( 'NONE',  ( 0.000000000000000000, 0.000000000000000000, -1.000000000000000000 ) ) ;
#4045 = CARTESIAN_POINT ( 'NONE',  ( 3.537544349797790311, 16.33834323439950253, 41.30000000000000426 ) ) ;
#4046 = EDGE_LOOP ( 'NONE', ( #5506, #2619, #4297, #5066 ) ) ;
#4047 = LINE ( 'NONE', #1642, #5155 ) ;
#4048 = CARTESIAN_POINT ( 'NONE',  ( 11.48607373154369959, 13.35283930614710002, 40.30000000000000426 ) ) ;
#4049 = ORIENTED_EDGE ( 'NONE', *, *, #2925, .F. ) ;
#4050 = DIRECTION ( 'NONE',  ( 0.9835387144896844402, -0.1806975293134328864, 0.000000000000000000 ) ) ;
#4051 = EDGE_LOOP ( 'NONE', ( #3400, #7547, #7703, #339 ) ) ;
#4052 = VECTOR ( 'NONE', #5381, 1000.000000000000000 ) ;
#4053 = CARTESIAN_POINT ( 'NONE',  ( 9.872559396403879362, 12.43467658368009943, 41.30000000000000426 ) ) ;
#4054 = DIRECTION ( 'NONE',  ( 0.8034859426560702067, -0.5953237270209262855, 0.000000000000000000 ) ) ;
#4055 = ADVANCED_FACE ( 'NONE', ( #7808 ), #4740, .T. ) ;
#4056 = EDGE_LOOP ( 'NONE', ( #4058, #1477, #300, #5467 ) ) ;
#4057 = DIRECTION ( 'NONE',  ( 0.000000000000000000, 0.000000000000000000, -1.000000000000000000 ) ) ;
#4058 = ORIENTED_EDGE ( 'NONE', *, *, #6192, .F. ) ;
#4059 = CARTESIAN_POINT ( 'NONE',  ( 3.471434997763560570, 15.39972131501579966, 41.30000000000000426 ) ) ;
#4060 = EDGE_LOOP ( 'NONE', ( #6646, #4604, #3530, #1114 ) ) ;
#4061 = EDGE_CURVE ( 'NONE', #4276, #3431, #2883, .T. ) ;
#4062 = CARTESIAN_POINT ( 'NONE',  ( 26.49284393066896470, -21.73020688179495252, -2.168404344971008868E-16 ) ) ;
#4063 = DIRECTION ( 'NONE',  ( -7.396978045038510318E-16, 0.000000000000000000, 1.000000000000000000 ) ) ;
#4064 = ADVANCED_FACE ( 'NONE', ( #329 ), #2307, .T. ) ;
#4065 = CARTESIAN_POINT ( 'NONE',  ( -5.916979979357109620, 17.97328504378209857, 41.30000000000000426 ) ) ;
#4066 = CARTESIAN_POINT ( 'NONE',  ( -20.33921832294752008, 26.29079279650516554, 22.61900824906897967 ) ) ;
#4067 = DIRECTION ( 'NONE',  ( 0.000000000000000000, 0.000000000000000000, -1.000000000000000000 ) ) ;
#4068 = VECTOR ( 'NONE', #904, 1000.000000000000000 ) ;
#4069 = DIRECTION ( 'NONE',  ( 1.000000000000000000, 0.000000000000000000, 0.000000000000000000 ) ) ;
#4070 = EDGE_CURVE ( 'NONE', #2068, #7949, #1658, .T. ) ;
#4071 = VECTOR ( 'NONE', #2289, 1000.000000000000114 ) ;
#4072 = CARTESIAN_POINT ( 'NONE',  ( -5.286458531868709620, 17.32921775743540138, 41.30000000000000426 ) ) ;
#4073 = CARTESIAN_POINT ( 'NONE',  ( -5.308972277116550842, 16.52114108819879945, 40.30000000000000426 ) ) ;
#4074 = VERTEX_POINT ( 'NONE', #5288 ) ;
#4075 = ORIENTED_EDGE ( 'NONE', *, *, #3621, .F. ) ;
#4076 = CARTESIAN_POINT ( 'NONE',  ( -5.912303378665270337, 17.43632393158489791, 40.30000000000000426 ) ) ;
#4077 = CARTESIAN_POINT ( 'NONE',  ( 26.19868799397778503, -21.01922517870427853, 23.10000000000348308 ) ) ;
#4078 = ORIENTED_EDGE ( 'NONE', *, *, #3641, .T. ) ;
#4079 = CARTESIAN_POINT ( 'NONE',  ( -5.759664680668990400, 17.22480834775850056, 41.30000000000000426 ) ) ;
#4080 = CARTESIAN_POINT ( 'NONE',  ( 2.947336782589780046, 15.12171683621880014, 41.30000000000000426 ) ) ;
#4081 = CARTESIAN_POINT ( 'NONE',  ( -9.461146326281561159, 14.63274494988190000, 40.30000000000000426 ) ) ;
#4082 = CARTESIAN_POINT ( 'NONE',  ( 3.530325456679110019, 15.45240078051609878, 40.30000000000000426 ) ) ;
#4083 = VECTOR ( 'NONE', #2722, 1000.000000000000000 ) ;
#4084 = VERTEX_POINT ( 'NONE', #1010 ) ;
#4085 = CARTESIAN_POINT ( 'NONE',  ( -27.12509059227748764, -17.63087773559611904, 23.09999999999999787 ) ) ;
#4086 = CARTESIAN_POINT ( 'NONE',  ( -2.661605698174729806, 32.09039825922320688, 6.080756329601659793 ) ) ;
#4087 = ORIENTED_EDGE ( 'NONE', *, *, #4782, .T. ) ;
#4088 = FACE_OUTER_BOUND ( 'NONE', #509, .T. ) ;
#4089 = AXIS2_PLACEMENT_3D ( 'NONE', #550, #3034, #756 ) ;
#4090 = CARTESIAN_POINT ( 'NONE',  ( -9.561932364724301081, 15.29105642752720051, 40.30000000000000426 ) ) ;
#4091 = LINE ( 'NONE', #6531, #7885 ) ;
#4092 = ORIENTED_EDGE ( 'NONE', *, *, #5653, .F. ) ;
#4093 = EDGE_CURVE ( 'NONE', #832, #2746, #7539, .T. ) ;
#4094 = CARTESIAN_POINT ( 'NONE',  ( 21.49999999999999645, -21.50000000000000000, 10.00000000000000000 ) ) ;
#4095 = ORIENTED_EDGE ( 'NONE', *, *, #1228, .T. ) ;
#4096 = CIRCLE ( 'NONE', #1371, 2.000000000000001776 ) ;
#4097 = CARTESIAN_POINT ( 'NONE',  ( -8.674226803505350247, 14.33969640253310018, 41.30000000000000426 ) ) ;
#4098 = CYLINDRICAL_SURFACE ( 'NONE', #7859, 1.500000000000001332 ) ;
#4099 = CARTESIAN_POINT ( 'NONE',  ( 6.887860201077399935, 16.19458089575759985, 41.30000000000000426 ) ) ;
#4100 = DIRECTION ( 'NONE',  ( -0.1806975293134328864, -0.9835387144896844402, 0.000000000000000000 ) ) ;
#4101 = CARTESIAN_POINT ( 'NONE',  ( 24.84547822215401069, -26.61666946255563460, 3.278671838091675521E-13 ) ) ;
#4103 = ADVANCED_FACE ( 'NONE', ( #3498 ), #6532, .F. ) ;
#4102 = CARTESIAN_POINT ( 'NONE',  ( 10.28333761211700015, 13.11117093268710043, 40.30000000000000426 ) ) ;
#4104 = CARTESIAN_POINT ( 'NONE',  ( 11.24501049525490082, 14.24491873794270091, 41.30000000000000426 ) ) ;
#4105 = DIRECTION ( 'NONE',  ( 0.1806975293134329141, 0.9835387144896845513, 0.000000000000000000 ) ) ;
#4106 = B_SPLINE_SURFACE_WITH_KNOTS ( 'NONE', 3, 1, ( 
 ( #7515, #5051 ),
 ( #5637, #2564 ),
 ( #4389, #1337 ),
 ( #5564, #1984 ),
 ( #6743, #1215 ) ),
 .UNSPECIFIED., .F., .F., .F.,
 ( 4, 1, 4 ),
 ( 2, 2 ),
 ( 0.000000000000000000, 0.04125262998132869785, 0.07205930488360980102 ),
 ( 0.000000000000000000, 0.1000000000000000056 ),
 .UNSPECIFIED. ) ;
#4107 = CARTESIAN_POINT ( 'NONE',  ( -2.326944806489019690, 10.76694531826479917, 41.30000000000000426 ) ) ;
#4108 = ADVANCED_FACE ( 'NONE', ( #5927 ), #3382, .T. ) ;
#4109 = CARTESIAN_POINT ( 'NONE',  ( -4.118086260487139327, 18.59421319516879834, 41.30000000000000426 ) ) ;
#4110 = CARTESIAN_POINT ( 'NONE',  ( -24.06330188072060849, -0.6146047549404147770, 38.88724874175630219 ) ) ;
#4111 = CARTESIAN_POINT ( 'NONE',  ( 10.59216296427360149, 13.06779319703839803, 40.30000000000000426 ) ) ;
#4112 = ORIENTED_EDGE ( 'NONE', *, *, #241, .F. ) ;
#4113 = FACE_OUTER_BOUND ( 'NONE', #1446, .T. ) ;
#4114 = ORIENTED_EDGE ( 'NONE', *, *, #5144, .T. ) ;
#4115 = CARTESIAN_POINT ( 'NONE',  ( 24.19671780678778816, -24.96302959240973962, 23.09999999999999432 ) ) ;
#4116 = ORIENTED_EDGE ( 'NONE', *, *, #4271, .T. ) ;
#4117 = EDGE_CURVE ( 'NONE', #6933, #4775, #2969, .T. ) ;
#4118 = ADVANCED_FACE ( 'NONE', ( #2185 ), #1504, .F. ) ;
#4119 = DIRECTION ( 'NONE',  ( 0.8660254037844387076, -0.4999999999999998890, 0.000000000000000000 ) ) ;
#4120 = DIRECTION ( 'NONE',  ( 0.000000000000000000, 0.000000000000000000, -1.000000000000000000 ) ) ;
#4121 = CARTESIAN_POINT ( 'NONE',  ( 26.65141189759902929, -19.73781344155030837, -8.673617379884035472E-16 ) ) ;
#4122 = CARTESIAN_POINT ( 'NONE',  ( -9.793460452387849458, 15.79567947909460024, 41.30000000000000426 ) ) ;
#4123 = ORIENTED_EDGE ( 'NONE', *, *, #3525, .T. ) ;
#4124 = CARTESIAN_POINT ( 'NONE',  ( -26.16446869916460116, -23.83732412618714136, 23.10000000000000142 ) ) ;
#4125 = ORIENTED_EDGE ( 'NONE', *, *, #5078, .F. ) ;
#4126 = CARTESIAN_POINT ( 'NONE',  ( -9.571378679286070223, 15.45930379082989958, 40.30000000000000426 ) ) ;
#4127 = CARTESIAN_POINT ( 'NONE',  ( -9.571378679286070223, 15.45930379082989958, 40.30000000000000426 ) ) ;
#4128 = VECTOR ( 'NONE', #1872, 1000.000000000000000 ) ;
#4129 = ORIENTED_EDGE ( 'NONE', *, *, #1808, .F. ) ;
#4130 = CARTESIAN_POINT ( 'NONE',  ( 24.98814165845284307, 25.24281487595559881, -2.896767494455172434E-13 ) ) ;
#4131 = VERTEX_POINT ( 'NONE', #4941 ) ;
#4132 = CYLINDRICAL_SURFACE ( 'NONE', #7206, 1.500000000000001332 ) ;
#4133 = VECTOR ( 'NONE', #2669, 1000.000000000000000 ) ;
#4134 = PLANE ( 'NONE',  #2034 ) ;
#4135 = CARTESIAN_POINT ( 'NONE',  ( -9.203859287857209637, 14.04790614006179972, 40.30000000000000426 ) ) ;
#4136 = CARTESIAN_POINT ( 'NONE',  ( 10.20483515505999783, 13.26411857137959949, 40.30000000000000426 ) ) ;
#4137 = AXIS2_PLACEMENT_3D ( 'NONE', #662, #3140, #7979 ) ;
#4138 = CARTESIAN_POINT ( 'NONE',  ( -4.661605698174719592, 27.80253651785229962, -0.07263636767417129547 ) ) ;
#4139 = DIRECTION ( 'NONE',  ( 0.000000000000000000, -1.000000000000000000, 0.000000000000000000 ) ) ;
#4140 = EDGE_CURVE ( 'NONE', #6595, #4131, #148, .T. ) ;
#4141 = CARTESIAN_POINT ( 'NONE',  ( -21.06429678194359312, 26.56488731574991036, -3.686287386450719020E-15 ) ) ;
#4142 = B_SPLINE_CURVE_WITH_KNOTS ( 'NONE', 3,
 ( #448, #6306, #1425, #1956, #6837 ),
 .UNSPECIFIED., .F., .F.,
 ( 4, 1, 4 ),
 ( 0.000000000000000000, 0.03340595680657129640, 0.05869094496829650037 ),
 .UNSPECIFIED. ) ;
#4143 = EDGE_CURVE ( 'NONE', #3560, #3595, #3126, .T. ) ;
#4144 = CARTESIAN_POINT ( 'NONE',  ( 10.36956850287059950, 12.66274338891180129, 40.30000000000000426 ) ) ;
#4145 = DIRECTION ( 'NONE',  ( 0.000000000000000000, 0.000000000000000000, -1.000000000000000000 ) ) ;
#4146 = CARTESIAN_POINT ( 'NONE',  ( 3.224129114692329878, 18.01373973556029640, 41.30000000000000426 ) ) ;
#4147 = CARTESIAN_POINT ( 'NONE',  ( -9.568889186495159294, 16.18386444549000203, 40.30000000000000426 ) ) ;
#4148 = ORIENTED_EDGE ( 'NONE', *, *, #5144, .F. ) ;
#4149 = CARTESIAN_POINT ( 'NONE',  ( 2.438326706585169923, 15.09769587760660059, 40.30000000000000426 ) ) ;
#4150 = B_SPLINE_CURVE_WITH_KNOTS ( 'NONE', 3,
 ( #3536, #5364, #6580, #7841, #7229 ),
 .UNSPECIFIED., .F., .F.,
 ( 4, 1, 4 ),
 ( 0.000000000000000000, 0.02418204611301030121, 0.04927504253559469166 ),
 .UNSPECIFIED. ) ;
#4151 = ORIENTED_EDGE ( 'NONE', *, *, #4707, .T. ) ;
#4152 = CARTESIAN_POINT ( 'NONE',  ( 22.81268166781016760, -26.59629039331834832, 23.10000000000231424 ) ) ;
#4153 = CARTESIAN_POINT ( 'NONE',  ( -5.912303378665270337, 17.43632393158489791, 41.30000000000000426 ) ) ;
#4154 = CARTESIAN_POINT ( 'NONE',  ( 20.92439224818329890, 26.17188427979809617, 23.25130240034430074 ) ) ;
#4155 = FACE_OUTER_BOUND ( 'NONE', #3099, .T. ) ;
#4156 = CARTESIAN_POINT ( 'NONE',  ( 1.924456384908819873, 18.32534035691259788, 41.30000000000000426 ) ) ;
#4157 = AXIS2_PLACEMENT_3D ( 'NONE', #4526, #2152, #4790 ) ;
#4158 = ORIENTED_EDGE ( 'NONE', *, *, #1622, .T. ) ;
#4159 = DIRECTION ( 'NONE',  ( 1.000000000000000000, 0.000000000000000000, 0.000000000000000000 ) ) ;
#4160 = EDGE_CURVE ( 'NONE', #815, #5198, #7958, .T. ) ;
#4161 = ORIENTED_EDGE ( 'NONE', *, *, #7741, .T. ) ;
#4162 = VECTOR ( 'NONE', #4966, 1000.000000000000000 ) ;
#4163 = LINE ( 'NONE', #2943, #3495 ) ;
#4164 = EDGE_LOOP ( 'NONE', ( #3356, #743, #5730, #4125 ) ) ;
#4165 = ADVANCED_FACE ( 'NONE', ( #4856, #4219 ), #2438, .T. ) ;
#4166 = B_SPLINE_CURVE_WITH_KNOTS ( 'NONE', 3,
 ( #2675, #3290, #4535, #6979, #1368 ),
 .UNSPECIFIED., .F., .F.,
 ( 4, 1, 4 ),
 ( 0.000000000000000000, 0.03163811827343990246, 0.06841886377775199812 ),
 .UNSPECIFIED. ) ;
#4167 = DIRECTION ( 'NONE',  ( 0.000000000000000000, 0.000000000000000000, -1.000000000000000000 ) ) ;
#4168 = CARTESIAN_POINT ( 'NONE',  ( -27.59669766708810101, -24.90165374680250210, -0.008994060849182840267 ) ) ;
#4169 = ADVANCED_FACE ( 'NONE', ( #561 ), #58, .T. ) ;
#4170 = ORIENTED_EDGE ( 'NONE', *, *, #3632, .T. ) ;
#4171 = PLANE ( 'NONE',  #4720 ) ;
#4172 = ORIENTED_EDGE ( 'NONE', *, *, #2925, .T. ) ;
#4173 = CARTESIAN_POINT ( 'NONE',  ( -21.50000000000000000, 21.50000000000000355, 10.00000000000000000 ) ) ;
#4174 = CARTESIAN_POINT ( 'NONE',  ( 9.853794540581139572, 13.30336033792459993, 41.30000000000000426 ) ) ;
#4175 = DIRECTION ( 'NONE',  ( 0.000000000000000000, 0.000000000000000000, -1.000000000000000000 ) ) ;
#4176 = FACE_OUTER_BOUND ( 'NONE', #2983, .T. ) ;
#4177 = CARTESIAN_POINT ( 'NONE',  ( 25.57751890288524876, -25.77265906233348858, 0.5244170929931819547 ) ) ;
#4178 = CARTESIAN_POINT ( 'NONE',  ( 26.91763008816432290, 1.885395245059572789, -0.07263636767417129547 ) ) ;
#4179 = CARTESIAN_POINT ( 'NONE',  ( 11.14422858322500076, 13.68443184191760054, 41.30000000000000426 ) ) ;
#4180 = CARTESIAN_POINT ( 'NONE',  ( -9.828844049803869609, 14.22192126442709892, 41.30000000000000426 ) ) ;
#4181 = CARTESIAN_POINT ( 'NONE',  ( -21.72867365010842633, 26.49442111444984604, 4.336808689942036965E-16 ) ) ;
#4182 = CARTESIAN_POINT ( 'NONE',  ( 6.908245436722370236, 16.59252888148069971, 41.30000000000000426 ) ) ;
#4183 = EDGE_CURVE ( 'NONE', #4531, #747, #5825, .T. ) ;
#4184 = ADVANCED_FACE ( 'NONE', ( #831 ), #5163, .T. ) ;
#4185 = CARTESIAN_POINT ( 'NONE',  ( -17.63087773559610838, -27.62478600578701560, 22.61744974835124822 ) ) ;
#4186 = DIRECTION ( 'NONE',  ( 0.000000000000000000, 0.000000000000000000, 1.000000000000000000 ) ) ;
#4187 = CARTESIAN_POINT ( 'NONE',  ( -6.304334965571159799, 17.58001425048900401, 40.30000000000000426 ) ) ;
#4188 = CARTESIAN_POINT ( 'NONE',  ( -5.180126546643889718, 16.91931405009639633, 40.30000000000000426 ) ) ;
#4189 = ORIENTED_EDGE ( 'NONE', *, *, #2594, .T. ) ;
#4190 = CARTESIAN_POINT ( 'NONE',  ( 2.251984517285699816, 15.12839956717800050, 40.30000000000000426 ) ) ;
#4191 = ADVANCED_FACE ( 'NONE', ( #2098 ), #7046, .F. ) ;
#4192 = ORIENTED_EDGE ( 'NONE', *, *, #6047, .F. ) ;
#4193 = ORIENTED_EDGE ( 'NONE', *, *, #2512, .F. ) ;
#4194 = CIRCLE ( 'NONE', #7674, 0.4999999999999996114 ) ;
#4195 = LINE ( 'NONE', #950, #4052 ) ;
#4196 = CARTESIAN_POINT ( 'NONE',  ( -23.50000000000000355, 21.50000000000000355, 0.5000000000000004441 ) ) ;
#4197 = CARTESIAN_POINT ( 'NONE',  ( -21.20404013456011327, -28.28233317696154714, 0.5190885918541671140 ) ) ;
#4198 = CARTESIAN_POINT ( 'NONE',  ( -6.379192066585719800, 17.98851875966670377, 41.30000000000000426 ) ) ;
#4199 = EDGE_CURVE ( 'NONE', #4767, #133, #4603, .T. ) ;
#4200 = ORIENTED_EDGE ( 'NONE', *, *, #1924, .F. ) ;
#4201 = DIRECTION ( 'NONE',  ( 1.000000000000000000, 0.000000000000000000, 0.000000000000000000 ) ) ;
#4202 = ORIENTED_EDGE ( 'NONE', *, *, #6577, .F. ) ;
#4203 = CIRCLE ( 'NONE', #1217, 2.000000000000001776 ) ;
#4204 = EDGE_CURVE ( 'NONE', #869, #3118, #5550, .T. ) ;
#4205 = CARTESIAN_POINT ( 'NONE',  ( 10.20483515505999783, 13.26411857137959949, 40.30000000000000426 ) ) ;
#4206 = DIRECTION ( 'NONE',  ( 0.000000000000000000, 0.000000000000000000, -1.000000000000000000 ) ) ;
#4207 = ORIENTED_EDGE ( 'NONE', *, *, #5284, .T. ) ;
#4208 = CARTESIAN_POINT ( 'NONE',  ( 27.18539524505959903, 27.18539524505959903, 0.000000000000000000 ) ) ;
#4209 = CARTESIAN_POINT ( 'NONE',  ( 25.59819269117850027, 24.53893412808774954, 0.5244487128110583152 ) ) ;
#4210 = ORIENTED_EDGE ( 'NONE', *, *, #2432, .T. ) ;
#4211 = ORIENTED_EDGE ( 'NONE', *, *, #5132, .F. ) ;
#4212 = DIRECTION ( 'NONE',  ( 0.000000000000000000, 0.000000000000000000, -1.000000000000000000 ) ) ;
#4213 = CARTESIAN_POINT ( 'NONE',  ( -28.41460475494040239, 1.885395245059547031, 1.294219690701820075E-16 ) ) ;
#4214 = CARTESIAN_POINT ( 'NONE',  ( -6.142459030276159915, 18.01960463918630140, 40.30000000000000426 ) ) ;
#4215 = CARTESIAN_POINT ( 'NONE',  ( 9.727103702786269679, 13.54974085977739939, 40.30000000000000426 ) ) ;
#4216 = B_SPLINE_CURVE_WITH_KNOTS ( 'NONE', 3,
 ( #977, #4744, #2886, #5255, #5809 ),
 .UNSPECIFIED., .F., .F.,
 ( 4, 1, 4 ),
 ( 0.000000000000000000, 0.04027735834994560643, 0.08458061810296360616 ),
 .UNSPECIFIED. ) ;
#4217 = CARTESIAN_POINT ( 'NONE',  ( 27.15093135139335345, -19.75661500391404601, 0.5181001686814645790 ) ) ;
#4218 = CIRCLE ( 'NONE', #5607, 24.48284438740353508 ) ;
#4219 = FACE_BOUND ( 'NONE', #3408, .T. ) ;
#4220 = FACE_OUTER_BOUND ( 'NONE', #2303, .T. ) ;
#4221 = DIRECTION ( 'NONE',  ( 1.000000000000000000, 1.248323409520918280E-16, 0.000000000000000000 ) ) ;
#4222 = CARTESIAN_POINT ( 'NONE',  ( -28.29041118646156505, 19.88531341118271456, 0.5190207097717268736 ) ) ;
#4223 = CARTESIAN_POINT ( 'NONE',  ( 18.00133852049939875, -27.87758724018440404, 15.37816956991539996 ) ) ;
#4224 = LINE ( 'NONE', #7277, #7997 ) ;
#4225 = CARTESIAN_POINT ( 'NONE',  ( -24.62215595845194116, -26.93023689299073098, -1.301042606982605518E-15 ) ) ;
#4226 = CARTESIAN_POINT ( 'NONE',  ( -21.02204869165979062, -27.44649081439158067, 22.61954777400691441 ) ) ;
#4227 = FACE_OUTER_BOUND ( 'NONE', #4056, .T. ) ;
#4228 = DIRECTION ( 'NONE',  ( -4.683753385137379155E-16, -0.03489949670250089286, 0.9993908270190957621 ) ) ;
#4229 = VECTOR ( 'NONE', #2641, 1000.000000000000000 ) ;
#4230 = ORIENTED_EDGE ( 'NONE', *, *, #7752, .F. ) ;
#4231 = CARTESIAN_POINT ( 'NONE',  ( 11.58286141436360062, 14.53285187076180129, 40.30000000000000426 ) ) ;
#4232 = ORIENTED_EDGE ( 'NONE', *, *, #3316, .F. ) ;
#4233 = EDGE_CURVE ( 'NONE', #2852, #3090, #3960, .T. ) ;
#4234 = B_SPLINE_CURVE_WITH_KNOTS ( 'NONE', 3,
 ( #373, #1628, #3426, #5296, #5938 ),
 .UNSPECIFIED., .F., .F.,
 ( 4, 1, 4 ),
 ( 0.000000000000000000, 0.02952255406054889869, 0.05754954794885040054 ),
 .UNSPECIFIED. ) ;
#4235 = EDGE_CURVE ( 'NONE', #2105, #6215, #5206, .T. ) ;
#4236 = CARTESIAN_POINT ( 'NONE',  ( 27.16731461781401791, 17.87144883568241127, 0.5177467771245045647 ) ) ;
#4237 = CARTESIAN_POINT ( 'NONE',  ( 21.19568296575980071, 26.44317499737460153, 15.48255269851899918 ) ) ;
#4238 = CARTESIAN_POINT ( 'NONE',  ( 3.394733980665269879, 16.03561544270720063, 40.30000000000000426 ) ) ;
#4239 = FACE_BOUND ( 'NONE', #6774, .T. ) ;
#4240 = ORIENTED_EDGE ( 'NONE', *, *, #630, .T. ) ;
#4241 = DIRECTION ( 'NONE',  ( 0.000000000000000000, 0.000000000000000000, 1.000000000000000000 ) ) ;
#4242 = ORIENTED_EDGE ( 'NONE', *, *, #7662, .F. ) ;
#4243 = ADVANCED_FACE ( 'NONE', ( #4239, #2248 ), #5907, .T. ) ;
#4244 = ORIENTED_EDGE ( 'NONE', *, *, #1533, .T. ) ;
#4245 = DIRECTION ( 'NONE',  ( -6.943123467126490601E-15, 1.000000000000000000, 0.000000000000000000 ) ) ;
#4246 = CARTESIAN_POINT ( 'NONE',  ( -28.42180713241059919, -18.42789886221969908, -0.2062491054757909781 ) ) ;
#4247 = ORIENTED_EDGE ( 'NONE', *, *, #4567, .T. ) ;
#4248 = FACE_OUTER_BOUND ( 'NONE', #7459, .T. ) ;
#4249 = VECTOR ( 'NONE', #7065, 999.9999999999998863 ) ;
#4250 = FACE_OUTER_BOUND ( 'NONE', #2806, .T. ) ;
#4251 = ORIENTED_EDGE ( 'NONE', *, *, #6946, .F. ) ;
#4252 = CARTESIAN_POINT ( 'NONE',  ( 2.153277872611869981, 15.14466350712690002, 41.30000000000000426 ) ) ;
#4253 = EDGE_LOOP ( 'NONE', ( #6018, #6772, #3925, #2571 ) ) ;
#4254 = CARTESIAN_POINT ( 'NONE',  ( 5.748449948378079988, 15.63262024353880086, 41.30000000000000426 ) ) ;
#4255 = ORIENTED_EDGE ( 'NONE', *, *, #7138, .F. ) ;
#4256 = PRESENTATION_LAYER_ASSIGNMENT (  '', '', ( #3224 ) ) ;
#4257 = LINE ( 'NONE', #516, #5129 ) ;
#4258 = FACE_OUTER_BOUND ( 'NONE', #2949, .T. ) ;
#4259 = CARTESIAN_POINT ( 'NONE',  ( 10.91645983803849873, 14.62961564616669996, 41.30000000000000426 ) ) ;
#4260 = CARTESIAN_POINT ( 'NONE',  ( 17.84055740653998967, -27.89683959941419999, -2.168404344971008868E-16 ) ) ;
#4261 = CARTESIAN_POINT ( 'NONE',  ( 17.73685461709205313, 25.87966272957796932, 23.09999999999999787 ) ) ;
#4262 = CARTESIAN_POINT ( 'NONE',  ( 6.881754689642439970, 16.86593862519769971, 41.30000000000000426 ) ) ;
#4263 = CARTESIAN_POINT ( 'NONE',  ( 5.191947692418542815, 32.47863577134612001, 5.093704337971727725 ) ) ;
#4264 = CARTESIAN_POINT ( 'NONE',  ( -28.39653501155466486, 17.17341723148286547, 0.5174497483512485729 ) ) ;
#4265 = CARTESIAN_POINT ( 'NONE',  ( -9.464776183982930746, 14.14948149444970049, 41.30000000000000426 ) ) ;
#4266 = EDGE_CURVE ( 'NONE', #2281, #6714, #5386, .T. ) ;
#4267 = CARTESIAN_POINT ( 'NONE',  ( 25.89588108239667719, 17.06882390645179370, 23.09999999999999787 ) ) ;
#4268 = CARTESIAN_POINT ( 'NONE',  ( -18.30743654679885779, -27.62477583901051048, 22.61774088673833205 ) ) ;
#4269 = CARTESIAN_POINT ( 'NONE',  ( -10.25321307584949970, 16.27683842836829697, 40.30000000000000426 ) ) ;
#4270 = FACE_OUTER_BOUND ( 'NONE', #271, .T. ) ;
#4271 = EDGE_CURVE ( 'NONE', #7304, #5942, #459, .T. ) ;
#4272 = ORIENTED_EDGE ( 'NONE', *, *, #5811, .F. ) ;
#4273 = DIRECTION ( 'NONE',  ( 0.000000000000000000, 0.000000000000000000, 1.000000000000000000 ) ) ;
#4274 = DIRECTION ( 'NONE',  ( -0.6946569551920374064, -0.7193411670433771388, 0.000000000000000000 ) ) ;
#4275 = VERTEX_POINT ( 'NONE', #2864 ) ;
#4276 = VERTEX_POINT ( 'NONE', #7897 ) ;
#4277 = DIRECTION ( 'NONE',  ( 6.938893903907222067E-15, 1.000000000000000000, 0.000000000000000000 ) ) ;
#4278 = EDGE_CURVE ( 'NONE', #2123, #2406, #1347, .T. ) ;
#4279 = CARTESIAN_POINT ( 'NONE',  ( 17.73004780292669835, 26.37708701273090028, 23.14691927163010376 ) ) ;
#4280 = CARTESIAN_POINT ( 'NONE',  ( -23.95684981090420607, -27.76418673511181368, 0.5220633146242217304 ) ) ;
#4281 = CARTESIAN_POINT ( 'NONE',  ( -4.401769148200250115, 6.542798680307639891, 41.30000000000000426 ) ) ;
#4282 = ORIENTED_EDGE ( 'NONE', *, *, #7611, .T. ) ;
#4283 = CARTESIAN_POINT ( 'NONE',  ( 2.715877902717790171, 15.10198686240030064, 41.30000000000000426 ) ) ;
#4284 = CARTESIAN_POINT ( 'NONE',  ( 11.76127926140800106, 13.95315373228410039, 41.30000000000000426 ) ) ;
#4285 = CARTESIAN_POINT ( 'NONE',  ( -27.87758724018830137, -19.23054803038409943, 15.37816956980479866 ) ) ;
#4286 = ADVANCED_FACE ( 'NONE', ( #385 ), #2903, .F. ) ;
#4287 = EDGE_CURVE ( 'NONE', #4416, #6218, #3375, .T. ) ;
#4288 = ORIENTED_EDGE ( 'NONE', *, *, #1455, .F. ) ;
#4289 = CARTESIAN_POINT ( 'NONE',  ( 10.27926888318410015, 11.22706917977009944, 41.30000000000000426 ) ) ;
#4290 = ADVANCED_FACE ( 'NONE', ( #6024 ), #3517, .F. ) ;
#4291 = CARTESIAN_POINT ( 'NONE',  ( -9.245204976220421145, 15.86077891719580180, 40.30000000000000426 ) ) ;
#4292 = ORIENTED_EDGE ( 'NONE', *, *, #4656, .F. ) ;
#4293 = ORIENTED_EDGE ( 'NONE', *, *, #6697, .T. ) ;
#4294 = LINE ( 'NONE', #6576, #5903 ) ;
#4295 = ORIENTED_EDGE ( 'NONE', *, *, #1578, .T. ) ;
#4296 = EDGE_CURVE ( 'NONE', #6133, #1940, #5306, .T. ) ;
#4297 = ORIENTED_EDGE ( 'NONE', *, *, #7087, .F. ) ;
#4298 = CARTESIAN_POINT ( 'NONE',  ( 10.99663645060210015, 13.08155772447939924, 41.30000000000000426 ) ) ;
#4299 = CARTESIAN_POINT ( 'NONE',  ( 11.28618918779309865, 14.08527069939150067, 40.30000000000000426 ) ) ;
#4300 = FACE_OUTER_BOUND ( 'NONE', #1244, .T. ) ;
#4301 = CARTESIAN_POINT ( 'NONE',  ( 23.92299450493393209, -27.22218702488237696, 0.5237387602196067471 ) ) ;
#4302 = CARTESIAN_POINT ( 'NONE',  ( 22.62119349611924690, 24.92927306837945167, 23.09999999999998010 ) ) ;
#4303 = VERTEX_POINT ( 'NONE', #2366 ) ;
#4304 = CARTESIAN_POINT ( 'NONE',  ( 27.16732550167385440, 17.17341723148286192, 0.5174497483512491280 ) ) ;
#4305 = EDGE_CURVE ( 'NONE', #6026, #2090, #2779, .T. ) ;
#4306 = EDGE_CURVE ( 'NONE', #7799, #5261, #658, .T. ) ;
#4307 = FACE_OUTER_BOUND ( 'NONE', #72, .T. ) ;
#4308 = CARTESIAN_POINT ( 'NONE',  ( 6.887860201077399935, 16.19458089575759985, 41.30000000000000426 ) ) ;
#4309 = CARTESIAN_POINT ( 'NONE',  ( 25.97199081292232137, -22.38940342354877799, 22.62095587682815534 ) ) ;
#4310 = DIRECTION ( 'NONE',  ( 0.000000000000000000, 0.000000000000000000, -1.000000000000000000 ) ) ;
#4311 = CARTESIAN_POINT ( 'NONE',  ( -24.35906525876709594, 25.82490933642490205, 15.52850518780510036 ) ) ;
#4312 = CARTESIAN_POINT ( 'NONE',  ( -26.07686063930137266, -26.59666146848380919, -1.349487024837204592E-13 ) ) ;
#4313 = CARTESIAN_POINT ( 'NONE',  ( 10.02637720198029925, 15.28910112577960057, 40.30000000000000426 ) ) ;
#4314 = ORIENTED_EDGE ( 'NONE', *, *, #5603, .T. ) ;
#4315 = FACE_OUTER_BOUND ( 'NONE', #4711, .T. ) ;
#4316 = CARTESIAN_POINT ( 'NONE',  ( -8.146923488539970393, 13.54592516046809969, 40.30000000000000426 ) ) ;
#4317 = ORIENTED_EDGE ( 'NONE', *, *, #5170, .T. ) ;
#4318 = CARTESIAN_POINT ( 'NONE',  ( 18.57646888234110705, 27.14186415061605118, 0.5181531406900613534 ) ) ;
#4319 = CARTESIAN_POINT ( 'NONE',  ( 3.596184367862199860, 18.30640974657900344, 40.30000000000000426 ) ) ;
#4320 = EDGE_CURVE ( 'NONE', #2406, #3780, #3553, .T. ) ;
#4321 = CARTESIAN_POINT ( 'NONE',  ( -7.549365694126509041, 17.62139941019609779, 41.30000000000000426 ) ) ;
#4322 = DIRECTION ( 'NONE',  ( 0.9916793796556208074, 0.1287323112736009911, 0.000000000000000000 ) ) ;
#4323 = EDGE_LOOP ( 'NONE', ( #4242, #4012, #2548, #3606 ) ) ;
#4324 = DIRECTION ( 'NONE',  ( 0.000000000000000000, 0.000000000000000000, -1.000000000000000000 ) ) ;
#4325 = VERTEX_POINT ( 'NONE', #2462 ) ;
#4326 = DIRECTION ( 'NONE',  ( -0.000000000000000000, 1.000000000000000000, -3.506929592249540258E-15 ) ) ;
#4327 = CARTESIAN_POINT ( 'NONE',  ( 10.57434546443830037, 13.52221266803760003, 41.30000000000000426 ) ) ;
#4328 = EDGE_LOOP ( 'NONE', ( #6436, #3957, #7747, #3348 ) ) ;
#4329 = CARTESIAN_POINT ( 'NONE',  ( -10.48767897564540164, 15.75119108690770098, 41.30000000000000426 ) ) ;
#4330 = EDGE_CURVE ( 'NONE', #7873, #4276, #1276, .T. ) ;
#4331 = VERTEX_POINT ( 'NONE', #4997 ) ;
#4332 = CARTESIAN_POINT ( 'NONE',  ( -5.600148718691980498, 17.79774077031040136, 41.30000000000000426 ) ) ;
#4333 = AXIS2_PLACEMENT_3D ( 'NONE', #1670, #4793, #1094 ) ;
#4334 = CARTESIAN_POINT ( 'NONE',  ( -9.082253424250101403, 15.54768132905119948, 41.30000000000000426 ) ) ;
#4335 = ORIENTED_EDGE ( 'NONE', *, *, #4393, .T. ) ;
#4336 = B_SPLINE_CURVE_WITH_KNOTS ( 'NONE', 3,
 ( #7780, #1674, #1062, #7658, #7975 ),
 .UNSPECIFIED., .F., .F.,
 ( 4, 1, 4 ),
 ( 0.000000000000000000, 0.04185030281210100345, 0.08234808355057680884 ),
 .UNSPECIFIED. ) ;
#4337 = FACE_OUTER_BOUND ( 'NONE', #6610, .T. ) ;
#4338 = ORIENTED_EDGE ( 'NONE', *, *, #7393, .T. ) ;
#4339 = ORIENTED_EDGE ( 'NONE', *, *, #4857, .T. ) ;
#4340 = EDGE_CURVE ( 'NONE', #7608, #89, #5936, .T. ) ;
#4341 = CARTESIAN_POINT ( 'NONE',  ( 10.36956850287059950, 12.66274338891180129, 40.30000000000000426 ) ) ;
#4342 = DIRECTION ( 'NONE',  ( 0.000000000000000000, 0.000000000000000000, -1.000000000000000000 ) ) ;
#4343 = CARTESIAN_POINT ( 'NONE',  ( -24.59775372883439815, -0.6146047549404147770, 23.58255025164874752 ) ) ;
#4344 = CARTESIAN_POINT ( 'NONE',  ( 20.49946414100076097, -27.72363062694605063, -9.757819552369539906E-16 ) ) ;
#4345 = CARTESIAN_POINT ( 'NONE',  ( 3.358446064208159942, 15.29864897262370071, 40.30000000000000426 ) ) ;
#4346 = CARTESIAN_POINT ( 'NONE',  ( 3.857461225503890034, 15.91176389033389960, 40.30000000000000426 ) ) ;
#4347 = VECTOR ( 'NONE', #6792, 1000.000000000000000 ) ;
#4348 = CARTESIAN_POINT ( 'NONE',  ( -28.41460475494039528, 17.17341723148286547, -3.252606517456513795E-16 ) ) ;
#4349 = DIRECTION ( 'NONE',  ( 0.000000000000000000, 0.000000000000000000, -1.000000000000000000 ) ) ;
#4350 = CARTESIAN_POINT ( 'NONE',  ( 19.79159604790770643, -27.44805468102092760, 22.61955751567608885 ) ) ;
#4351 = EDGE_CURVE ( 'NONE', #2239, #3937, #4370, .T. ) ;
#4352 = CIRCLE ( 'NONE', #1895, 0.5000000000000000000 ) ;
#4353 = DIRECTION ( 'NONE',  ( 0.9835387144896845513, -0.1806975293134329141, 0.000000000000000000 ) ) ;
#4354 = CARTESIAN_POINT ( 'NONE',  ( 7.334350787204350297, 17.19279174723540038, 41.30000000000000426 ) ) ;
#4355 = CARTESIAN_POINT ( 'NONE',  ( -26.29386719160750019, 23.93546260727999808, 23.31778608947129783 ) ) ;
#4356 = CARTESIAN_POINT ( 'NONE',  ( -21.79379769742563155, -28.21823982015944310, 0.5195477740094940344 ) ) ;
#4357 = LINE ( 'NONE', #3707, #3590 ) ;
#4358 = ORIENTED_EDGE ( 'NONE', *, *, #6377, .F. ) ;
#4359 = CARTESIAN_POINT ( 'NONE',  ( -27.20120032280270905, 21.16019391367045088, 22.62095587682817666 ) ) ;
#4360 = ORIENTED_EDGE ( 'NONE', *, *, #5951, .T. ) ;
#4361 = CARTESIAN_POINT ( 'NONE',  ( 5.475564368647679814, 15.33987289680569965, 40.30000000000000426 ) ) ;
#4362 = VECTOR ( 'NONE', #7193, 1000.000000000000000 ) ;
#4363 = EDGE_LOOP ( 'NONE', ( #4411, #986, #7059, #5798 ) ) ;
#4364 = EDGE_CURVE ( 'NONE', #3810, #6714, #4877, .T. ) ;
#4365 = B_SPLINE_CURVE_WITH_KNOTS ( 'NONE', 3,
 ( #829, #872, #3318, #2051, #7627 ),
 .UNSPECIFIED., .F., .F.,
 ( 4, 1, 4 ),
 ( 0.000000000000000000, 0.01681437180756419764, 0.04338606958268419883 ),
 .UNSPECIFIED. ) ;
#4366 = LINE ( 'NONE', #6153, #949 ) ;
#4367 = CARTESIAN_POINT ( 'NONE',  ( 10.87105800725280069, 13.07728419855519952, 41.30000000000000426 ) ) ;
#4368 = VECTOR ( 'NONE', #8002, 1000.000000000000114 ) ;
#4369 = CARTESIAN_POINT ( 'NONE',  ( -4.118086260487139327, 18.59421319516879834, 40.30000000000000426 ) ) ;
#4370 = LINE ( 'NONE', #4281, #3424 ) ;
#4371 = ORIENTED_EDGE ( 'NONE', *, *, #6349, .T. ) ;
#4372 = CARTESIAN_POINT ( 'NONE',  ( -10.80818981244120103, 16.00977375196730179, 40.30000000000000426 ) ) ;
#4373 = ORIENTED_EDGE ( 'NONE', *, *, #2061, .T. ) ;
#4374 = CARTESIAN_POINT ( 'NONE',  ( 2.947336782589780046, 15.12171683621880014, 41.30000000000000426 ) ) ;
#4375 = VERTEX_POINT ( 'NONE', #3142 ) ;
#4376 = LINE ( 'NONE', #4844, #6074 ) ;
#4377 = DIRECTION ( 'NONE',  ( 0.000000000000000000, 0.000000000000000000, 1.000000000000000000 ) ) ;
#4378 = LINE ( 'NONE', #6731, #5201 ) ;
#4379 = VERTEX_POINT ( 'NONE', #2504 ) ;
#4380 = LINE ( 'NONE', #7431, #6566 ) ;
#4381 = DIRECTION ( 'NONE',  ( -0.9916793796556208074, -0.1287323112736009911, 0.000000000000000000 ) ) ;
#4382 = ORIENTED_EDGE ( 'NONE', *, *, #2848, .F. ) ;
#4383 = CARTESIAN_POINT ( 'NONE',  ( 2.765246348989209846, 18.17070349071000024, 40.30000000000000426 ) ) ;
#4384 = ORIENTED_EDGE ( 'NONE', *, *, #3339, .F. ) ;
#4385 = EDGE_CURVE ( 'NONE', #2629, #6649, #1913, .T. ) ;
#4386 = CARTESIAN_POINT ( 'NONE',  ( -27.12509059227752317, 17.06988900118924590, 23.09999999999999787 ) ) ;
#4387 = CARTESIAN_POINT ( 'NONE',  ( -27.12509059227749120, -0.6146047549404122234, 23.09999999999999787 ) ) ;
#4388 = VECTOR ( 'NONE', #6257, 1000.000000000000000 ) ;
#4389 = CARTESIAN_POINT ( 'NONE',  ( 11.43479872537440123, 14.72321654819459980, 41.30000000000000426 ) ) ;
#4390 = LINE ( 'NONE', #206, #5380 ) ;
#4391 = CIRCLE ( 'NONE', #885, 0.5000000000000004441 ) ;
#4392 = DIRECTION ( 'NONE',  ( 0.000000000000000000, 0.000000000000000000, -1.000000000000000000 ) ) ;
#4393 = EDGE_CURVE ( 'NONE', #3431, #5194, #6276, .T. ) ;
#4394 = CARTESIAN_POINT ( 'NONE',  ( -26.78351188587997100, -24.91109194395606252, -0.000000000000000000 ) ) ;
#4395 = CARTESIAN_POINT ( 'NONE',  ( -27.10773934433709798, 24.74933476000960297, 0.01153698399555730045 ) ) ;
#4396 = VECTOR ( 'NONE', #1651, 1000.000000000000000 ) ;
#4397 = CARTESIAN_POINT ( 'NONE',  ( -25.73478053120318876, -26.19767867993449073, 6.505213034913026604E-16 ) ) ;
#4398 = ORIENTED_EDGE ( 'NONE', *, *, #6631, .T. ) ;
#4399 = DIRECTION ( 'NONE',  ( 0.000000000000000000, -1.000000000000000000, 0.000000000000000000 ) ) ;
#4400 = CARTESIAN_POINT ( 'NONE',  ( -27.01009938889328765, 21.83563587432033160, 23.09999999999883968 ) ) ;
#4401 = VERTEX_POINT ( 'NONE', #3021 ) ;
#4402 = ORIENTED_EDGE ( 'NONE', *, *, #1060, .F. ) ;
#4403 = AXIS2_PLACEMENT_3D ( 'NONE', #36, #125, #7445 ) ;
#4404 = CARTESIAN_POINT ( 'NONE',  ( 26.91299783375381693, 21.00515657191049357, 0.5200145704169811811 ) ) ;
#4405 = CARTESIAN_POINT ( 'NONE',  ( 11.27778356099960000, 14.16282031780589890, 40.30000000000000426 ) ) ;
#4406 = EDGE_CURVE ( 'NONE', #1229, #5867, #5582, .T. ) ;
#4407 = LINE ( 'NONE', #3179, #5363 ) ;
#4408 = CARTESIAN_POINT ( 'NONE',  ( 7.254167630463329353, 13.41184765586669947, 40.30000000000000426 ) ) ;
#4409 = ORIENTED_EDGE ( 'NONE', *, *, #3720, .F. ) ;
#4410 = CIRCLE ( 'NONE', #1807, 0.5000000000000004441 ) ;
#4411 = ORIENTED_EDGE ( 'NONE', *, *, #326, .F. ) ;
#4412 = FACE_OUTER_BOUND ( 'NONE', #2606, .T. ) ;
#4413 = ORIENTED_EDGE ( 'NONE', *, *, #3621, .T. ) ;
#4414 = CARTESIAN_POINT ( 'NONE',  ( 10.57434546443830037, 13.52221266803760003, 41.30000000000000426 ) ) ;
#4415 = CARTESIAN_POINT ( 'NONE',  ( -18.42789886221959961, -28.42180713241059919, -0.2062491054757909781 ) ) ;
#4416 = VERTEX_POINT ( 'NONE', #5461 ) ;
#4417 = LINE ( 'NONE', #876, #1935 ) ;
#4418 = CARTESIAN_POINT ( 'NONE',  ( 9.749674547341738773, 13.51967160868009898, 40.30000000000000426 ) ) ;
#4419 = ORIENTED_EDGE ( 'NONE', *, *, #4351, .F. ) ;
#4420 = VECTOR ( 'NONE', #5795, 1000.000000000000000 ) ;
#4421 = CARTESIAN_POINT ( 'NONE',  ( 2.964785200835389656, 18.13376311301610144, 41.30000000000000426 ) ) ;
#4422 = ORIENTED_EDGE ( 'NONE', *, *, #4925, .T. ) ;
#4423 = CARTESIAN_POINT ( 'NONE',  ( 11.56418602371990012, 13.44251381513900157, 40.30000000000000426 ) ) ;
#4424 = CARTESIAN_POINT ( 'NONE',  ( 10.31258123029240004, 13.00483467933809933, 41.30000000000000426 ) ) ;
#4425 = ADVANCED_FACE ( 'NONE', ( #6156 ), #7932, .F. ) ;
#4426 = DIRECTION ( 'NONE',  ( 0.000000000000000000, 0.000000000000000000, -1.000000000000000000 ) ) ;
#4427 = AXIS2_PLACEMENT_3D ( 'NONE', #7303, #5430, #2335 ) ;
#4428 = CARTESIAN_POINT ( 'NONE',  ( 11.24501049525490082, 14.24491873794270091, 40.30000000000000426 ) ) ;
#4429 = CARTESIAN_POINT ( 'NONE',  ( 10.57434546443830037, 13.52221266803760003, 41.30000000000000426 ) ) ;
#4430 = DIRECTION ( 'NONE',  ( -0.9999072599733419553, 0.01361879042365390056, 0.000000000000000000 ) ) ;
#4431 = CARTESIAN_POINT ( 'NONE',  ( -10.52315482719419926, 14.36621098185390188, 41.30000000000000426 ) ) ;
#4432 = CARTESIAN_POINT ( 'NONE',  ( -28.38044983844577374, -19.75436418454027176, 0.5180901007589440166 ) ) ;
#4433 = ORIENTED_EDGE ( 'NONE', *, *, #467, .F. ) ;
#4434 = DIRECTION ( 'NONE',  ( -1.224646799147351235E-16, 1.000000000000000000, 0.000000000000000000 ) ) ;
#4435 = CARTESIAN_POINT ( 'NONE',  ( 7.254167630463329353, 13.41184765586669947, 41.30000000000000426 ) ) ;
#4436 = ORIENTED_EDGE ( 'NONE', *, *, #3818, .F. ) ;
#4437 = ORIENTED_EDGE ( 'NONE', *, *, #255, .T. ) ;
#4438 = ADVANCED_FACE ( 'NONE', ( #3678 ), #6118, .F. ) ;
#4439 = CARTESIAN_POINT ( 'NONE',  ( 22.70749024080960865, -27.76563185031852754, 0.5220177237700048822 ) ) ;
#4440 = CARTESIAN_POINT ( 'NONE',  ( 6.039704165443460226, 15.50614215464620038, 41.30000000000000426 ) ) ;
#4441 = CARTESIAN_POINT ( 'NONE',  ( 2.438326706585169923, 15.09769587760660059, 41.30000000000000426 ) ) ;
#4442 = DIRECTION ( 'NONE',  ( 0.000000000000000000, 0.000000000000000000, 1.000000000000000000 ) ) ;
#4443 = ORIENTED_EDGE ( 'NONE', *, *, #4287, .F. ) ;
#4444 = CARTESIAN_POINT ( 'NONE',  ( 26.24176673497289869, 19.87413757735619768, 23.21706704818540246 ) ) ;
#4445 = ORIENTED_EDGE ( 'NONE', *, *, #781, .T. ) ;
#4446 = DIRECTION ( 'NONE',  ( 0.000000000000000000, 0.000000000000000000, -1.000000000000000000 ) ) ;
#4447 = ORIENTED_EDGE ( 'NONE', *, *, #2382, .F. ) ;
#4448 = CARTESIAN_POINT ( 'NONE',  ( -26.42969512668116749, 23.23633542781068329, 22.62390762372481845 ) ) ;
#4449 = CARTESIAN_POINT ( 'NONE',  ( 11.76321809669119922, 14.04282336078279947, 41.30000000000000426 ) ) ;
#4450 = VERTEX_POINT ( 'NONE', #1234 ) ;
#4451 = CARTESIAN_POINT ( 'NONE',  ( 6.836821090538110823, 15.15999154324650178, 40.30000000000000426 ) ) ;
#4452 = CARTESIAN_POINT ( 'NONE',  ( 6.770203740371770529, 13.62201054562179969, 41.30000000000000426 ) ) ;
#4453 = CIRCLE ( 'NONE', #7663, 0.5000000000000004441 ) ;
#4454 = CARTESIAN_POINT ( 'NONE',  ( 10.99663645060210015, 13.08155772447939924, 40.30000000000000426 ) ) ;
#4455 = ORIENTED_EDGE ( 'NONE', *, *, #2211, .F. ) ;
#4456 = VERTEX_POINT ( 'NONE', #12 ) ;
#4457 = FACE_OUTER_BOUND ( 'NONE', #6628, .T. ) ;
#4458 = CARTESIAN_POINT ( 'NONE',  ( 2.641366573520219863, 15.52143721616780070, 40.30000000000000426 ) ) ;
#4459 = VECTOR ( 'NONE', #2968, 1000.000000000000000 ) ;
#4460 = ORIENTED_EDGE ( 'NONE', *, *, #2585, .T. ) ;
#4461 = LINE ( 'NONE', #5014, #5859 ) ;
#4462 = CARTESIAN_POINT ( 'NONE',  ( -25.15220401481476387, 25.99297751500149545, 0.5237387602196399428 ) ) ;
#4463 = CARTESIAN_POINT ( 'NONE',  ( 6.949205376582550109, 16.95920502406449870, 40.30000000000000426 ) ) ;
#4464 = VECTOR ( 'NONE', #7854, 1000.000000000000000 ) ;
#4465 = LINE ( 'NONE', #207, #1408 ) ;
#4466 = CARTESIAN_POINT ( 'NONE',  ( 3.063672018094139915, 15.64736861108340094, 41.30000000000000426 ) ) ;
#4467 = CARTESIAN_POINT ( 'NONE',  ( -24.38375350062900537, -26.41924631535899337, 23.09999999999883968 ) ) ;
#4468 = CARTESIAN_POINT ( 'NONE',  ( -27.22218801644414654, -25.15220475145308043, 0.5237387526979544461 ) ) ;
#4469 = ORIENTED_EDGE ( 'NONE', *, *, #5205, .T. ) ;
#4470 = DIRECTION ( 'NONE',  ( -0.4308890467485030906, -0.9024049143218172420, 0.000000000000000000 ) ) ;
#4471 = DIRECTION ( 'NONE',  ( -0.3983177095384188293, -0.9172475141792796327, 0.000000000000000000 ) ) ;
#4472 =( BOUNDED_SURFACE ( )  B_SPLINE_SURFACE ( 3, 2, ( 
 ( #611, #6102, #1834 ),
 ( #3095, #5530, #4268 ),
 ( #1792, #7887, #6711 ),
 ( #2491, #2353, #4948 ),
 ( #1266, #4825, #4226 ),
 ( #6666, #1460, #6302 ),
 ( #6991, #3950, #810 ),
 ( #1991, #733, #7605 ),
 ( #5174, #4467, #5101 ),
 ( #6227, #6384, #1953 ),
 ( #6873, #5058, #3258 ),
 ( #1380, #5766, #852 ),
 ( #7520, #690, #1342 ),
 ( #3343, #2604, #7561 ),
 ( #3167, #127, #2642 ),
 ( #251, #3830, #6262 ),
 ( #7646, #165, #3213 ),
 ( #2720, #2110, #6908 ),
 ( #2077, #5020, #4544 ),
 ( #4585, #7026, #773 ),
 ( #1500, #3870, #5681 ),
 ( #1420, #2032, #4505 ),
 ( #6948, #3912, #2569 ),
 ( #5724, #6344, #5608 ) ),
 .UNSPECIFIED., .F., .F., .T. ) 
 B_SPLINE_SURFACE_WITH_KNOTS ( ( 4, 2, 2, 2, 2, 2, 2, 2, 2, 2, 2, 4 ),
 ( 3, 3 ),
 ( -3.469446951953614189E-18, 0.001998689182304831929, 0.003997378364609667327, 0.005996067546914502291, 0.006995412138066920207, 0.007495084433643129165, 0.007994756729219338123, 0.008994101320371754305, 0.009993445911524172220, 0.01199213509382900805, 0.01399082427613384388, 0.01598951345843867972 ),
 ( 0.000000000000000000, 1.000000000000000000 ),
 .UNSPECIFIED. ) 
 GEOMETRIC_REPRESENTATION_ITEM ( )  RATIONAL_B_SPLINE_SURFACE ( (
 ( 1.000000000000000000, 0.7193398003386544115, 1.000000000000000000),
 ( 1.000000000000000000, 0.7195417612662751150, 1.000000000000000000),
 ( 1.000000000000000000, 0.7197918207421426517, 1.000000000000000000),
 ( 1.000000000000000000, 0.7204309836196426398, 1.000000000000000000),
 ( 1.000000000000000000, 0.7207967899146313639, 1.000000000000000000),
 ( 1.000000000000000000, 0.7217728914074240665, 1.000000000000000000),
 ( 1.000000000000000000, 0.7224233922461374968, 1.000000000000000000),
 ( 1.000000000000000000, 0.7234208552387908497, 1.000000000000000000),
 ( 1.000000000000000000, 0.7237422690286121618, 1.000000000000000000),
 ( 1.000000000000000000, 0.7240782783455061988, 1.000000000000000000),
 ( 1.000000000000000000, 0.7241664853891847109, 1.000000000000000000),
 ( 1.000000000000000000, 0.7242961672764283154, 1.000000000000000000),
 ( 1.000000000000000000, 0.7243343896888327915, 1.000000000000000000),
 ( 1.000000000000000000, 0.7243390968798922858, 1.000000000000000000),
 ( 1.000000000000000000, 0.7241883487391264085, 1.000000000000000000),
 ( 1.000000000000000000, 0.7236980122615218614, 1.000000000000000000),
 ( 1.000000000000000000, 0.7233670259959693594, 1.000000000000000000),
 ( 1.000000000000000000, 0.7224082096115219676, 1.000000000000000000),
 ( 1.000000000000000000, 0.7217970288875305007, 1.000000000000000000),
 ( 1.000000000000000000, 0.7208035540006595410, 1.000000000000000000),
 ( 1.000000000000000000, 0.7204223423608573373, 1.000000000000000000),
 ( 1.000000000000000000, 0.7197848306342971014, 1.000000000000000000),
 ( 1.000000000000000000, 0.7195395605115485482, 1.000000000000000000),
 ( 1.000000000000000000, 0.7193398003386544115, 1.000000000000000000) ) ) 
 REPRESENTATION_ITEM ( '' )  SURFACE ( )  );
#4473 = EDGE_CURVE ( 'NONE', #5630, #5008, #1512, .T. ) ;
#4474 = ORIENTED_EDGE ( 'NONE', *, *, #7030, .T. ) ;
#4475 = VERTEX_POINT ( 'NONE', #4519 ) ;
#4476 = VECTOR ( 'NONE', #1957, 1000.000000000000000 ) ;
#4477 = ADVANCED_FACE ( 'NONE', ( #7001 ), #1474, .T. ) ;
#4478 = B_SPLINE_CURVE_WITH_KNOTS ( 'NONE', 3,
 ( #2031, #4504, #6422, #3911, #5722 ),
 .UNSPECIFIED., .F., .F.,
 ( 4, 1, 4 ),
 ( 0.000000000000000000, 0.03711580906407299651, 0.08242987321745530449 ),
 .UNSPECIFIED. ) ;
#4479 = CARTESIAN_POINT ( 'NONE',  ( 18.57152695774779616, -28.37922594736083681, 0.5181149983396577952 ) ) ;
#4480 = CARTESIAN_POINT ( 'NONE',  ( -0.7786472314460989308, -19.73621228586849696, 41.39999999999999858 ) ) ;
#4481 = CARTESIAN_POINT ( 'NONE',  ( 3.682519396442780035, 17.13556854103250160, 41.30000000000000426 ) ) ;
#4482 = LINE ( 'NONE', #2120, #1472 ) ;
#4483 = AXIS2_PLACEMENT_3D ( 'NONE', #7938, #2416, #3681 ) ;
#4484 = ORIENTED_EDGE ( 'NONE', *, *, #4985, .F. ) ;
#4485 = DIRECTION ( 'NONE',  ( 0.000000000000000000, 0.000000000000000000, -1.000000000000000000 ) ) ;
#4486 = ORIENTED_EDGE ( 'NONE', *, *, #5991, .T. ) ;
#4487 = CARTESIAN_POINT ( 'NONE',  ( 3.590308173573930173, 15.51758969383750042, 40.30000000000000426 ) ) ;
#4488 = ORIENTED_EDGE ( 'NONE', *, *, #6321, .F. ) ;
#4489 = CIRCLE ( 'NONE', #5873, 1.499999999999999778 ) ;
#4490 = CARTESIAN_POINT ( 'NONE',  ( -0.6146047549404122234, 25.89588108239669140, 23.09999999999999787 ) ) ;
#4491 = CARTESIAN_POINT ( 'NONE',  ( 7.334350787204350297, 17.19279174723540038, 41.30000000000000426 ) ) ;
#4492 = CARTESIAN_POINT ( 'NONE',  ( 26.37949142245779655, 17.75340532214404021, 22.61809009855255681 ) ) ;
#4493 = ORIENTED_EDGE ( 'NONE', *, *, #4320, .T. ) ;
#4494 = DIRECTION ( 'NONE',  ( 0.000000000000000000, 0.000000000000000000, -1.000000000000000000 ) ) ;
#4495 = EDGE_LOOP ( 'NONE', ( #1997, #7898, #1671, #6976 ) ) ;
#4496 = CARTESIAN_POINT ( 'NONE',  ( -10.26838636015069994, 12.21941433068429816, 41.30000000000000426 ) ) ;
#4497 = CARTESIAN_POINT ( 'NONE',  ( -9.681315860892119929, 14.96862224024780019, 40.30000000000000426 ) ) ;
#4498 = CARTESIAN_POINT ( 'NONE',  ( 3.862868816547879725, 17.99730347761779825, 40.30000000000000426 ) ) ;
#4499 = ORIENTED_EDGE ( 'NONE', *, *, #5059, .F. ) ;
#4500 = CARTESIAN_POINT ( 'NONE',  ( 10.91645983803849873, 14.62961564616669996, 40.30000000000000426 ) ) ;
#4501 = CARTESIAN_POINT ( 'NONE',  ( -23.83111956652313523, 26.57091461122587361, 0.5218732170491479083 ) ) ;
#4502 = DIRECTION ( 'NONE',  ( -1.000000000000000000, -1.224646799147350002E-16, 0.000000000000000000 ) ) ;
#4503 = CARTESIAN_POINT ( 'NONE',  ( -1.551986413671280207, 15.81445248331299958, 40.30000000000000426 ) ) ;
#4504 = CARTESIAN_POINT ( 'NONE',  ( -9.158705203805320494, 15.08210253421400182, 41.30000000000000426 ) ) ;
#4505 = CARTESIAN_POINT ( 'NONE',  ( -27.60870083267808184, -18.98261517877017823, 22.61809010076457227 ) ) ;
#4506 = EDGE_CURVE ( 'NONE', #5395, #3560, #4482, .T. ) ;
#4507 = CARTESIAN_POINT ( 'NONE',  ( -5.733329487999350604, 17.16037439629429784, 41.30000000000000426 ) ) ;
#4508 = ORIENTED_EDGE ( 'NONE', *, *, #2526, .F. ) ;
#4509 = DIRECTION ( 'NONE',  ( -0.9024049143218172420, 0.4308890467485030906, 0.000000000000000000 ) ) ;
#4510 = CARTESIAN_POINT ( 'NONE',  ( -27.12509059227756225, 16.40166822571528371, 23.10000000000000142 ) ) ;
#4511 = ORIENTED_EDGE ( 'NONE', *, *, #6090, .T. ) ;
#4512 = ORIENTED_EDGE ( 'NONE', *, *, #5811, .T. ) ;
#4513 = ORIENTED_EDGE ( 'NONE', *, *, #6887, .T. ) ;
#4514 = VECTOR ( 'NONE', #969, 1000.000000000000000 ) ;
#4515 = LINE ( 'NONE', #6960, #6747 ) ;
#4516 = CARTESIAN_POINT ( 'NONE',  ( 25.72109492163333044, -20.95845787577582442, 23.10000000000001918 ) ) ;
#4517 = EDGE_CURVE ( 'NONE', #6952, #287, #4903, .T. ) ;
#4518 = CARTESIAN_POINT ( 'NONE',  ( -5.317773544521269713, 17.40754912998569992, 40.30000000000000426 ) ) ;
#4519 = CARTESIAN_POINT ( 'NONE',  ( 9.840481588686309067, 13.34985304738949985, 41.30000000000000426 ) ) ;
#4520 = EDGE_LOOP ( 'NONE', ( #1433, #2558, #4513, #7911, #1227, #7834, #7261, #6574 ) ) ;
#4521 = CARTESIAN_POINT ( 'NONE',  ( 9.884514124881929931, 13.19607859311970088, 40.30000000000000426 ) ) ;
#4522 = ORIENTED_EDGE ( 'NONE', *, *, #4266, .T. ) ;
#4523 = CARTESIAN_POINT ( 'NONE',  ( -10.20061438660609987, 14.09487259155339878, 40.30000000000000426 ) ) ;
#4524 = ADVANCED_FACE ( 'NONE', ( #7036 ), #864, .F. ) ;
#4525 = CARTESIAN_POINT ( 'NONE',  ( -10.69035895268469893, 16.08217148952480358, 41.30000000000000426 ) ) ;
#4526 = CARTESIAN_POINT ( 'NONE',  ( -21.50000000000000000, 21.50000000000000355, 10.00000000000000000 ) ) ;
#4527 = CARTESIAN_POINT ( 'NONE',  ( -2.661605698174729806, 32.03804901416949491, 7.579842570130300494 ) ) ;
#4528 = VECTOR ( 'NONE', #3619, 1000.000000000000000 ) ;
#4529 = CARTESIAN_POINT ( 'NONE',  ( 17.17341723148286903, -27.89683959804510849, -2.168404344971008868E-16 ) ) ;
#4530 = CARTESIAN_POINT ( 'NONE',  ( 24.57824543330376343, 24.04132424338094154, 23.10000000000056630 ) ) ;
#4531 = VERTEX_POINT ( 'NONE', #3963 ) ;
#4532 = DIRECTION ( 'NONE',  ( 0.000000000000000000, 0.000000000000000000, 1.000000000000000000 ) ) ;
#4533 = EDGE_LOOP ( 'NONE', ( #7522, #4794, #1190, #3411 ) ) ;
#4534 = CARTESIAN_POINT ( 'NONE',  ( -21.19305191051924453, 27.04749223682206249, 0.5190992921153603223 ) ) ;
#4535 = CARTESIAN_POINT ( 'NONE',  ( 3.537544349797790311, 16.33834323439950253, 40.30000000000000426 ) ) ;
#4536 = EDGE_CURVE ( 'NONE', #1849, #6597, #3173, .T. ) ;
#4537 = LINE ( 'NONE', #2825, #1571 ) ;
#4538 = EDGE_CURVE ( 'NONE', #2123, #6653, #1865, .T. ) ;
#4539 = CARTESIAN_POINT ( 'NONE',  ( -0.6199099161177559214, 15.38695147968959986, 41.30000000000000426 ) ) ;
#4540 = CARTESIAN_POINT ( 'NONE',  ( -23.83835776159623165, 26.59265183169463143, 1.044049653135035907E-12 ) ) ;
#4541 = FACE_OUTER_BOUND ( 'NONE', #2173, .T. ) ;
#4542 = AXIS2_PLACEMENT_3D ( 'NONE', #4031, #6469, #938 ) ;
#4543 = CARTESIAN_POINT ( 'NONE',  ( 11.76127926140800106, 13.95315373228410039, 41.30000000000000426 ) ) ;
#4545 = EDGE_CURVE ( 'NONE', #3624, #6597, #2730, .T. ) ;
#4544 = CARTESIAN_POINT ( 'NONE',  ( -27.20119436825775594, -22.38446799291971345, 22.62099070428730840 ) ) ;
#4546 = EDGE_CURVE ( 'NONE', #6389, #7103, #6373, .T. ) ;
#4547 = CARTESIAN_POINT ( 'NONE',  ( 9.884482047076870614, 15.87559594639740013, 40.30000000000000426 ) ) ;
#4548 = ORIENTED_EDGE ( 'NONE', *, *, #483, .F. ) ;
#4549 = CARTESIAN_POINT ( 'NONE',  ( 3.903971976787460108, 16.01475150743359777, 40.30000000000000426 ) ) ;
#4550 = CARTESIAN_POINT ( 'NONE',  ( -25.68122854061623173, 24.19880763730056117, 22.62466030725433086 ) ) ;
#4551 = B_SPLINE_SURFACE_WITH_KNOTS ( 'NONE', 3, 1, ( 
 ( #2187, #253 ),
 ( #5253, #3951 ),
 ( #5767, #5175 ),
 ( #2792, #854 ),
 ( #2078, #6462 ) ),
 .UNSPECIFIED., .F., .F., .F.,
 ( 4, 1, 4 ),
 ( 2, 2 ),
 ( 0.000000000000000000, 0.01183247495483989893, 0.02306317136571379989 ),
 ( 0.000000000000000000, 0.1000000000000000056 ),
 .UNSPECIFIED. ) ;
#4552 = ORIENTED_EDGE ( 'NONE', *, *, #5983, .T. ) ;
#4553 = ORIENTED_EDGE ( 'NONE', *, *, #1974, .F. ) ;
#4554 = ORIENTED_EDGE ( 'NONE', *, *, #4506, .F. ) ;
#4555 = ADVANCED_FACE ( 'NONE', ( #5657 ), #7501, .F. ) ;
#4556 = CARTESIAN_POINT ( 'NONE',  ( 26.10989721542329178, -24.92249279494048508, 0.5234538563536683675 ) ) ;
#4557 = EDGE_CURVE ( 'NONE', #5713, #4303, #3466, .T. ) ;
#4558 = CARTESIAN_POINT ( 'NONE',  ( 22.91013221407354195, -26.01176215075684794, 23.09999999999999432 ) ) ;
#4559 = CARTESIAN_POINT ( 'NONE',  ( -5.543350294531720124, 17.74580551231959902, 41.30000000000000426 ) ) ;
#4560 = CARTESIAN_POINT ( 'NONE',  ( 19.49999999999999289, 21.49999999999999645, 0.5000000000000004441 ) ) ;
#4561 = ORIENTED_EDGE ( 'NONE', *, *, #7099, .T. ) ;
#4562 = LINE ( 'NONE', #1392, #7739 ) ;
#4563 = VERTEX_POINT ( 'NONE', #785 ) ;
#4564 = ORIENTED_EDGE ( 'NONE', *, *, #2538, .F. ) ;
#4565 = CARTESIAN_POINT ( 'NONE',  ( 27.16732550167385440, -18.40262674136375765, 0.5174497483512486840 ) ) ;
#4566 = ORIENTED_EDGE ( 'NONE', *, *, #4905, .F. ) ;
#4567 = EDGE_CURVE ( 'NONE', #4832, #2658, #138, .T. ) ;
#4568 = CARTESIAN_POINT ( 'NONE',  ( -10.69035895268469893, 16.08217148952480358, 40.30000000000000426 ) ) ;
#4569 = FACE_OUTER_BOUND ( 'NONE', #881, .T. ) ;
#4570 = DIRECTION ( 'NONE',  ( -1.000000000000000000, 3.874622478694609500E-17, -1.109546706755779999E-15 ) ) ;
#4571 = CARTESIAN_POINT ( 'NONE',  ( 27.16732550167386506, 1.885395245059572567, 0.5174497483512493501 ) ) ;
#4572 = CARTESIAN_POINT ( 'NONE',  ( 26.20024647589020717, 19.78875531573658364, 23.09999999999653397 ) ) ;
#4573 = PLANE ( 'NONE',  #3319 ) ;
#4574 = EDGE_LOOP ( 'NONE', ( #7098, #5583, #1079, #6564 ) ) ;
#4575 = LINE ( 'NONE', #5197, #4894 ) ;
#4576 = ORIENTED_EDGE ( 'NONE', *, *, #7221, .F. ) ;
#4577 = EDGE_CURVE ( 'NONE', #7680, #2498, #5836, .T. ) ;
#4578 = CARTESIAN_POINT ( 'NONE',  ( 6.876665505974150605, 17.39154306581720277, 41.30000000000000426 ) ) ;
#4579 = CARTESIAN_POINT ( 'NONE',  ( -9.648418924712981237, 16.23093750626999920, 41.30000000000000426 ) ) ;
#4580 = AXIS2_PLACEMENT_3D ( 'NONE', #7651, #3839, #7614 ) ;
#4581 = CARTESIAN_POINT ( 'NONE',  ( 21.93194160434897810, 26.74373775482916571, 0.5209558850652767914 ) ) ;
#4582 = CARTESIAN_POINT ( 'NONE',  ( -21.06746015504515057, -27.79279358310794379, -5.421010862427522170E-15 ) ) ;
#4583 = AXIS2_PLACEMENT_3D ( 'NONE', #3995, #822, #1432 ) ;
#4584 = LINE ( 'NONE', #1379, #1378 ) ;
#4585 = CARTESIAN_POINT ( 'NONE',  ( -26.95188149110881781, -20.95692467143616611, 23.09999999999998721 ) ) ;
#4586 = FACE_OUTER_BOUND ( 'NONE', #1513, .T. ) ;
#4587 = CARTESIAN_POINT ( 'NONE',  ( 22.99999999999999645, -21.50000000000000000, 10.00000000000000000 ) ) ;
#4588 = CARTESIAN_POINT ( 'NONE',  ( -25.27053540067866777, 24.57824732778490429, 23.10000000000292886 ) ) ;
#4589 = ORIENTED_EDGE ( 'NONE', *, *, #6831, .T. ) ;
#4590 = VECTOR ( 'NONE', #5684, 1000.000000000000114 ) ;
#4591 = CARTESIAN_POINT ( 'NONE',  ( 10.91645983803849873, 14.62961564616669996, 41.30000000000000426 ) ) ;
#4592 = DIRECTION ( 'NONE',  ( -0.9024049143218172420, 0.4308890467485030351, 0.000000000000000000 ) ) ;
#4593 = CYLINDRICAL_SURFACE ( 'NONE', #3202, 0.4999999999999992784 ) ;
#4594 = CARTESIAN_POINT ( 'NONE',  ( -10.58694316667890156, 15.69196364208130134, 40.30000000000000426 ) ) ;
#4595 = ORIENTED_EDGE ( 'NONE', *, *, #2810, .F. ) ;
#4596 = ORIENTED_EDGE ( 'NONE', *, *, #2946, .T. ) ;
#4597 = CARTESIAN_POINT ( 'NONE',  ( 3.809201748730219883, 15.82325346959809842, 41.30000000000000426 ) ) ;
#4598 = ORIENTED_EDGE ( 'NONE', *, *, #3552, .F. ) ;
#4599 = DIRECTION ( 'NONE',  ( 0.000000000000000000, 0.000000000000000000, -1.000000000000000000 ) ) ;
#4600 = LINE ( 'NONE', #6970, #2613 ) ;
#4601 = VECTOR ( 'NONE', #1899, 1000.000000000000114 ) ;
#4602 = CARTESIAN_POINT ( 'NONE',  ( 25.70102474848014396, -24.62215400158205014, -9.757819552369541878E-16 ) ) ;
#4603 = LINE ( 'NONE', #7052, #3033 ) ;
#4604 = ORIENTED_EDGE ( 'NONE', *, *, #843, .T. ) ;
#4605 = CARTESIAN_POINT ( 'NONE',  ( 17.17341723148286903, -27.89683959804511559, 0.4999999999999998890 ) ) ;
#4606 = FACE_OUTER_BOUND ( 'NONE', #3275, .T. ) ;
#4607 = EDGE_LOOP ( 'NONE', ( #7734, #52, #1413, #3686, #6170, #1257, #1799, #4761 ) ) ;
#4608 = FACE_OUTER_BOUND ( 'NONE', #798, .T. ) ;
#4609 = LINE ( 'NONE', #3325, #5018 ) ;
#4610 = AXIS2_PLACEMENT_3D ( 'NONE', #3346, #898, #256 ) ;
#4611 = VECTOR ( 'NONE', #5971, 1000.000000000000000 ) ;
#4612 = CARTESIAN_POINT ( 'NONE',  ( -10.15431902518030149, 16.30599687082739990, 41.30000000000000426 ) ) ;
#4613 = CARTESIAN_POINT ( 'NONE',  ( -9.299931370397629848, 15.93725422444850004, 41.30000000000000426 ) ) ;
#4614 = B_SPLINE_SURFACE_WITH_KNOTS ( 'NONE', 3, 1, ( 
 ( #5361, #2342 ),
 ( #3496, #7840 ),
 ( #5923, #360 ),
 ( #4174, #2833 ),
 ( #3608, #7187 ) ),
 .UNSPECIFIED., .F., .F., .F.,
 ( 4, 1, 4 ),
 ( 2, 2 ),
 ( 0.000000000000000000, 0.01890507437174400104, 0.03336406562343360166 ),
 ( 0.000000000000000000, 0.1000000000000000056 ),
 .UNSPECIFIED. ) ;
#4615 = ORIENTED_EDGE ( 'NONE', *, *, #1483, .T. ) ;
#4616 = CARTESIAN_POINT ( 'NONE',  ( 5.338394301825280408, 27.80253651785229962, -0.07263636767417129547 ) ) ;
#4617 = EDGE_CURVE ( 'NONE', #5939, #1135, #742, .T. ) ;
#4618 = DIRECTION ( 'NONE',  ( -0.000000000000000000, -0.000000000000000000, -1.000000000000000000 ) ) ;
#4619 = CARTESIAN_POINT ( 'NONE',  ( -9.299931370397629848, 15.93725422444850004, 41.30000000000000426 ) ) ;
#4620 = DIRECTION ( 'NONE',  ( 0.000000000000000000, 0.6819983600624981435, 0.7313537016191709039 ) ) ;
#4621 = CARTESIAN_POINT ( 'NONE',  ( -18.40262674136366883, -27.89683959804511915, 0.000000000000000000 ) ) ;
#4622 = CARTESIAN_POINT ( 'NONE',  ( -21.01796488281281938, 26.20024634181036660, 23.09999999999304876 ) ) ;
#4623 = CARTESIAN_POINT ( 'NONE',  ( -27.89683959804511915, 17.17341723148286903, 0.000000000000000000 ) ) ;
#4624 = ORIENTED_EDGE ( 'NONE', *, *, #3211, .T. ) ;
#4625 = EDGE_CURVE ( 'NONE', #3725, #3285, #3953, .T. ) ;
#4626 = CARTESIAN_POINT ( 'NONE',  ( 25.79183430325807080, -20.29571042154135796, 23.09999999999999076 ) ) ;
#4627 = CIRCLE ( 'NONE', #5635, 10.50000000000000000 ) ;
#4628 = CARTESIAN_POINT ( 'NONE',  ( 10.31258123029240004, 13.00483467933809933, 40.30000000000000426 ) ) ;
#4629 = CARTESIAN_POINT ( 'NONE',  ( -9.116765600404749037, 15.20054778791569916, 40.30000000000000426 ) ) ;
#4630 = ORIENTED_EDGE ( 'NONE', *, *, #4235, .F. ) ;
#4631 = DIRECTION ( 'NONE',  ( 1.000000000000000000, -1.387778780781444413E-14, 0.000000000000000000 ) ) ;
#4632 = ORIENTED_EDGE ( 'NONE', *, *, #3874, .T. ) ;
#4633 = ORIENTED_EDGE ( 'NONE', *, *, #4385, .F. ) ;
#4634 = B_SPLINE_SURFACE_WITH_KNOTS ( 'NONE', 3, 1, ( 
 ( #2578, #5032 ),
 ( #6803, #3840 ),
 ( #7530, #698 ),
 ( #3795, #7456 ),
 ( #5068, #4405 ) ),
 .UNSPECIFIED., .F., .F., .F.,
 ( 4, 1, 4 ),
 ( 2, 2 ),
 ( 0.000000000000000000, 0.02307142434048009907, 0.04579996723221419624 ),
 ( 0.000000000000000000, 0.1000000000000000056 ),
 .UNSPECIFIED. ) ;
#4635 = CARTESIAN_POINT ( 'NONE',  ( 26.39557649590621224, -17.63087773559610838, 22.61744974835124822 ) ) ;
#4636 = ORIENTED_EDGE ( 'NONE', *, *, #6011, .F. ) ;
#4637 = VECTOR ( 'NONE', #4685, 1000.000000000000000 ) ;
#4638 = EDGE_CURVE ( 'NONE', #5537, #6593, #2930, .T. ) ;
#4639 = CARTESIAN_POINT ( 'NONE',  ( -5.758715584374089147, 16.65427505637470063, 41.30000000000000426 ) ) ;
#4640 = CARTESIAN_POINT ( 'NONE',  ( -9.158705203805320494, 15.08210253421400182, 40.30000000000000426 ) ) ;
#4641 = DIRECTION ( 'NONE',  ( 1.224646799147351235E-16, -1.000000000000000000, 0.000000000000000000 ) ) ;
#4642 = EDGE_LOOP ( 'NONE', ( #3689, #5334, #1358, #61 ) ) ;
#4643 = CARTESIAN_POINT ( 'NONE',  ( 11.27778356099960000, 14.16282031780589890, 41.30000000000000426 ) ) ;
#4644 = CARTESIAN_POINT ( 'NONE',  ( 27.18539524505959903, -27.12509059227748764, 22.59999999999999787 ) ) ;
#4645 = ORIENTED_EDGE ( 'NONE', *, *, #6222, .F. ) ;
#4646 = CARTESIAN_POINT ( 'NONE',  ( -6.014239584615969747, 17.51089922324050363, 41.30000000000000426 ) ) ;
#4647 = CIRCLE ( 'NONE', #5407, 24.48284438740353508 ) ;
#4648 = ADVANCED_FACE ( 'NONE', ( #6552 ), #6981, .F. ) ;
#4649 = EDGE_CURVE ( 'NONE', #6250, #512, #2891, .T. ) ;
#4650 = CARTESIAN_POINT ( 'NONE',  ( -24.61460475494040878, -0.6146047549404147770, 23.09999999999999787 ) ) ;
#4651 = CARTESIAN_POINT ( 'NONE',  ( 9.811208069487911132, 11.57386766533040046, 40.30000000000000426 ) ) ;
#4652 = EDGE_LOOP ( 'NONE', ( #386, #1109, #7940, #4230 ) ) ;
#4653 = CARTESIAN_POINT ( 'NONE',  ( 10.32551870358700086, 12.95779116954750165, 41.30000000000000426 ) ) ;
#4654 = CARTESIAN_POINT ( 'NONE',  ( -21.11452334400960851, -28.29041197911082861, 0.5190207000752069533 ) ) ;
#4655 = LINE ( 'NONE', #7603, #5517 ) ;
#4656 = EDGE_CURVE ( 'NONE', #6849, #7680, #2294, .T. ) ;
#4657 = CARTESIAN_POINT ( 'NONE',  ( 26.98902906231036880, -21.79379704358126091, 0.5195477839890171312 ) ) ;
#4658 = DIRECTION ( 'NONE',  ( 0.000000000000000000, 0.000000000000000000, -1.000000000000000000 ) ) ;
#4659 = CARTESIAN_POINT ( 'NONE',  ( -5.543350294531720124, 17.74580551231959902, 41.30000000000000426 ) ) ;
#4660 = CARTESIAN_POINT ( 'NONE',  ( -26.01632457517854036, 23.75779754186814330, 23.10000000000115250 ) ) ;
#4661 = ADVANCED_FACE ( 'NONE', ( #5417 ), #2971, .T. ) ;
#4662 = LINE ( 'NONE', #7194, #218 ) ;
#4663 = DIRECTION ( 'NONE',  ( 0.000000000000000000, 0.000000000000000000, -1.000000000000000000 ) ) ;
#4664 = DIRECTION ( 'NONE',  ( 0.000000000000000000, 0.000000000000000000, -1.000000000000000000 ) ) ;
#4665 = CARTESIAN_POINT ( 'NONE',  ( 10.32551870358700086, 12.95779116954750165, 40.30000000000000426 ) ) ;
#4666 = CARTESIAN_POINT ( 'NONE',  ( -5.308972277116550842, 16.52114108819879945, 41.30000000000000426 ) ) ;
#4667 = ORIENTED_EDGE ( 'NONE', *, *, #1421, .T. ) ;
#4668 = CARTESIAN_POINT ( 'NONE',  ( 17.17341723148286547, 27.16732550167385440, 0.5174497483512500162 ) ) ;
#4669 = AXIS2_PLACEMENT_3D ( 'NONE', #7276, #4353, #1182 ) ;
#4670 = EDGE_CURVE ( 'NONE', #3285, #3725, #4203, .T. ) ;
#4671 = CARTESIAN_POINT ( 'NONE',  ( 17.73490242418130336, -27.10917127928452786, 23.09999999999999432 ) ) ;
#4672 = ORIENTED_EDGE ( 'NONE', *, *, #4875, .F. ) ;
#4673 = EDGE_CURVE ( 'NONE', #6218, #6952, #5333, .T. ) ;
#4674 = CARTESIAN_POINT ( 'NONE',  ( 5.191947692418542815, 32.64802234189653518, 0.2431076009653905246 ) ) ;
#4675 = DIRECTION ( 'NONE',  ( 1.000000000000000000, 0.000000000000000000, 0.000000000000000000 ) ) ;
#4676 = LINE ( 'NONE', #1638, #2118 ) ;
#4677 = LINE ( 'NONE', #2129, #7047 ) ;
#4678 = CARTESIAN_POINT ( 'NONE',  ( -6.242931402370629712, 17.57857501834079983, 40.30000000000000426 ) ) ;
#4679 = VERTEX_POINT ( 'NONE', #2355 ) ;
#4680 = DIRECTION ( 'NONE',  ( -0.8660254037844387076, -0.4999999999999998890, 0.000000000000000000 ) ) ;
#4681 = LINE ( 'NONE', #1798, #585 ) ;
#4682 = ORIENTED_EDGE ( 'NONE', *, *, #678, .T. ) ;
#4683 = B_SPLINE_CURVE_WITH_KNOTS ( 'NONE', 3,
 ( #6140, #3821, #6783, #726, #684 ),
 .UNSPECIFIED., .F., .F.,
 ( 4, 1, 4 ),
 ( 0.000000000000000000, 0.02487913534454670034, 0.06055678123000800273 ),
 .UNSPECIFIED. ) ;
#4684 = ADVANCED_FACE ( 'NONE', ( #4828 ), #7566, .F. ) ;
#4685 = DIRECTION ( 'NONE',  ( -0.000000000000000000, -0.000000000000000000, -1.000000000000000000 ) ) ;
#4686 = EDGE_CURVE ( 'NONE', #7506, #7123, #4234, .T. ) ;
#4687 = CARTESIAN_POINT ( 'NONE',  ( -6.183241599498570551, 16.33311860715000208, 40.30000000000000426 ) ) ;
#4688 = DIRECTION ( 'NONE',  ( -0.8034859426560702067, 0.5953237270209262855, 0.000000000000000000 ) ) ;
#4689 = VERTEX_POINT ( 'NONE', #5258 ) ;
#4690 = DIRECTION ( 'NONE',  ( -0.5301703764411299646, 0.8478911321297507575, 0.000000000000000000 ) ) ;
#4691 = EDGE_LOOP ( 'NONE', ( #3231, #2048, #462, #7649 ) ) ;
#4692 = LINE ( 'NONE', #6985, #6820 ) ;
#4693 = ADVANCED_FACE ( 'NONE', ( #5854 ), #1018, .F. ) ;
#4694 = ADVANCED_FACE ( 'NONE', ( #3507 ), #2095, .F. ) ;
#4695 = EDGE_CURVE ( 'NONE', #3118, #7996, #5848, .T. ) ;
#4696 = DIRECTION ( 'NONE',  ( 0.000000000000000000, 0.000000000000000000, -1.000000000000000000 ) ) ;
#4697 = DIRECTION ( 'NONE',  ( 0.000000000000000000, 0.000000000000000000, -1.000000000000000000 ) ) ;
#4698 = AXIS2_PLACEMENT_3D ( 'NONE', #2977, #7894, #5577 ) ;
#4699 = CARTESIAN_POINT ( 'NONE',  ( 25.22376803650214327, -26.19976615294988775, 0.5246603072549238522 ) ) ;
#4700 = CARTESIAN_POINT ( 'NONE',  ( -5.810463883219590286, 17.34909805365230184, 40.30000000000000426 ) ) ;
#4701 = CARTESIAN_POINT ( 'NONE',  ( 6.588959622168499841, 16.50720245156840349, 41.30000000000000426 ) ) ;
#4703 = ADVANCED_FACE ( 'NONE', ( #4113 ), #2122, .T. ) ;
#4702 = CARTESIAN_POINT ( 'NONE',  ( -22.91317057057894857, 25.31899861210001035, 23.09999999999999432 ) ) ;
#4704 = CARTESIAN_POINT ( 'NONE',  ( 2.729363734454619994, 18.59740268094780191, 40.30000000000000426 ) ) ;
#4705 = AXIS2_PLACEMENT_3D ( 'NONE', #299, #3924, #3311 ) ;
#4706 = CARTESIAN_POINT ( 'NONE',  ( -10.69967897954249914, 13.78278767055989817, 40.30000000000000426 ) ) ;
#4707 = EDGE_CURVE ( 'NONE', #1958, #6308, #3997, .T. ) ;
#4708 = DIRECTION ( 'NONE',  ( 0.5301703764411318520, -0.8478911321297495363, 0.000000000000000000 ) ) ;
#4709 = CARTESIAN_POINT ( 'NONE',  ( 19.99999999999999289, 21.49999999999999645, 10.00000000000000000 ) ) ;
#4710 = CARTESIAN_POINT ( 'NONE',  ( 10.87105800725280069, 13.07728419855519952, 40.30000000000000426 ) ) ;
#4711 = EDGE_LOOP ( 'NONE', ( #6254, #5496, #6064, #2972, #543, #1800, #7438, #2866 ) ) ;
#4712 = EDGE_CURVE ( 'NONE', #2629, #5759, #322, .T. ) ;
#4713 = CARTESIAN_POINT ( 'NONE',  ( 23.72910219792250075, -25.44651643855740275, 23.10000000000000142 ) ) ;
#4714 = ORIENTED_EDGE ( 'NONE', *, *, #491, .T. ) ;
#4715 = B_SPLINE_CURVE_WITH_KNOTS ( 'NONE', 3,
 ( #7529, #1999, #92, #6917, #782 ),
 .UNSPECIFIED., .F., .F.,
 ( 4, 1, 4 ),
 ( 0.000000000000000000, 0.03767428679441339745, 0.07146982913391690395 ),
 .UNSPECIFIED. ) ;
#4716 = FACE_OUTER_BOUND ( 'NONE', #1507, .T. ) ;
#4717 = LINE ( 'NONE', #7208, #7613 ) ;
#4718 = CARTESIAN_POINT ( 'NONE',  ( -9.246960617351630773, 14.53064746097110138, 40.30000000000000426 ) ) ;
#4719 = CARTESIAN_POINT ( 'NONE',  ( 26.28281851773065725, 19.19911415073844552, 22.61907626084990852 ) ) ;
#4720 = AXIS2_PLACEMENT_3D ( 'NONE', #2990, #4690, #430 ) ;
#4721 = ORIENTED_EDGE ( 'NONE', *, *, #6279, .F. ) ;
#4722 = CARTESIAN_POINT ( 'NONE',  ( -26.95188148849367948, -20.95692467066364273, 23.10000000000000497 ) ) ;
#4723 = VERTEX_POINT ( 'NONE', #1631 ) ;
#4724 = ADVANCED_FACE ( 'NONE', ( #984 ), #7735, .F. ) ;
#4725 = VERTEX_POINT ( 'NONE', #5856 ) ;
#4726 = VECTOR ( 'NONE', #3772, 1000.000000000000000 ) ;
#4727 = CARTESIAN_POINT ( 'NONE',  ( 2.458648362069400406, 15.51129169109769990, 41.30000000000000426 ) ) ;
#4728 = CARTESIAN_POINT ( 'NONE',  ( 11.71682292872689857, 13.67787008850240049, 40.30000000000000426 ) ) ;
#4729 = ORIENTED_EDGE ( 'NONE', *, *, #2113, .T. ) ;
#4730 = CARTESIAN_POINT ( 'NONE',  ( 25.99297650608736276, 23.92299376029224689, 0.5237387678849469985 ) ) ;
#4731 = ORIENTED_EDGE ( 'NONE', *, *, #1645, .F. ) ;
#4732 = AXIS2_PLACEMENT_3D ( 'NONE', #6289, #759, #3244 ) ;
#4733 = CARTESIAN_POINT ( 'NONE',  ( -8.674226803505350247, 14.33969640253310018, 40.30000000000000426 ) ) ;
#4734 = LINE ( 'NONE', #3690, #4396 ) ;
#4735 = DIRECTION ( 'NONE',  ( 0.3252373394801179041, -0.9456324196049407105, 0.000000000000000000 ) ) ;
#4736 = CARTESIAN_POINT ( 'NONE',  ( 10.13696777636750035, 13.76605045381189996, 41.30000000000000426 ) ) ;
#4737 = EDGE_CURVE ( 'NONE', #5759, #869, #749, .T. ) ;
#4738 = VECTOR ( 'NONE', #4044, 1000.000000000000000 ) ;
#4739 = CARTESIAN_POINT ( 'NONE',  ( -8.925692121915529853, 13.91777915721299941, 40.30000000000000426 ) ) ;
#4740 = PLANE ( 'NONE',  #176 ) ;
#4741 = FACE_OUTER_BOUND ( 'NONE', #227, .T. ) ;
#4742 = DIRECTION ( 'NONE',  ( 1.000000000000000000, 1.849488125791859263E-16, 0.000000000000000000 ) ) ;
#4743 = B_SPLINE_SURFACE_WITH_KNOTS ( 'NONE', 3, 1, ( 
 ( #2670, #5751 ),
 ( #5127, #7590 ),
 ( #2743, #2708 ),
 ( #2058, #7546 ),
 ( #238, #6287 ) ),
 .UNSPECIFIED., .F., .F., .F.,
 ( 4, 1, 4 ),
 ( 2, 2 ),
 ( 0.000000000000000000, 0.04607809349090440099, 0.1093383237603280100 ),
 ( 0.000000000000000000, 0.1000000000000000056 ),
 .UNSPECIFIED. ) ;
#4744 = CARTESIAN_POINT ( 'NONE',  ( 4.107108132364670539, 17.29825897329250139, 41.30000000000000426 ) ) ;
#4745 = VECTOR ( 'NONE', #3310, 1000.000000000000114 ) ;
#4746 = B_SPLINE_CURVE_WITH_KNOTS ( 'NONE', 3,
 ( #1552, #2696, #5853, #2119, #5295 ),
 .UNSPECIFIED., .F., .F.,
 ( 4, 1, 4 ),
 ( 0.000000000000000000, 0.02833713107237060061, 0.05024488735256919802 ),
 .UNSPECIFIED. ) ;
#4747 = DIRECTION ( 'NONE',  ( -0.000000000000000000, -0.000000000000000000, -1.000000000000000000 ) ) ;
#4748 = CARTESIAN_POINT ( 'NONE',  ( -5.266496560315109932, 16.65240412582920015, 41.30000000000000426 ) ) ;
#4749 = CARTESIAN_POINT ( 'NONE',  ( 10.99663645060210015, 13.08155772447939924, 41.30000000000000426 ) ) ;
#4750 = DIRECTION ( 'NONE',  ( 0.000000000000000000, 0.000000000000000000, 1.000000000000000000 ) ) ;
#4751 = B_SPLINE_CURVE_WITH_KNOTS ( 'NONE', 3,
 ( #2298, #6122, #4728, #3685, #7342 ),
 .UNSPECIFIED., .F., .F.,
 ( 4, 1, 4 ),
 ( 0.000000000000000000, 0.02739916541069800301, 0.05527269924275869661 ),
 .UNSPECIFIED. ) ;
#4752 = EDGE_LOOP ( 'NONE', ( #3405, #1383, #7902, #1298, #5013, #2218, #5572, #6926 ) ) ;
#4753 = ORIENTED_EDGE ( 'NONE', *, *, #4306, .T. ) ;
#4754 = B_SPLINE_CURVE_WITH_KNOTS ( 'NONE', 3,
 ( #7051, #4640, #2740, #4081, #7126 ),
 .UNSPECIFIED., .F., .F.,
 ( 4, 1, 4 ),
 ( 0.000000000000000000, 0.03711580906407299651, 0.08242987321745530449 ),
 .UNSPECIFIED. ) ;
#4755 = CARTESIAN_POINT ( 'NONE',  ( 24.08484112681429679, -25.08901624651506168, 23.10000000000000142 ) ) ;
#4756 = VERTEX_POINT ( 'NONE', #5940 ) ;
#4757 = DIRECTION ( 'NONE',  ( 1.000000000000000000, 1.242032401918712706E-16, 0.000000000000000000 ) ) ;
#4758 = CARTESIAN_POINT ( 'NONE',  ( 16.65610791718579975, 26.65001618737669986, 15.33125029817470164 ) ) ;
#4759 = CARTESIAN_POINT ( 'NONE',  ( -23.00000000000000355, -21.49999999999999645, 0.5000000000000004441 ) ) ;
#4760 = CARTESIAN_POINT ( 'NONE',  ( 26.39556611359085991, 17.10031550264903899, 22.61774705896335647 ) ) ;
#4761 = ORIENTED_EDGE ( 'NONE', *, *, #7918, .T. ) ;
#4762 = CARTESIAN_POINT ( 'NONE',  ( -27.12509059227746278, -18.29803357352668414, 23.09999999999999432 ) ) ;
#4763 = ORIENTED_EDGE ( 'NONE', *, *, #7320, .F. ) ;
#4764 = VECTOR ( 'NONE', #7236, 1000.000000000000114 ) ;
#4765 = EDGE_CURVE ( 'NONE', #6836, #32, #1351, .T. ) ;
#4766 = CARTESIAN_POINT ( 'NONE',  ( -27.76418416029480341, 22.72763891271379677, 0.5220633202980780041 ) ) ;
#4767 = VERTEX_POINT ( 'NONE', #2893 ) ;
#4768 = CARTESIAN_POINT ( 'NONE',  ( 9.891103593255460069, 13.02115225395049869, 40.30000000000000426 ) ) ;
#4769 = DIRECTION ( 'NONE',  ( 1.000000000000000000, 0.000000000000000000, 0.000000000000000000 ) ) ;
#4770 = VECTOR ( 'NONE', #3119, 1000.000000000000000 ) ;
#4771 = EDGE_CURVE ( 'NONE', #4723, #4084, #2384, .T. ) ;
#4772 = ORIENTED_EDGE ( 'NONE', *, *, #7426, .T. ) ;
#4773 =( BOUNDED_SURFACE ( )  B_SPLINE_SURFACE ( 3, 2, ( 
 ( #1739, #7721, #2184 ),
 ( #437, #7842, #3497 ),
 ( #4217, #480, #2957 ),
 ( #5926, #2834, #400 ),
 ( #4657, #2920, #4062 ),
 ( #971, #1009, #3456 ),
 ( #5365, #7231, #2306 ),
 ( #7765, #1084, #2882 ),
 ( #7189, #4783, #1657 ),
 ( #1702, #520, #6502 ),
 ( #4177, #6616, #2226 ),
 ( #5405, #3611, #6045 ),
 ( #4699, #3002, #7109 ),
 ( #1618, #4101, #6542 ),
 ( #5322, #1173, #3657 ),
 ( #4301, #2481, #6091 ),
 ( #1866, #2437, #7401 ),
 ( #3933, #6367, #1441 ),
 ( #2052, #6930, #560 ),
 ( #5707, #7358, #4344 ),
 ( #795, #3043, #5477 ),
 ( #7957, #6136, #4897 ),
 ( #6971, #1825, #4260 ),
 ( #602, #1400, #4529 ) ),
 .UNSPECIFIED., .F., .F., .T. ) 
 B_SPLINE_SURFACE_WITH_KNOTS ( ( 4, 2, 2, 2, 2, 2, 2, 2, 2, 2, 2, 4 ),
 ( 3, 3 ),
 ( 0.000000000000000000, 0.001998688591251322842, 0.003997377182502645683, 0.005996065773753968958, 0.006995410069379630162, 0.007495082217192460330, 0.007994754365005291366, 0.008994098660630951703, 0.009993442956256613774, 0.01199213154750793792, 0.01399082013875926032, 0.01598950873001058273 ),
 ( 0.000000000000000000, 1.000000000000000000 ),
 .UNSPECIFIED. ) 
 GEOMETRIC_REPRESENTATION_ITEM ( )  RATIONAL_B_SPLINE_SURFACE ( (
 ( 1.000000000000000000, 0.6946583704589958108, 1.000000000000000000),
 ( 1.000000000000000000, 0.6944492199207042971, 1.000000000000000000),
 ( 1.000000000000000000, 0.6941901333768003557, 1.000000000000000000),
 ( 1.000000000000000000, 0.6935267841154260093, 1.000000000000000000),
 ( 1.000000000000000000, 0.6931467912114160912, 1.000000000000000000),
 ( 1.000000000000000000, 0.6921303212693209472, 1.000000000000000000),
 ( 1.000000000000000000, 0.6914516343437194790, 1.000000000000000000),
 ( 1.000000000000000000, 0.6904074858273095971, 1.000000000000000000),
 ( 1.000000000000000000, 0.6900704554137486735, 1.000000000000000000),
 ( 1.000000000000000000, 0.6897178221525726016, 1.000000000000000000),
 ( 1.000000000000000000, 0.6896251964261969070, 1.000000000000000000),
 ( 1.000000000000000000, 0.6894889934960676259, 1.000000000000000000),
 ( 1.000000000000000000, 0.6894488325883729729, 1.000000000000000000),
 ( 1.000000000000000000, 0.6894438854847532161, 1.000000000000000000),
 ( 1.000000000000000000, 0.6896023185339017481, 1.000000000000000000),
 ( 1.000000000000000000, 0.6901168783814031205, 1.000000000000000000),
 ( 1.000000000000000000, 0.6904638670423263180, 1.000000000000000000),
 ( 1.000000000000000000, 0.6914674469583580452, 1.000000000000000000),
 ( 1.000000000000000000, 0.6921051673405358429, 1.000000000000000000),
 ( 1.000000000000000000, 0.6931397779692765049, 1.000000000000000000),
 ( 1.000000000000000000, 0.6935357672258146700, 1.000000000000000000),
 ( 1.000000000000000000, 0.6941973852842893145, 1.000000000000000000),
 ( 1.000000000000000000, 0.6944514993989648888, 1.000000000000000000),
 ( 1.000000000000000000, 0.6946583704589954777, 1.000000000000000000) ) ) 
 REPRESENTATION_ITEM ( '' )  SURFACE ( )  );
#4774 = CARTESIAN_POINT ( 'NONE',  ( 27.16732550167386506, 17.17341723148286903, 0.5174497483512493501 ) ) ;
#4775 = VERTEX_POINT ( 'NONE', #6397 ) ;
#4776 = DIRECTION ( 'NONE',  ( 4.317533984653383533E-17, -0.9993908270190957621, -0.03489949670250103858 ) ) ;
#4777 = FACE_BOUND ( 'NONE', #6764, .T. ) ;
#4778 = AXIS2_PLACEMENT_3D ( 'NONE', #7340, #1809, #7792 ) ;
#4779 = FACE_OUTER_BOUND ( 'NONE', #5065, .T. ) ;
#4780 = DIRECTION ( 'NONE',  ( -0.01361879042365390230, -0.9999072599733420663, 0.000000000000000000 ) ) ;
#4781 = CARTESIAN_POINT ( 'NONE',  ( -9.026590633715299461, 13.96497961981970093, 41.30000000000000426 ) ) ;
#4782 = EDGE_CURVE ( 'NONE', #1958, #5537, #866, .T. ) ;
#4783 = CARTESIAN_POINT ( 'NONE',  ( 26.00328623523305893, -25.17910048760706587, -2.496288820753797660E-13 ) ) ;
#4784 = CARTESIAN_POINT ( 'NONE',  ( -21.50000000000000000, 21.50000000000000355, 0.5000000000000004441 ) ) ;
#4785 = CIRCLE ( 'NONE', #7870, 0.5000000000000004441 ) ;
#4786 = CARTESIAN_POINT ( 'NONE',  ( -6.893518561953730028, 17.84696906279179984, 40.30000000000000426 ) ) ;
#4787 = DIRECTION ( 'NONE',  ( 0.000000000000000000, 0.000000000000000000, -1.000000000000000000 ) ) ;
#4788 = CARTESIAN_POINT ( 'NONE',  ( -26.77472171307939774, 23.69194052068508682, -4.336808689942020694E-16 ) ) ;
#4789 = LINE ( 'NONE', #4901, #4764 ) ;
#4790 = DIRECTION ( 'NONE',  ( -1.000000000000000000, 0.000000000000000000, 0.000000000000000000 ) ) ;
#4791 = DIRECTION ( 'NONE',  ( 0.1287323112736019626, -0.9916793796556205853, 0.000000000000000000 ) ) ;
#4792 = CARTESIAN_POINT ( 'NONE',  ( 3.458293040022880405, 17.82989062863650176, 40.30000000000000426 ) ) ;
#4793 = DIRECTION ( 'NONE',  ( -1.000000000000000000, -1.224646799147351235E-16, 0.000000000000000000 ) ) ;
#4794 = ORIENTED_EDGE ( 'NONE', *, *, #2149, .T. ) ;
#4795 = CARTESIAN_POINT ( 'NONE',  ( 2.153277872611869981, 15.14466350712690002, 40.30000000000000426 ) ) ;
#4796 = VERTEX_POINT ( 'NONE', #495 ) ;
#4797 = CARTESIAN_POINT ( 'NONE',  ( 17.19868935233879981, 27.19259762252979939, -0.2062491054757909781 ) ) ;
#4798 = CARTESIAN_POINT ( 'NONE',  ( 3.126599493805060082, 15.69884766813920152, 40.30000000000000426 ) ) ;
#4799 = CARTESIAN_POINT ( 'NONE',  ( 25.34556084138291610, 22.90743208639626616, 22.62338070755334130 ) ) ;
#4800 = AXIS2_PLACEMENT_3D ( 'NONE', #601, #6579, #6700 ) ;
#4801 = ORIENTED_EDGE ( 'NONE', *, *, #2070, .F. ) ;
#4802 = CARTESIAN_POINT ( 'NONE',  ( -25.44651797257460046, -24.95831369663042310, 23.10000000000000142 ) ) ;
#4803 = ORIENTED_EDGE ( 'NONE', *, *, #572, .F. ) ;
#4804 = ADVANCED_FACE ( 'NONE', ( #4315, #5452, #5377, #6629, #4868 ), #6670, .F. ) ;
#4805 = ADVANCED_FACE ( 'NONE', ( #7328 ), #2357, .F. ) ;
#4806 = FACE_OUTER_BOUND ( 'NONE', #4574, .T. ) ;
#4807 = CARTESIAN_POINT ( 'NONE',  ( -9.650064367965448753, 15.60762795477450027, 40.30000000000000426 ) ) ;
#4808 = EDGE_LOOP ( 'NONE', ( #3396, #203, #6863, #6025 ) ) ;
#4809 = CARTESIAN_POINT ( 'NONE',  ( -17.63087773559610838, -27.62478600578701560, 22.61744974835124822 ) ) ;
#4810 = CARTESIAN_POINT ( 'NONE',  ( 23.94988909926690468, 26.00328345126646923, 3.475175798620819449E-13 ) ) ;
#4811 = ORIENTED_EDGE ( 'NONE', *, *, #257, .T. ) ;
#4812 = CARTESIAN_POINT ( 'NONE',  ( -9.246960617351630773, 14.53064746097110138, 41.30000000000000426 ) ) ;
#4813 = ORIENTED_EDGE ( 'NONE', *, *, #4204, .T. ) ;
#4814 = CARTESIAN_POINT ( 'NONE',  ( 10.91645983803849873, 14.62961564616669996, 40.30000000000000426 ) ) ;
#4815 = CARTESIAN_POINT ( 'NONE',  ( 1.543548842689169920, 18.81526275905989820, 41.30000000000000426 ) ) ;
#4816 = CARTESIAN_POINT ( 'NONE',  ( 23.22092177259570178, -26.41014538818710733, 22.62382966768526060 ) ) ;
#4817 = CARTESIAN_POINT ( 'NONE',  ( -9.464776183982930746, 14.14948149444970049, 41.30000000000000426 ) ) ;
#4818 = DIRECTION ( 'NONE',  ( 1.000000000000000000, 0.000000000000000000, 0.000000000000000000 ) ) ;
#4819 = CARTESIAN_POINT ( 'NONE',  ( 21.16019259858500234, 25.97198874906099419, 22.62095588506262089 ) ) ;
#4820 = CARTESIAN_POINT ( 'NONE',  ( 11.27778356099960000, 14.16282031780589890, 41.30000000000000426 ) ) ;
#4821 = DIRECTION ( 'NONE',  ( 0.000000000000000000, 0.9993908270190956511, 0.03489949670250108715 ) ) ;
#4822 = CARTESIAN_POINT ( 'NONE',  ( 3.333170871578770011, 18.43549456033489875, 40.30000000000000426 ) ) ;
#4823 = CARTESIAN_POINT ( 'NONE',  ( -5.308972277116550842, 16.52114108819879945, 41.30000000000000426 ) ) ;
#4824 = CARTESIAN_POINT ( 'NONE',  ( -23.69659283232778435, -27.32146865051739937, -1.301042606982605518E-15 ) ) ;
#4825 = CARTESIAN_POINT ( 'NONE',  ( -21.01922584531533644, -27.42789875922742127, 23.09999999999535092 ) ) ;
#4826 = EDGE_CURVE ( 'NONE', #6810, #6933, #7017, .T. ) ;
#4827 = CARTESIAN_POINT ( 'NONE',  ( -9.648418924712981237, 16.23093750626999920, 41.30000000000000426 ) ) ;
#4828 = FACE_OUTER_BOUND ( 'NONE', #1154, .T. ) ;
#4829 = VERTEX_POINT ( 'NONE', #1672 ) ;
#4830 = CARTESIAN_POINT ( 'NONE',  ( -9.295477089687478767, 14.53580710638119911, 41.30000000000000426 ) ) ;
#4831 = CARTESIAN_POINT ( 'NONE',  ( -5.733329487999350604, 17.16037439629429784, 40.30000000000000426 ) ) ;
#4832 = VERTEX_POINT ( 'NONE', #3709 ) ;
#4833 = AXIS2_PLACEMENT_3D ( 'NONE', #7687, #2145, #4620 ) ;
#4834 = CARTESIAN_POINT ( 'NONE',  ( 17.17341723148286547, 27.16732550167385440, 0.5174497483512500162 ) ) ;
#4835 = CARTESIAN_POINT ( 'NONE',  ( 24.74933600750199858, 25.87852472376269830, 0.01153684908960009997 ) ) ;
#4836 = DIRECTION ( 'NONE',  ( 0.9456324196049407105, 0.3252373394801179041, 0.000000000000000000 ) ) ;
#4837 = DIRECTION ( 'NONE',  ( 2.455586149335682910E-16, -1.000000000000000000, 0.000000000000000000 ) ) ;
#4838 = EDGE_LOOP ( 'NONE', ( #7185, #3691 ) ) ;
#4839 = PLANE ( 'NONE',  #7075 ) ;
#4840 = ORIENTED_EDGE ( 'NONE', *, *, #6464, .T. ) ;
#4841 = EDGE_CURVE ( 'NONE', #7908, #6602, #1797, .T. ) ;
#4842 = AXIS2_PLACEMENT_3D ( 'NONE', #3395, #5260, #6514 ) ;
#4843 = EDGE_LOOP ( 'NONE', ( #6536, #1882, #907, #4936 ) ) ;
#4844 = CARTESIAN_POINT ( 'NONE',  ( 9.884482047076870614, 15.87559594639740013, 41.30000000000000426 ) ) ;
#4845 = CARTESIAN_POINT ( 'NONE',  ( 9.825407396402690452, 13.38649721548260096, 41.30000000000000426 ) ) ;
#4846 = ORIENTED_EDGE ( 'NONE', *, *, #4707, .F. ) ;
#4847 = DIRECTION ( 'NONE',  ( 0.000000000000000000, 0.000000000000000000, -1.000000000000000000 ) ) ;
#4848 = DIRECTION ( 'NONE',  ( 1.000000000000000000, 1.239088197126290817E-16, 0.000000000000000000 ) ) ;
#4849 = ORIENTED_EDGE ( 'NONE', *, *, #3268, .F. ) ;
#4850 = CARTESIAN_POINT ( 'NONE',  ( 16.65891789430446224, -27.88203567437625097, 15.25078308168457930 ) ) ;
#4851 = CIRCLE ( 'NONE', #5988, 1.500000000000001332 ) ;
#4852 = CARTESIAN_POINT ( 'NONE',  ( -18.96411193397735673, 25.87996176809778959, 23.10000000000000142 ) ) ;
#4853 = CARTESIAN_POINT ( 'NONE',  ( -5.989415184884140153, 17.98816522621750025, 41.30000000000000426 ) ) ;
#4854 = CARTESIAN_POINT ( 'NONE',  ( -6.379192066585719800, 17.98851875966670377, 40.30000000000000426 ) ) ;
#4855 = DIRECTION ( 'NONE',  ( 1.000000000000000000, 0.000000000000000000, 0.000000000000000000 ) ) ;
#4856 = FACE_OUTER_BOUND ( 'NONE', #4520, .T. ) ;
#4857 = EDGE_CURVE ( 'NONE', #5085, #4723, #6060, .T. ) ;
#4858 = DIRECTION ( 'NONE',  ( 0.000000000000000000, 0.000000000000000000, 1.000000000000000000 ) ) ;
#4859 = FACE_OUTER_BOUND ( 'NONE', #3292, .T. ) ;
#4860 = CARTESIAN_POINT ( 'NONE',  ( 26.92130690494549938, -18.15660814463539907, 7.562500596570729705 ) ) ;
#4861 = CARTESIAN_POINT ( 'NONE',  ( -9.245204976220421145, 15.86077891719580180, 41.30000000000000426 ) ) ;
#4862 = DIRECTION ( 'NONE',  ( 0.1287323112736009634, -0.9916793796556206964, 0.000000000000000000 ) ) ;
#4863 = CARTESIAN_POINT ( 'NONE',  ( -28.39653501155466486, -18.42069648474949162, 0.5174497483512504603 ) ) ;
#4864 = CARTESIAN_POINT ( 'NONE',  ( -7.028470480218760308, 15.60405525580270059, 41.30000000000000426 ) ) ;
#4865 = CARTESIAN_POINT ( 'NONE',  ( -10.01672806291900031, 14.19011401372779879, 41.30000000000000426 ) ) ;
#4866 = VECTOR ( 'NONE', #7575, 1000.000000000000000 ) ;
#4867 = ORIENTED_EDGE ( 'NONE', *, *, #6826, .F. ) ;
#4868 = FACE_BOUND ( 'NONE', #3708, .T. ) ;
#4869 = CARTESIAN_POINT ( 'NONE',  ( 3.038259221820270195, 6.635507653744099343, 41.30000000000000426 ) ) ;
#4870 = EDGE_LOOP ( 'NONE', ( #7536, #3927, #2678, #21 ) ) ;
#4871 = ADVANCED_FACE ( 'NONE', ( #3014 ), #926, .F. ) ;
#4872 = EDGE_CURVE ( 'NONE', #5261, #738, #3562, .T. ) ;
#4873 = CARTESIAN_POINT ( 'NONE',  ( 17.52243303286368814, 27.16731999833153921, 0.5175999405587160540 ) ) ;
#4874 = DIRECTION ( 'NONE',  ( -1.000000000000000000, 0.000000000000000000, 0.000000000000000000 ) ) ;
#4875 = EDGE_CURVE ( 'NONE', #1119, #7506, #7415, .T. ) ;
#4876 = CARTESIAN_POINT ( 'NONE',  ( 11.24501049525490082, 14.24491873794270091, 40.30000000000000426 ) ) ;
#4877 = LINE ( 'NONE', #3759, #959 ) ;
#4878 = ORIENTED_EDGE ( 'NONE', *, *, #1291, .T. ) ;
#4879 = CARTESIAN_POINT ( 'NONE',  ( -7.569682328571920138, 17.17763678397260207, 41.30000000000000426 ) ) ;
#4880 = ORIENTED_EDGE ( 'NONE', *, *, #4577, .F. ) ;
#4881 =( NAMED_UNIT ( * ) SI_UNIT ( $, .STERADIAN. ) SOLID_ANGLE_UNIT ( ) );
#4882 = VERTEX_POINT ( 'NONE', #1838 ) ;
#4883 = CARTESIAN_POINT ( 'NONE',  ( -9.190301470533659867, 15.75528648706329982, 41.30000000000000426 ) ) ;
#4884 = FACE_OUTER_BOUND ( 'NONE', #3150, .T. ) ;
#4885 = ORIENTED_EDGE ( 'NONE', *, *, #5851, .T. ) ;
#4886 = CARTESIAN_POINT ( 'NONE',  ( 3.857461225503890034, 15.91176389033389960, 41.30000000000000426 ) ) ;
#4887 = VECTOR ( 'NONE', #4028, 1000.000000000000227 ) ;
#4888 = FACE_OUTER_BOUND ( 'NONE', #3753, .T. ) ;
#4889 = ORIENTED_EDGE ( 'NONE', *, *, #1587, .T. ) ;
#4890 = ORIENTED_EDGE ( 'NONE', *, *, #4199, .F. ) ;
#4891 = CARTESIAN_POINT ( 'NONE',  ( -18.32952540175273271, -27.62477550637069612, 22.61775041229625316 ) ) ;
#4892 = VERTEX_POINT ( 'NONE', #5534 ) ;
#4893 = ADVANCED_FACE ( 'NONE', ( #4 ), #2495, .T. ) ;
#4894 = VECTOR ( 'NONE', #4050, 1000.000000000000114 ) ;
#4895 = CARTESIAN_POINT ( 'NONE',  ( -10.61460475494040878, -0.6146047549404114463, 41.30000000000000426 ) ) ;
#4896 = CARTESIAN_POINT ( 'NONE',  ( 9.337044350262901915, 14.35873461924449934, 40.30000000000000426 ) ) ;
#4897 = CARTESIAN_POINT ( 'NONE',  ( 18.50665142995694978, -27.88092028505563746, -5.529431079676072613E-15 ) ) ;
#4898 = CARTESIAN_POINT ( 'NONE',  ( 16.40166822571531213, 26.37872546980019806, 23.10000000000000142 ) ) ;
#4899 = ORIENTED_EDGE ( 'NONE', *, *, #5015, .F. ) ;
#4900 = CARTESIAN_POINT ( 'NONE',  ( -9.648418924712981237, 16.23093750626999920, 40.30000000000000426 ) ) ;
#4901 = CARTESIAN_POINT ( 'NONE',  ( 2.214916793343199686, 15.13333909201070071, 41.30000000000000426 ) ) ;
#4902 = EDGE_CURVE ( 'NONE', #5198, #494, #4142, .T. ) ;
#4903 = B_SPLINE_CURVE_WITH_KNOTS ( 'NONE', 3,
 ( #263, #6395, #5776, #6921, #4594 ),
 .UNSPECIFIED., .F., .F.,
 ( 4, 1, 4 ),
 ( 0.000000000000000000, 0.02608123565485459885, 0.05998096439887130177 ),
 .UNSPECIFIED. ) ;
#4904 = EDGE_CURVE ( 'NONE', #1648, #3820, #6795, .T. ) ;
#4905 = EDGE_CURVE ( 'NONE', #2454, #5670, #5062, .T. ) ;
#4906 = CARTESIAN_POINT ( 'NONE',  ( 22.91013221540209344, -26.01176215260591817, 23.09999999999999432 ) ) ;
#4907 = VECTOR ( 'NONE', #4592, 1000.000000000000000 ) ;
#4908 = CARTESIAN_POINT ( 'NONE',  ( 24.78255189922364465, 22.91013098266456893, 23.10000000000000142 ) ) ;
#4909 = CARTESIAN_POINT ( 'NONE',  ( -27.40109572488150036, 20.92439251705530268, 23.25130247731229716 ) ) ;
#4911 = ADVANCED_FACE ( 'NONE', ( #1994 ), #5573, .T. ) ;
#4910 = CARTESIAN_POINT ( 'NONE',  ( -1.551986413671280207, 15.81445248331299958, 41.30000000000000426 ) ) ;
#4912 = CARTESIAN_POINT ( 'NONE',  ( -9.980488052540369637, 14.20012723165500113, 41.30000000000000426 ) ) ;
#4913 = ORIENTED_EDGE ( 'NONE', *, *, #1656, .F. ) ;
#4914 = CARTESIAN_POINT ( 'NONE',  ( -6.304334965571159799, 17.58001425048900401, 40.30000000000000426 ) ) ;
#4915 = LINE ( 'NONE', #6527, #5231 ) ;
#4916 = ORIENTED_EDGE ( 'NONE', *, *, #6011, .T. ) ;
#4917 = CARTESIAN_POINT ( 'NONE',  ( -2.661605698174729806, 32.09039825922320688, 6.080756329601659793 ) ) ;
#4918 = CARTESIAN_POINT ( 'NONE',  ( -4.161605698174719592, 32.78204090459649223, 0.6015565293478829512 ) ) ;
#4919 = CARTESIAN_POINT ( 'NONE',  ( 11.27778356099960000, 14.16282031780589890, 41.30000000000000426 ) ) ;
#4920 = CARTESIAN_POINT ( 'NONE',  ( -27.94722596894829891, -23.26499262764510689, 0.5211234686460782806 ) ) ;
#4921 = CARTESIAN_POINT ( 'NONE',  ( 18.50860362276628024, 26.65141173411640807, -0.000000000000000000 ) ) ;
#4922 = EDGE_CURVE ( 'NONE', #5194, #957, #2036, .T. ) ;
#4923 = ORIENTED_EDGE ( 'NONE', *, *, #4765, .F. ) ;
#4924 = CARTESIAN_POINT ( 'NONE',  ( -24.14940289176541910, -26.00297543420382240, 23.09999999999998721 ) ) ;
#4925 = EDGE_CURVE ( 'NONE', #5729, #7006, #3956, .T. ) ;
#4926 = EDGE_LOOP ( 'NONE', ( #1159, #5902, #5623, #1033 ) ) ;
#4927 = DIRECTION ( 'NONE',  ( 9.714451465470117264E-17, 0.9993908270190957621, 0.03489949670250119124 ) ) ;
#4928 = FILL_AREA_STYLE_COLOUR ( '', #6690 ) ;
#4929 = ADVANCED_FACE ( 'NONE', ( #6347 ), #813, .F. ) ;
#4930 = CARTESIAN_POINT ( 'NONE',  ( 11.61535526829529985, 13.52141349351989952, 41.30000000000000426 ) ) ;
#4931 = CARTESIAN_POINT ( 'NONE',  ( 10.33972502155259932, 12.86263653422759923, 41.30000000000000426 ) ) ;
#4932 = AXIS2_PLACEMENT_3D ( 'NONE', #344, #951, #5863 ) ;
#4933 = ORIENTED_EDGE ( 'NONE', *, *, #1988, .F. ) ;
#4934 = CARTESIAN_POINT ( 'NONE',  ( -20.00000000000000000, -21.49999999999999645, 0.5000000000000004441 ) ) ;
#4935 = DIRECTION ( 'NONE',  ( -0.1287323112736009634, 0.9916793796556206964, 0.000000000000000000 ) ) ;
#4936 = ORIENTED_EDGE ( 'NONE', *, *, #2976, .F. ) ;
#4937 = ORIENTED_EDGE ( 'NONE', *, *, #2639, .T. ) ;
#4938 = CARTESIAN_POINT ( 'NONE',  ( -10.15431902518030149, 16.30599687082739990, 41.30000000000000426 ) ) ;
#4939 = CARTESIAN_POINT ( 'NONE',  ( 26.37793874897480606, -19.03102118328819259, 22.61812543827530675 ) ) ;
#4940 = CARTESIAN_POINT ( 'NONE',  ( -3.261382006547570267, 15.59255168546810033, 41.30000000000000426 ) ) ;
#4941 = CARTESIAN_POINT ( 'NONE',  ( 26.91763008816432290, 1.885395245059572344, 7.667790853192800071 ) ) ;
#4942 = ORIENTED_EDGE ( 'NONE', *, *, #3584, .F. ) ;
#4943 = DIRECTION ( 'NONE',  ( -0.02120241133421019858, -0.9997752036100989725, 0.000000000000000000 ) ) ;
#4944 = ADVANCED_FACE ( 'NONE', ( #3136 ), #5104, .F. ) ;
#4945 = CARTESIAN_POINT ( 'NONE',  ( 26.71446765014590241, -22.69618346208140025, 7.713803073883010342 ) ) ;
#4946 = CARTESIAN_POINT ( 'NONE',  ( 26.27123518296644988, -20.34076027616188398, 23.10000000000115250 ) ) ;
#4947 = CARTESIAN_POINT ( 'NONE',  ( -25.74160072486271389, -26.20438142577820528, -1.084202172485503645E-15 ) ) ;
#4948 = CARTESIAN_POINT ( 'NONE',  ( -20.34277433824095382, -27.51866297334329303, 22.61902070007342758 ) ) ;
#4949 = CARTESIAN_POINT ( 'NONE',  ( -21.79684930790389785, -28.23834388047978550, -6.888425480172139212E-13 ) ) ;
#4950 = CARTESIAN_POINT ( 'NONE',  ( -10.01672806291900031, 14.19011401372779879, 40.30000000000000426 ) ) ;
#4951 = EDGE_LOOP ( 'NONE', ( #905, #787, #692, #5379 ) ) ;
#4952 = DIRECTION ( 'NONE',  ( 0.000000000000000000, 0.000000000000000000, -1.000000000000000000 ) ) ;
#4953 = CARTESIAN_POINT ( 'NONE',  ( 17.17341723148286903, -28.39653501155466486, 0.5174497483512490170 ) ) ;
#4954 = B_SPLINE_CURVE_WITH_KNOTS ( 'NONE', 3,
 ( #2999, #2480, #4939, #7399, #6042, #1170, #5403, #7228, #7879, #3655, #2344, #4816, #6088, #1122, #3609, #1297, #5091, #156, #2633, #1906 ),
 .UNSPECIFIED., .F., .F.,
 ( 4, 2, 2, 2, 2, 2, 2, 2, 2, 4 ),
 ( -5.999999999761595423E-08, 0.002095882611629394567, 0.004191825223258786176, 0.006287767834888179086, 0.008383710446517570261, 0.009431681752332263247, 0.01047965305814695450, 0.01257559566977634741, 0.01467153828140574379, 0.01676748089303513670 ),
 .UNSPECIFIED. ) ;
#4955 = B_SPLINE_CURVE_WITH_KNOTS ( 'NONE', 3,
 ( #7962, #6545, #3540, #7810, #485 ),
 .UNSPECIFIED., .F., .F.,
 ( 4, 1, 4 ),
 ( 0.000000000000000000, 0.02952255406054889869, 0.05754954794885040054 ),
 .UNSPECIFIED. ) ;
#4956 = CARTESIAN_POINT ( 'NONE',  ( 27.16732550167385440, 17.17341723148286192, 0.5174497483512491280 ) ) ;
#4957 = CARTESIAN_POINT ( 'NONE',  ( 17.06882398552632552, -27.12509059227747343, 23.09999999999999432 ) ) ;
#4958 = VECTOR ( 'NONE', #5773, 1000.000000000000114 ) ;
#4959 = CARTESIAN_POINT ( 'NONE',  ( -1.161605698174730028, 32.02059926581819838, 8.079537983639850651 ) ) ;
#4960 = CARTESIAN_POINT ( 'NONE',  ( 20.50099637321442358, 26.49284271042821004, -6.505213034913026604E-16 ) ) ;
#4961 = VERTEX_POINT ( 'NONE', #42 ) ;
#4962 = LINE ( 'NONE', #6639, #2464 ) ;
#4963 = ORIENTED_EDGE ( 'NONE', *, *, #7320, .T. ) ;
#4964 = PRESENTATION_STYLE_ASSIGNMENT (( #3682 ) ) ;
#4965 = VECTOR ( 'NONE', #51, 1000.000000000000000 ) ;
#4966 = DIRECTION ( 'NONE',  ( 0.9916793796556205853, 0.1287323112736019626, 0.000000000000000000 ) ) ;
#4967 = CARTESIAN_POINT ( 'NONE',  ( 11.76127926140800106, 13.95315373228410039, 41.30000000000000426 ) ) ;
#4968 = ORIENTED_EDGE ( 'NONE', *, *, #1161, .F. ) ;
#4969 = DIRECTION ( 'NONE',  ( 0.9993908270190957621, 1.223900777406159756E-16, 0.03489949670250099001 ) ) ;
#4970 = B_SPLINE_CURVE_WITH_KNOTS ( 'NONE', 3,
 ( #1828, #3127, #33, #6219, #4900 ),
 .UNSPECIFIED., .F., .F.,
 ( 4, 1, 4 ),
 ( 0.000000000000000000, 0.02544746342518139706, 0.05188151922536529681 ),
 .UNSPECIFIED. ) ;
#4971 = CARTESIAN_POINT ( 'NONE',  ( 6.887860201077399935, 16.19458089575759985, 41.30000000000000426 ) ) ;
#4972 = ORIENTED_EDGE ( 'NONE', *, *, #3791, .F. ) ;
#4973 = CARTESIAN_POINT ( 'NONE',  ( -25.05908440398282977, -26.04793331136425039, 22.62465252707804453 ) ) ;
#4974 = EDGE_LOOP ( 'NONE', ( #2251, #6317, #6553, #4933 ) ) ;
#4975 = ORIENTED_EDGE ( 'NONE', *, *, #6986, .T. ) ;
#4976 = CARTESIAN_POINT ( 'NONE',  ( 10.35720781245700017, 12.35489637887460113, 40.30000000000000426 ) ) ;
#4977 = LINE ( 'NONE', #2676, #1179 ) ;
#4978 = CARTESIAN_POINT ( 'NONE',  ( 26.39557649590621224, 16.40166822571531213, 22.61744974835124822 ) ) ;
#4979 = VECTOR ( 'NONE', #5604, 1000.000000000000114 ) ;
#4980 = CARTESIAN_POINT ( 'NONE',  ( -9.681315860892119929, 14.96862224024780019, 41.30000000000000426 ) ) ;
#4981 = CARTESIAN_POINT ( 'NONE',  ( 3.530325456679110019, 15.45240078051609878, 41.30000000000000426 ) ) ;
#4982 = CARTESIAN_POINT ( 'NONE',  ( 9.640635592281158850, 13.63468925182320035, 41.30000000000000426 ) ) ;
#4983 = CARTESIAN_POINT ( 'NONE',  ( 21.69563138792078405, 25.32050513532499636, 23.10000000000000142 ) ) ;
#4985 = EDGE_CURVE ( 'NONE', #7892, #3803, #2572, .T. ) ;
#4984 = CARTESIAN_POINT ( 'NONE',  ( -26.83644862676050025, 24.47804404243310117, 7.780286685820799519 ) ) ;
#4986 = CARTESIAN_POINT ( 'NONE',  ( -24.84051608737127026, -27.38017885539624885, 0.5233376234176112529 ) ) ;
#4987 = ORIENTED_EDGE ( 'NONE', *, *, #3800, .T. ) ;
#4988 = CARTESIAN_POINT ( 'NONE',  ( 5.748449948378079988, 15.63262024353880086, 40.30000000000000426 ) ) ;
#4989 = CARTESIAN_POINT ( 'NONE',  ( -27.12509059227755870, 16.40166822571531213, 22.59999999999999787 ) ) ;
#4990 = ORIENTED_EDGE ( 'NONE', *, *, #7102, .F. ) ;
#4991 = VECTOR ( 'NONE', #6388, 1000.000000000000000 ) ;
#4992 = ORIENTED_EDGE ( 'NONE', *, *, #49, .F. ) ;
#4993 = CARTESIAN_POINT ( 'NONE',  ( 25.57497194993747414, 24.56807795064035460, 0.5244713372808387231 ) ) ;
#4994 = PLANE ( 'NONE',  #2716 ) ;
#4995 = ADVANCED_FACE ( 'NONE', ( #213 ), #7413, .F. ) ;
#4996 = CARTESIAN_POINT ( 'NONE',  ( 3.063672018094139915, 15.64736861108340094, 41.30000000000000426 ) ) ;
#4997 = CARTESIAN_POINT ( 'NONE',  ( 22.99999999999999645, -21.50000000000000000, 10.00000000000000000 ) ) ;
#4998 = ORIENTED_EDGE ( 'NONE', *, *, #1946, .T. ) ;
#4999 = CARTESIAN_POINT ( 'NONE',  ( 26.37872546980020161, 16.38481719960930150, 23.09999999999999787 ) ) ;
#5000 = ORIENTED_EDGE ( 'NONE', *, *, #4330, .T. ) ;
#5001 = DIRECTION ( 'NONE',  ( 0.000000000000000000, 0.000000000000000000, -1.000000000000000000 ) ) ;
#5002 = CARTESIAN_POINT ( 'NONE',  ( 11.22159897539429885, 13.79451934474860053, 41.30000000000000426 ) ) ;
#5003 = VECTOR ( 'NONE', #5532, 999.9999999999998863 ) ;
#5004 = FACE_OUTER_BOUND ( 'NONE', #375, .T. ) ;
#5005 = AXIS2_PLACEMENT_3D ( 'NONE', #2918, #1121, #7878 ) ;
#5006 = ORIENTED_EDGE ( 'NONE', *, *, #753, .F. ) ;
#5007 = CARTESIAN_POINT ( 'NONE',  ( -6.723063907038290488, 17.46881961280319828, 40.30000000000000426 ) ) ;
#5008 = VERTEX_POINT ( 'NONE', #4988 ) ;
#5009 = EDGE_CURVE ( 'NONE', #428, #886, #102, .T. ) ;
#5010 = DIRECTION ( 'NONE',  ( 1.000000000000000000, 0.000000000000000000, 0.000000000000000000 ) ) ;
#5011 = LINE ( 'NONE', #3779, #3782 ) ;
#5012 = DIRECTION ( 'NONE',  ( 0.000000000000000000, 0.000000000000000000, 1.000000000000000000 ) ) ;
#5013 = ORIENTED_EDGE ( 'NONE', *, *, #5569, .F. ) ;
#5014 = CARTESIAN_POINT ( 'NONE',  ( 5.475564368647679814, 15.33987289680569965, 41.30000000000000426 ) ) ;
#5015 = EDGE_CURVE ( 'NONE', #738, #2656, #1345, .T. ) ;
#5016 = CARTESIAN_POINT ( 'NONE',  ( -19.07853372500824207, 27.18569331217238627, -5.462552652238606706E-12 ) ) ;
#5017 = CARTESIAN_POINT ( 'NONE',  ( 3.458293040022880405, 17.82989062863650176, 40.30000000000000426 ) ) ;
#5018 = VECTOR ( 'NONE', #3288, 1000.000000000000000 ) ;
#5019 = LINE ( 'NONE', #3094, #6004 ) ;
#5020 = CARTESIAN_POINT ( 'NONE',  ( -27.18165019994525622, -22.37943690640588912, 23.10000000000346176 ) ) ;
#5021 = AXIS2_PLACEMENT_3D ( 'NONE', #5641, #1987, #5720 ) ;
#5022 = CARTESIAN_POINT ( 'NONE',  ( -27.72363049687647063, -21.72867367720961340, 0.000000000000000000 ) ) ;
#5023 = VERTEX_POINT ( 'NONE', #3172 ) ;
#5024 = FACE_OUTER_BOUND ( 'NONE', #7347, .T. ) ;
#5025 = DIRECTION ( 'NONE',  ( 0.9456324196049407105, 0.3252373394801179041, 0.000000000000000000 ) ) ;
#5026 = ORIENTED_EDGE ( 'NONE', *, *, #4826, .F. ) ;
#5027 = ORIENTED_EDGE ( 'NONE', *, *, #1664, .F. ) ;
#5028 = VECTOR ( 'NONE', #1737, 1000.000000000000114 ) ;
#5029 = B_SPLINE_CURVE_WITH_KNOTS ( 'NONE', 3,
 ( #11, #663, #7532, #1354, #784 ),
 .UNSPECIFIED., .F., .F.,
 ( 4, 1, 4 ),
 ( 0.000000000000000000, 0.03163811827343990246, 0.06841886377775199812 ),
 .UNSPECIFIED. ) ;
#5030 = ADVANCED_FACE ( 'NONE', ( #5024 ), #2738, .F. ) ;
#5031 = CARTESIAN_POINT ( 'NONE',  ( -6.893518561953730028, 17.84696906279179984, 41.30000000000000426 ) ) ;
#5032 = CARTESIAN_POINT ( 'NONE',  ( 11.18052965830619883, 13.72677483979160051, 40.30000000000000426 ) ) ;
#5033 = CARTESIAN_POINT ( 'NONE',  ( 3.682519396442780035, 17.13556854103250160, 40.30000000000000426 ) ) ;
#5034 = CARTESIAN_POINT ( 'NONE',  ( 26.66763008816431579, 17.17341723148286903, 0.000000000000000000 ) ) ;
#5035 = ADVANCED_FACE ( 'NONE', ( #2759 ), #293, .F. ) ;
#5036 = VERTEX_POINT ( 'NONE', #1463 ) ;
#5037 = CARTESIAN_POINT ( 'NONE',  ( 26.51305745254940049, 20.14542829493269949, 15.44831734636009912 ) ) ;
#5038 = EDGE_CURVE ( 'NONE', #5857, #1903, #4627, .T. ) ;
#5039 = CARTESIAN_POINT ( 'NONE',  ( 11.30312724816690029, 13.92900155362320014, 41.30000000000000426 ) ) ;
#5040 = ORIENTED_EDGE ( 'NONE', *, *, #3316, .T. ) ;
#5041 = DIRECTION ( 'NONE',  ( -0.000000000000000000, -0.000000000000000000, -1.000000000000000000 ) ) ;
#5042 = CARTESIAN_POINT ( 'NONE',  ( 2.729363734454619994, 18.59740268094780191, 40.30000000000000426 ) ) ;
#5043 = ORIENTED_EDGE ( 'NONE', *, *, #3104, .F. ) ;
#5044 = CARTESIAN_POINT ( 'NONE',  ( -20.42507745822770104, -27.51124419494169260, 22.61908309490092606 ) ) ;
#5045 = EDGE_LOOP ( 'NONE', ( #101, #6965, #6630, #5686 ) ) ;
#5046 = EDGE_LOOP ( 'NONE', ( #804, #3893, #423, #5152 ) ) ;
#5047 = DIRECTION ( 'NONE',  ( 0.000000000000000000, 0.000000000000000000, -1.000000000000000000 ) ) ;
#5048 = B_SPLINE_CURVE_WITH_KNOTS ( 'NONE', 3,
 ( #6330, #1486, #7593, #7633, #5195 ),
 .UNSPECIFIED., .F., .F.,
 ( 4, 1, 4 ),
 ( 0.000000000000000000, 0.01046075584044130029, 0.02586547623505069948 ),
 .UNSPECIFIED. ) ;
#5049 = EDGE_CURVE ( 'NONE', #7821, #7304, #2188, .T. ) ;
#5050 = CARTESIAN_POINT ( 'NONE',  ( 3.792725247001820232, 18.09618653913380015, 41.30000000000000426 ) ) ;
#5051 = CARTESIAN_POINT ( 'NONE',  ( 11.13136505507829987, 14.95174774934160133, 40.30000000000000426 ) ) ;
#5052 = VECTOR ( 'NONE', #4054, 1000.000000000000114 ) ;
#5053 = CARTESIAN_POINT ( 'NONE',  ( -26.05768676603010547, 25.36780402889443664, 0.5246671287590559674 ) ) ;
#5054 = DIRECTION ( 'NONE',  ( 1.000000000000000000, 0.000000000000000000, 0.000000000000000000 ) ) ;
#5055 = CARTESIAN_POINT ( 'NONE',  ( 3.224129114692329878, 18.01373973556029640, 41.30000000000000426 ) ) ;
#5056 = SHAPE_DEFINITION_REPRESENTATION ( #5141, #1451 ) ;
#5057 = CARTESIAN_POINT ( 'NONE',  ( 25.79313843840705189, 19.06333804674485322, 23.09999999999998366 ) ) ;
#5058 = CARTESIAN_POINT ( 'NONE',  ( -24.98700907953198680, -26.01632706116988913, 23.10000000000145093 ) ) ;
#5059 = EDGE_CURVE ( 'NONE', #4331, #380, #5888, .T. ) ;
#5060 = CARTESIAN_POINT ( 'NONE',  ( -25.16674112139772745, -27.21075884970015935, 0.5238028217562246125 ) ) ;
#5061 = ORIENTED_EDGE ( 'NONE', *, *, #4296, .F. ) ;
#5062 = LINE ( 'NONE', #3262, #1100 ) ;
#5063 = DIRECTION ( 'NONE',  ( 0.000000000000000000, 0.000000000000000000, -1.000000000000000000 ) ) ;
#5064 = B_SPLINE_CURVE_WITH_KNOTS ( 'NONE', 3,
 ( #4065, #6504, #1584, #7723, #4659 ),
 .UNSPECIFIED., .F., .F.,
 ( 4, 1, 4 ),
 ( 0.000000000000000000, 0.02129133792793609994, 0.04412504982888030419 ),
 .UNSPECIFIED. ) ;
#5065 = EDGE_LOOP ( 'NONE', ( #7490, #2610, #3891, #7717 ) ) ;
#5066 = ORIENTED_EDGE ( 'NONE', *, *, #1677, .F. ) ;
#5067 = CARTESIAN_POINT ( 'NONE',  ( -6.453184937920749320, 17.97332015037380160, 41.30000000000000426 ) ) ;
#5068 = CARTESIAN_POINT ( 'NONE',  ( 11.27778356099960000, 14.16282031780589890, 41.30000000000000426 ) ) ;
#5069 = CARTESIAN_POINT ( 'NONE',  ( -18.95925731280750171, 26.37708701273090028, 23.14691927163010376 ) ) ;
#5070 = CARTESIAN_POINT ( 'NONE',  ( 3.013494163776559986, 15.61860000757850031, 40.30000000000000426 ) ) ;
#5071 = CARTESIAN_POINT ( 'NONE',  ( 5.748449948378079988, 15.63262024353880086, 41.30000000000000426 ) ) ;
#5072 = ORIENTED_EDGE ( 'NONE', *, *, #1602, .F. ) ;
#5073 = LINE ( 'NONE', #7579, #640 ) ;
#5074 = ORIENTED_EDGE ( 'NONE', *, *, #615, .T. ) ;
#5075 = ORIENTED_EDGE ( 'NONE', *, *, #7542, .F. ) ;
#5076 = DIRECTION ( 'NONE',  ( 0.000000000000000000, 0.000000000000000000, 1.000000000000000000 ) ) ;
#5077 = ORIENTED_EDGE ( 'NONE', *, *, #642, .T. ) ;
#5078 = EDGE_CURVE ( 'NONE', #674, #6839, #254, .T. ) ;
#5079 = CARTESIAN_POINT ( 'NONE',  ( 2.715877902717790171, 15.10198686240030064, 41.30000000000000426 ) ) ;
#5080 = CARTESIAN_POINT ( 'NONE',  ( 3.338394301825269750, 32.53774442767899444, 7.597292318481549955 ) ) ;
#5081 = CARTESIAN_POINT ( 'NONE',  ( 4.076735221874499437, 16.58999099842340286, 41.30000000000000426 ) ) ;
#5083 = EDGE_CURVE ( 'NONE', #536, #1150, #6674, .T. ) ;
#5082 = CARTESIAN_POINT ( 'NONE',  ( 21.83563467989464613, 25.78088725628468225, 23.09999999999300258 ) ) ;
#5084 = CARTESIAN_POINT ( 'NONE',  ( 2.715877902717790171, 15.10198686240030064, 40.30000000000000426 ) ) ;
#5085 = VERTEX_POINT ( 'NONE', #7689 ) ;
#5086 = AXIS2_PLACEMENT_3D ( 'NONE', #3898, #4641, #1525 ) ;
#5087 = CARTESIAN_POINT ( 'NONE',  ( -11.52621681654709995, 15.10465349616539932, 41.30000000000000426 ) ) ;
#5088 = VERTEX_POINT ( 'NONE', #2723 ) ;
#5089 = EDGE_CURVE ( 'NONE', #6714, #6528, #7028, .T. ) ;
#5090 = CARTESIAN_POINT ( 'NONE',  ( -9.650064367965448753, 15.60762795477450027, 41.30000000000000426 ) ) ;
#5091 = CARTESIAN_POINT ( 'NONE',  ( 19.19911446099164820, -27.51202788676769018, 22.61907626158206952 ) ) ;
#5092 = AXIS2_PLACEMENT_3D ( 'NONE', #337, #2194, #6512 ) ;
#5093 = EDGE_LOOP ( 'NONE', ( #4148, #6019, #2991, #5351 ) ) ;
#5094 = FACE_OUTER_BOUND ( 'NONE', #2575, .T. ) ;
#5095 = CARTESIAN_POINT ( 'NONE',  ( -19.07918555256720339, -28.39652484477821304, 0.5177408867370785206 ) ) ;
#5096 = CARTESIAN_POINT ( 'NONE',  ( 3.539286952336860193, 17.64370726485629959, 40.30000000000000426 ) ) ;
#5097 = CARTESIAN_POINT ( 'NONE',  ( 2.647685997333140140, 18.19246729135240059, 41.30000000000000426 ) ) ;
#5098 = EDGE_CURVE ( 'NONE', #26, #7040, #3217, .T. ) ;
#5099 = PRODUCT_CONTEXT ( 'NONE', #3220, 'mechanical' ) ;
#5100 = LINE ( 'NONE', #893, #4229 ) ;
#5101 = CARTESIAN_POINT ( 'NONE',  ( -24.39499211562930370, -26.43900984393307141, 22.62380282175550406 ) ) ;
#5102 = LINE ( 'NONE', #7562, #7686 ) ;
#5103 = ORIENTED_EDGE ( 'NONE', *, *, #3486, .F. ) ;
#5104 = PLANE ( 'NONE',  #7067 ) ;
#5105 = CARTESIAN_POINT ( 'NONE',  ( 9.727103702786269679, 13.54974085977739939, 41.30000000000000426 ) ) ;
#5106 = ORIENTED_EDGE ( 'NONE', *, *, #6049, .F. ) ;
#5107 = ORIENTED_EDGE ( 'NONE', *, *, #3242, .F. ) ;
#5108 = CIRCLE ( 'NONE', #972, 0.5000000000000004441 ) ;
#5109 = CARTESIAN_POINT ( 'NONE',  ( 20.65784626691457859, -28.19376395627908494, 0.5196883076501269683 ) ) ;
#5110 = CARTESIAN_POINT ( 'NONE',  ( 25.89588108239666653, -17.63087773559610838, 23.09999999999999787 ) ) ;
#5111 = CARTESIAN_POINT ( 'NONE',  ( 2.785292676537629575, 15.53678133138840067, 40.30000000000000426 ) ) ;
#5112 = CARTESIAN_POINT ( 'NONE',  ( -28.39653501155466131, -18.40262674136375765, 0.5174497483512515705 ) ) ;
#5113 = AXIS2_PLACEMENT_3D ( 'NONE', #7318, #5325, #6095 ) ;
#5114 = ORIENTED_EDGE ( 'NONE', *, *, #4406, .T. ) ;
#5115 = CARTESIAN_POINT ( 'NONE',  ( 26.91763008816432290, 1.885395245059572567, 0.06698729810778483729 ) ) ;
#5116 = ORIENTED_EDGE ( 'NONE', *, *, #4305, .F. ) ;
#5117 = ORIENTED_EDGE ( 'NONE', *, *, #27, .F. ) ;
#5118 = CARTESIAN_POINT ( 'NONE',  ( 10.91810447372070136, 13.52899262533779989, 40.30000000000000426 ) ) ;
#5119 = ORIENTED_EDGE ( 'NONE', *, *, #7731, .T. ) ;
#5120 = B_SPLINE_SURFACE_WITH_KNOTS ( 'NONE', 3, 1, ( 
 ( #7463, #1851 ),
 ( #3849, #143 ),
 ( #4374, #2621 ),
 ( #7537, #7425 ),
 ( #4283, #6850 ) ),
 .UNSPECIFIED., .F., .F., .F.,
 ( 4, 1, 4 ),
 ( 2, 2 ),
 ( 0.000000000000000000, 0.02154680856456099927, 0.04544292946739780098 ),
 ( 0.000000000000000000, 0.1000000000000000056 ),
 .UNSPECIFIED. ) ;
#5121 = CIRCLE ( 'NONE', #2419, 0.5000000000000000000 ) ;
#5122 = CARTESIAN_POINT ( 'NONE',  ( -23.17199255736729313, 25.76244838613673949, 22.62202743914986058 ) ) ;
#5123 = LINE ( 'NONE', #4940, #730 ) ;
#5124 = CARTESIAN_POINT ( 'NONE',  ( 25.79916585211539726, 21.83016043420645147, 22.62187322181551608 ) ) ;
#5125 = ORIENTED_EDGE ( 'NONE', *, *, #301, .F. ) ;
#5126 = CARTESIAN_POINT ( 'NONE',  ( 0.9111075008625759697, 15.37287731696949855, 40.30000000000000426 ) ) ;
#5127 = CARTESIAN_POINT ( 'NONE',  ( -5.401715267416590471, 16.39483041423849841, 41.30000000000000426 ) ) ;
#5128 = ORIENTED_EDGE ( 'NONE', *, *, #642, .F. ) ;
#5129 = VECTOR ( 'NONE', #398, 1000.000000000000000 ) ;
#5130 = CARTESIAN_POINT ( 'NONE',  ( -18.40262674136375765, 27.16732550167385440, 0.5174497483512511264 ) ) ;
#5131 = ORIENTED_EDGE ( 'NONE', *, *, #4140, .F. ) ;
#5132 = EDGE_CURVE ( 'NONE', #287, #7397, #6463, .T. ) ;
#5133 = CARTESIAN_POINT ( 'NONE',  ( 7.800849037987690693, 13.06339519499270097, 41.30000000000000426 ) ) ;
#5134 = DIRECTION ( 'NONE',  ( -0.8034859426560702067, 0.5953237270209262855, 0.000000000000000000 ) ) ;
#5135 = CARTESIAN_POINT ( 'NONE',  ( 17.84997592379271225, 27.16731533470462878, 0.5177408922575347239 ) ) ;
#5136 = CARTESIAN_POINT ( 'NONE',  ( -6.565683982065150026, 14.25849660405310004, 40.30000000000000426 ) ) ;
#5137 = CARTESIAN_POINT ( 'NONE',  ( -28.14683959804511204, -28.41460475494042726, 7.667790853193002576 ) ) ;
#5138 = CARTESIAN_POINT ( 'NONE',  ( 11.76321809669119922, 14.04282336078279947, 40.30000000000000426 ) ) ;
#5139 = DIRECTION ( 'NONE',  ( 0.9999072599733420663, -0.01361879042365470201, 0.000000000000000000 ) ) ;
#5140 = DIRECTION ( 'NONE',  ( -1.000000000000000000, 0.000000000000000000, 0.000000000000000000 ) ) ;
#5141 = PRODUCT_DEFINITION_SHAPE ( 'NONE', 'NONE',  #1580 ) ;
#5142 = EDGE_LOOP ( 'NONE', ( #6982, #2293, #1763, #5660 ) ) ;
#5143 = AXIS2_PLACEMENT_3D ( 'NONE', #7451, #4399, #6876 ) ;
#5144 = EDGE_CURVE ( 'NONE', #3803, #7892, #7197, .T. ) ;
#5145 = CARTESIAN_POINT ( 'NONE',  ( -17.63087773559611193, 26.39557649590621224, 22.61744974835125532 ) ) ;
#5146 = ORIENTED_EDGE ( 'NONE', *, *, #3068, .T. ) ;
#5147 = ORIENTED_EDGE ( 'NONE', *, *, #5569, .T. ) ;
#5148 = CARTESIAN_POINT ( 'NONE',  ( 25.33673468018254127, -26.08681185821672344, 0.5246603495796741123 ) ) ;
#5149 = CARTESIAN_POINT ( 'NONE',  ( 23.46934903946286965, -25.65337282256333751, 23.09999999999999076 ) ) ;
#5150 = CARTESIAN_POINT ( 'NONE',  ( -5.916979979357109620, 17.97328504378209857, 41.30000000000000426 ) ) ;
#5151 = DIRECTION ( 'NONE',  ( -0.9456324196049409325, -0.3252373394801170714, 0.000000000000000000 ) ) ;
#5152 = ORIENTED_EDGE ( 'NONE', *, *, #1588, .F. ) ;
#5153 = CARTESIAN_POINT ( 'NONE',  ( 4.099040239734519808, 16.73679265412779671, 40.30000000000000426 ) ) ;
#5154 = ORIENTED_EDGE ( 'NONE', *, *, #3954, .T. ) ;
#5155 = VECTOR ( 'NONE', #1566, 1000.000000000000000 ) ;
#5156 = CARTESIAN_POINT ( 'NONE',  ( 3.590308173573930173, 15.51758969383750042, 41.30000000000000426 ) ) ;
#5157 = ORIENTED_EDGE ( 'NONE', *, *, #2225, .F. ) ;
#5158 = CARTESIAN_POINT ( 'NONE',  ( -19.03238605854476262, 26.37818264698496407, 22.61811680815792158 ) ) ;
#5159 = CARTESIAN_POINT ( 'NONE',  ( 11.76127926140800106, 13.95315373228410039, 41.30000000000000426 ) ) ;
#5160 = AXIS2_PLACEMENT_3D ( 'NONE', #2652, #5774, #2042 ) ;
#5161 = CARTESIAN_POINT ( 'NONE',  ( 3.224129114692329878, 18.01373973556029640, 41.30000000000000426 ) ) ;
#5162 = CARTESIAN_POINT ( 'NONE',  ( 26.25643750661885534, -23.04835694825304415, -3.252606517456514288E-16 ) ) ;
#5163 = CYLINDRICAL_SURFACE ( 'NONE', #5086, 0.5000000000000004441 ) ;
#5164 = CARTESIAN_POINT ( 'NONE',  ( 11.56418602371990012, 13.44251381513900157, 41.30000000000000426 ) ) ;
#5165 = ADVANCED_FACE ( 'NONE', ( #5858 ), #6336, .F. ) ;
#5166 = FACE_OUTER_BOUND ( 'NONE', #1394, .T. ) ;
#5167 = ORIENTED_EDGE ( 'NONE', *, *, #3512, .F. ) ;
#5168 = CARTESIAN_POINT ( 'NONE',  ( -10.06851645498080039, 16.31502197800109855, 41.30000000000000426 ) ) ;
#5169 = CARTESIAN_POINT ( 'NONE',  ( -2.661605698174729806, 32.59009367273270641, 6.098206077952910142 ) ) ;
#5170 = EDGE_CURVE ( 'NONE', #717, #1462, #4336, .T. ) ;
#5171 = CARTESIAN_POINT ( 'NONE',  ( -27.12509059227748764, -17.63087773559611904, 23.09999999999999787 ) ) ;
#5172 = AXIS2_PLACEMENT_3D ( 'NONE', #683, #6217, #5672 ) ;
#5173 = LINE ( 'NONE', #328, #1110 ) ;
#5174 = CARTESIAN_POINT ( 'NONE',  ( -24.14940289213976143, -26.00297543475922524, 23.09999999999999432 ) ) ;
#5175 = CARTESIAN_POINT ( 'NONE',  ( 9.796025658333210373, 13.45792189472430067, 40.30000000000000426 ) ) ;
#5176 = CARTESIAN_POINT ( 'NONE',  ( 4.051052619698849888, 16.46660864229310306, 40.30000000000000426 ) ) ;
#5177 = CARTESIAN_POINT ( 'NONE',  ( -25.66397051798033857, 24.18287354154468005, 23.09999999999856257 ) ) ;
#5178 = B_SPLINE_SURFACE_WITH_KNOTS ( 'NONE', 3, 1, ( 
 ( #3315, #5741 ),
 ( #4597, #4001 ),
 ( #908, #230 ),
 ( #5156, #4487 ),
 ( #270, #3967 ) ),
 .UNSPECIFIED., .F., .F., .F.,
 ( 4, 1, 4 ),
 ( 2, 2 ),
 ( 0.000000000000000000, 0.03010857783255550119, 0.05658265787637040134 ),
 ( 0.000000000000000000, 0.1000000000000000056 ),
 .UNSPECIFIED. ) ;
#5179 = ORIENTED_EDGE ( 'NONE', *, *, #1820, .F. ) ;
#5180 = EDGE_CURVE ( 'NONE', #1135, #6836, #5893, .T. ) ;
#5181 = CARTESIAN_POINT ( 'NONE',  ( -8.146923488539970393, 13.54592516046809969, 40.30000000000000426 ) ) ;
#5182 = FACE_OUTER_BOUND ( 'NONE', #4328, .T. ) ;
#5183 = DIRECTION ( 'NONE',  ( 1.224646799147351235E-16, -1.000000000000000000, -9.043690078957818035E-35 ) ) ;
#5184 = ORIENTED_EDGE ( 'NONE', *, *, #3512, .T. ) ;
#5185 = ORIENTED_EDGE ( 'NONE', *, *, #3001, .T. ) ;
#5186 = ORIENTED_EDGE ( 'NONE', *, *, #2721, .T. ) ;
#5187 = CARTESIAN_POINT ( 'NONE',  ( 26.39556632903421018, -18.30743648818337377, 22.61774088947320749 ) ) ;
#5188 = ORIENTED_EDGE ( 'NONE', *, *, #3823, .T. ) ;
#5189 = CARTESIAN_POINT ( 'NONE',  ( 11.64616093039719935, 14.45146747855840097, 41.30000000000000426 ) ) ;
#5190 = CARTESIAN_POINT ( 'NONE',  ( 7.334350787204350297, 17.19279174723540038, 41.30000000000000426 ) ) ;
#5191 = CARTESIAN_POINT ( 'NONE',  ( 3.439890762897389820, 16.13133827465630077, 40.30000000000000426 ) ) ;
#5192 = CARTESIAN_POINT ( 'NONE',  ( -9.875672825965390089, 12.46497071683210045, 41.30000000000000426 ) ) ;
#5193 = CARTESIAN_POINT ( 'NONE',  ( 25.89588108239666653, -17.63087773559610838, 23.09999999999999787 ) ) ;
#5194 = VERTEX_POINT ( 'NONE', #4361 ) ;
#5195 = CARTESIAN_POINT ( 'NONE',  ( -10.24421229017490020, 14.06758242428240102, 41.30000000000000426 ) ) ;
#5196 = ADVANCED_FACE ( 'NONE', ( #1756 ), #6939, .T. ) ;
#5197 = CARTESIAN_POINT ( 'NONE',  ( 1.896235249324339733, 15.61182922009670015, 41.30000000000000426 ) ) ;
#5198 = VERTEX_POINT ( 'NONE', #2360 ) ;
#5199 = CARTESIAN_POINT ( 'NONE',  ( -25.09744914234394741, -0.6146047549404058952, 23.59999999999999787 ) ) ;
#5200 = LINE ( 'NONE', #6417, #2092 ) ;
#5201 = VECTOR ( 'NONE', #6208, 1000.000000000000000 ) ;
#5202 = CARTESIAN_POINT ( 'NONE',  ( 23.62213662764230193, 26.17293268511420479, 3.451704829601310986E-13 ) ) ;
#5203 = DIRECTION ( 'NONE',  ( 0.000000000000000000, 0.000000000000000000, 1.000000000000000000 ) ) ;
#5204 = ADVANCED_FACE ( 'NONE', ( #1549 ), #3401, .T. ) ;
#5205 = EDGE_CURVE ( 'NONE', #815, #1319, #1330, .T. ) ;
#5206 = CIRCLE ( 'NONE', #1731, 1.500000000000001332 ) ;
#5207 = ADVANCED_FACE ( 'NONE', ( #3662 ), #3744, .F. ) ;
#5208 = CARTESIAN_POINT ( 'NONE',  ( -6.297520655956250657, 17.99924319285359786, 40.30000000000000426 ) ) ;
#5209 = FACE_OUTER_BOUND ( 'NONE', #6369, .T. ) ;
#5210 = EDGE_CURVE ( 'NONE', #1467, #2195, #4789, .T. ) ;
#5211 = CARTESIAN_POINT ( 'NONE',  ( -5.759664680668990400, 17.22480834775850056, 40.30000000000000426 ) ) ;
#5212 = DIRECTION ( 'NONE',  ( 0.000000000000000000, 0.000000000000000000, -1.000000000000000000 ) ) ;
#5213 = DIRECTION ( 'NONE',  ( 0.000000000000000000, 0.000000000000000000, -1.000000000000000000 ) ) ;
#5214 = CARTESIAN_POINT ( 'NONE',  ( -22.38446741536293416, 25.97198509447402515, 22.62099070507314025 ) ) ;
#5215 = AXIS2_PLACEMENT_3D ( 'NONE', #7778, #5815, #4631 ) ;
#5216 = DIRECTION ( 'NONE',  ( 1.000000000000000000, 0.000000000000000000, 0.000000000000000000 ) ) ;
#5217 = ADVANCED_FACE ( 'NONE', ( #6586 ), #2875, .F. ) ;
#5218 = VERTEX_POINT ( 'NONE', #161 ) ;
#5219 = CARTESIAN_POINT ( 'NONE',  ( 23.72910219760640871, -25.44651643811969066, 23.09999999999999787 ) ) ;
#5220 = FACE_OUTER_BOUND ( 'NONE', #7784, .T. ) ;
#5221 = CARTESIAN_POINT ( 'NONE',  ( -9.681315860892119929, 14.96862224024780019, 40.30000000000000426 ) ) ;
#5222 = B_SPLINE_CURVE_WITH_KNOTS ( 'NONE', 3,
 ( #7763, #7149, #6501, #970, #1008 ),
 .UNSPECIFIED., .F., .F.,
 ( 4, 1, 4 ),
 ( 0.000000000000000000, 0.02419714495423920184, 0.05137750791128990052 ),
 .UNSPECIFIED. ) ;
#5223 = ORIENTED_EDGE ( 'NONE', *, *, #1617, .T. ) ;
#5224 = ORIENTED_EDGE ( 'NONE', *, *, #5912, .F. ) ;
#5225 = ADVANCED_FACE ( 'NONE', ( #728 ), #2026, .F. ) ;
#5226 = EDGE_CURVE ( 'NONE', #2093, #7513, #3209, .T. ) ;
#5227 = ORIENTED_EDGE ( 'NONE', *, *, #7947, .T. ) ;
#5228 = CARTESIAN_POINT ( 'NONE',  ( 10.74900429268519808, 13.48324168858649941, 41.30000000000000426 ) ) ;
#5229 = VERTEX_POINT ( 'NONE', #6785 ) ;
#5230 = CARTESIAN_POINT ( 'NONE',  ( -5.733329487999350604, 17.16037439629429784, 41.30000000000000426 ) ) ;
#5231 = VECTOR ( 'NONE', #534, 1000.000000000000000 ) ;
#5232 = CARTESIAN_POINT ( 'NONE',  ( 21.49999999999999645, 21.49999999999999645, 0.000000000000000000 ) ) ;
#5233 = LINE ( 'NONE', #7090, #3332 ) ;
#5234 = CARTESIAN_POINT ( 'NONE',  ( 24.78255190107386241, 22.91013098399306003, 23.09999999999999432 ) ) ;
#5235 = ORIENTED_EDGE ( 'NONE', *, *, #6631, .F. ) ;
#5236 = CARTESIAN_POINT ( 'NONE',  ( -5.821073174461130151, 16.58158492321780031, 40.30000000000000426 ) ) ;
#5237 = CARTESIAN_POINT ( 'NONE',  ( 5.338394301825270638, 27.59313953763729899, 5.923708594440400432 ) ) ;
#5238 = ORIENTED_EDGE ( 'NONE', *, *, #7781, .T. ) ;
#5239 = DIRECTION ( 'NONE',  ( 0.000000000000000000, 0.000000000000000000, 1.000000000000000000 ) ) ;
#5240 = AXIS2_PLACEMENT_3D ( 'NONE', #1088, #4787, #4221 ) ;
#5241 = AXIS2_PLACEMENT_3D ( 'NONE', #7727, #1662, #4067 ) ;
#5242 = EDGE_CURVE ( 'NONE', #1568, #4796, #456, .T. ) ;
#5243 = CARTESIAN_POINT ( 'NONE',  ( -9.945101936153649902, 15.83705343478760241, 40.30000000000000426 ) ) ;
#5244 = LINE ( 'NONE', #2214, #3397 ) ;
#5245 = VECTOR ( 'NONE', #1499, 1000.000000000000114 ) ;
#5246 = CARTESIAN_POINT ( 'NONE',  ( 2.641366573520219863, 15.52143721616780070, 41.30000000000000426 ) ) ;
#5247 = DIRECTION ( 'NONE',  ( -0.000000000000000000, 1.000000000000000000, -0.000000000000000000 ) ) ;
#5248 = EDGE_CURVE ( 'NONE', #3601, #701, #2029, .T. ) ;
#5249 = CARTESIAN_POINT ( 'NONE',  ( 10.74900429268519808, 13.48324168858649941, 40.30000000000000426 ) ) ;
#5251 = EDGE_CURVE ( 'NONE', #2236, #5783, #5744, .T. ) ;
#5250 = DIRECTION ( 'NONE',  ( -1.387778780781444413E-14, -1.000000000000000000, 0.000000000000000000 ) ) ;
#5252 = CARTESIAN_POINT ( 'NONE',  ( -8.956237054685368904, 14.46376407151149834, 41.30000000000000426 ) ) ;
#5253 = CARTESIAN_POINT ( 'NONE',  ( 9.825407396402690452, 13.38649721548260096, 41.30000000000000426 ) ) ;
#5254 = CARTESIAN_POINT ( 'NONE',  ( -24.05154007743128020, 25.38711425265420019, 22.62325976040682818 ) ) ;
#5255 = CARTESIAN_POINT ( 'NONE',  ( 4.099040239734519808, 16.73679265412779671, 41.30000000000000426 ) ) ;
#5256 = DIRECTION ( 'NONE',  ( 0.000000000000000000, 0.000000000000000000, -1.000000000000000000 ) ) ;
#5257 = CARTESIAN_POINT ( 'NONE',  ( 10.28333761211700015, 13.11117093268710043, 40.30000000000000426 ) ) ;
#5258 = CARTESIAN_POINT ( 'NONE',  ( -0.5722441504467039586, 18.88662682999719777, 41.30000000000000426 ) ) ;
#5259 = VERTEX_POINT ( 'NONE', #6180 ) ;
#5260 = DIRECTION ( 'NONE',  ( 1.000000000000000000, 6.943123467126490601E-15, 0.000000000000000000 ) ) ;
#5261 = VERTEX_POINT ( 'NONE', #5719 ) ;
#5262 = CARTESIAN_POINT ( 'NONE',  ( -6.379192066585719800, 17.98851875966670377, 41.30000000000000426 ) ) ;
#5263 = DIRECTION ( 'NONE',  ( 0.000000000000000000, 0.000000000000000000, -1.000000000000000000 ) ) ;
#5264 = CARTESIAN_POINT ( 'NONE',  ( 11.61535526829529985, 13.52141349351989952, 41.30000000000000426 ) ) ;
#5265 = CARTESIAN_POINT ( 'NONE',  ( -23.50000000000000355, -21.49999999999999645, 2.168404344971008868E-16 ) ) ;
#5266 = CARTESIAN_POINT ( 'NONE',  ( -12.12398264609399945, 15.18703324260019905, 41.30000000000000426 ) ) ;
#5267 = ORIENTED_EDGE ( 'NONE', *, *, #3848, .T. ) ;
#5268 = DIRECTION ( 'NONE',  ( -1.000000000000000000, 0.000000000000000000, 0.000000000000000000 ) ) ;
#5269 = STYLED_ITEM ( 'NONE', ( #4964 ), #6001 ) ;
#5270 = CARTESIAN_POINT ( 'NONE',  ( -5.600148718691980498, 17.79774077031040136, 40.30000000000000426 ) ) ;
#5271 = ORIENTED_EDGE ( 'NONE', *, *, #6320, .F. ) ;
#5272 = EDGE_CURVE ( 'NONE', #2105, #2014, #4391, .T. ) ;
#5273 = LINE ( 'NONE', #7634, #1132 ) ;
#5274 = EDGE_LOOP ( 'NONE', ( #8004, #4384, #5387, #6038 ) ) ;
#5275 = VECTOR ( 'NONE', #4120, 1000.000000000000000 ) ;
#5276 = PLANE ( 'NONE',  #1555 ) ;
#5277 = LINE ( 'NONE', #7755, #1436 ) ;
#5278 = EDGE_CURVE ( 'NONE', #994, #6474, #1950, .T. ) ;
#5279 = EDGE_CURVE ( 'NONE', #1892, #3090, #4390, .T. ) ;
#5280 = ORIENTED_EDGE ( 'NONE', *, *, #3858, .T. ) ;
#5281 = CARTESIAN_POINT ( 'NONE',  ( 24.54344748440784940, 25.57751638187503573, 0.5244170917181952829 ) ) ;
#5282 = ORIENTED_EDGE ( 'NONE', *, *, #2848, .T. ) ;
#5283 = LINE ( 'NONE', #4022, #5394 ) ;
#5284 = EDGE_CURVE ( 'NONE', #1684, #542, #3784, .T. ) ;
#5285 = CARTESIAN_POINT ( 'NONE',  ( -20.29254777617593319, 25.79313830998224688, 23.09999999999999787 ) ) ;
#5286 = CARTESIAN_POINT ( 'NONE',  ( 10.91810447372070136, 13.52899262533779989, 40.30000000000000426 ) ) ;
#5287 = CARTESIAN_POINT ( 'NONE',  ( 0.3383943018252759671, 32.65989266613779307, 4.099424423914720172 ) ) ;
#5288 = CARTESIAN_POINT ( 'NONE',  ( -4.161605698174730250, 32.59009367273270641, 6.098206077952910142 ) ) ;
#5289 = CARTESIAN_POINT ( 'NONE',  ( 11.18052965830619883, 13.72677483979160051, 41.30000000000000426 ) ) ;
#5290 = CARTESIAN_POINT ( 'NONE',  ( -17.63087773559610838, 26.37872546980020516, 23.10000000000000497 ) ) ;
#5291 = CARTESIAN_POINT ( 'NONE',  ( -27.88062140747984330, 18.50860393166941620, -1.301042606982605518E-15 ) ) ;
#5292 = AXIS2_PLACEMENT_3D ( 'NONE', #7729, #4663, #1053 ) ;
#5293 = DIRECTION ( 'NONE',  ( -0.000000000000000000, 0.9993908270190957621, 0.03489949670250109409 ) ) ;
#5294 = VECTOR ( 'NONE', #4599, 1000.000000000000000 ) ;
#5295 = CARTESIAN_POINT ( 'NONE',  ( -9.681315860892119929, 14.96862224024780019, 41.30000000000000426 ) ) ;
#5296 = CARTESIAN_POINT ( 'NONE',  ( 3.728356555533430150, 18.16503630127369817, 41.30000000000000426 ) ) ;
#5297 = ORIENTED_EDGE ( 'NONE', *, *, #1781, .F. ) ;
#5298 = ORIENTED_EDGE ( 'NONE', *, *, #6159, .F. ) ;
#5299 = VECTOR ( 'NONE', #5835, 1000.000000000000000 ) ;
#5300 = CARTESIAN_POINT ( 'NONE',  ( 19.72771513523550979, -26.95188162117722541, 23.09999999999998721 ) ) ;
#5301 = VERTEX_POINT ( 'NONE', #76 ) ;
#5302 = B_SPLINE_SURFACE_WITH_KNOTS ( 'NONE', 3, 1, ( 
 ( #4812, #2992 ),
 ( #7909, #2379 ),
 ( #3493, #3531 ),
 ( #7144, #2258 ),
 ( #4097, #4733 ) ),
 .UNSPECIFIED., .F., .F., .F.,
 ( 4, 1, 4 ),
 ( 2, 2 ),
 ( 0.000000000000000000, 0.02879584727689919743, 0.06049198197087519990 ),
 ( 0.000000000000000000, 0.1000000000000000056 ),
 .UNSPECIFIED. ) ;
#5303 = CARTESIAN_POINT ( 'NONE',  ( -8.141998532835950542, 17.41757144940040192, 41.30000000000000426 ) ) ;
#5304 = DIRECTION ( 'NONE',  ( 1.224646799147353207E-16, 1.000000000000000000, -0.000000000000000000 ) ) ;
#5305 = CARTESIAN_POINT ( 'NONE',  ( 19.83508727206271516, -27.79409682563070305, -2.602085213965211036E-15 ) ) ;
#5306 = LINE ( 'NONE', #6524, #4071 ) ;
#5307 = ORIENTED_EDGE ( 'NONE', *, *, #1711, .F. ) ;
#5308 = PLANE ( 'NONE',  #4010 ) ;
#5309 = ORIENTED_EDGE ( 'NONE', *, *, #6352, .F. ) ;
#5310 = CARTESIAN_POINT ( 'NONE',  ( 2.715877902717790171, 15.10198686240030064, 40.30000000000000426 ) ) ;
#5311 = CARTESIAN_POINT ( 'NONE',  ( -6.307153727361160200, 16.28891728678519968, 40.30000000000000426 ) ) ;
#5312 = CARTESIAN_POINT ( 'NONE',  ( 11.76321809669119922, 14.04282336078279947, 40.30000000000000426 ) ) ;
#5313 = ORIENTED_EDGE ( 'NONE', *, *, #2934, .F. ) ;
#5314 = CARTESIAN_POINT ( 'NONE',  ( 24.50556712140824800, 24.96846441896629898, 6.505213034913026604E-16 ) ) ;
#5315 = ORIENTED_EDGE ( 'NONE', *, *, #5706, .F. ) ;
#5316 = LINE ( 'NONE', #5436, #3096 ) ;
#5317 = EDGE_CURVE ( 'NONE', #2014, #6732, #6299, .T. ) ;
#5318 = ADVANCED_FACE ( 'NONE', ( #3163 ), #3526, .F. ) ;
#5319 = FACE_BOUND ( 'NONE', #859, .T. ) ;
#5320 = CARTESIAN_POINT ( 'NONE',  ( -0.7765820199233889332, 9.598578093071610695, 41.30000000000000426 ) ) ;
#5321 = CARTESIAN_POINT ( 'NONE',  ( -9.116765600404749037, 15.20054778791569916, 41.30000000000000426 ) ) ;
#5322 = CARTESIAN_POINT ( 'NONE',  ( 24.53893548617800491, -26.82740379645976603, 0.5244487086120862562 ) ) ;
#5323 = CARTESIAN_POINT ( 'NONE',  ( 26.91763008816432290, -3.114604754940426989, 0.06698729810778483729 ) ) ;
#5324 = CARTESIAN_POINT ( 'NONE',  ( 10.91645983803849873, 14.62961564616669996, 41.30000000000000426 ) ) ;
#5325 = DIRECTION ( 'NONE',  ( 0.5301703764411299646, -0.8478911321297507575, 0.000000000000000000 ) ) ;
#5326 = DIRECTION ( 'NONE',  ( 1.000000000000000000, 1.192622389734054877E-16, 0.000000000000000000 ) ) ;
#5327 = AXIS2_PLACEMENT_3D ( 'NONE', #6068, #7211, #1640 ) ;
#5328 = B_SPLINE_CURVE_WITH_KNOTS ( 'NONE', 3,
 ( #3515, #7823, #5617, #3062, #136 ),
 .UNSPECIFIED., .F., .F.,
 ( 4, 1, 4 ),
 ( 0.000000000000000000, 0.01890507437174400104, 0.03336406562343360166 ),
 .UNSPECIFIED. ) ;
#5329 = CARTESIAN_POINT ( 'NONE',  ( -5.543350294531720124, 17.74580551231959902, 40.30000000000000426 ) ) ;
#5330 = CARTESIAN_POINT ( 'NONE',  ( 19.49999999999999289, 21.49999999999999645, 2.168404344971008868E-16 ) ) ;
#5331 = B_SPLINE_CURVE_WITH_KNOTS ( 'NONE', 3,
 ( #4786, #1909, #7443, #5479, #2598 ),
 .UNSPECIFIED., .F., .F.,
 ( 4, 1, 4 ),
 ( 0.000000000000000000, 0.03074975404565110162, 0.05339066706408800156 ),
 .UNSPECIFIED. ) ;
#5332 = DIRECTION ( 'NONE',  ( -0.4999999999999998890, 0.8660254037844387076, 0.000000000000000000 ) ) ;
#5333 = LINE ( 'NONE', #6592, #4464 ) ;
#5334 = ORIENTED_EDGE ( 'NONE', *, *, #27, .T. ) ;
#5335 = CARTESIAN_POINT ( 'NONE',  ( 23.49999999999999645, 21.49999999999999645, 0.5000000000000004441 ) ) ;
#5336 = VERTEX_POINT ( 'NONE', #2222 ) ;
#5337 = CARTESIAN_POINT ( 'NONE',  ( 25.20979759145899024, -24.39499026529380288, 22.62380282178692070 ) ) ;
#5338 = EDGE_LOOP ( 'NONE', ( #7045, #7121, #915, #4552, #4729, #5282, #6286, #5688, #6239, #5981, #5585, #5791, #7056, #6491, #4469, #1252, #7203, #452, #1207 ) ) ;
#5339 = ADVANCED_FACE ( 'NONE', ( #3379 ), #248, .F. ) ;
#5340 = CARTESIAN_POINT ( 'NONE',  ( -7.652994980072800324, 13.85476936622280064, 41.30000000000000426 ) ) ;
#5341 = CARTESIAN_POINT ( 'NONE',  ( 16.40166822571531213, 25.89588108239669495, 22.59999999999999787 ) ) ;
#5342 = CARTESIAN_POINT ( 'NONE',  ( 11.00788154311520017, 14.55888134272720080, 40.30000000000000426 ) ) ;
#5343 = CARTESIAN_POINT ( 'NONE',  ( 25.76244865992217115, 21.94278212833498642, 22.62202744423736789 ) ) ;
#5344 = EDGE_CURVE ( 'NONE', #1998, #4325, #5283, .T. ) ;
#5345 = CIRCLE ( 'NONE', #1363, 0.5000000000000004441 ) ;
#5346 = VERTEX_POINT ( 'NONE', #5171 ) ;
#5347 = DIRECTION ( 'NONE',  ( -0.02120241133421019858, -0.9997752036100989725, 0.000000000000000000 ) ) ;
#5348 = ORIENTED_EDGE ( 'NONE', *, *, #1039, .T. ) ;
#5349 = EDGE_CURVE ( 'NONE', #1969, #6595, #7468, .T. ) ;
#5350 = SURFACE_STYLE_USAGE ( .BOTH. , #3027 ) ;
#5351 = ORIENTED_EDGE ( 'NONE', *, *, #5596, .F. ) ;
#5352 = B_SPLINE_CURVE_WITH_KNOTS ( 'NONE', 3,
 ( #4623, #1548, #5291, #5849, #2839, #3421, #7235, #1706, #4788, #441, #5369, #2268, #4030, #7155, #1051, #2796, #7771, #4181, #4141, #6468, #937, #333 ),
 .UNSPECIFIED., .F., .F.,
 ( 4, 2, 2, 2, 2, 2, 2, 2, 2, 2, 4 ),
 ( 0.000000000000000000, 0.001998688591251326311, 0.003997377182502652622, 0.005996065773753979367, 0.006995410069379637968, 0.007994754365005296570, 0.008994098660630955172, 0.009993442956256612039, 0.01199213154750792924, 0.01399082013875924818, 0.01598950873001056538 ),
 .UNSPECIFIED. ) ;
#5353 = CARTESIAN_POINT ( 'NONE',  ( 9.879598326027370092, 12.54584693414930108, 41.30000000000000426 ) ) ;
#5354 = CARTESIAN_POINT ( 'NONE',  ( -28.01355700753590128, -21.64593589059849776, 7.679567878355160637 ) ) ;
#5355 = EDGE_LOOP ( 'NONE', ( #3448, #5555, #1594, #4240 ) ) ;
#5356 = LINE ( 'NONE', #7306, #4726 ) ;
#5357 = EDGE_LOOP ( 'NONE', ( #3878, #5716, #2555, #5595 ) ) ;
#5358 = VECTOR ( 'NONE', #3146, 1000.000000000000000 ) ;
#5359 = CARTESIAN_POINT ( 'NONE',  ( -19.73781374554285861, -27.88062157089496651, -5.421010862427522170E-15 ) ) ;
#5360 = CARTESIAN_POINT ( 'NONE',  ( -3.667523178702579933, 15.12333542548280008, 41.30000000000000426 ) ) ;
#5361 = CARTESIAN_POINT ( 'NONE',  ( 9.891103593255460069, 13.02115225395049869, 41.30000000000000426 ) ) ;
#5362 = DIRECTION ( 'NONE',  ( 0.000000000000000000, 0.000000000000000000, -1.000000000000000000 ) ) ;
#5363 = VECTOR ( 'NONE', #1389, 1000.000000000000000 ) ;
#5364 = CARTESIAN_POINT ( 'NONE',  ( -5.489334050348150029, 17.68508882254600323, 41.30000000000000426 ) ) ;
#5365 = CARTESIAN_POINT ( 'NONE',  ( 26.57256795001567795, -23.84327434081025388, 0.5218951215757005047 ) ) ;
#5366 = DIRECTION ( 'NONE',  ( 0.000000000000000000, 0.000000000000000000, -1.000000000000000000 ) ) ;
#5367 = CARTESIAN_POINT ( 'NONE',  ( 6.509935011486049916, 16.42116421461409814, 41.30000000000000426 ) ) ;
#5368 = CARTESIAN_POINT ( 'NONE',  ( -0.7786472314460989308, -19.73621228586849696, 41.30000000000000426 ) ) ;
#5369 = CARTESIAN_POINT ( 'NONE',  ( -26.20437928574279951, 24.51238901215880617, 2.168404344971004924E-16 ) ) ;
#5370 = VECTOR ( 'NONE', #3796, 1000.000000000000000 ) ;
#5371 = CARTESIAN_POINT ( 'NONE',  ( -18.40262674136375765, -28.39653501155466131, 0.5174497483512534579 ) ) ;
#5372 = CARTESIAN_POINT ( 'NONE',  ( -6.179594395282149932, 15.89601457708779719, 40.30000000000000426 ) ) ;
#5373 = EDGE_CURVE ( 'NONE', #5783, #1892, #1714, .T. ) ;
#5374 = CARTESIAN_POINT ( 'NONE',  ( -9.731170377294649398, 16.26552939047660118, 41.30000000000000426 ) ) ;
#5375 = CARTESIAN_POINT ( 'NONE',  ( -9.299931370397629848, 15.93725422444850004, 40.30000000000000426 ) ) ;
#5376 = VERTEX_POINT ( 'NONE', #1615 ) ;
#5377 = FACE_BOUND ( 'NONE', #5650, .T. ) ;
#5378 = ORIENTED_EDGE ( 'NONE', *, *, #7271, .T. ) ;
#5379 = ORIENTED_EDGE ( 'NONE', *, *, #7990, .F. ) ;
#5380 = VECTOR ( 'NONE', #2681, 1000.000000000000000 ) ;
#5381 = DIRECTION ( 'NONE',  ( -1.000000000000000000, 0.000000000000000000, 0.000000000000000000 ) ) ;
#5382 = CARTESIAN_POINT ( 'NONE',  ( -19.50000000000000000, -21.49999999999999645, 2.168404344971008868E-16 ) ) ;
#5383 = ADVANCED_FACE ( 'NONE', ( #4541 ), #7720, .T. ) ;
#5384 = FACE_OUTER_BOUND ( 'NONE', #3067, .T. ) ;
#5385 = CARTESIAN_POINT ( 'NONE',  ( -25.81261480543653519, -26.78613077961234623, 0.5244754867539617171 ) ) ;
#5386 = LINE ( 'NONE', #5266, #7275 ) ;
#5387 = ORIENTED_EDGE ( 'NONE', *, *, #6697, .F. ) ;
#5388 = EDGE_CURVE ( 'NONE', #6357, #7817, #4655, .T. ) ;
#5389 = ORIENTED_EDGE ( 'NONE', *, *, #191, .F. ) ;
#5390 = AXIS2_PLACEMENT_3D ( 'NONE', #760, #3245, #1249 ) ;
#5391 = CARTESIAN_POINT ( 'NONE',  ( -27.94491566633824675, 22.05187873816232269, 0.5211017855786621578 ) ) ;
#5392 = LINE ( 'NONE', #7178, #920 ) ;
#5393 = CARTESIAN_POINT ( 'NONE',  ( -9.650064367965448753, 15.60762795477450027, 41.30000000000000426 ) ) ;
#5394 = VECTOR ( 'NONE', #5841, 1000.000000000000114 ) ;
#5395 = VERTEX_POINT ( 'NONE', #7022 ) ;
#5396 = CARTESIAN_POINT ( 'NONE',  ( 25.70700721745966177, 23.37986183408273178, 0.000000000000000000 ) ) ;
#5397 = ORIENTED_EDGE ( 'NONE', *, *, #2432, .F. ) ;
#5398 = FACE_OUTER_BOUND ( 'NONE', #5702, .T. ) ;
#5399 = DIRECTION ( 'NONE',  ( 0.000000000000000000, 0.000000000000000000, -1.000000000000000000 ) ) ;
#5400 = AXIS2_PLACEMENT_3D ( 'NONE', #4208, #4969, #6079 ) ;
#5401 = B_SPLINE_CURVE_WITH_KNOTS ( 'NONE', 3,
 ( #530, #2273, #7240, #4269, #6712 ),
 .UNSPECIFIED., .F., .F.,
 ( 4, 1, 4 ),
 ( 0.000000000000000000, 0.04125262998132869785, 0.07205930488360980102 ),
 .UNSPECIFIED. ) ;
#5402 = CYLINDRICAL_SURFACE ( 'NONE', #5005, 10.50000000000000000 ) ;
#5403 = CARTESIAN_POINT ( 'NONE',  ( 25.76571042644577503, -23.17735639552441285, 22.62205171396303882 ) ) ;
#5404 = CARTESIAN_POINT ( 'NONE',  ( 3.873040513426750042, 6.984175074161290020, 41.30000000000000426 ) ) ;
#5405 = CARTESIAN_POINT ( 'NONE',  ( 25.34782462822184357, -26.06001386400476960, 0.5246049325843411548 ) ) ;
#5406 = CARTESIAN_POINT ( 'NONE',  ( 19.11356397399059048, 26.28945187060941890, 22.61902071957652183 ) ) ;
#5407 = AXIS2_PLACEMENT_3D ( 'NONE', #6763, #1236, #98 ) ;
#5408 = CARTESIAN_POINT ( 'NONE',  ( -10.04860104254010089, 14.17588281531429928, 40.30000000000000426 ) ) ;
#5409 = PLANE ( 'NONE',  #1759 ) ;
#5410 = CARTESIAN_POINT ( 'NONE',  ( -26.93394128726579595, 24.41013429866415763, 2.016438256293299797E-13 ) ) ;
#5411 = CARTESIAN_POINT ( 'NONE',  ( 19.87414129310660016, -27.47097591027479879, 23.21706716625849864 ) ) ;
#5412 = CARTESIAN_POINT ( 'NONE',  ( 3.053102797726499951, 18.53654167475470160, 40.30000000000000426 ) ) ;
#5413 = FACE_OUTER_BOUND ( 'NONE', #6085, .T. ) ;
#5414 = CARTESIAN_POINT ( 'NONE',  ( -21.73020786419850126, -27.72205464220419557, 6.740754805355327237E-31 ) ) ;
#5415 = CARTESIAN_POINT ( 'NONE',  ( 9.872559396403879362, 12.43467658368009943, 41.30000000000000426 ) ) ;
#5416 = FACE_OUTER_BOUND ( 'NONE', #7257, .T. ) ;
#5417 = FACE_OUTER_BOUND ( 'NONE', #5357, .T. ) ;
#5418 = EDGE_LOOP ( 'NONE', ( #5435, #5114, #5779, #4049 ) ) ;
#5419 = DIRECTION ( 'NONE',  ( 1.000000000000000000, 0.000000000000000000, 0.000000000000000000 ) ) ;
#5420 = CARTESIAN_POINT ( 'NONE',  ( 4.005877810691170104, 17.79570029065829928, 40.30000000000000426 ) ) ;
#5421 = CARTESIAN_POINT ( 'NONE',  ( 10.21383331014000007, 13.71035400205569843, 41.30000000000000426 ) ) ;
#5422 = CARTESIAN_POINT ( 'NONE',  ( -9.246960617351630773, 14.53064746097110138, 41.30000000000000426 ) ) ;
#5423 = CARTESIAN_POINT ( 'NONE',  ( -28.39652412777421731, -19.10065843105881100, 0.5177467786459443166 ) ) ;
#5424 = DIRECTION ( 'NONE',  ( 0.000000000000000000, 0.000000000000000000, -1.000000000000000000 ) ) ;
#5425 = CIRCLE ( 'NONE', #1960, 0.5000000000000000000 ) ;
#5426 = CARTESIAN_POINT ( 'NONE',  ( -20.29571114937535370, -27.02104457857177167, 23.09999999999999432 ) ) ;
#5427 = VERTEX_POINT ( 'NONE', #325 ) ;
#5428 = FACE_OUTER_BOUND ( 'NONE', #2911, .T. ) ;
#5429 = DIRECTION ( 'NONE',  ( 1.000000000000000000, 1.219727444046192488E-16, 0.000000000000000000 ) ) ;
#5430 = DIRECTION ( 'NONE',  ( -0.1287323112736019626, 0.9916793796556205853, 0.000000000000000000 ) ) ;
#5431 = ORIENTED_EDGE ( 'NONE', *, *, #948, .T. ) ;
#5432 = CARTESIAN_POINT ( 'NONE',  ( -9.561932364724301081, 15.29105642752720051, 41.30000000000000426 ) ) ;
#5433 = CARTESIAN_POINT ( 'NONE',  ( 24.39553475725076837, 25.68380483570618722, 0.5242893386360698571 ) ) ;
#5434 = ORIENTED_EDGE ( 'NONE', *, *, #6279, .T. ) ;
#5435 = ORIENTED_EDGE ( 'NONE', *, *, #6342, .F. ) ;
#5436 = CARTESIAN_POINT ( 'NONE',  ( -5.733329487999350604, 17.16037439629429784, 41.30000000000000426 ) ) ;
#5437 = CARTESIAN_POINT ( 'NONE',  ( -18.29803349540713242, 25.89588108239667719, 23.10000000000000142 ) ) ;
#5438 = DIRECTION ( 'NONE',  ( -1.000000000000000000, 0.000000000000000000, 0.000000000000000000 ) ) ;
#5439 = LINE ( 'NONE', #7188, #3548 ) ;
#5440 = LINE ( 'NONE', #7914, #217 ) ;
#5441 = CARTESIAN_POINT ( 'NONE',  ( 16.40166822571531924, 25.89588108239666298, 23.09999999999999787 ) ) ;
#5442 = CARTESIAN_POINT ( 'NONE',  ( 6.464664500482589560, 6.361181949368460486, 41.30000000000000426 ) ) ;
#5443 = LINE ( 'NONE', #2348, #7308 ) ;
#5444 = EDGE_CURVE ( 'NONE', #3246, #4767, #4692, .T. ) ;
#5445 = CARTESIAN_POINT ( 'NONE',  ( -27.72205344054860987, 20.50099737190710059, 6.505213034913026604E-16 ) ) ;
#5446 = CARTESIAN_POINT ( 'NONE',  ( 26.98575836771859926, -22.96747417965409710, -0.05494662783164769998 ) ) ;
#5447 = CARTESIAN_POINT ( 'NONE',  ( 10.32551870358700086, 12.95779116954750165, 41.30000000000000426 ) ) ;
#5448 = CARTESIAN_POINT ( 'NONE',  ( -28.15051641483409739, 16.92739863476230155, 7.562500596349470250 ) ) ;
#5449 = CARTESIAN_POINT ( 'NONE',  ( -6.723063907038290488, 17.46881961280319828, 41.30000000000000426 ) ) ;
#5450 = DIRECTION ( 'NONE',  ( -0.7071067811865470176, 0.7066760308408351898, 0.02467767077833558226 ) ) ;
#5451 = VERTEX_POINT ( 'NONE', #6457 ) ;
#5452 = FACE_BOUND ( 'NONE', #3056, .T. ) ;
#5453 = CARTESIAN_POINT ( 'NONE',  ( 11.43479872537440123, 14.72321654819459980, 40.30000000000000426 ) ) ;
#5454 = EDGE_LOOP ( 'NONE', ( #4731, #4211, #5632, #3697, #7327, #5956, #4595, #5224 ) ) ;
#5455 = ADVANCED_FACE ( 'NONE', ( #1496 ), #4098, .F. ) ;
#5456 = ADVANCED_FACE ( 'NONE', ( #7106 ), #3413, .T. ) ;
#5457 = VECTOR ( 'NONE', #583, 1000.000000000000000 ) ;
#5458 = CARTESIAN_POINT ( 'NONE',  ( 27.04749236567274195, 19.96384217704887476, 0.5190992915701698740 ) ) ;
#5459 = CARTESIAN_POINT ( 'NONE',  ( 25.55362129576510100, 22.85855783252379680, 23.29725473172319994 ) ) ;
#5460 = DIRECTION ( 'NONE',  ( 1.000000000000000000, 1.219727444046192488E-16, 0.000000000000000000 ) ) ;
#5461 = CARTESIAN_POINT ( 'NONE',  ( -9.650064367965448753, 15.60762795477450027, 41.30000000000000426 ) ) ;
#5462 = DIRECTION ( 'NONE',  ( 0.07109138264745049063, 0.9974698067176137606, 0.000000000000000000 ) ) ;
#5463 = VERTEX_POINT ( 'NONE', #6420 ) ;
#5464 = CARTESIAN_POINT ( 'NONE',  ( -27.33910672530413066, 23.69328328505960002, 0.5234538563536669242 ) ) ;
#5465 = CARTESIAN_POINT ( 'NONE',  ( 11.13136505507829987, 14.95174774934160133, 41.30000000000000426 ) ) ;
#5466 = LINE ( 'NONE', #3643, #6069 ) ;
#5467 = ORIENTED_EDGE ( 'NONE', *, *, #49, .T. ) ;
#5468 = FACE_OUTER_BOUND ( 'NONE', #6572, .T. ) ;
#5469 = EDGE_CURVE ( 'NONE', #2084, #2498, #7066, .T. ) ;
#5470 = FACE_OUTER_BOUND ( 'NONE', #6081, .T. ) ;
#5471 = ORIENTED_EDGE ( 'NONE', *, *, #1602, .T. ) ;
#5472 = ADVANCED_FACE ( 'NONE', ( #888 ), #5882, .T. ) ;
#5473 = AXIS2_PLACEMENT_3D ( 'NONE', #2016, #4532, #917 ) ;
#5474 = CARTESIAN_POINT ( 'NONE',  ( 11.10732039076779998, 13.11281471274849864, 40.30000000000000426 ) ) ;
#5475 = ADVANCED_FACE ( 'NONE', ( #6538 ), #2753, .F. ) ;
#5476 = FACE_OUTER_BOUND ( 'NONE', #3276, .T. ) ;
#5477 = CARTESIAN_POINT ( 'NONE',  ( 19.83508727196983656, -27.79409682432130779, -5.529431079676072613E-15 ) ) ;
#5478 = CARTESIAN_POINT ( 'NONE',  ( 21.84231464274419920, 25.80081632356873911, 22.62189512814391179 ) ) ;
#5479 = CARTESIAN_POINT ( 'NONE',  ( -6.453184937920749320, 17.97332015037380160, 40.30000000000000426 ) ) ;
#5480 = LINE ( 'NONE', #5368, #7441 ) ;
#5481 = CARTESIAN_POINT ( 'NONE',  ( 3.249678716339170048, 18.46561809868619974, 41.30000000000000426 ) ) ;
#5482 = CARTESIAN_POINT ( 'NONE',  ( 27.19095916544889846, -19.77312946552549988, -0.1593298335138509936 ) ) ;
#5483 = CARTESIAN_POINT ( 'NONE',  ( 23.75321635293597922, -26.03695593866200397, 23.09999999999827125 ) ) ;
#5484 = VECTOR ( 'NONE', #5643, 1000.000000000000000 ) ;
#5485 = EDGE_CURVE ( 'NONE', #3399, #5777, #5999, .T. ) ;
#5486 = CARTESIAN_POINT ( 'NONE',  ( 2.847589108164529481, 18.57517701831429946, 40.30000000000000426 ) ) ;
#5487 = CARTESIAN_POINT ( 'NONE',  ( -27.79409669549825423, -21.06429699898647101, -2.602085213965213403E-15 ) ) ;
#5488 = CARTESIAN_POINT ( 'NONE',  ( -27.87922569725760269, 16.65610791718579975, 15.33125029817470164 ) ) ;
#5489 = CARTESIAN_POINT ( 'NONE',  ( -6.359640276280909887, 17.57045269755629846, 40.30000000000000426 ) ) ;
#5490 = CARTESIAN_POINT ( 'NONE',  ( -9.789225526048308978, 14.22255285263720026, 40.30000000000000426 ) ) ;
#5491 = AXIS2_PLACEMENT_3D ( 'NONE', #1130, #4186, #371 ) ;
#5492 = EDGE_LOOP ( 'NONE', ( #2798, #3679, #3998, #1932 ) ) ;
#5493 = CARTESIAN_POINT ( 'NONE',  ( -10.24421229017490020, 14.06758242428240102, 40.30000000000000426 ) ) ;
#5494 = EDGE_CURVE ( 'NONE', #588, #2545, #7801, .T. ) ;
#5495 = FACE_OUTER_BOUND ( 'NONE', #354, .T. ) ;
#5496 = ORIENTED_EDGE ( 'NONE', *, *, #1558, .T. ) ;
#5497 = ORIENTED_EDGE ( 'NONE', *, *, #7, .F. ) ;
#5498 = B_SPLINE_CURVE_WITH_KNOTS ( 'NONE', 3,
 ( #4099, #3572, #2998, #1654, #6002 ),
 .UNSPECIFIED., .F., .F.,
 ( 4, 1, 4 ),
 ( 0.000000000000000000, 0.04278348836133749611, 0.07672327933106169728 ),
 .UNSPECIFIED. ) ;
#5499 = CARTESIAN_POINT ( 'NONE',  ( 25.35649996471234857, 24.83914398077802232, 0.5246649213702183623 ) ) ;
#5500 = CARTESIAN_POINT ( 'NONE',  ( -9.648418924712981237, 16.23093750626999920, 40.30000000000000426 ) ) ;
#5501 = CARTESIAN_POINT ( 'NONE',  ( -27.76563160623282656, -23.93670058094920705, 0.5220177187001188157 ) ) ;
#5502 = CARTESIAN_POINT ( 'NONE',  ( -8.956237054685368904, 14.46376407151149834, 40.30000000000000426 ) ) ;
#5503 = EDGE_CURVE ( 'NONE', #279, #465, #5316, .T. ) ;
#5504 = LINE ( 'NONE', #7983, #3238 ) ;
#5505 = B_SPLINE_CURVE_WITH_KNOTS ( 'NONE', 3,
 ( #6325, #6404, #873, #3970, #4718 ),
 .UNSPECIFIED., .F., .F.,
 ( 4, 1, 4 ),
 ( 0.000000000000000000, 0.01840137058614699922, 0.03300121882020300157 ),
 .UNSPECIFIED. ) ;
#5506 = ORIENTED_EDGE ( 'NONE', *, *, #7677, .F. ) ;
#5507 = CARTESIAN_POINT ( 'NONE',  ( 21.49999999999999645, 21.49999999999999645, 10.00000000000000000 ) ) ;
#5508 = CARTESIAN_POINT ( 'NONE',  ( 11.74654551350250031, 13.86191904050050105, 40.30000000000000426 ) ) ;
#5509 = EDGE_CURVE ( 'NONE', #6529, #2634, #553, .T. ) ;
#5510 = CARTESIAN_POINT ( 'NONE',  ( -22.15360227892220024, -27.40109764363100098, 23.25130255311600180 ) ) ;
#5511 = EDGE_CURVE ( 'NONE', #5783, #2852, #7225, .T. ) ;
#5512 = EDGE_LOOP ( 'NONE', ( #2731, #7038, #961, #1064, #3490, #7984, #1679, #3240 ) ) ;
#5513 = CARTESIAN_POINT ( 'NONE',  ( -5.916979979357109620, 17.97328504378209857, 41.30000000000000426 ) ) ;
#5514 = CARTESIAN_POINT ( 'NONE',  ( 6.770203740371770529, 13.62201054562179969, 41.30000000000000426 ) ) ;
#5515 = VERTEX_POINT ( 'NONE', #432 ) ;
#5516 = ORIENTED_EDGE ( 'NONE', *, *, #1619, .F. ) ;
#5517 = VECTOR ( 'NONE', #929, 1000.000000000000227 ) ;
#5518 = CARTESIAN_POINT ( 'NONE',  ( -23.83732323826659893, 24.93525870584497994, 23.10000000000001918 ) ) ;
#5519 = LINE ( 'NONE', #435, #5028 ) ;
#5520 = DIRECTION ( 'NONE',  ( 0.000000000000000000, 0.9993908270190956511, 0.03489949670250108715 ) ) ;
#5521 = CARTESIAN_POINT ( 'NONE',  ( 22.83955380108961108, 25.37921494055851923, 22.62333762628114187 ) ) ;
#5522 = EDGE_LOOP ( 'NONE', ( #2553, #4522, #7528, #1020 ) ) ;
#5523 = DIRECTION ( 'NONE',  ( -2.775557561562889379E-16, -0.03489949670250108715, 0.9993908270190956511 ) ) ;
#5524 = VECTOR ( 'NONE', #5819, 1000.000000000000114 ) ;
#5525 = CARTESIAN_POINT ( 'NONE',  ( 6.908245436722370236, 16.59252888148069971, 40.30000000000000426 ) ) ;
#5526 = CARTESIAN_POINT ( 'NONE',  ( 23.76718648040977655, -26.05565479069253954, 22.62444870861116186 ) ) ;
#5527 = CIRCLE ( 'NONE', #768, 0.5000000000000004441 ) ;
#5528 =( NAMED_UNIT ( * ) PLANE_ANGLE_UNIT ( ) SI_UNIT ( $, .RADIAN. ) );
#5529 = LINE ( 'NONE', #2490, #6787 ) ;
#5530 = CARTESIAN_POINT ( 'NONE',  ( -18.30696397420550170, -27.60765356870033926, 23.10000000000579590 ) ) ;
#5531 = CARTESIAN_POINT ( 'NONE',  ( -25.78799157206993087, -26.82730134461965932, 1.362229638632571550E-13 ) ) ;
#5532 = DIRECTION ( 'NONE',  ( -0.8478911321297508685, -0.5301703764411300757, 0.000000000000000000 ) ) ;
#5533 = ORIENTED_EDGE ( 'NONE', *, *, #1167, .F. ) ;
#5534 = CARTESIAN_POINT ( 'NONE',  ( -10.06819412046579920, 14.65068935414949891, 41.30000000000000426 ) ) ;
#5535 = CARTESIAN_POINT ( 'NONE',  ( 9.529878309948269788, 13.71666961248990013, 41.30000000000000426 ) ) ;
#5536 = EDGE_CURVE ( 'NONE', #6847, #6528, #6130, .T. ) ;
#5537 = VERTEX_POINT ( 'NONE', #5360 ) ;
#5538 = CARTESIAN_POINT ( 'NONE',  ( 0.9111075008625759697, 15.37287731696949855, 40.30000000000000426 ) ) ;
#5539 = DIRECTION ( 'NONE',  ( 1.224646799147353207E-16, 1.000000000000000000, -0.000000000000000000 ) ) ;
#5540 = CARTESIAN_POINT ( 'NONE',  ( 0.9111075008625759697, 15.37287731696949855, 41.30000000000000426 ) ) ;
#5541 = CARTESIAN_POINT ( 'NONE',  ( 24.98905437196074431, 24.50084918334967199, -3.252606517456510344E-16 ) ) ;
#5542 = ORIENTED_EDGE ( 'NONE', *, *, #1688, .F. ) ;
#5543 = VERTEX_POINT ( 'NONE', #3649 ) ;
#5544 = DIRECTION ( 'NONE',  ( -1.000000000000000000, 0.000000000000000000, 0.000000000000000000 ) ) ;
#5545 = EDGE_CURVE ( 'NONE', #7796, #3832, #4734, .T. ) ;
#5546 = CARTESIAN_POINT ( 'NONE',  ( 11.56418602371990012, 13.44251381513900157, 41.30000000000000426 ) ) ;
#5547 = TOROIDAL_SURFACE ( 'NONE', #6978, 24.48284438740353508, 0.5000000000000000000 ) ;
#5548 = ORIENTED_EDGE ( 'NONE', *, *, #1790, .F. ) ;
#5549 = CARTESIAN_POINT ( 'NONE',  ( 19.99999999999999289, 21.49999999999999645, 10.00000000000000000 ) ) ;
#5550 = B_SPLINE_CURVE_WITH_KNOTS ( 'NONE', 3,
 ( #953, #6445, #1401, #3404, #312, #6485, #3438, #5866, #6931, #3557, #1604, #6678, #4799, #5343, #6635, #7250, #4719, #1147, #4760, #7127 ),
 .UNSPECIFIED., .F., .F.,
 ( 4, 2, 2, 2, 2, 2, 2, 2, 2, 4 ),
 ( -6.000000000465647886E-08, 0.002095882020813658823, 0.004191824041627322493, 0.006287766062440986597, 0.008383708083254649834, 0.009431679093661483188, 0.01047965010406831481, 0.01257559212488198672, 0.01467153414569566036, 0.01676747616650933748 ),
 .UNSPECIFIED. ) ;
#5551 = VECTOR ( 'NONE', #2703, 1000.000000000000000 ) ;
#5552 = FACE_OUTER_BOUND ( 'NONE', #4323, .T. ) ;
#5553 = EDGE_CURVE ( 'NONE', #2356, #374, #627, .T. ) ;
#5554 = FACE_OUTER_BOUND ( 'NONE', #4691, .T. ) ;
#5555 = ORIENTED_EDGE ( 'NONE', *, *, #1687, .T. ) ;
#5556 = AXIS2_PLACEMENT_3D ( 'NONE', #6987, #2602, #6871 ) ;
#5557 = EDGE_LOOP ( 'NONE', ( #2784, #1344, #1938, #6775, #2131, #7567, #1979, #7612 ) ) ;
#5558 = PLANE ( 'NONE',  #2841 ) ;
#5559 = LINE ( 'NONE', #3904, #6723 ) ;
#5560 = CARTESIAN_POINT ( 'NONE',  ( -21.50000000000000000, 21.50000000000000355, 0.000000000000000000 ) ) ;
#5561 = APPLICATION_CONTEXT ( 'automotive_design' ) ;
#5562 = DIRECTION ( 'NONE',  ( 0.000000000000000000, 0.000000000000000000, 1.000000000000000000 ) ) ;
#5563 = ORIENTED_EDGE ( 'NONE', *, *, #1219, .T. ) ;
#5564 = CARTESIAN_POINT ( 'NONE',  ( 11.58286141436360062, 14.53285187076180129, 41.30000000000000426 ) ) ;
#5565 = ADVANCED_FACE ( 'NONE', ( #7838 ), #4132, .F. ) ;
#5566 = CARTESIAN_POINT ( 'NONE',  ( -27.40214491438435118, 23.62213852300966721, 2.185316239383974561E-14 ) ) ;
#5567 = CARTESIAN_POINT ( 'NONE',  ( -21.50000000000000000, -21.49999999999999645, 0.000000000000000000 ) ) ;
#5568 = DIRECTION ( 'NONE',  ( -4.683753385137378169E-16, -0.03489949670250088593, 0.9993908270190956511 ) ) ;
#5569 = EDGE_CURVE ( 'NONE', #5301, #4450, #4294, .T. ) ;
#5570 = CARTESIAN_POINT ( 'NONE',  ( -11.52621681654709995, 15.10465349616539932, 41.30000000000000426 ) ) ;
#5571 = CARTESIAN_POINT ( 'NONE',  ( -27.80012388073823004, -23.83112017531215088, 0.5218732123439046022 ) ) ;
#5572 = ORIENTED_EDGE ( 'NONE', *, *, #1558, .F. ) ;
#5573 = CYLINDRICAL_SURFACE ( 'NONE', #6294, 0.5000000000000004441 ) ;
#5574 = CARTESIAN_POINT ( 'NONE',  ( -26.54971716679883897, 21.69563286540494218, 23.10000000000000142 ) ) ;
#5575 =( BOUNDED_CURVE ( )  B_SPLINE_CURVE ( 3, ( #4918, #498, #7378, #3715 ),
 .UNSPECIFIED., .F., .F. ) 
 B_SPLINE_CURVE_WITH_KNOTS ( ( 4, 4 ),
 ( 4.712388980384712767, 5.497787143782154828 ),
 .UNSPECIFIED. ) 
 CURVE ( )  GEOMETRIC_REPRESENTATION_ITEM ( )  RATIONAL_B_SPLINE_CURVE ( ( 1.000000000000000000, 0.9492530216741918991, 0.9492530216741918991, 1.000000000000000000 ) ) 
 REPRESENTATION_ITEM ( '' )  );
#5576 = ORIENTED_EDGE ( 'NONE', *, *, #1687, .F. ) ;
#5577 = DIRECTION ( 'NONE',  ( 0.000000000000000000, -0.03489949670250350189, 0.9993908270190956511 ) ) ;
#5578 = LINE ( 'NONE', #7380, #3762 ) ;
#5579 = CARTESIAN_POINT ( 'NONE',  ( -18.42789886221969908, 27.19259762252979939, -0.2062491054757909781 ) ) ;
#5580 = TOROIDAL_SURFACE ( 'NONE', #2114, 2.000000000000000888, 0.5000000000000000000 ) ;
#5581 = CARTESIAN_POINT ( 'NONE',  ( 2.906749826774519985, 15.55739999116939920, 41.30000000000000426 ) ) ;
#5582 = LINE ( 'NONE', #664, #4965 ) ;
#5583 = ORIENTED_EDGE ( 'NONE', *, *, #7571, .T. ) ;
#5584 = CARTESIAN_POINT ( 'NONE',  ( 11.64616093039719935, 14.45146747855840097, 40.30000000000000426 ) ) ;
#5585 = ORIENTED_EDGE ( 'NONE', *, *, #4117, .T. ) ;
#5586 = CARTESIAN_POINT ( 'NONE',  ( 1.441281537410179947, 15.69541414713999927, 40.30000000000000426 ) ) ;
#5587 = CARTESIAN_POINT ( 'NONE',  ( -5.401715267416590471, 16.39483041423849841, 41.30000000000000426 ) ) ;
#5588 = VECTOR ( 'NONE', #3843, 1000.000000000000114 ) ;
#5589 = DIRECTION ( 'NONE',  ( -1.000000000000000000, -6.938893903907222067E-15, 0.000000000000000000 ) ) ;
#5590 = CARTESIAN_POINT ( 'NONE',  ( 11.68593441874289951, 14.37490637069579869, 41.30000000000000426 ) ) ;
#5591 = ADVANCED_FACE ( 'NONE', ( #3035, #1818, #1205, #4777, #5963, #7350, #1697, #1042, #3570, #7876 ), #7910, .T. ) ;
#5592 = ORIENTED_EDGE ( 'NONE', *, *, #3114, .T. ) ;
#5593 = CARTESIAN_POINT ( 'NONE',  ( -5.600148718691980498, 17.79774077031040136, 40.30000000000000426 ) ) ;
#5594 = CARTESIAN_POINT ( 'NONE',  ( -9.082253424250101403, 15.54768132905119948, 40.30000000000000426 ) ) ;
#5595 = ORIENTED_EDGE ( 'NONE', *, *, #78, .F. ) ;
#5596 = EDGE_CURVE ( 'NONE', #7892, #1846, #3748, .T. ) ;
#5597 = CARTESIAN_POINT ( 'NONE',  ( 3.224129114692329878, 18.01373973556029640, 40.30000000000000426 ) ) ;
#5598 = EDGE_LOOP ( 'NONE', ( #1250, #5186, #106, #639 ) ) ;
#5599 = CARTESIAN_POINT ( 'NONE',  ( 11.33235166125330018, 13.17636322548860051, 41.30000000000000426 ) ) ;
#5600 = DIRECTION ( 'NONE',  ( -0.8034859426560705398, 0.5953237270209257304, 0.000000000000000000 ) ) ;
#5601 = LINE ( 'NONE', #2440, #5602 ) ;
#5602 = VECTOR ( 'NONE', #73, 1000.000000000000000 ) ;
#5603 = EDGE_CURVE ( 'NONE', #1609, #1240, #835, .T. ) ;
#5604 = DIRECTION ( 'NONE',  ( -0.9456324196049398223, -0.3252373394801199580, 0.000000000000000000 ) ) ;
#5605 = CARTESIAN_POINT ( 'NONE',  ( 11.27778356099960000, 14.16282031780589890, 40.30000000000000426 ) ) ;
#5606 = CARTESIAN_POINT ( 'NONE',  ( 3.148607570682200318, 18.04869081903849803, 41.30000000000000426 ) ) ;
#5607 = AXIS2_PLACEMENT_3D ( 'NONE', #676, #3688, #6127 ) ;
#5608 = CARTESIAN_POINT ( 'NONE',  ( -27.62478600578701915, -17.63087773559611193, 22.61744974835125532 ) ) ;
#5609 = CARTESIAN_POINT ( 'NONE',  ( -28.21980355104671290, -21.79255462166655732, 0.5195575165890300440 ) ) ;
#5610 = ORIENTED_EDGE ( 'NONE', *, *, #4617, .T. ) ;
#5611 = CARTESIAN_POINT ( 'NONE',  ( 9.571220128144949157, 13.68606921227249984, 41.30000000000000426 ) ) ;
#5612 = ORIENTED_EDGE ( 'NONE', *, *, #5317, .F. ) ;
#5613 = VECTOR ( 'NONE', #2310, 1000.000000000000114 ) ;
#5614 = CIRCLE ( 'NONE', #6269, 2.000000000000001776 ) ;
#5615 = CARTESIAN_POINT ( 'NONE',  ( -4.610180487662545623, 32.55637502646824544, 0.1448278875422512879 ) ) ;
#5616 = B_SPLINE_CURVE_WITH_KNOTS ( 'NONE', 3,
 ( #5084, #3407, #7055, #6370, #4011 ),
 .UNSPECIFIED., .F., .F.,
 ( 4, 1, 4 ),
 ( 0.000000000000000000, 0.02658188604401039851, 0.05652189259859519838 ),
 .UNSPECIFIED. ) ;
#5617 = CARTESIAN_POINT ( 'NONE',  ( 9.884514124881929931, 13.19607859311970088, 41.30000000000000426 ) ) ;
#5618 = CIRCLE ( 'NONE', #3195, 2.000000000000001776 ) ;
#5619 = FACE_OUTER_BOUND ( 'NONE', #3324, .T. ) ;
#5620 = CARTESIAN_POINT ( 'NONE',  ( 25.70700722080573897, 23.37986183507663540, -6.505213034913027590E-16 ) ) ;
#5621 = ORIENTED_EDGE ( 'NONE', *, *, #4305, .T. ) ;
#5622 = CARTESIAN_POINT ( 'NONE',  ( 26.37708701273090028, 17.73004780292669835, 23.14691927163010376 ) ) ;
#5623 = ORIENTED_EDGE ( 'NONE', *, *, #4199, .T. ) ;
#5624 = DIRECTION ( 'NONE',  ( 0.000000000000000000, 0.000000000000000000, -1.000000000000000000 ) ) ;
#5625 = ORIENTED_EDGE ( 'NONE', *, *, #1946, .F. ) ;
#5626 = CARTESIAN_POINT ( 'NONE',  ( -9.082253424250101403, 15.54768132905119948, 41.30000000000000426 ) ) ;
#5627 = PLANE ( 'NONE',  #397 ) ;
#5628 = ORIENTED_EDGE ( 'NONE', *, *, #6720, .T. ) ;
#5629 = CARTESIAN_POINT ( 'NONE',  ( -5.758715584374089147, 16.65427505637470063, 40.30000000000000426 ) ) ;
#5630 = VERTEX_POINT ( 'NONE', #4254 ) ;
#5631 = ORIENTED_EDGE ( 'NONE', *, *, #467, .T. ) ;
#5632 = ORIENTED_EDGE ( 'NONE', *, *, #4517, .F. ) ;
#5633 = DIRECTION ( 'NONE',  ( 0.000000000000000000, -1.000000000000000000, 0.000000000000000000 ) ) ;
#5634 = CARTESIAN_POINT ( 'NONE',  ( 21.49999999999999645, -21.50000000000000000, 0.5000000000000004441 ) ) ;
#5635 = AXIS2_PLACEMENT_3D ( 'NONE', #3384, #5213, #6386 ) ;
#5636 = EDGE_LOOP ( 'NONE', ( #4409, #7498, #5881, #6915 ) ) ;
#5637 = CARTESIAN_POINT ( 'NONE',  ( 11.24183388556400054, 14.86854810147270101, 41.30000000000000426 ) ) ;
#5638 = CARTESIAN_POINT ( 'NONE',  ( -19.75536813064379871, 27.16997143556486449, -5.097078347922186302E-13 ) ) ;
#5639 = CARTESIAN_POINT ( 'NONE',  ( 3.809201748730219883, 15.82325346959809842, 41.30000000000000426 ) ) ;
#5640 = COLOUR_RGB ( '',0.7921568627450980005, 0.8196078431372548767, 0.9333333333333333481 ) ;
#5641 = CARTESIAN_POINT ( 'NONE',  ( 21.49999999999999645, -21.50000000000000000, 10.00000000000000000 ) ) ;
#5642 = B_SPLINE_CURVE_WITH_KNOTS ( 'NONE', 3,
 ( #5130, #7594, #2711, #2135, #4534, #6977, #1447, #837, #2101, #6685, #6028, #1153, #2296, #1034, #7901, #3522, #5464, #4766, #5391, #5955, #998, #2371, #7298, #424, #6606, #3639 ),
 .UNSPECIFIED., .F., .F.,
 ( 4, 2, 2, 2, 2, 2, 2, 2, 2, 2, 2, 2, 4 ),
 ( -5.999999999904859135E-08, 0.002094035131258639108, 0.003141082696887958266, 0.004188130262517278726, 0.006282225393775915309, 0.007329272959405241407, 0.008376320525034565770, 0.009423368090663889265, 0.01047041565629321623, 0.01256451078755186843, 0.01465860591881051889, 0.01570565348443984932, 0.01675270105006917976 ),
 .UNSPECIFIED. ) ;
#5643 = DIRECTION ( 'NONE',  ( 0.000000000000000000, 0.000000000000000000, -1.000000000000000000 ) ) ;
#5644 = DIRECTION ( 'NONE',  ( 0.8478911321297500914, 0.5301703764411311859, 0.000000000000000000 ) ) ;
#5645 = VECTOR ( 'NONE', #586, 1000.000000000000000 ) ;
#5646 = CARTESIAN_POINT ( 'NONE',  ( -27.24399357454826998, -25.16431583451096188, 2.692979927701682911E-13 ) ) ;
#5647 = ORIENTED_EDGE ( 'NONE', *, *, #418, .F. ) ;
#5648 = CARTESIAN_POINT ( 'NONE',  ( -7.003667864041189794, 14.10785803714719933, 40.30000000000000426 ) ) ;
#5649 = CARTESIAN_POINT ( 'NONE',  ( 9.702203740959820522, 13.57420319284799959, 40.30000000000000426 ) ) ;
#5650 = EDGE_LOOP ( 'NONE', ( #5267, #2121 ) ) ;
#5651 = ORIENTED_EDGE ( 'NONE', *, *, #2028, .F. ) ;
#5652 = CIRCLE ( 'NONE', #3499, 0.5000000000000004441 ) ;
#5653 = EDGE_CURVE ( 'NONE', #6229, #1849, #7584, .T. ) ;
#5654 = CARTESIAN_POINT ( 'NONE',  ( 24.56807984466554018, -26.80418270541432335, 0.5244713337923622154 ) ) ;
#5655 = CARTESIAN_POINT ( 'NONE',  ( -4.161605698174719592, 32.78204090459649223, 0.6015565293478829512 ) ) ;
#5656 = CARTESIAN_POINT ( 'NONE',  ( 3.063672018094139915, 15.64736861108340094, 40.30000000000000426 ) ) ;
#5657 = FACE_OUTER_BOUND ( 'NONE', #7004, .T. ) ;
#5658 = VERTEX_POINT ( 'NONE', #1861 ) ;
#5659 = CARTESIAN_POINT ( 'NONE',  ( 27.05563888770250003, 20.68800973008580257, -0.08918205729041760177 ) ) ;
#5660 = ORIENTED_EDGE ( 'NONE', *, *, #731, .T. ) ;
#5661 = ORIENTED_EDGE ( 'NONE', *, *, #5278, .T. ) ;
#5662 = CARTESIAN_POINT ( 'NONE',  ( 16.40166822571530503, -27.12509059227746633, 23.09999999999999787 ) ) ;
#5663 = CARTESIAN_POINT ( 'NONE',  ( -10.48453426098069841, 16.20863447251279865, 41.30000000000000426 ) ) ;
#5664 = CARTESIAN_POINT ( 'NONE',  ( 6.936643174998880390, 16.84674734871670054, 40.30000000000000426 ) ) ;
#5665 = ORIENTED_EDGE ( 'NONE', *, *, #1929, .T. ) ;
#5666 = CARTESIAN_POINT ( 'NONE',  ( -5.733329487999350604, 17.16037439629429784, 41.30000000000000426 ) ) ;
#5667 = VERTEX_POINT ( 'NONE', #3902 ) ;
#5668 = AXIS2_PLACEMENT_3D ( 'NONE', #1111, #3599, #5429 ) ;
#5669 = LINE ( 'NONE', #153, #107 ) ;
#5670 = VERTEX_POINT ( 'NONE', #4454 ) ;
#5671 = LINE ( 'NONE', #3860, #4420 ) ;
#5672 = DIRECTION ( 'NONE',  ( -1.000000000000000000, 0.000000000000000000, 1.301042606982605321E-15 ) ) ;
#5673 = VECTOR ( 'NONE', #3236, 1000.000000000000114 ) ;
#5674 = B_SPLINE_SURFACE_WITH_KNOTS ( 'NONE', 3, 1, ( 
 ( #3055, #5490 ),
 ( #7970, #1186 ),
 ( #6713, #1134 ),
 ( #4912, #7370 ),
 ( #4865, #4950 ) ),
 .UNSPECIFIED., .F., .F., .F.,
 ( 4, 1, 4 ),
 ( 2, 2 ),
 ( 0.000000000000000000, 0.01183247495483989893, 0.02306317136571379989 ),
 ( 0.000000000000000000, 0.1000000000000000056 ),
 .UNSPECIFIED. ) ;
#5675 = CARTESIAN_POINT ( 'NONE',  ( 18.52842217064852548, 27.16967240586412657, 1.402967176891765912E-12 ) ) ;
#5676 = CARTESIAN_POINT ( 'NONE',  ( -19.75436401177782031, 27.15124037863886741, 0.5180900996469025577 ) ) ;
#5677 = CARTESIAN_POINT ( 'NONE',  ( -10.48767897564540164, 15.75119108690770098, 40.30000000000000426 ) ) ;
#5678 = ADVANCED_FACE ( 'NONE', ( #4337 ), #6401, .F. ) ;
#5679 = CARTESIAN_POINT ( 'NONE',  ( 10.13696777636750035, 13.76605045381189996, 40.30000000000000426 ) ) ;
#5680 = CARTESIAN_POINT ( 'NONE',  ( 6.439618536891409839, 7.108488912203819510, 41.30000000000000426 ) ) ;
#5681 = CARTESIAN_POINT ( 'NONE',  ( -27.52000217385580427, -20.33921856384920446, 22.61900824980876834 ) ) ;
#5682 = FACE_OUTER_BOUND ( 'NONE', #3587, .T. ) ;
#5683 = ORIENTED_EDGE ( 'NONE', *, *, #4517, .T. ) ;
#5684 = DIRECTION ( 'NONE',  ( -0.3252373394801179041, 0.9456324196049407105, 0.000000000000000000 ) ) ;
#5685 = CARTESIAN_POINT ( 'NONE',  ( -27.10887240294318090, 17.73685492600010249, 23.09999999999999787 ) ) ;
#5686 = ORIENTED_EDGE ( 'NONE', *, *, #1848, .T. ) ;
#5687 = EDGE_CURVE ( 'NONE', #2356, #832, #6895, .T. ) ;
#5688 = ORIENTED_EDGE ( 'NONE', *, *, #3104, .T. ) ;
#5689 = ORIENTED_EDGE ( 'NONE', *, *, #2749, .F. ) ;
#5690 = CARTESIAN_POINT ( 'NONE',  ( -6.627671221020169590, 17.93747955119249937, 41.30000000000000426 ) ) ;
#5691 = CARTESIAN_POINT ( 'NONE',  ( 3.224129114692329878, 18.01373973556029640, 41.30000000000000426 ) ) ;
#5692 = EDGE_CURVE ( 'NONE', #1998, #6924, #891, .T. ) ;
#5693 = CARTESIAN_POINT ( 'NONE',  ( 2.715877902717790171, 15.10198686240030064, 41.30000000000000426 ) ) ;
#5694 = DIRECTION ( 'NONE',  ( 1.224646799147353207E-16, 1.000000000000000000, -0.000000000000000000 ) ) ;
#5695 = VERTEX_POINT ( 'NONE', #3859 ) ;
#5696 = DIRECTION ( 'NONE',  ( 0.9172475141792799658, -0.3983177095384179411, 0.000000000000000000 ) ) ;
#5697 = ORIENTED_EDGE ( 'NONE', *, *, #6214, .T. ) ;
#5698 = EDGE_CURVE ( 'NONE', #6653, #3780, #249, .T. ) ;
#5699 = EDGE_CURVE ( 'NONE', #1849, #555, #5669, .T. ) ;
#5700 = B_SPLINE_CURVE_WITH_KNOTS ( 'NONE', 3,
 ( #5710, #5831, #2060, #6372, #836 ),
 .UNSPECIFIED., .F., .F.,
 ( 4, 1, 4 ),
 ( 0.000000000000000000, 0.04607809349090440099, 0.1093383237603280100 ),
 .UNSPECIFIED. ) ;
#5701 = CARTESIAN_POINT ( 'NONE',  ( 10.74900429268519808, 13.48324168858649941, 40.30000000000000426 ) ) ;
#5702 = EDGE_LOOP ( 'NONE', ( #766, #2859, #3192, #5647 ) ) ;
#5703 = AXIS2_PLACEMENT_3D ( 'NONE', #3921, #819, #5732 ) ;
#5704 = CARTESIAN_POINT ( 'NONE',  ( -24.13664258384389782, 25.34556138547844384, 22.62338070002331847 ) ) ;
#5705 = DIRECTION ( 'NONE',  ( 0.000000000000000000, -1.000000000000000000, 0.000000000000000000 ) ) ;
#5706 = EDGE_CURVE ( 'NONE', #3880, #7397, #638, .T. ) ;
#5707 = CARTESIAN_POINT ( 'NONE',  ( 20.56334505367638599, -28.21980368678836015, 0.5195575156768822422 ) ) ;
#5708 = CARTESIAN_POINT ( 'NONE',  ( 25.97198533383378205, 21.15525731832555678, 22.62099070581340499 ) ) ;
#5709 = LINE ( 'NONE', #6932, #3704 ) ;
#5710 = CARTESIAN_POINT ( 'NONE',  ( -5.308972277116550842, 16.52114108819879945, 40.30000000000000426 ) ) ;
#5711 = AXIS2_PLACEMENT_3D ( 'NONE', #4784, #5968, #2922 ) ;
#5712 = CARTESIAN_POINT ( 'NONE',  ( 9.884482047076870614, 15.87559594639740013, 41.30000000000000426 ) ) ;
#5713 = VERTEX_POINT ( 'NONE', #7548 ) ;
#5714 = CARTESIAN_POINT ( 'NONE',  ( -7.028470480218760308, 15.60405525580270059, 41.30000000000000426 ) ) ;
#5715 = CARTESIAN_POINT ( 'NONE',  ( 9.529878309948269788, 13.71666961248990013, 40.30000000000000426 ) ) ;
#5716 = ORIENTED_EDGE ( 'NONE', *, *, #1180, .F. ) ;
#5717 = LINE ( 'NONE', #844, #198 ) ;
#5718 = CARTESIAN_POINT ( 'NONE',  ( -26.47202624130844484, 24.98814403597594946, 3.612825824759025337E-14 ) ) ;
#5719 = CARTESIAN_POINT ( 'NONE',  ( -6.304334965571159799, 17.58001425048900401, 40.30000000000000426 ) ) ;
#5720 = DIRECTION ( 'NONE',  ( -1.000000000000000000, 0.000000000000000000, 0.000000000000000000 ) ) ;
#5721 = ADVANCED_FACE ( 'NONE', ( #5554 ), #2019, .F. ) ;
#5722 = CARTESIAN_POINT ( 'NONE',  ( -9.576203527604580046, 14.53032801389129958, 41.30000000000000426 ) ) ;
#5723 = VECTOR ( 'NONE', #3577, 1000.000000000000114 ) ;
#5724 = CARTESIAN_POINT ( 'NONE',  ( -27.12509059227746988, -17.63087773559611904, 23.09999999999999787 ) ) ;
#5725 = DIRECTION ( 'NONE',  ( 0.5953237270209269516, 0.8034859426560696516, 0.000000000000000000 ) ) ;
#5726 = ORIENTED_EDGE ( 'NONE', *, *, #1810, .F. ) ;
#5727 = DIRECTION ( 'NONE',  ( -1.000000000000000000, 0.000000000000000000, 0.000000000000000000 ) ) ;
#5728 = DIRECTION ( 'NONE',  ( 1.000000000000000000, 0.000000000000000000, 0.000000000000000000 ) ) ;
#5729 = VERTEX_POINT ( 'NONE', #3083 ) ;
#5730 = ORIENTED_EDGE ( 'NONE', *, *, #2269, .T. ) ;
#5731 = ADVANCED_FACE ( 'NONE', ( #2477 ), #6773, .T. ) ;
#5732 = DIRECTION ( 'NONE',  ( -0.9172475141792799658, 0.3983177095384179411, 0.000000000000000000 ) ) ;
#5733 = CARTESIAN_POINT ( 'NONE',  ( 7.254167630463329353, 13.41184765586669947, 41.30000000000000426 ) ) ;
#5734 = ADVANCED_FACE ( 'NONE', ( #4088 ), #2175, .T. ) ;
#5735 = CARTESIAN_POINT ( 'NONE',  ( 2.715877902717790171, 15.10198686240030064, 41.30000000000000426 ) ) ;
#5736 = CARTESIAN_POINT ( 'NONE',  ( 9.529878309948269788, 13.71666961248990013, 41.30000000000000426 ) ) ;
#5737 = CARTESIAN_POINT ( 'NONE',  ( -9.245204976220421145, 15.86077891719580180, 40.30000000000000426 ) ) ;
#5738 = ORIENTED_EDGE ( 'NONE', *, *, #475, .F. ) ;
#5739 = ORIENTED_EDGE ( 'NONE', *, *, #3768, .T. ) ;
#5740 = ORIENTED_EDGE ( 'NONE', *, *, #91, .F. ) ;
#5741 = CARTESIAN_POINT ( 'NONE',  ( 3.857461225503890034, 15.91176389033389960, 40.30000000000000426 ) ) ;
#5742 = ORIENTED_EDGE ( 'NONE', *, *, #134, .F. ) ;
#5743 = B_SPLINE_SURFACE_WITH_KNOTS ( 'NONE', 3, 1, ( 
 ( #4327, #946 ),
 ( #868, #7582 ),
 ( #5228, #5701 ),
 ( #2661, #826 ),
 ( #183, #5118 ) ),
 .UNSPECIFIED., .F., .F., .F.,
 ( 4, 1, 4 ),
 ( 2, 2 ),
 ( 0.000000000000000000, 0.01794880335925769926, 0.03484410743618390066 ),
 ( 0.000000000000000000, 0.1000000000000000056 ),
 .UNSPECIFIED. ) ;
#5744 = B_SPLINE_CURVE_WITH_KNOTS ( 'NONE', 3,
 ( #6943, #5639, #686, #1260, #4981 ),
 .UNSPECIFIED., .F., .F.,
 ( 4, 1, 4 ),
 ( 0.000000000000000000, 0.03010857783255550119, 0.05658265787637040134 ),
 .UNSPECIFIED. ) ;
#5745 = AXIS2_PLACEMENT_3D ( 'NONE', #3365, #5786, #274 ) ;
#5746 = LINE ( 'NONE', #871, #5551 ) ;
#5747 = DIRECTION ( 'NONE',  ( 1.224646799147351235E-16, -1.000000000000000000, 0.000000000000000000 ) ) ;
#5748 = CARTESIAN_POINT ( 'NONE',  ( -9.741084421304920582, 14.21794408321009939, 41.30000000000000426 ) ) ;
#5749 = CARTESIAN_POINT ( 'NONE',  ( 17.17341723148286903, -27.89683959804510494, 0.000000000000000000 ) ) ;
#5750 = CARTESIAN_POINT ( 'NONE',  ( 25.31899888771812357, 21.68396027847306584, 23.09999999999998721 ) ) ;
#5751 = CARTESIAN_POINT ( 'NONE',  ( -5.308972277116550842, 16.52114108819879945, 40.30000000000000426 ) ) ;
#5752 = ORIENTED_EDGE ( 'NONE', *, *, #4278, .F. ) ;
#5753 = VECTOR ( 'NONE', #7117, 1000.000000000000114 ) ;
#5754 = CARTESIAN_POINT ( 'NONE',  ( -6.304334965571159799, 17.58001425048900401, 40.30000000000000426 ) ) ;
#5755 = ORIENTED_EDGE ( 'NONE', *, *, #3340, .F. ) ;
#5756 = ADVANCED_FACE ( 'NONE', ( #7058 ), #7751, .F. ) ;
#5757 = DIRECTION ( 'NONE',  ( 0.000000000000000000, 0.000000000000000000, 1.000000000000000000 ) ) ;
#5758 = DIRECTION ( 'NONE',  ( 0.000000000000000000, 0.000000000000000000, -1.000000000000000000 ) ) ;
#5759 = VERTEX_POINT ( 'NONE', #2780 ) ;
#5760 = CARTESIAN_POINT ( 'NONE',  ( 18.50860362285615324, 26.65141173534678742, -4.878909776184769953E-15 ) ) ;
#5761 = CARTESIAN_POINT ( 'NONE',  ( -26.40588962951602880, 24.24507427631729328, 6.505213034913026604E-16 ) ) ;
#5762 = EDGE_CURVE ( 'NONE', #2040, #1268, #4575, .T. ) ;
#5763 = PRODUCT_DEFINITION_CONTEXT ( 'detailed design', #5561, 'design' ) ;
#5764 = DIRECTION ( 'NONE',  ( 0.9033316891690919004, -0.4289427226832449591, 0.000000000000000000 ) ) ;
#5765 = DIRECTION ( 'NONE',  ( -0.9456324196049398223, -0.3252373394801199580, 0.000000000000000000 ) ) ;
#5766 = CARTESIAN_POINT ( 'NONE',  ( -25.27300235760991498, -25.78750312520456944, 23.09999999999855547 ) ) ;
#5767 = CARTESIAN_POINT ( 'NONE',  ( 9.796025658333210373, 13.45792189472430067, 41.30000000000000426 ) ) ;
#5768 = DIRECTION ( 'NONE',  ( -0.000000000000000000, -0.000000000000000000, -1.000000000000000000 ) ) ;
#5769 = CARTESIAN_POINT ( 'NONE',  ( -25.31405063669489763, 23.85980673663301133, 23.10000000000001563 ) ) ;
#5770 = CARTESIAN_POINT ( 'NONE',  ( -0.6146047549404088928, -0.6146047549404088928, 41.30000000000000426 ) ) ;
#5771 = EDGE_CURVE ( 'NONE', #7123, #2047, #4609, .T. ) ;
#5772 = CIRCLE ( 'NONE', #7985, 0.5000000000000004441 ) ;
#5773 = DIRECTION ( 'NONE',  ( 0.03489949670250098307, 0.000000000000000000, -0.9993908270190956511 ) ) ;
#5774 = DIRECTION ( 'NONE',  ( 1.000000000000000000, 0.000000000000000000, -0.000000000000000000 ) ) ;
#5775 = DIRECTION ( 'NONE',  ( 0.000000000000000000, 0.000000000000000000, -1.000000000000000000 ) ) ;
#5776 = CARTESIAN_POINT ( 'NONE',  ( -10.31204447563439963, 15.85598600389359980, 40.30000000000000426 ) ) ;
#5777 = VERTEX_POINT ( 'NONE', #3938 ) ;
#5778 = CARTESIAN_POINT ( 'NONE',  ( -9.741084421304920582, 14.21794408321009939, 40.30000000000000426 ) ) ;
#5779 = ORIENTED_EDGE ( 'NONE', *, *, #7736, .T. ) ;
#5780 = VECTOR ( 'NONE', #5827, 1000.000000000000114 ) ;
#5781 = ORIENTED_EDGE ( 'NONE', *, *, #475, .T. ) ;
#5782 = CARTESIAN_POINT ( 'NONE',  ( 26.39557649590621224, -17.63087773559610838, 22.61744974835124822 ) ) ;
#5783 = VERTEX_POINT ( 'NONE', #6374 ) ;
#5784 = DIRECTION ( 'NONE',  ( 1.000000000000000000, 0.000000000000000000, 0.000000000000000000 ) ) ;
#5785 = VECTOR ( 'NONE', #5696, 1000.000000000000114 ) ;
#5786 = DIRECTION ( 'NONE',  ( -0.000000000000000000, -0.000000000000000000, -1.000000000000000000 ) ) ;
#5787 = CARTESIAN_POINT ( 'NONE',  ( 25.89588108375765074, 17.06880832183640351, 23.09999999999999787 ) ) ;
#5788 = ORIENTED_EDGE ( 'NONE', *, *, #7491, .F. ) ;
#5789 = DIRECTION ( 'NONE',  ( 0.000000000000000000, 0.000000000000000000, -1.000000000000000000 ) ) ;
#5790 = FACE_BOUND ( 'NONE', #5454, .T. ) ;
#5791 = ORIENTED_EDGE ( 'NONE', *, *, #3283, .T. ) ;
#5792 = CARTESIAN_POINT ( 'NONE',  ( -27.89683959804511559, 1.885395245059547920, 0.5000000000000000000 ) ) ;
#5793 = VERTEX_POINT ( 'NONE', #5712 ) ;
#5794 = VECTOR ( 'NONE', #924, 1000.000000000000114 ) ;
#5795 = DIRECTION ( 'NONE',  ( -1.224646799147351235E-16, 1.000000000000000000, -0.000000000000000000 ) ) ;
#5796 = DIRECTION ( 'NONE',  ( 0.000000000000000000, 0.000000000000000000, -1.000000000000000000 ) ) ;
#5797 = ADVANCED_FACE ( 'NONE', ( #5166 ), #723, .F. ) ;
#5798 = ORIENTED_EDGE ( 'NONE', *, *, #3641, .F. ) ;
#5799 = CARTESIAN_POINT ( 'NONE',  ( 22.61406364850678585, 26.57256532933827486, 0.5218951281480493920 ) ) ;
#5800 = CARTESIAN_POINT ( 'NONE',  ( 21.49999999999999645, -21.50000000000000000, 10.00000000000000000 ) ) ;
#5801 = CARTESIAN_POINT ( 'NONE',  ( 7.800849037987690693, 13.06339519499270097, 41.30000000000000426 ) ) ;
#5802 = CIRCLE ( 'NONE', #2733, 1.499999999999999778 ) ;
#5803 = CARTESIAN_POINT ( 'NONE',  ( 11.76321809669119922, 14.04282336078279947, 41.30000000000000426 ) ) ;
#5804 = DIRECTION ( 'NONE',  ( 0.000000000000000000, 1.000000000000000000, -0.000000000000000000 ) ) ;
#5805 = FACE_OUTER_BOUND ( 'NONE', #3551, .T. ) ;
#5806 = CARTESIAN_POINT ( 'NONE',  ( -18.29801791065585803, 25.89588108376343811, 23.10000000000000497 ) ) ;
#5807 = B_SPLINE_SURFACE_WITH_KNOTS ( 'NONE', 3, 1, ( 
 ( #108, #1528 ),
 ( #6447, #6975 ),
 ( #3899, #3323 ),
 ( #3369, #6409 ),
 ( #5666, #194 ) ),
 .UNSPECIFIED., .F., .F., .F.,
 ( 4, 1, 4 ),
 ( 2, 2 ),
 ( 0.000000000000000000, 0.02459028574144299720, 0.05191862317098430019 ),
 ( 0.000000000000000000, 0.1000000000000000056 ),
 .UNSPECIFIED. ) ;
#5808 = VECTOR ( 'NONE', #546, 1000.000000000000000 ) ;
#5809 = CARTESIAN_POINT ( 'NONE',  ( 4.076735221874499437, 16.58999099842340286, 41.30000000000000426 ) ) ;
#5810 = CARTESIAN_POINT ( 'NONE',  ( 17.73490242409656048, -27.10917127797861070, 23.09999999999999432 ) ) ;
#5811 = EDGE_CURVE ( 'NONE', #26, #6215, #7132, .T. ) ;
#5812 = LINE ( 'NONE', #7732, #3862 ) ;
#5813 = CARTESIAN_POINT ( 'NONE',  ( -9.731469937561948669, 14.91517981463690035, 40.30000000000000426 ) ) ;
#5814 = ORIENTED_EDGE ( 'NONE', *, *, #5210, .T. ) ;
#5815 = DIRECTION ( 'NONE',  ( -1.388624693425298436E-14, -1.000000000000000000, 9.635519420023838901E-29 ) ) ;
#5816 = ORIENTED_EDGE ( 'NONE', *, *, #5834, .T. ) ;
#5817 = CARTESIAN_POINT ( 'NONE',  ( -5.759664680668990400, 17.22480834775850056, 41.30000000000000426 ) ) ;
#5818 = ORIENTED_EDGE ( 'NONE', *, *, #363, .T. ) ;
#5819 = DIRECTION ( 'NONE',  ( 0.5301703764411311859, -0.8478911321297500914, 0.000000000000000000 ) ) ;
#5820 = ORIENTED_EDGE ( 'NONE', *, *, #54, .F. ) ;
#5821 = DIRECTION ( 'NONE',  ( 0.000000000000000000, 0.000000000000000000, -1.000000000000000000 ) ) ;
#5822 = CARTESIAN_POINT ( 'NONE',  ( 11.71682292872689857, 13.67787008850240049, 41.30000000000000426 ) ) ;
#5823 = CARTESIAN_POINT ( 'NONE',  ( 3.458293040022880405, 17.82989062863650176, 41.30000000000000426 ) ) ;
#5824 = FACE_OUTER_BOUND ( 'NONE', #2700, .T. ) ;
#5825 = LINE ( 'NONE', #3934, #1996 ) ;
#5826 = ORIENTED_EDGE ( 'NONE', *, *, #6636, .T. ) ;
#5827 = DIRECTION ( 'NONE',  ( -0.8478911321297500914, -0.5301703764411311859, 0.000000000000000000 ) ) ;
#5828 = LINE ( 'NONE', #2497, #4476 ) ;
#5829 = ORIENTED_EDGE ( 'NONE', *, *, #3818, .T. ) ;
#5830 = B_SPLINE_CURVE_WITH_KNOTS ( 'NONE', 3,
 ( #7175, #5587, #1282, #18, #1320 ),
 .UNSPECIFIED., .F., .F.,
 ( 4, 1, 4 ),
 ( 0.000000000000000000, 0.04607809349090440099, 0.1093383237603280100 ),
 .UNSPECIFIED. ) ;
#5831 = CARTESIAN_POINT ( 'NONE',  ( -5.401715267416590471, 16.39483041423849841, 40.30000000000000426 ) ) ;
#5832 = DIRECTION ( 'NONE',  ( 1.000000000000000000, 0.000000000000000000, 0.000000000000000000 ) ) ;
#5833 = DIRECTION ( 'NONE',  ( 0.000000000000000000, 0.000000000000000000, 1.000000000000000000 ) ) ;
#5834 = EDGE_CURVE ( 'NONE', #3999, #7581, #2822, .T. ) ;
#5835 = DIRECTION ( 'NONE',  ( 0.000000000000000000, 0.000000000000000000, -1.000000000000000000 ) ) ;
#5836 = B_SPLINE_CURVE_WITH_KNOTS ( 'NONE', 3,
 ( #5737, #4034, #224, #2156, #4629 ),
 .UNSPECIFIED., .F., .F.,
 ( 4, 1, 4 ),
 ( 0.000000000000000000, 0.03484500306595209734, 0.06857366313730180185 ),
 .UNSPECIFIED. ) ;
#5837 = EDGE_CURVE ( 'NONE', #2428, #7006, #5772, .T. ) ;
#5838 = ORIENTED_EDGE ( 'NONE', *, *, #7285, .T. ) ;
#5839 = EDGE_CURVE ( 'NONE', #1729, #719, #2309, .T. ) ;
#5840 = CARTESIAN_POINT ( 'NONE',  ( 23.61130280685970106, 26.15096394632518439, 0.5233376262790921940 ) ) ;
#5841 = DIRECTION ( 'NONE',  ( -7.401486830834377265E-16, -0.03489949670250108715, 0.9993908270190956511 ) ) ;
#5842 = AXIS2_PLACEMENT_3D ( 'NONE', #2327, #5987, #7788 ) ;
#5843 = EDGE_CURVE ( 'NONE', #1203, #5857, #960, .T. ) ;
#5844 = CARTESIAN_POINT ( 'NONE',  ( -9.568889186495159294, 16.18386444549000203, 40.30000000000000426 ) ) ;
#5845 = CARTESIAN_POINT ( 'NONE',  ( -5.961347503331850817, 17.47833039295590041, 40.30000000000000426 ) ) ;
#5846 = LINE ( 'NONE', #3303, #7550 ) ;
#5847 = CARTESIAN_POINT ( 'NONE',  ( -25.28593776026179540, 24.59605502312737002, 22.62466712876041797 ) ) ;
#5848 = CIRCLE ( 'NONE', #5215, 0.5000000000000004441 ) ;
#5849 = CARTESIAN_POINT ( 'NONE',  ( -27.79279281890653763, 19.83824991742812927, -1.301042606982605518E-15 ) ) ;
#5850 = B_SPLINE_CURVE_WITH_KNOTS ( 'NONE', 3,
 ( #1692, #3076, #709, #6163, #1325 ),
 .UNSPECIFIED., .F., .F.,
 ( 4, 1, 4 ),
 ( 0.000000000000000000, 0.04873644705069850314, 0.08699085488451700765 ),
 .UNSPECIFIED. ) ;
#5851 = EDGE_CURVE ( 'NONE', #6593, #7554, #5273, .T. ) ;
#5852 = CARTESIAN_POINT ( 'NONE',  ( 10.50626508731200026, 13.54935279537929915, 40.30000000000000426 ) ) ;
#5853 = CARTESIAN_POINT ( 'NONE',  ( -9.846497049435791737, 14.79261095727319919, 41.30000000000000426 ) ) ;
#5854 = FACE_OUTER_BOUND ( 'NONE', #7442, .T. ) ;
#5855 = EDGE_LOOP ( 'NONE', ( #7867, #6125, #5683, #1311 ) ) ;
#5856 = CARTESIAN_POINT ( 'NONE',  ( 6.817961812553259726, 14.75693245065459891, 41.30000000000000426 ) ) ;
#5857 = VERTEX_POINT ( 'NONE', #5871 ) ;
#5858 = FACE_OUTER_BOUND ( 'NONE', #5861, .T. ) ;
#5859 = VECTOR ( 'NONE', #7361, 1000.000000000000000 ) ;
#5860 = CARTESIAN_POINT ( 'NONE',  ( 9.594921880289280836, 11.73411975366339988, 41.30000000000000426 ) ) ;
#5861 = EDGE_LOOP ( 'NONE', ( #922, #6410, #1488, #7162 ) ) ;
#5862 = DIRECTION ( 'NONE',  ( 1.000000000000000000, 0.000000000000000000, 0.000000000000000000 ) ) ;
#5863 = DIRECTION ( 'NONE',  ( 1.000000000000000000, 0.000000000000000000, 0.000000000000000000 ) ) ;
#5864 = AXIS2_PLACEMENT_3D ( 'NONE', #7973, #7374, #6752 ) ;
#5865 = CARTESIAN_POINT ( 'NONE',  ( 22.45571006448003359, -27.31995712105332075, 1.444447458290439808E-31 ) ) ;
#5866 = CARTESIAN_POINT ( 'NONE',  ( 23.23633327313834585, 25.20048288949690374, 22.62390762317821213 ) ) ;
#5867 = VERTEX_POINT ( 'NONE', #2209 ) ;
#5868 = CARTESIAN_POINT ( 'NONE',  ( -5.968511823699550689, 16.40971594895729879, 41.30000000000000426 ) ) ;
#5869 = CARTESIAN_POINT ( 'NONE',  ( -5.727486751953139610, 16.73248949976909827, 40.30000000000000426 ) ) ;
#5870 = VERTEX_POINT ( 'NONE', #800 ) ;
#5871 = CARTESIAN_POINT ( 'NONE',  ( -11.11460475494040878, -0.6146047549404115573, 40.80000000000000426 ) ) ;
#5872 = EDGE_LOOP ( 'NONE', ( #6314, #449, #2439, #5516 ) ) ;
#5873 = AXIS2_PLACEMENT_3D ( 'NONE', #357, #4776, #6537 ) ;
#5874 = EDGE_CURVE ( 'NONE', #7006, #5515, #5642, .T. ) ;
#5875 = EDGE_CURVE ( 'NONE', #5376, #878, #3561, .T. ) ;
#5876 = CARTESIAN_POINT ( 'NONE',  ( -5.758715584374089147, 16.65427505637470063, 40.30000000000000426 ) ) ;
#5877 = DIRECTION ( 'NONE',  ( 0.000000000000000000, 0.000000000000000000, -1.000000000000000000 ) ) ;
#5878 = B_SPLINE_SURFACE_WITH_KNOTS ( 'NONE', 3, 1, ( 
 ( #5090, #7551 ),
 ( #3940, #2632 ),
 ( #3329, #3903 ),
 ( #1409, #5243 ),
 ( #2782, #6454 ) ),
 .UNSPECIFIED., .F., .F., .F.,
 ( 4, 1, 4 ),
 ( 2, 2 ),
 ( 0.000000000000000000, 0.02307142434048009907, 0.04579996723221419624 ),
 ( 0.000000000000000000, 0.1000000000000000056 ),
 .UNSPECIFIED. ) ;
#5879 = ORIENTED_EDGE ( 'NONE', *, *, #5553, .F. ) ;
#5880 = DIRECTION ( 'NONE',  ( 2.775557561562889379E-16, 0.03489949670250108715, -0.9993908270190956511 ) ) ;
#5881 = ORIENTED_EDGE ( 'NONE', *, *, #6776, .T. ) ;
#5882 = PLANE ( 'NONE',  #1933 ) ;
#5883 = VECTOR ( 'NONE', #7035, 1000.000000000000000 ) ;
#5884 = DIRECTION ( 'NONE',  ( 0.000000000000000000, 0.000000000000000000, 1.000000000000000000 ) ) ;
#5885 = CARTESIAN_POINT ( 'NONE',  ( 10.86288546572460056, 13.51405283445859951, 41.30000000000000426 ) ) ;
#5886 = DIRECTION ( 'NONE',  ( 0.000000000000000000, 0.000000000000000000, 1.000000000000000000 ) ) ;
#5887 = DIRECTION ( 'NONE',  ( 1.000000000000000000, 0.000000000000000000, 0.000000000000000000 ) ) ;
#5888 = LINE ( 'NONE', #4587, #6166 ) ;
#5889 = CARTESIAN_POINT ( 'NONE',  ( -26.12228248998044222, 23.61054254644065509, 23.09999999999884679 ) ) ;
#5890 = FACE_OUTER_BOUND ( 'NONE', #6762, .T. ) ;
#5891 = CARTESIAN_POINT ( 'NONE',  ( 4.700765855299260387, 14.52067066262589989, 41.30000000000000426 ) ) ;
#5892 = LINE ( 'NONE', #4706, #2186 ) ;
#5893 = CIRCLE ( 'NONE', #2444, 2.000000000000001332 ) ;
#5894 = CARTESIAN_POINT ( 'NONE',  ( 11.18052965830619883, 13.72677483979160051, 40.30000000000000426 ) ) ;
#5895 = CARTESIAN_POINT ( 'NONE',  ( -5.286458531868709620, 17.32921775743540138, 40.30000000000000426 ) ) ;
#5896 = CARTESIAN_POINT ( 'NONE',  ( -9.245204976220421145, 15.86077891719580180, 40.30000000000000426 ) ) ;
#5897 = ORIENTED_EDGE ( 'NONE', *, *, #491, .F. ) ;
#5898 = VERTEX_POINT ( 'NONE', #2417 ) ;
#5899 = CARTESIAN_POINT ( 'NONE',  ( -5.810463883219590286, 17.34909805365230184, 40.30000000000000426 ) ) ;
#5900 = B_SPLINE_CURVE_WITH_KNOTS ( 'NONE', 3,
 ( #7666, #912, #5823, #3320, #5161 ),
 .UNSPECIFIED., .F., .F.,
 ( 4, 1, 4 ),
 ( 0.000000000000000000, 0.03171158235223400096, 0.05981491151044549676 ),
 .UNSPECIFIED. ) ;
#5901 = CARTESIAN_POINT ( 'NONE',  ( 23.14023129332155193, -26.43060951422519977, 23.10000000000172804 ) ) ;
#5902 = ORIENTED_EDGE ( 'NONE', *, *, #3473, .T. ) ;
#5903 = VECTOR ( 'NONE', #2951, 1000.000000000000000 ) ;
#5904 = DIRECTION ( 'NONE',  ( 0.000000000000000000, 0.000000000000000000, 1.000000000000000000 ) ) ;
#5905 = CARTESIAN_POINT ( 'NONE',  ( -9.793460452387849458, 15.79567947909460024, 40.30000000000000426 ) ) ;
#5906 = DIRECTION ( 'NONE',  ( 1.000000000000000000, 1.224646799147351235E-16, -0.000000000000000000 ) ) ;
#5907 = PLANE ( 'NONE',  #5327 ) ;
#5908 = MANIFOLD_SOLID_BREP ( 'Body1[1]', #3063 ) ;
#5909 = ORIENTED_EDGE ( 'NONE', *, *, #6033, .T. ) ;
#5910 = DIRECTION ( 'NONE',  ( -1.000000000000000000, 0.000000000000000000, 0.000000000000000000 ) ) ;
#5911 = VECTOR ( 'NONE', #1773, 1000.000000000000000 ) ;
#5912 = EDGE_CURVE ( 'NONE', #7534, #6213, #4163, .T. ) ;
#5913 = CARTESIAN_POINT ( 'NONE',  ( 11.24183388556400054, 14.86854810147270101, 40.30000000000000426 ) ) ;
#5914 = ORIENTED_EDGE ( 'NONE', *, *, #5874, .T. ) ;
#5915 = FACE_OUTER_BOUND ( 'NONE', #3773, .T. ) ;
#5916 = CARTESIAN_POINT ( 'NONE',  ( 9.891965025582189597, 12.74116218763160013, 40.30000000000000426 ) ) ;
#5917 = CARTESIAN_POINT ( 'NONE',  ( 11.68593441874289951, 14.37490637069579869, 40.30000000000000426 ) ) ;
#5918 = ADVANCED_FACE ( 'NONE', ( #6075 ), #544, .T. ) ;
#5919 = ORIENTED_EDGE ( 'NONE', *, *, #1365, .T. ) ;
#5920 = CARTESIAN_POINT ( 'NONE',  ( 26.18085081134471892, 23.60466823166244410, -1.266347077264510303E-13 ) ) ;
#5921 = EDGE_LOOP ( 'NONE', ( #6351, #660, #6958, #1148 ) ) ;
#5922 = LINE ( 'NONE', #1696, #3976 ) ;
#5923 = CARTESIAN_POINT ( 'NONE',  ( 9.884514124881929931, 13.19607859311970088, 41.30000000000000426 ) ) ;
#5924 = LINE ( 'NONE', #5320, #6698 ) ;
#5925 = CARTESIAN_POINT ( 'NONE',  ( -9.461146326281561159, 14.63274494988190000, 40.30000000000000426 ) ) ;
#5926 = CARTESIAN_POINT ( 'NONE',  ( 27.06120167658114539, -21.11452292105800055, 0.5190207097714698570 ) ) ;
#5927 = FACE_OUTER_BOUND ( 'NONE', #4015, .T. ) ;
#5928 = CARTESIAN_POINT ( 'NONE',  ( -10.01672806291900031, 14.19011401372779879, 40.30000000000000426 ) ) ;
#5929 = DIRECTION ( 'NONE',  ( 0.8478911321297508685, 0.5301703764411300757, 0.000000000000000000 ) ) ;
#5930 = FACE_OUTER_BOUND ( 'NONE', #3528, .T. ) ;
#5931 = LINE ( 'NONE', #6546, #7948 ) ;
#5932 = TOROIDAL_SURFACE ( 'NONE', #7504, 2.000000000000000888, 0.5000000000000000000 ) ;
#5933 = ADVANCED_FACE ( 'NONE', ( #5915 ), #3232, .T. ) ;
#5934 = EDGE_CURVE ( 'NONE', #1214, #5395, #5830, .T. ) ;
#5935 = CARTESIAN_POINT ( 'NONE',  ( -5.317773544521269713, 17.40754912998569992, 40.30000000000000426 ) ) ;
#5936 = B_SPLINE_CURVE_WITH_KNOTS ( 'NONE', 3,
 ( #6846, #1317, #5502, #3109, #96 ),
 .UNSPECIFIED., .F., .F.,
 ( 4, 1, 4 ),
 ( 0.000000000000000000, 0.02879584727689919743, 0.06049198197087519990 ),
 .UNSPECIFIED. ) ;
#5937 = CARTESIAN_POINT ( 'NONE',  ( -9.648418924712981237, 16.23093750626999920, 40.30000000000000426 ) ) ;
#5938 = CARTESIAN_POINT ( 'NONE',  ( 3.792725247001820232, 18.09618653913380015, 41.30000000000000426 ) ) ;
#5939 = VERTEX_POINT ( 'NONE', #1970 ) ;
#5940 = CARTESIAN_POINT ( 'NONE',  ( 10.02637720198029925, 15.28910112577960057, 41.30000000000000426 ) ) ;
#5941 = EDGE_CURVE ( 'NONE', #431, #1903, #3147, .T. ) ;
#5942 = VERTEX_POINT ( 'NONE', #746 ) ;
#5943 = CARTESIAN_POINT ( 'NONE',  ( 17.75247128495079707, -27.59127749485402248, 23.10000000000345821 ) ) ;
#5944 = VERTEX_POINT ( 'NONE', #5662 ) ;
#5945 = B_SPLINE_SURFACE_WITH_KNOTS ( 'NONE', 3, 1, ( 
 ( #2230, #4704 ),
 ( #3129, #7362 ),
 ( #3049, #2486 ),
 ( #5481, #3616 ),
 ( #7405, #1871 ) ),
 .UNSPECIFIED., .F., .F., .F.,
 ( 4, 1, 4 ),
 ( 2, 2 ),
 ( 0.000000000000000000, 0.03601259360482249317, 0.06260145982352630090 ),
 ( 0.000000000000000000, 0.1000000000000000056 ),
 .UNSPECIFIED. ) ;
#5946 = LINE ( 'NONE', #1026, #3944 ) ;
#5947 = CARTESIAN_POINT ( 'NONE',  ( 21.73826440091280077, 26.98575643252770107, -0.05494670513150980151 ) ) ;
#5948 = EDGE_CURVE ( 'NONE', #1595, #4679, #3802, .T. ) ;
#5949 = CARTESIAN_POINT ( 'NONE',  ( -24.92249473676837468, -27.33910938400148893, 0.5234538553870323740 ) ) ;
#5950 = DIRECTION ( 'NONE',  ( 0.000000000000000000, 0.000000000000000000, -1.000000000000000000 ) ) ;
#5951 = EDGE_CURVE ( 'NONE', #832, #3145, #6303, .T. ) ;
#5952 = ORIENTED_EDGE ( 'NONE', *, *, #1790, .T. ) ;
#5953 = CARTESIAN_POINT ( 'NONE',  ( -9.486501801981960469, 12.70831203798389986, 41.30000000000000426 ) ) ;
#5954 = EDGE_LOOP ( 'NONE', ( #4382, #2673, #6316, #411 ) ) ;
#5955 = CARTESIAN_POINT ( 'NONE',  ( -28.20474813381879642, 20.67066725387449466, 0.5196380044481734295 ) ) ;
#5956 = ORIENTED_EDGE ( 'NONE', *, *, #3872, .F. ) ;
#5957 = AXIS2_PLACEMENT_3D ( 'NONE', #3514, #4119, #343 ) ;
#5958 = CARTESIAN_POINT ( 'NONE',  ( 3.338394301825269750, 32.03804901416949491, 7.579842570130300494 ) ) ;
#5959 = CARTESIAN_POINT ( 'NONE',  ( 11.76127926140800106, 13.95315373228410039, 41.30000000000000426 ) ) ;
#5960 = ORIENTED_EDGE ( 'NONE', *, *, #4841, .T. ) ;
#5961 = CARTESIAN_POINT ( 'NONE',  ( 26.09074789348577283, 22.45570928424643142, 0.000000000000000000 ) ) ;
#5962 = EDGE_LOOP ( 'NONE', ( #7869, #7053, #6161, #6178 ) ) ;
#5963 = FACE_BOUND ( 'NONE', #7244, .T. ) ;
#5964 = DIRECTION ( 'NONE',  ( 0.000000000000000000, 0.000000000000000000, -1.000000000000000000 ) ) ;
#5965 = CARTESIAN_POINT ( 'NONE',  ( 1.924456384908819873, 18.32534035691259788, 41.30000000000000426 ) ) ;
#5966 = CARTESIAN_POINT ( 'NONE',  ( 10.87105800725280069, 13.07728419855519952, 40.30000000000000426 ) ) ;
#5967 = VECTOR ( 'NONE', #6005, 1000.000000000000114 ) ;
#5968 = DIRECTION ( 'NONE',  ( -0.000000000000000000, -0.000000000000000000, -1.000000000000000000 ) ) ;
#5969 = CARTESIAN_POINT ( 'NONE',  ( 6.881754689642439970, 16.86593862519769971, 40.30000000000000426 ) ) ;
#5970 = CARTESIAN_POINT ( 'NONE',  ( -0.6146047549404088928, -0.6146047549404088928, 38.88724874175630219 ) ) ;
#5971 = DIRECTION ( 'NONE',  ( -0.9024049143218172420, 0.4308890467485030351, 0.000000000000000000 ) ) ;
#5972 = CARTESIAN_POINT ( 'NONE',  ( 25.33594839929930131, -25.43596283473350184, 15.54903638775670061 ) ) ;
#5973 = VECTOR ( 'NONE', #6145, 1000.000000000000000 ) ;
#5974 = EDGE_CURVE ( 'NONE', #5301, #7836, #3890, .T. ) ;
#5975 = DIRECTION ( 'NONE',  ( 0.000000000000000000, 0.000000000000000000, -1.000000000000000000 ) ) ;
#5976 = LINE ( 'NONE', #7813, #1544 ) ;
#5977 = CARTESIAN_POINT ( 'NONE',  ( 3.635014330823960194, 16.84570959661070333, 40.30000000000000426 ) ) ;
#5978 = CARTESIAN_POINT ( 'NONE',  ( -9.524535151325238758, 14.17039709032979999, 40.30000000000000426 ) ) ;
#5979 = VERTEX_POINT ( 'NONE', #704 ) ;
#5980 = CARTESIAN_POINT ( 'NONE',  ( -6.723063907038290488, 17.46881961280319828, 40.30000000000000426 ) ) ;
#5981 = ORIENTED_EDGE ( 'NONE', *, *, #4826, .T. ) ;
#5982 = EDGE_LOOP ( 'NONE', ( #1772, #827, #4437, #1163 ) ) ;
#5983 = EDGE_CURVE ( 'NONE', #2281, #6847, #1893, .T. ) ;
#5984 = CARTESIAN_POINT ( 'NONE',  ( 6.817961812553259726, 14.75693245065459891, 40.30000000000000426 ) ) ;
#5985 = CARTESIAN_POINT ( 'NONE',  ( -10.02035504606229921, 15.85758553957709793, 40.30000000000000426 ) ) ;
#5986 = CARTESIAN_POINT ( 'NONE',  ( -28.37922589513329896, -19.80073661526223461, 0.5181149994450191532 ) ) ;
#5987 = DIRECTION ( 'NONE',  ( 0.000000000000000000, 0.000000000000000000, -1.000000000000000000 ) ) ;
#5988 = AXIS2_PLACEMENT_3D ( 'NONE', #2686, #3458, #5887 ) ;
#5989 = ORIENTED_EDGE ( 'NONE', *, *, #3393, .F. ) ;
#5990 = ORIENTED_EDGE ( 'NONE', *, *, #310, .T. ) ;
#5991 = EDGE_CURVE ( 'NONE', #2157, #6477, #3260, .T. ) ;
#5992 = DIRECTION ( 'NONE',  ( 0.3252373394801179041, -0.9456324196049407105, 0.000000000000000000 ) ) ;
#5993 = ADVANCED_FACE ( 'NONE', ( #4412 ), #5120, .F. ) ;
#5994 = LINE ( 'NONE', #1771, #3910 ) ;
#5995 = ORIENTED_EDGE ( 'NONE', *, *, #4695, .T. ) ;
#5996 = CARTESIAN_POINT ( 'NONE',  ( 23.39294250188915925, 25.70102207414707607, 0.000000000000000000 ) ) ;
#5997 = ORIENTED_EDGE ( 'NONE', *, *, #6581, .F. ) ;
#5998 = AXIS2_PLACEMENT_3D ( 'NONE', #7811, #368, #5216 ) ;
#5999 = LINE ( 'NONE', #2302, #3881 ) ;
#6000 = B_SPLINE_CURVE_WITH_KNOTS ( 'NONE', 3,
 ( #6624, #979, #2232, #4748, #4823 ),
 .UNSPECIFIED., .F., .F.,
 ( 4, 1, 4 ),
 ( 0.000000000000000000, 0.04185030281210100345, 0.08234808355057680884 ),
 .UNSPECIFIED. ) ;
#6001 = MANIFOLD_SOLID_BREP ( 'Body2[1]', #6914 ) ;
#6002 = CARTESIAN_POINT ( 'NONE',  ( 6.949205376582550109, 16.95920502406449870, 41.30000000000000426 ) ) ;
#6003 = DIRECTION ( 'NONE',  ( 1.000000000000000000, 0.000000000000000000, 0.000000000000000000 ) ) ;
#6004 = VECTOR ( 'NONE', #3786, 1000.000000000000227 ) ;
#6005 = DIRECTION ( 'NONE',  ( -0.5953237270209262855, -0.8034859426560702067, 0.000000000000000000 ) ) ;
#6006 = PLANE ( 'NONE',  #7176 ) ;
#6007 = DIRECTION ( 'NONE',  ( 0.3252373394801179041, -0.9456324196049407105, 0.000000000000000000 ) ) ;
#6008 = CARTESIAN_POINT ( 'NONE',  ( -10.20061438660609987, 14.09487259155339878, 40.30000000000000426 ) ) ;
#6010 = ADVANCED_FACE ( 'NONE', ( #2770 ), #5743, .F. ) ;
#6009 = CARTESIAN_POINT ( 'NONE',  ( 27.41763008816432645, 1.885395245059572789, -0.07263636767417129547 ) ) ;
#6011 = EDGE_CURVE ( 'NONE', #7040, #2105, #2049, .T. ) ;
#6012 = CARTESIAN_POINT ( 'NONE',  ( -26.93023425539052340, 23.39294449078838767, 4.336808689942017736E-16 ) ) ;
#6013 = APPLICATION_PROTOCOL_DEFINITION ( 'draft international standard', 'automotive_design', 1998, #3220 ) ;
#6014 = CARTESIAN_POINT ( 'NONE',  ( -5.968511823699550689, 16.40971594895729879, 41.30000000000000426 ) ) ;
#6015 = CARTESIAN_POINT ( 'NONE',  ( 10.57434546443830037, 13.52221266803760003, 41.30000000000000426 ) ) ;
#6016 = CARTESIAN_POINT ( 'NONE',  ( -10.06851645498080039, 16.31502197800109855, 41.30000000000000426 ) ) ;
#6017 = CARTESIAN_POINT ( 'NONE',  ( -9.648418924712981237, 16.23093750626999920, 40.30000000000000426 ) ) ;
#6018 = ORIENTED_EDGE ( 'NONE', *, *, #3673, .F. ) ;
#6019 = ORIENTED_EDGE ( 'NONE', *, *, #2868, .T. ) ;
#6020 = VECTOR ( 'NONE', #3751, 1000.000000000000114 ) ;
#6021 = CARTESIAN_POINT ( 'NONE',  ( -6.565683982065150026, 14.25849660405310004, 41.30000000000000426 ) ) ;
#6022 = CARTESIAN_POINT ( 'NONE',  ( 24.20675457234890260, 25.33594328860969824, 15.54903625274010004 ) ) ;
#6023 = CARTESIAN_POINT ( 'NONE',  ( 1.441281537410179947, 15.69541414713999927, 41.30000000000000426 ) ) ;
#6024 = FACE_OUTER_BOUND ( 'NONE', #947, .T. ) ;
#6025 = ORIENTED_EDGE ( 'NONE', *, *, #2149, .F. ) ;
#6026 = VERTEX_POINT ( 'NONE', #5262 ) ;
#6027 = VECTOR ( 'NONE', #1608, 1000.000000000000000 ) ;
#6028 = CARTESIAN_POINT ( 'NONE',  ( -25.21526769865650408, 25.95643494114748506, 0.5238208262195374054 ) ) ;
#6029 = ORIENTED_EDGE ( 'NONE', *, *, #2075, .T. ) ;
#6030 = CARTESIAN_POINT ( 'NONE',  ( 9.891362968833341540, 12.93684779613270130, 40.30000000000000426 ) ) ;
#6031 = CARTESIAN_POINT ( 'NONE',  ( -9.245204976220421145, 15.86077891719580180, 40.30000000000000426 ) ) ;
#6032 = VECTOR ( 'NONE', #6526, 1000.000000000000000 ) ;
#6033 = EDGE_CURVE ( 'NONE', #994, #2454, #3856, .T. ) ;
#6034 = EDGE_LOOP ( 'NONE', ( #5995, #1776, #3071, #4849 ) ) ;
#6035 = CARTESIAN_POINT ( 'NONE',  ( -5.543350294531720124, 17.74580551231959902, 41.30000000000000426 ) ) ;
#6036 = CARTESIAN_POINT ( 'NONE',  ( 24.55877794447831519, 25.59808683868439516, 1.091083705793432527E-13 ) ) ;
#6037 = ORIENTED_EDGE ( 'NONE', *, *, #643, .T. ) ;
#6038 = ORIENTED_EDGE ( 'NONE', *, *, #1049, .F. ) ;
#6039 = DIRECTION ( 'NONE',  ( 0.000000000000000000, -1.000000000000000000, 0.000000000000000000 ) ) ;
#6040 = AXIS2_PLACEMENT_3D ( 'NONE', #3694, #7266, #5362 ) ;
#6041 = LINE ( 'NONE', #2385, #1912 ) ;
#6042 = CARTESIAN_POINT ( 'NONE',  ( 26.20489981913630118, -21.11983463292616392, 22.61963074046944300 ) ) ;
#6043 = EDGE_CURVE ( 'NONE', #4379, #2093, #7044, .T. ) ;
#6044 = CARTESIAN_POINT ( 'NONE',  ( 10.20483515505999783, 13.26411857137959949, 40.30000000000000426 ) ) ;
#6045 = CARTESIAN_POINT ( 'NONE',  ( 24.96846681255483702, -25.73477859817655045, 3.252606517456513302E-16 ) ) ;
#6046 = CARTESIAN_POINT ( 'NONE',  ( 17.07775433671517362, 26.37844405348773336, 23.10000000001391030 ) ) ;
#6047 = EDGE_CURVE ( 'NONE', #1868, #3471, #3072, .T. ) ;
#6048 = LINE ( 'NONE', #5442, #5723 ) ;
#6049 = EDGE_CURVE ( 'NONE', #3566, #7908, #7400, .T. ) ;
#6050 = PLANE ( 'NONE',  #1103 ) ;
#6051 = EDGE_CURVE ( 'NONE', #512, #6398, #1518, .T. ) ;
#6052 = CARTESIAN_POINT ( 'NONE',  ( -27.99418251141283775, 21.93734218562081395, 1.451925663553576699E-13 ) ) ;
#6053 = B_SPLINE_CURVE_WITH_KNOTS ( 'NONE', 3,
 ( #3958, #6391, #2262, #7806, #558 ),
 .UNSPECIFIED., .F., .F.,
 ( 4, 1, 4 ),
 ( 0.000000000000000000, 0.01669133509813689950, 0.03321019182490139721 ),
 .UNSPECIFIED. ) ;
#6054 = ADVANCED_FACE ( 'NONE', ( #2124 ), #5178, .F. ) ;
#6055 = LINE ( 'NONE', #528, #1022 ) ;
#6056 = CARTESIAN_POINT ( 'NONE',  ( -27.87758724018830137, 18.00133852050320016, 15.37816956980479866 ) ) ;
#6057 = CARTESIAN_POINT ( 'NONE',  ( -6.639229152579590121, 17.49805147957830087, 40.30000000000000426 ) ) ;
#6058 = CARTESIAN_POINT ( 'NONE',  ( 21.49999999999999645, 21.49999999999999645, 10.00000000000000000 ) ) ;
#6059 = VERTEX_POINT ( 'NONE', #789 ) ;
#6060 = LINE ( 'NONE', #3100, #193 ) ;
#6061 = DIRECTION ( 'NONE',  ( 0.000000000000000000, -0.03489949670250417496, 0.9993908270190955401 ) ) ;
#6062 = ORIENTED_EDGE ( 'NONE', *, *, #7390, .F. ) ;
#6063 = DIRECTION ( 'NONE',  ( 1.000000000000000000, 0.000000000000000000, 0.000000000000000000 ) ) ;
#6064 = ORIENTED_EDGE ( 'NONE', *, *, #2028, .T. ) ;
#6065 = CARTESIAN_POINT ( 'NONE',  ( 17.87506589300471660, 27.16279106382090447, 0.5177696558161972717 ) ) ;
#6066 = CARTESIAN_POINT ( 'NONE',  ( -9.650064367965448753, 15.60762795477450027, 40.30000000000000426 ) ) ;
#6067 = CARTESIAN_POINT ( 'NONE',  ( 11.16963982970500169, 14.43372660274629915, 40.30000000000000426 ) ) ;
#6068 = CARTESIAN_POINT ( 'NONE',  ( 5.792000510481730480, 15.40169536084199997, 40.30000000000000426 ) ) ;
#6069 = VECTOR ( 'NONE', #427, 1000.000000000000227 ) ;
#6070 = EDGE_CURVE ( 'NONE', #5301, #428, #1312, .T. ) ;
#6071 = ORIENTED_EDGE ( 'NONE', *, *, #4625, .F. ) ;
#6072 = B_SPLINE_CURVE_WITH_KNOTS ( 'NONE', 3,
 ( #6355, #6394, #5257, #4628, #4665 ),
 .UNSPECIFIED., .F., .F.,
 ( 4, 1, 4 ),
 ( 0.000000000000000000, 0.01840137058614699922, 0.03300121882020300157 ),
 .UNSPECIFIED. ) ;
#6073 = CARTESIAN_POINT ( 'NONE',  ( -10.06819412046579920, 14.65068935414949891, 41.30000000000000426 ) ) ;
#6074 = VECTOR ( 'NONE', #1811, 1000.000000000000000 ) ;
#6075 = FACE_OUTER_BOUND ( 'NONE', #6973, .T. ) ;
#6076 = CARTESIAN_POINT ( 'NONE',  ( -10.01672806291900031, 14.19011401372779879, 40.30000000000000426 ) ) ;
#6077 = LINE ( 'NONE', #5959, #2485 ) ;
#6078 = ORIENTED_EDGE ( 'NONE', *, *, #2260, .F. ) ;
#6079 = DIRECTION ( 'NONE',  ( 0.000000000000000000, -1.000000000000000000, 3.506929592249540258E-15 ) ) ;
#6080 = CARTESIAN_POINT ( 'NONE',  ( 4.249650233759119544, 14.71656908516860085, 40.30000000000000426 ) ) ;
#6081 = EDGE_LOOP ( 'NONE', ( #3028, #4338, #4244, #7510 ) ) ;
#6082 = EDGE_LOOP ( 'NONE', ( #5820, #7385, #5497, #2045, #1166, #3354 ) ) ;
#6083 = CARTESIAN_POINT ( 'NONE',  ( -17.63087773559610838, -27.62478600578701560, 22.61744974835124822 ) ) ;
#6084 = ORIENTED_EDGE ( 'NONE', *, *, #2683, .F. ) ;
#6085 = EDGE_LOOP ( 'NONE', ( #7827, #5738, #1966, #6190, #7299, #5989 ) ) ;
#6086 = ADVANCED_FACE ( 'NONE', ( #7624 ), #7042, .T. ) ;
#6087 = DIRECTION ( 'NONE',  ( 0.000000000000000000, 0.000000000000000000, -1.000000000000000000 ) ) ;
#6088 = CARTESIAN_POINT ( 'NONE',  ( 22.90743307396310513, -26.57477089535924719, 22.62338070002331136 ) ) ;
#6089 = CARTESIAN_POINT ( 'NONE',  ( -6.453184937920749320, 17.97332015037380160, 40.30000000000000426 ) ) ;
#6090 = EDGE_CURVE ( 'NONE', #834, #5427, #771, .T. ) ;
#6091 = CARTESIAN_POINT ( 'NONE',  ( 23.68188122116970362, -26.78351115837589802, 0.000000000000000000 ) ) ;
#6092 = CARTESIAN_POINT ( 'NONE',  ( -8.925692121915529853, 13.91777915721299941, 41.30000000000000426 ) ) ;
#6093 = ORIENTED_EDGE ( 'NONE', *, *, #6505, .F. ) ;
#6094 = PLANE ( 'NONE',  #6902 ) ;
#6095 = DIRECTION ( 'NONE',  ( 0.000000000000000000, 0.000000000000000000, -1.000000000000000000 ) ) ;
#6096 = CARTESIAN_POINT ( 'NONE',  ( -26.82729886582953327, 24.55878002010661731, -1.892592276112810579E-13 ) ) ;
#6097 = CARTESIAN_POINT ( 'NONE',  ( -9.386214620165368672, 14.11889735519109834, 41.30000000000000426 ) ) ;
#6098 = CARTESIAN_POINT ( 'NONE',  ( 25.72109492490250204, -20.95845787603078847, 23.09999999999999787 ) ) ;
#6099 = VECTOR ( 'NONE', #6193, 1000.000000000000000 ) ;
#6100 = LINE ( 'NONE', #3051, #259 ) ;
#6101 = DIRECTION ( 'NONE',  ( 1.000000000000000000, 0.000000000000000000, 0.000000000000000000 ) ) ;
#6102 = CARTESIAN_POINT ( 'NONE',  ( -17.63087773559610838, -27.60793497968099786, 23.10000000000000142 ) ) ;
#6103 = DIRECTION ( 'NONE',  ( -0.000000000000000000, -0.000000000000000000, -1.000000000000000000 ) ) ;
#6104 = CYLINDRICAL_SURFACE ( 'NONE', #6540, 10.00000000000000000 ) ;
#6105 = ORIENTED_EDGE ( 'NONE', *, *, #5653, .T. ) ;
#6106 = CARTESIAN_POINT ( 'NONE',  ( 2.847589108164529481, 18.57517701831429946, 41.30000000000000426 ) ) ;
#6107 = CARTESIAN_POINT ( 'NONE',  ( -5.758715584374089147, 16.65427505637470063, 40.30000000000000426 ) ) ;
#6108 = AXIS2_PLACEMENT_3D ( 'NONE', #7495, #4442, #7382 ) ;
#6109 = ORIENTED_EDGE ( 'NONE', *, *, #1449, .F. ) ;
#6110 = ADVANCED_FACE ( 'NONE', ( #77 ), #1340, .F. ) ;
#6111 = EDGE_CURVE ( 'NONE', #4882, #7821, #2266, .T. ) ;
#6112 = ADVANCED_FACE ( 'NONE', ( #2638 ), #2216, .F. ) ;
#6113 = ADVANCED_FACE ( 'NONE', ( #162 ), #3210, .F. ) ;
#6114 = VECTOR ( 'NONE', #7284, 1000.000000000000000 ) ;
#6115 = CARTESIAN_POINT ( 'NONE',  ( -10.01672806291900031, 14.19011401372779879, 40.30000000000000426 ) ) ;
#6116 = CARTESIAN_POINT ( 'NONE',  ( -2.661605698174729806, 32.02059926581819838, 8.079537983639850651 ) ) ;
#6117 = CARTESIAN_POINT ( 'NONE',  ( 6.509935011486049916, 16.42116421461409814, 41.30000000000000426 ) ) ;
#6118 = PLANE ( 'NONE',  #7140 ) ;
#6119 = ORIENTED_EDGE ( 'NONE', *, *, #2614, .F. ) ;
#6120 = VERTEX_POINT ( 'NONE', #4503 ) ;
#6121 = CARTESIAN_POINT ( 'NONE',  ( 11.76127926140800106, 13.95315373228410039, 40.30000000000000426 ) ) ;
#6122 = CARTESIAN_POINT ( 'NONE',  ( 11.74654551350250031, 13.86191904050050105, 40.30000000000000426 ) ) ;
#6123 = VECTOR ( 'NONE', #4943, 1000.000000000000227 ) ;
#6124 = EDGE_CURVE ( 'NONE', #2005, #2375, #1599, .T. ) ;
#6125 = ORIENTED_EDGE ( 'NONE', *, *, #4673, .T. ) ;
#6126 = CARTESIAN_POINT ( 'NONE',  ( -10.06819412046579920, 14.65068935414949891, 40.30000000000000426 ) ) ;
#6127 = DIRECTION ( 'NONE',  ( 1.000000000000000000, 0.000000000000000000, 0.000000000000000000 ) ) ;
#6128 = ORIENTED_EDGE ( 'NONE', *, *, #7246, .F. ) ;
#6129 = DIRECTION ( 'NONE',  ( 0.04927280196613847280, 0.9987853578153844669, 0.000000000000000000 ) ) ;
#6130 = LINE ( 'NONE', #7950, #2057 ) ;
#6131 = ORIENTED_EDGE ( 'NONE', *, *, #963, .F. ) ;
#6132 = ADVANCED_FACE ( 'NONE', ( #6829 ), #6869, .T. ) ;
#6133 = VERTEX_POINT ( 'NONE', #3165 ) ;
#6134 = CARTESIAN_POINT ( 'NONE',  ( 8.172995640601749656, 12.78766205430570047, 41.30000000000000426 ) ) ;
#6135 = FACE_OUTER_BOUND ( 'NONE', #1309, .T. ) ;
#6136 = CARTESIAN_POINT ( 'NONE',  ( 18.52615862076406472, -28.39918094544796290, -2.579981036963173285E-13 ) ) ;
#6137 = VECTOR ( 'NONE', #4326, 1000.000000000000000 ) ;
#6138 = CARTESIAN_POINT ( 'NONE',  ( 23.62378575148348148, 24.91205582993832479, 22.62428933863688485 ) ) ;
#6139 = VERTEX_POINT ( 'NONE', #1377 ) ;
#6140 = CARTESIAN_POINT ( 'NONE',  ( 3.224129114692329878, 18.01373973556029640, 40.30000000000000426 ) ) ;
#6141 = CARTESIAN_POINT ( 'NONE',  ( -27.23249574511449822, 23.94989097772904074, -3.930019218628576917E-13 ) ) ;
#6142 = CARTESIAN_POINT ( 'NONE',  ( 25.35920833251943307, -24.05889630859411454, 23.09999999999885389 ) ) ;
#6143 = VECTOR ( 'NONE', #7073, 1000.000000000000000 ) ;
#6144 = CARTESIAN_POINT ( 'NONE',  ( -1.161605698174730028, 32.37904819420074887, 7.945519420939885613 ) ) ;
#6145 = DIRECTION ( 'NONE',  ( 0.000000000000000000, 0.000000000000000000, -1.000000000000000000 ) ) ;
#6146 = CARTESIAN_POINT ( 'NONE',  ( -27.48591164005314980, -23.04215360814761837, 0.000000000000000000 ) ) ;
#6147 = CARTESIAN_POINT ( 'NONE',  ( -9.875672825965400747, 12.46497071683210045, 40.30000000000000426 ) ) ;
#6148 = CIRCLE ( 'NONE', #6411, 0.5000000000000000000 ) ;
#6149 = VERTEX_POINT ( 'NONE', #808 ) ;
#6150 = DIRECTION ( 'NONE',  ( -0.8478911321297495363, -0.5301703764411318520, 0.000000000000000000 ) ) ;
#6151 = CARTESIAN_POINT ( 'NONE',  ( -27.50044469284834392, 19.11155076627335347, 23.10000000000000142 ) ) ;
#6152 = ORIENTED_EDGE ( 'NONE', *, *, #2997, .F. ) ;
#6153 = CARTESIAN_POINT ( 'NONE',  ( -8.146923488539970393, 13.54592516046809969, 41.30000000000000426 ) ) ;
#6154 = CARTESIAN_POINT ( 'NONE',  ( 3.422347886759169899, 18.39172723067869697, 41.30000000000000426 ) ) ;
#6155 = DIRECTION ( 'NONE',  ( 1.000000000000000000, 0.000000000000000000, 0.000000000000000000 ) ) ;
#6156 = FACE_OUTER_BOUND ( 'NONE', #5492, .T. ) ;
#6157 = ORIENTED_EDGE ( 'NONE', *, *, #3714, .T. ) ;
#6158 = ORIENTED_EDGE ( 'NONE', *, *, #5248, .T. ) ;
#6159 = EDGE_CURVE ( 'NONE', #1526, #1119, #3867, .T. ) ;
#6160 =( NAMED_UNIT ( * ) SI_UNIT ( $, .STERADIAN. ) SOLID_ANGLE_UNIT ( ) );
#6161 = ORIENTED_EDGE ( 'NONE', *, *, #5242, .T. ) ;
#6162 = CARTESIAN_POINT ( 'NONE',  ( -23.50000000000000355, 21.50000000000000355, 2.168404344971008868E-16 ) ) ;
#6163 = CARTESIAN_POINT ( 'NONE',  ( 3.612859788535689898, 17.41994487467379926, 41.30000000000000426 ) ) ;
#6164 = ORIENTED_EDGE ( 'NONE', *, *, #35, .F. ) ;
#6165 = DIRECTION ( 'NONE',  ( -0.06894096229339170823, -0.9976207414233432269, 0.000000000000000000 ) ) ;
#6166 = VECTOR ( 'NONE', #5768, 1000.000000000000000 ) ;
#6167 = CARTESIAN_POINT ( 'NONE',  ( -8.925692121915529853, 13.91777915721299941, 41.30000000000000426 ) ) ;
#6168 = ORIENTED_EDGE ( 'NONE', *, *, #5771, .F. ) ;
#6169 = CARTESIAN_POINT ( 'NONE',  ( -26.41014611711768723, -24.45013265931914503, 22.62382966121897709 ) ) ;
#6170 = ORIENTED_EDGE ( 'NONE', *, *, #3362, .T. ) ;
#6171 = ORIENTED_EDGE ( 'NONE', *, *, #4506, .T. ) ;
#6172 = VECTOR ( 'NONE', #3532, 1000.000000000000000 ) ;
#6173 = FACE_OUTER_BOUND ( 'NONE', #7163, .T. ) ;
#6174 = DIRECTION ( 'NONE',  ( -0.5953237270209262855, -0.8034859426560702067, 0.000000000000000000 ) ) ;
#6175 = LINE ( 'NONE', #3159, #6615 ) ;
#6176 = CARTESIAN_POINT ( 'NONE',  ( 6.908245436722370236, 16.59252888148069971, 40.30000000000000426 ) ) ;
#6177 = CARTESIAN_POINT ( 'NONE',  ( 23.77169847863945051, 24.80576737610810767, 22.62441709171751469 ) ) ;
#6178 = ORIENTED_EDGE ( 'NONE', *, *, #7030, .F. ) ;
#6179 = CARTESIAN_POINT ( 'NONE',  ( -5.733329487999350604, 17.16037439629429784, 40.30000000000000426 ) ) ;
#6180 = CARTESIAN_POINT ( 'NONE',  ( 19.99999999999999289, -21.50000000000000000, 0.5000000000000004441 ) ) ;
#6181 = CARTESIAN_POINT ( 'NONE',  ( 19.11000881306901178, -27.52000230638607903, 22.61900824906204832 ) ) ;
#6182 = B_SPLINE_CURVE_WITH_KNOTS ( 'NONE', 3,
 ( #1973, #5590, #1362, #4449, #4967 ),
 .UNSPECIFIED., .F., .F.,
 ( 4, 1, 4 ),
 ( 0.000000000000000000, 0.02544746342518139706, 0.05188151922536529681 ),
 .UNSPECIFIED. ) ;
#6183 = VECTOR ( 'NONE', #1353, 1000.000000000000000 ) ;
#6184 = CARTESIAN_POINT ( 'NONE',  ( -24.63035597634360130, 26.09620005400140030, 7.759755485979839662 ) ) ;
#6185 = CARTESIAN_POINT ( 'NONE',  ( -27.38807345006565441, -24.82328954179604708, 0.5232597523403970108 ) ) ;
#6186 = ORIENTED_EDGE ( 'NONE', *, *, #4538, .F. ) ;
#6187 = CARTESIAN_POINT ( 'NONE',  ( 6.876665505974150605, 17.39154306581720277, 41.30000000000000426 ) ) ;
#6188 = CARTESIAN_POINT ( 'NONE',  ( -26.71389800746174714, 21.04739843235078212, 23.09999999999998721 ) ) ;
#6189 = VERTEX_POINT ( 'NONE', #3298 ) ;
#6190 = ORIENTED_EDGE ( 'NONE', *, *, #1085, .F. ) ;
#6191 = EDGE_CURVE ( 'NONE', #3519, #4331, #2960, .T. ) ;
#6192 = EDGE_CURVE ( 'NONE', #5667, #5543, #4465, .T. ) ;
#6193 = DIRECTION ( 'NONE',  ( 0.000000000000000000, 0.000000000000000000, -1.000000000000000000 ) ) ;
#6194 = FACE_OUTER_BOUND ( 'NONE', #7619, .T. ) ;
#6195 = CARTESIAN_POINT ( 'NONE',  ( -28.13928534296550765, 16.91616756289371182, 7.884116415017908608 ) ) ;
#6196 = VECTOR ( 'NONE', #3523, 1000.000000000000000 ) ;
#6197 = CARTESIAN_POINT ( 'NONE',  ( 26.56488744417472603, 19.83508705251243853, -2.818925648462313895E-15 ) ) ;
#6198 = ORIENTED_EDGE ( 'NONE', *, *, #1745, .T. ) ;
#6199 = CARTESIAN_POINT ( 'NONE',  ( 27.19095916546050162, 18.54391995565629969, -0.1593298338457369845 ) ) ;
#6200 = VERTEX_POINT ( 'NONE', #2426 ) ;
#6201 = CARTESIAN_POINT ( 'NONE',  ( 11.13136505507829987, 14.95174774934160133, 41.30000000000000426 ) ) ;
#6202 = DIRECTION ( 'NONE',  ( 0.000000000000000000, 0.000000000000000000, -1.000000000000000000 ) ) ;
#6203 = ORIENTED_EDGE ( 'NONE', *, *, #1924, .T. ) ;
#6204 = CARTESIAN_POINT ( 'NONE',  ( 6.887860201077399935, 16.19458089575759985, 41.30000000000000426 ) ) ;
#6205 = CARTESIAN_POINT ( 'NONE',  ( 9.872559396403879362, 12.43467658368009943, 41.30000000000000426 ) ) ;
#6206 = VECTOR ( 'NONE', #645, 1000.000000000000000 ) ;
#6207 = EDGE_CURVE ( 'NONE', #7297, #5463, #3771, .T. ) ;
#6208 = DIRECTION ( 'NONE',  ( 0.000000000000000000, 0.000000000000000000, -1.000000000000000000 ) ) ;
#6209 = ORIENTED_EDGE ( 'NONE', *, *, #6609, .T. ) ;
#6210 = FACE_OUTER_BOUND ( 'NONE', #4642, .T. ) ;
#6211 = CARTESIAN_POINT ( 'NONE',  ( 9.727103702786269679, 13.54974085977739939, 40.30000000000000426 ) ) ;
#6212 = CARTESIAN_POINT ( 'NONE',  ( -27.17373947879238116, -22.50033791585431331, 22.62113228480267324 ) ) ;
#6213 = VERTEX_POINT ( 'NONE', #6126 ) ;
#6214 = EDGE_CURVE ( 'NONE', #512, #6602, #7305, .T. ) ;
#6215 = VERTEX_POINT ( 'NONE', #4934 ) ;
#6216 = CARTESIAN_POINT ( 'NONE',  ( -24.95831170748720140, 24.21730692823889441, 23.10000000000000497 ) ) ;
#6217 = DIRECTION ( 'NONE',  ( 1.355854680848613822E-31, 0.9993908270190957621, 0.03489949670250108715 ) ) ;
#6218 = VERTEX_POINT ( 'NONE', #1160 ) ;
#6219 = CARTESIAN_POINT ( 'NONE',  ( -9.731170377294649398, 16.26552939047660118, 40.30000000000000426 ) ) ;
#6220 = CARTESIAN_POINT ( 'NONE',  ( -26.59665931212916234, 24.84764895597134782, 1.903809234890954619E-13 ) ) ;
#6221 = CARTESIAN_POINT ( 'NONE',  ( -10.31204447563439963, 15.85598600389359980, 41.30000000000000426 ) ) ;
#6222 = EDGE_CURVE ( 'NONE', #3680, #747, #7086, .T. ) ;
#6223 = CARTESIAN_POINT ( 'NONE',  ( 9.702203740959820522, 13.57420319284799959, 41.30000000000000426 ) ) ;
#6224 = ADVANCED_FACE ( 'NONE', ( #6210 ), #675, .F. ) ;
#6225 = DIRECTION ( 'NONE',  ( 0.1287323112736019626, -0.9916793796556205853, 0.000000000000000000 ) ) ;
#6226 = CARTESIAN_POINT ( 'NONE',  ( -3.667523178702579933, 15.12333542548280008, 40.30000000000000426 ) ) ;
#6227 = CARTESIAN_POINT ( 'NONE',  ( -24.56752234213121966, -25.73119172598113025, 23.09999999999999432 ) ) ;
#6228 = CARTESIAN_POINT ( 'NONE',  ( -27.79409669419292328, -21.06429699889704210, -5.204170427930421283E-15 ) ) ;
#6229 = VERTEX_POINT ( 'NONE', #4809 ) ;
#6230 = CARTESIAN_POINT ( 'NONE',  ( 26.66763008816431579, -0.6146047549404055621, 0.5000000000000000000 ) ) ;
#6231 = CARTESIAN_POINT ( 'NONE',  ( -27.60839185550658925, 17.75565648826482246, 22.61810016868200535 ) ) ;
#6232 = EDGE_LOOP ( 'NONE', ( #7391, #4041, #1581, #3445 ) ) ;
#6233 = ORIENTED_EDGE ( 'NONE', *, *, #2199, .T. ) ;
#6234 = CARTESIAN_POINT ( 'NONE',  ( 23.67233912117283978, -27.34987975503177182, 0.5233710200365481180 ) ) ;
#6235 = CARTESIAN_POINT ( 'NONE',  ( 3.333170871578770011, 18.43549456033489875, 41.30000000000000426 ) ) ;
#6236 = VECTOR ( 'NONE', #7742, 1000.000000000000000 ) ;
#6237 = DIRECTION ( 'NONE',  ( -0.000000000000000000, -1.000000000000000000, 0.000000000000000000 ) ) ;
#6238 = CARTESIAN_POINT ( 'NONE',  ( 17.17341723148286903, 26.66763008816431935, 0.000000000000000000 ) ) ;
#6239 = ORIENTED_EDGE ( 'NONE', *, *, #1810, .T. ) ;
#6240 = CARTESIAN_POINT ( 'NONE',  ( 4.107108132364670539, 17.29825897329250139, 40.30000000000000426 ) ) ;
#6241 = ORIENTED_EDGE ( 'NONE', *, *, #1734, .F. ) ;
#6242 = CARTESIAN_POINT ( 'NONE',  ( 9.885395245059592995, -0.6146047549404076715, 41.30000000000000426 ) ) ;
#6243 = AXIS2_PLACEMENT_3D ( 'NONE', #5232, #6324, #6284 ) ;
#6244 = DIRECTION ( 'NONE',  ( -0.8034859426560688744, 0.5953237270209279508, 0.000000000000000000 ) ) ;
#6245 = CARTESIAN_POINT ( 'NONE',  ( -18.95925731280750171, -27.60629652261170008, 23.14691927163010376 ) ) ;
#6246 = ORIENTED_EDGE ( 'NONE', *, *, #4905, .T. ) ;
#6247 = CARTESIAN_POINT ( 'NONE',  ( -28.39653501155466486, 1.885395245059547920, 0.5174497483512510154 ) ) ;
#6248 = EDGE_CURVE ( 'NONE', #2236, #3471, #3687, .T. ) ;
#6249 = DIRECTION ( 'NONE',  ( -0.000000000000000000, -0.000000000000000000, -1.000000000000000000 ) ) ;
#6250 = VERTEX_POINT ( 'NONE', #62 ) ;
#6251 = ORIENTED_EDGE ( 'NONE', *, *, #6788, .F. ) ;
#6252 = CARTESIAN_POINT ( 'NONE',  ( -27.12509059227755870, 16.40166822571531213, 23.09999999999999787 ) ) ;
#6253 = CARTESIAN_POINT ( 'NONE',  ( 3.792725247001820232, 18.09618653913380015, 40.30000000000000426 ) ) ;
#6254 = ORIENTED_EDGE ( 'NONE', *, *, #4385, .T. ) ;
#6255 = CARTESIAN_POINT ( 'NONE',  ( -0.6146047549404088928, -0.6146047549404088928, 40.80000000000000426 ) ) ;
#6256 = CARTESIAN_POINT ( 'NONE',  ( -26.19767632243597433, 24.50556908829653580, 6.505213034913026604E-16 ) ) ;
#6257 = DIRECTION ( 'NONE',  ( 0.000000000000000000, 0.000000000000000000, -1.000000000000000000 ) ) ;
#6258 = ADVANCED_FACE ( 'NONE', ( #7345 ), #2376, .T. ) ;
#6259 = DIRECTION ( 'NONE',  ( 0.9835387144896844402, -0.1806975293134328864, 0.000000000000000000 ) ) ;
#6260 = VECTOR ( 'NONE', #7329, 1000.000000000000000 ) ;
#6261 = CARTESIAN_POINT ( 'NONE',  ( 25.89588108239668784, 16.40166822571531924, 23.09999999999999787 ) ) ;
#6262 = CARTESIAN_POINT ( 'NONE',  ( -26.45043901067680991, -24.38045574568498708, 22.62373875269794610 ) ) ;
#6263 = CARTESIAN_POINT ( 'NONE',  ( -23.04835854530955075, -27.48564898230300813, 3.252606517456513302E-16 ) ) ;
#6264 = ORIENTED_EDGE ( 'NONE', *, *, #5059, .T. ) ;
#6265 = DIRECTION ( 'NONE',  ( -0.9456324196049401554, -0.3252373394801191253, 0.000000000000000000 ) ) ;
#6266 = FACE_OUTER_BOUND ( 'NONE', #4495, .T. ) ;
#6267 = ORIENTED_EDGE ( 'NONE', *, *, #6799, .F. ) ;
#6268 = ADVANCED_FACE ( 'NONE', ( #4248 ), #987, .F. ) ;
#6269 = AXIS2_PLACEMENT_3D ( 'NONE', #806, #6298, #3336 ) ;
#6270 = VERTEX_POINT ( 'NONE', #5549 ) ;
#6271 = CARTESIAN_POINT ( 'NONE',  ( 27.16731999831101163, -18.75164256421460962, 0.5175999391239032299 ) ) ;
#6272 = DIRECTION ( 'NONE',  ( -0.3252373394801179596, 0.9456324196049407105, 0.000000000000000000 ) ) ;
#6273 = AXIS2_PLACEMENT_3D ( 'NONE', #5190, #1603, #913 ) ;
#6274 = ADVANCED_FACE ( 'NONE', ( #5468 ), #1635, .F. ) ;
#6275 = LINE ( 'NONE', #6883, #5370 ) ;
#6276 = LINE ( 'NONE', #1355, #5588 ) ;
#6277 = ORIENTED_EDGE ( 'NONE', *, *, #7371, .T. ) ;
#6278 = CARTESIAN_POINT ( 'NONE',  ( 26.09620273091820053, 23.40113926767680397, 7.759755328072679426 ) ) ;
#6279 = EDGE_CURVE ( 'NONE', #6200, #4379, #1245, .T. ) ;
#6280 = VERTEX_POINT ( 'NONE', #635 ) ;
#6281 = B_SPLINE_CURVE_WITH_KNOTS ( 'NONE', 3,
 ( #6626, #5977, #7281, #3544, #7159 ),
 .UNSPECIFIED., .F., .F.,
 ( 4, 1, 4 ),
 ( 0.000000000000000000, 0.04873644705069850314, 0.08699085488451700765 ),
 .UNSPECIFIED. ) ;
#6282 = DIRECTION ( 'NONE',  ( -6.458500438034362395E-15, 1.000000000000000000, -1.387778780781453249E-14 ) ) ;
#6283 = CARTESIAN_POINT ( 'NONE',  ( -9.681315860892119929, 14.96862224024780019, 41.30000000000000426 ) ) ;
#6284 = DIRECTION ( 'NONE',  ( 1.000000000000000000, 0.000000000000000000, 0.000000000000000000 ) ) ;
#6285 = B_SPLINE_SURFACE_WITH_KNOTS ( 'NONE', 3, 1, ( 
 ( #824, #7497 ),
 ( #226, #6240 ),
 ( #1967, #180 ),
 ( #3761, #5153 ),
 ( #1931, #702 ) ),
 .UNSPECIFIED., .F., .F., .F.,
 ( 4, 1, 4 ),
 ( 2, 2 ),
 ( 0.000000000000000000, 0.04027735834994560643, 0.08458061810296360616 ),
 ( 0.000000000000000000, 0.1000000000000000056 ),
 .UNSPECIFIED. ) ;
#6286 = ORIENTED_EDGE ( 'NONE', *, *, #7601, .T. ) ;
#6287 = CARTESIAN_POINT ( 'NONE',  ( -6.179594395282149932, 15.89601457708779719, 40.30000000000000426 ) ) ;
#6288 = ORIENTED_EDGE ( 'NONE', *, *, #5388, .T. ) ;
#6289 = CARTESIAN_POINT ( 'NONE',  ( -21.50000000000000000, 21.50000000000000355, 10.00000000000000000 ) ) ;
#6290 = CARTESIAN_POINT ( 'NONE',  ( -19.03102147590085380, -27.60714843457584777, 22.61812543249969920 ) ) ;
#6291 = FACE_OUTER_BOUND ( 'NONE', #7588, .T. ) ;
#6292 = CARTESIAN_POINT ( 'NONE',  ( 4.005877810691170104, 17.79570029065829928, 41.30000000000000426 ) ) ;
#6293 = CARTESIAN_POINT ( 'NONE',  ( -6.379192066585719800, 17.98851875966670377, 40.30000000000000426 ) ) ;
#6294 = AXIS2_PLACEMENT_3D ( 'NONE', #6230, #4434, #657 ) ;
#6295 = ORIENTED_EDGE ( 'NONE', *, *, #643, .F. ) ;
#6296 = CARTESIAN_POINT ( 'NONE',  ( 22.46738039550260524, 26.09225414703002599, 0.000000000000000000 ) ) ;
#6297 = B_SPLINE_CURVE_WITH_KNOTS ( 'NONE', 3,
 ( #6923, #2046, #4521, #3274, #1434 ),
 .UNSPECIFIED., .F., .F.,
 ( 4, 1, 4 ),
 ( 0.000000000000000000, 0.01890507437174400104, 0.03336406562343360166 ),
 .UNSPECIFIED. ) ;
#6298 = DIRECTION ( 'NONE',  ( 0.000000000000000000, 0.000000000000000000, 1.000000000000000000 ) ) ;
#6299 = CIRCLE ( 'NONE', #1013, 2.000000000000001776 ) ;
#6300 = CARTESIAN_POINT ( 'NONE',  ( 10.50626508731200026, 13.54935279537929915, 40.30000000000000426 ) ) ;
#6301 = FACE_OUTER_BOUND ( 'NONE', #1923, .T. ) ;
#6302 = CARTESIAN_POINT ( 'NONE',  ( -22.38940471773863905, -27.20120236290759763, 22.62095586872788999 ) ) ;
#6303 = CIRCLE ( 'NONE', #2183, 0.5000000000000000000 ) ;
#6304 = CARTESIAN_POINT ( 'NONE',  ( -28.41460475494039528, -18.40262674136375409, -1.084202172485504311E-16 ) ) ;
#6305 = VERTEX_POINT ( 'NONE', #3116 ) ;
#6306 = CARTESIAN_POINT ( 'NONE',  ( -9.026590633715299461, 13.96497961981970093, 40.30000000000000426 ) ) ;
#6307 = ORIENTED_EDGE ( 'NONE', *, *, #2211, .T. ) ;
#6308 = VERTEX_POINT ( 'NONE', #22 ) ;
#6309 = ORIENTED_EDGE ( 'NONE', *, *, #6590, .F. ) ;
#6310 = CARTESIAN_POINT ( 'NONE',  ( 27.16732550167385440, -18.40262674136375765, 0.5174497483512486840 ) ) ;
#6311 = CARTESIAN_POINT ( 'NONE',  ( -18.40262674136375765, 27.16732550167385440, 0.5174497483512511264 ) ) ;
#6312 = LINE ( 'NONE', #622, #4866 ) ;
#6313 = CARTESIAN_POINT ( 'NONE',  ( -9.988248872353601371, 14.70186710639259964, 41.30000000000000426 ) ) ;
#6314 = ORIENTED_EDGE ( 'NONE', *, *, #2199, .F. ) ;
#6315 = CARTESIAN_POINT ( 'NONE',  ( 26.66763008816431579, 17.17341723148286903, 0.000000000000000000 ) ) ;
#6316 = ORIENTED_EDGE ( 'NONE', *, *, #572, .T. ) ;
#6317 = ORIENTED_EDGE ( 'NONE', *, *, #2420, .T. ) ;
#6318 = CARTESIAN_POINT ( 'NONE',  ( 4.051052619698849888, 16.46660864229310306, 40.30000000000000426 ) ) ;
#6319 = ORIENTED_EDGE ( 'NONE', *, *, #7943, .F. ) ;
#6320 = EDGE_CURVE ( 'NONE', #7875, #7487, #4380, .T. ) ;
#6321 = EDGE_CURVE ( 'NONE', #6819, #1998, #6813, .T. ) ;
#6322 = LINE ( 'NONE', #7247, #6604 ) ;
#6323 = CARTESIAN_POINT ( 'NONE',  ( 10.32551870358700086, 12.95779116954750165, 41.30000000000000426 ) ) ;
#6324 = DIRECTION ( 'NONE',  ( 0.000000000000000000, 0.000000000000000000, 1.000000000000000000 ) ) ;
#6325 = CARTESIAN_POINT ( 'NONE',  ( -9.576203527604580046, 14.53032801389129958, 40.30000000000000426 ) ) ;
#6326 = CARTESIAN_POINT ( 'NONE',  ( 3.583626684761619607, 16.56270427653310051, 40.30000000000000426 ) ) ;
#6327 = EDGE_LOOP ( 'NONE', ( #5131, #1453, #1200 ) ) ;
#6328 = FACE_OUTER_BOUND ( 'NONE', #7750, .T. ) ;
#6329 = ORIENTED_EDGE ( 'NONE', *, *, #6191, .T. ) ;
#6330 = CARTESIAN_POINT ( 'NONE',  ( -10.01672806291900031, 14.19011401372779879, 41.30000000000000426 ) ) ;
#6331 = DIRECTION ( 'NONE',  ( -0.5301703764411311859, 0.8478911321297500914, 0.000000000000000000 ) ) ;
#6332 = VERTEX_POINT ( 'NONE', #6408 ) ;
#6333 = LINE ( 'NONE', #2065, #6452 ) ;
#6334 = CARTESIAN_POINT ( 'NONE',  ( 9.702203740959820522, 13.57420319284799959, 40.30000000000000426 ) ) ;
#6335 = VECTOR ( 'NONE', #6927, 1000.000000000000000 ) ;
#6336 = B_SPLINE_SURFACE_WITH_KNOTS ( 'NONE', 3, 1, ( 
 ( #340, #3472 ),
 ( #5817, #1516 ),
 ( #2895, #5899 ),
 ( #7738, #4076 ),
 ( #376, #2856 ) ),
 .UNSPECIFIED., .F., .F., .F.,
 ( 4, 1, 4 ),
 ( 2, 2 ),
 ( 0.000000000000000000, 0.02054540528558339990, 0.03963100698289179907 ),
 ( 0.000000000000000000, 0.1000000000000000056 ),
 .UNSPECIFIED. ) ;
#6337 = VERTEX_POINT ( 'NONE', #4451 ) ;
#6338 = CARTESIAN_POINT ( 'NONE',  ( 4.005877810691170104, 17.79570029065829928, 41.30000000000000426 ) ) ;
#6339 = CARTESIAN_POINT ( 'NONE',  ( -21.11312152181642432, 27.08218806454550176, 5.006485549345601445E-13 ) ) ;
#6340 = CARTESIAN_POINT ( 'NONE',  ( -10.10875181893059960, 15.85710079869119937, 40.30000000000000426 ) ) ;
#6341 = CARTESIAN_POINT ( 'NONE',  ( 10.21383331014000007, 13.71035400205569843, 41.30000000000000426 ) ) ;
#6342 = EDGE_CURVE ( 'NONE', #1229, #6993, #4417, .T. ) ;
#6343 = CARTESIAN_POINT ( 'NONE',  ( 5.475564368647679814, 15.33987289680569965, 41.30000000000000426 ) ) ;
#6344 = CARTESIAN_POINT ( 'NONE',  ( -27.60793497968100141, -17.63087773559611193, 23.10000000000000142 ) ) ;
#6345 = DIRECTION ( 'NONE',  ( -0.000000000000000000, -0.000000000000000000, -1.000000000000000000 ) ) ;
#6346 = ORIENTED_EDGE ( 'NONE', *, *, #2322, .F. ) ;
#6347 = FACE_OUTER_BOUND ( 'NONE', #7095, .T. ) ;
#6348 = CARTESIAN_POINT ( 'NONE',  ( -18.96411193406673235, 25.87996176940372450, 23.10000000000000853 ) ) ;
#6349 = EDGE_CURVE ( 'NONE', #6782, #801, #3368, .T. ) ;
#6350 = VERTEX_POINT ( 'NONE', #5126 ) ;
#6351 = ORIENTED_EDGE ( 'NONE', *, *, #6556, .F. ) ;
#6352 = EDGE_CURVE ( 'NONE', #494, #3776, #7768, .T. ) ;
#6353 = LINE ( 'NONE', #260, #4958 ) ;
#6354 = CARTESIAN_POINT ( 'NONE',  ( -10.02035504606229921, 15.85758553957709793, 40.30000000000000426 ) ) ;
#6355 = CARTESIAN_POINT ( 'NONE',  ( 10.20483515505999783, 13.26411857137959949, 40.30000000000000426 ) ) ;
#6356 = DIRECTION ( 'NONE',  ( -1.000000000000000000, 0.000000000000000000, 0.000000000000000000 ) ) ;
#6357 = VERTEX_POINT ( 'NONE', #1685 ) ;
#6358 = FACE_OUTER_BOUND ( 'NONE', #2687, .T. ) ;
#6359 = ORIENTED_EDGE ( 'NONE', *, *, #4737, .F. ) ;
#6360 = ORIENTED_EDGE ( 'NONE', *, *, #5974, .F. ) ;
#6361 = CARTESIAN_POINT ( 'NONE',  ( 10.99663645060210015, 13.08155772447939924, 41.30000000000000426 ) ) ;
#6362 = ORIENTED_EDGE ( 'NONE', *, *, #4649, .F. ) ;
#6363 = EDGE_CURVE ( 'NONE', #1240, #3376, #7606, .T. ) ;
#6364 = CARTESIAN_POINT ( 'NONE',  ( -10.15431902518030149, 16.30599687082739990, 41.30000000000000426 ) ) ;
#6365 = CARTESIAN_POINT ( 'NONE',  ( 23.36854421895358058, -0.6146047549404060062, 23.58255025164874752 ) ) ;
#6366 = B_SPLINE_CURVE_WITH_KNOTS ( 'NONE', 3,
 ( #477, #5437, #4852, #5285, #7762, #2224, #7148, #5518, #644, #6777, #6216, #7439, #3693, #6739, #2434, #6865, #2595, #1296, #3040, #6821, #4386, #6252 ),
 .UNSPECIFIED., .F., .F.,
 ( 4, 2, 2, 2, 2, 2, 2, 2, 2, 2, 4 ),
 ( 0.000000000000000000, 0.001996899852255332175, 0.003993799704510664350, 0.005990699556765997393, 0.006989149482893660878, 0.007987599409021325231, 0.008986049335148989584, 0.009984499261276653936, 0.01198139911353198264, 0.01397829896578731135, 0.01597519881804264005 ),
 .UNSPECIFIED. ) ;
#6367 = CARTESIAN_POINT ( 'NONE',  ( 22.60914825171309062, -27.82186134157318236, 9.363136978328071829E-13 ) ) ;
#6368 = CARTESIAN_POINT ( 'NONE',  ( 25.72267223886420595, 19.72771510992961552, 23.10000000000000853 ) ) ;
#6369 = EDGE_LOOP ( 'NONE', ( #4975, #6158, #7200 ) ) ;
#6370 = CARTESIAN_POINT ( 'NONE',  ( 2.251984517285699816, 15.12839956717800050, 40.30000000000000426 ) ) ;
#6371 = ORIENTED_EDGE ( 'NONE', *, *, #2624, .T. ) ;
#6372 = CARTESIAN_POINT ( 'NONE',  ( -5.975147764671009831, 15.96898593451559911, 40.30000000000000426 ) ) ;
#6373 = CIRCLE ( 'NONE', #1077, 0.5000000000000004441 ) ;
#6374 = CARTESIAN_POINT ( 'NONE',  ( 3.530325456679110019, 15.45240078051609878, 41.30000000000000426 ) ) ;
#6375 = ORIENTED_EDGE ( 'NONE', *, *, #5180, .T. ) ;
#6376 = CARTESIAN_POINT ( 'NONE',  ( 3.338394301825279964, 27.59313953763729899, 5.923708594440400432 ) ) ;
#6377 = EDGE_CURVE ( 'NONE', #701, #6966, #4047, .T. ) ;
#6378 = CARTESIAN_POINT ( 'NONE',  ( 11.64616093039719935, 14.45146747855840097, 40.30000000000000426 ) ) ;
#6379 = ORIENTED_EDGE ( 'NONE', *, *, #5469, .T. ) ;
#6380 = CARTESIAN_POINT ( 'NONE',  ( 6.745845658655389876, 16.67801250511399758, 40.30000000000000426 ) ) ;
#6381 = CARTESIAN_POINT ( 'NONE',  ( -21.79255456356197840, 26.99059417690667928, 0.5195575156771855552 ) ) ;
#6382 = CARTESIAN_POINT ( 'NONE',  ( 6.509935011486049916, 16.42116421461409814, 41.30000000000000426 ) ) ;
#6383 = DIRECTION ( 'NONE',  ( 0.000000000000000000, 0.000000000000000000, -1.000000000000000000 ) ) ;
#6384 = CARTESIAN_POINT ( 'NONE',  ( -24.83975402875542571, -26.12228506801361405, 23.10000000000056275 ) ) ;
#6385 = CARTESIAN_POINT ( 'NONE',  ( -10.26838636015069994, 12.21941433068429816, 41.30000000000000426 ) ) ;
#6386 = DIRECTION ( 'NONE',  ( 1.000000000000000000, 1.239088197126290817E-16, 0.000000000000000000 ) ) ;
#6387 = CARTESIAN_POINT ( 'NONE',  ( -26.43900710134003873, 23.16578075541241688, 22.62380282178975222 ) ) ;
#6388 = DIRECTION ( 'NONE',  ( 0.9916793796556205853, 0.1287323112736019626, 0.000000000000000000 ) ) ;
#6389 = VERTEX_POINT ( 'NONE', #7828 ) ;
#6390 = ORIENTED_EDGE ( 'NONE', *, *, #1421, .F. ) ;
#6391 = CARTESIAN_POINT ( 'NONE',  ( 10.96932855645020055, 13.55251066744540012, 41.30000000000000426 ) ) ;
#6392 = ADVANCED_FACE ( 'NONE', ( #2742 ), #387, .T. ) ;
#6393 = LINE ( 'NONE', #175, #1941 ) ;
#6394 = CARTESIAN_POINT ( 'NONE',  ( 10.23293787947360123, 13.20936556744800150, 40.30000000000000426 ) ) ;
#6395 = CARTESIAN_POINT ( 'NONE',  ( -10.10875181893059960, 15.85710079869119937, 40.30000000000000426 ) ) ;
#6396 = ORIENTED_EDGE ( 'NONE', *, *, #4695, .F. ) ;
#6397 = CARTESIAN_POINT ( 'NONE',  ( -8.674226803505350247, 14.33969640253310018, 41.30000000000000426 ) ) ;
#6398 = VERTEX_POINT ( 'NONE', #5192 ) ;
#6399 = ORIENTED_EDGE ( 'NONE', *, *, #7741, .F. ) ;
#6400 = CARTESIAN_POINT ( 'NONE',  ( -10.01672806291900031, 14.19011401372779879, 40.30000000000000426 ) ) ;
#6401 = B_SPLINE_SURFACE_WITH_KNOTS ( 'NONE', 3, 1, ( 
 ( #3154, #5597 ),
 ( #66, #7470 ),
 ( #4421, #1939 ),
 ( #2592, #4383 ),
 ( #1292, #6862 ) ),
 .UNSPECIFIED., .F., .F., .F.,
 ( 4, 1, 4 ),
 ( 2, 2 ),
 ( 0.000000000000000000, 0.02487913534454670034, 0.06055678123000800273 ),
 ( 0.000000000000000000, 0.1000000000000000056 ),
 .UNSPECIFIED. ) ;
#6402 = CARTESIAN_POINT ( 'NONE',  ( 26.39557649590623711, 27.18539524505959903, 22.61744974835124822 ) ) ;
#6403 = FACE_OUTER_BOUND ( 'NONE', #4046, .T. ) ;
#6404 = CARTESIAN_POINT ( 'NONE',  ( -9.514966304213819726, 14.53646454633070029, 40.30000000000000426 ) ) ;
#6405 = CARTESIAN_POINT ( 'NONE',  ( 25.77925034088581668, 21.82352576815085143, 23.09999999999535802 ) ) ;
#6406 = EDGE_CURVE ( 'NONE', #1940, #7020, #6487, .T. ) ;
#6407 = ORIENTED_EDGE ( 'NONE', *, *, #5494, .T. ) ;
#6408 = CARTESIAN_POINT ( 'NONE',  ( -5.961347503331850817, 17.47833039295590041, 41.30000000000000426 ) ) ;
#6409 = CARTESIAN_POINT ( 'NONE',  ( -5.708576950000829875, 17.06976599093399827, 40.30000000000000426 ) ) ;
#6410 = ORIENTED_EDGE ( 'NONE', *, *, #5503, .T. ) ;
#6411 = AXIS2_PLACEMENT_3D ( 'NONE', #1275, #6237, #2617 ) ;
#6412 = LINE ( 'NONE', #879, #2674 ) ;
#6413 =( BOUNDED_CURVE ( )  B_SPLINE_CURVE ( 3, ( #173, #5615, #2615, #2577 ),
 .UNSPECIFIED., .F., .F. ) 
 B_SPLINE_CURVE_WITH_KNOTS ( ( 4, 4 ),
 ( 5.497787143782154828, 6.283185307179586232 ),
 .UNSPECIFIED. ) 
 CURVE ( )  GEOMETRIC_REPRESENTATION_ITEM ( )  RATIONAL_B_SPLINE_CURVE ( ( 1.000000000000000000, 0.9492530216741933424, 0.9492530216741933424, 1.000000000000000000 ) ) 
 REPRESENTATION_ITEM ( '' )  );
#6414 = DIRECTION ( 'NONE',  ( -0.000000000000000000, -0.000000000000000000, -1.000000000000000000 ) ) ;
#6415 = ORIENTED_EDGE ( 'NONE', *, *, #3791, .T. ) ;
#6416 = CARTESIAN_POINT ( 'NONE',  ( 2.720929507691979943, 15.52585499005520120, 40.30000000000000426 ) ) ;
#6417 = CARTESIAN_POINT ( 'NONE',  ( 2.176251966430319928, 15.56038403730719999, 41.30000000000000426 ) ) ;
#6418 = ORIENTED_EDGE ( 'NONE', *, *, #1561, .T. ) ;
#6419 = DIRECTION ( 'NONE',  ( 0.000000000000000000, 0.000000000000000000, 1.000000000000000000 ) ) ;
#6420 = CARTESIAN_POINT ( 'NONE',  ( -6.307153727361160200, 16.28891728678519968, 41.30000000000000426 ) ) ;
#6421 = ADVANCED_FACE ( 'NONE', ( #3559 ), #1326, .F. ) ;
#6422 = CARTESIAN_POINT ( 'NONE',  ( -9.251848160358719042, 14.81904947159610053, 41.30000000000000426 ) ) ;
#6423 = CARTESIAN_POINT ( 'NONE',  ( -5.912303378665270337, 17.43632393158489791, 40.30000000000000426 ) ) ;
#6424 = LINE ( 'NONE', #1501, #1089 ) ;
#6425 = B_SPLINE_SURFACE_WITH_KNOTS ( 'NONE', 3, 1, ( 
 ( #3631, #7167 ),
 ( #1027, #7861 ),
 ( #3477, #538 ),
 ( #1803, #2978 ),
 ( #5422, #7895 ) ),
 .UNSPECIFIED., .F., .F., .F.,
 ( 4, 1, 4 ),
 ( 2, 2 ),
 ( 0.000000000000000000, 0.01840137058614699922, 0.03300121882020300157 ),
 ( 0.000000000000000000, 0.1000000000000000056 ),
 .UNSPECIFIED. ) ;
#6426 = DIRECTION ( 'NONE',  ( -1.000000000000000000, 0.000000000000000000, 0.000000000000000000 ) ) ;
#6427 = CARTESIAN_POINT ( 'NONE',  ( -18.30628314163092085, 26.39556645962689174, 22.61773714978819783 ) ) ;
#6428 = ORIENTED_EDGE ( 'NONE', *, *, #3473, .F. ) ;
#6429 = VECTOR ( 'NONE', #2170, 1000.000000000000000 ) ;
#6430 = CARTESIAN_POINT ( 'NONE',  ( 4.090671940752160118, 17.43216810938569949, 41.30000000000000426 ) ) ;
#6431 = CARTESIAN_POINT ( 'NONE',  ( 0.9111075008625759697, 15.37287731696949855, 41.30000000000000426 ) ) ;
#6432 = CARTESIAN_POINT ( 'NONE',  ( -5.379266741844990207, 17.56136821357720024, 40.30000000000000426 ) ) ;
#6433 = CARTESIAN_POINT ( 'NONE',  ( -28.13928534296550765, -18.14537707277450451, 7.884116415017906832 ) ) ;
#6434 = ORIENTED_EDGE ( 'NONE', *, *, #6207, .F. ) ;
#6435 = DIRECTION ( 'NONE',  ( 0.000000000000000000, 0.000000000000000000, -1.000000000000000000 ) ) ;
#6436 = ORIENTED_EDGE ( 'NONE', *, *, #3768, .F. ) ;
#6437 = AXIS2_PLACEMENT_3D ( 'NONE', #1418, #2030, #4392 ) ;
#6438 = CARTESIAN_POINT ( 'NONE',  ( -23.00000000000000355, -21.49999999999999645, 10.00000000000000000 ) ) ;
#6439 = ORIENTED_EDGE ( 'NONE', *, *, #4004, .F. ) ;
#6440 = EDGE_CURVE ( 'NONE', #6398, #1629, #2817, .T. ) ;
#6441 = DIRECTION ( 'NONE',  ( 1.224646799147351235E-16, -1.000000000000000000, 1.107204117234229322E-37 ) ) ;
#6442 = CARTESIAN_POINT ( 'NONE',  ( 7.254167630463329353, 13.41184765586669947, 40.30000000000000426 ) ) ;
#6443 = VECTOR ( 'NONE', #4664, 1000.000000000000000 ) ;
#6444 = DIRECTION ( 'NONE',  ( -0.000000000000000000, -0.000000000000000000, -1.000000000000000000 ) ) ;
#6445 = CARTESIAN_POINT ( 'NONE',  ( 17.10031550120988442, 26.39556599629947442, 22.61775041774936668 ) ) ;
#6446 = CARTESIAN_POINT ( 'NONE',  ( -5.758715584374089147, 16.65427505637470063, 40.30000000000000426 ) ) ;
#6447 = CARTESIAN_POINT ( 'NONE',  ( -5.727486751953139610, 16.73248949976909827, 41.30000000000000426 ) ) ;
#6448 = DIRECTION ( 'NONE',  ( 1.000000000000000000, 0.000000000000000000, 3.506929592249540258E-15 ) ) ;
#6449 = DIRECTION ( 'NONE',  ( 0.000000000000000000, 0.000000000000000000, 1.000000000000000000 ) ) ;
#6450 = VERTEX_POINT ( 'NONE', #6603 ) ;
#6451 = B_SPLINE_CURVE_WITH_KNOTS ( 'NONE', 3,
 ( #4090, #506, #4126, #962, #6570 ),
 .UNSPECIFIED., .F., .F.,
 ( 4, 1, 4 ),
 ( 0.000000000000000000, 0.01669133509813689950, 0.03321019182490139721 ),
 .UNSPECIFIED. ) ;
#6452 = VECTOR ( 'NONE', #802, 1000.000000000000227 ) ;
#6453 = ADVANCED_FACE ( 'NONE', ( #2291 ), #916, .T. ) ;
#6454 = CARTESIAN_POINT ( 'NONE',  ( -10.02035504606229921, 15.85758553957709793, 40.30000000000000426 ) ) ;
#6455 = CARTESIAN_POINT ( 'NONE',  ( 6.509935011486049916, 16.42116421461409814, 41.30000000000000426 ) ) ;
#6456 = FACE_OUTER_BOUND ( 'NONE', #2125, .T. ) ;
#6457 = CARTESIAN_POINT ( 'NONE',  ( -7.652994980072800324, 13.85476936622280064, 40.30000000000000426 ) ) ;
#6458 = AXIS2_PLACEMENT_3D ( 'NONE', #2521, #4019, #4688 ) ;
#6459 = CARTESIAN_POINT ( 'NONE',  ( -0.7786472314460989308, -17.57114877640739792, 41.39999999999999858 ) ) ;
#6460 = CARTESIAN_POINT ( 'NONE',  ( -9.153200567624109496, 14.50907717659450036, 41.30000000000000426 ) ) ;
#6461 = B_SPLINE_CURVE_WITH_KNOTS ( 'NONE', 3,
 ( #5693, #699, #4441, #3758, #3271 ),
 .UNSPECIFIED., .F., .F.,
 ( 4, 1, 4 ),
 ( 0.000000000000000000, 0.02658188604401039851, 0.05652189259859519838 ),
 .UNSPECIFIED. ) ;
#6462 = CARTESIAN_POINT ( 'NONE',  ( 9.727103702786269679, 13.54974085977739939, 40.30000000000000426 ) ) ;
#6463 = LINE ( 'NONE', #3419, #4249 ) ;
#6464 = EDGE_CURVE ( 'NONE', #1641, #6337, #1070, .T. ) ;
#6465 = CARTESIAN_POINT ( 'NONE',  ( -23.83732323727378244, 24.93525870249737153, 23.09999999999999432 ) ) ;
#6466 = ADVANCED_FACE ( 'NONE', ( #2867 ), #5308, .T. ) ;
#6467 = B_SPLINE_SURFACE_WITH_KNOTS ( 'NONE', 3, 1, ( 
 ( #3583, #1627 ),
 ( #6016, #1669 ),
 ( #492, #6551 ),
 ( #5374, #3506 ),
 ( #4827, #5937 ) ),
 .UNSPECIFIED., .F., .F., .F.,
 ( 4, 1, 4 ),
 ( 2, 2 ),
 ( 0.000000000000000000, 0.02544746342518139706, 0.05188151922536529681 ),
 ( 0.000000000000000000, 0.1000000000000000056 ),
 .UNSPECIFIED. ) ;
#6468 = CARTESIAN_POINT ( 'NONE',  ( -19.73586093974500244, 26.65171077386544241, -3.686287386450719809E-15 ) ) ;
#6469 = DIRECTION ( 'NONE',  ( 0.3252373394801200135, -0.9456324196049399333, 0.000000000000000000 ) ) ;
#6470 = CARTESIAN_POINT ( 'NONE',  ( 10.13696777636750035, 13.76605045381189996, 40.30000000000000426 ) ) ;
#6471 = DIRECTION ( 'NONE',  ( 0.000000000000000000, 0.000000000000000000, 1.000000000000000000 ) ) ;
#6472 = CARTESIAN_POINT ( 'NONE',  ( 10.99663645060210015, 13.08155772447939924, 41.30000000000000426 ) ) ;
#6473 = ORIENTED_EDGE ( 'NONE', *, *, #35, .T. ) ;
#6474 = VERTEX_POINT ( 'NONE', #7748 ) ;
#6475 = DIRECTION ( 'NONE',  ( -1.000000000000000000, 0.000000000000000000, 0.000000000000000000 ) ) ;
#6476 = AXIS2_PLACEMENT_3D ( 'NONE', #6560, #5263, #4757 ) ;
#6477 = VERTEX_POINT ( 'NONE', #4643 ) ;
#6478 = CARTESIAN_POINT ( 'NONE',  ( 26.36175020840062899, -18.98392001863538781, 23.09999999999883968 ) ) ;
#6479 = EDGE_LOOP ( 'NONE', ( #532, #1532, #6737, #1821 ) ) ;
#6480 = FACE_OUTER_BOUND ( 'NONE', #4051, .T. ) ;
#6481 = CARTESIAN_POINT ( 'NONE',  ( 10.35720781245700017, 12.35489637887460113, 41.30000000000000426 ) ) ;
#6482 = B_SPLINE_CURVE_WITH_KNOTS ( 'NONE', 3,
 ( #327, #1582, #5249, #3414, #5286 ),
 .UNSPECIFIED., .F., .F.,
 ( 4, 1, 4 ),
 ( 0.000000000000000000, 0.01794880335925769926, 0.03484410743618390066 ),
 .UNSPECIFIED. ) ;
#6483 = EDGE_CURVE ( 'NONE', #1247, #738, #277, .T. ) ;
#6484 = CARTESIAN_POINT ( 'NONE',  ( 26.56358330902570941, -21.06745942730902144, -8.673617379884034486E-16 ) ) ;
#6485 = CARTESIAN_POINT ( 'NONE',  ( 21.27199511017907696, 25.94592963579367151, 22.62109166714678921 ) ) ;
#6486 = ORIENTED_EDGE ( 'NONE', *, *, #3077, .T. ) ;
#6487 = LINE ( 'NONE', #955, #1539 ) ;
#6488 = CARTESIAN_POINT ( 'NONE',  ( 11.33235166125330018, 13.17636322548860051, 40.30000000000000426 ) ) ;
#6489 = ORIENTED_EDGE ( 'NONE', *, *, #115, .T. ) ;
#6490 = DIRECTION ( 'NONE',  ( 1.000000000000000000, 1.224646799147350002E-16, 0.000000000000000000 ) ) ;
#6491 = ORIENTED_EDGE ( 'NONE', *, *, #68, .T. ) ;
#6492 = DIRECTION ( 'NONE',  ( 0.000000000000000000, 0.000000000000000000, -1.000000000000000000 ) ) ;
#6493 = B_SPLINE_SURFACE_WITH_KNOTS ( 'NONE', 3, 3, ( 
 ( #4246, #1812, #547, #7942 ),
 ( #2422, #2910, #4285, #7180 ),
 ( #1647, #5354, #1691, #7833 ),
 ( #4168, #6608, #3191, #7503 ),
 ( #2588, #631, #6892, #672 ),
 ( #60, #3806, #7466, #5510 ),
 ( #1324, #2508, #3769, #6245 ),
 ( #4415, #6853, #707, #1399 ) ),
 .UNSPECIFIED., .F., .F., .F.,
 ( 4, 1, 1, 1, 1, 4 ),
 ( 4, 4 ),
 ( 0.000000000000000000, 0.1428571428571430157, 0.2857142857142860315, 0.5714285714285709528, 0.8571428571428569843, 1.000000000000000000 ),
 ( -0.08275460106382859227, 2.250710682861490231 ),
 .UNSPECIFIED. ) ;
#6494 = CARTESIAN_POINT ( 'NONE',  ( 4.249650233759119544, 14.71656908516860085, 41.30000000000000426 ) ) ;
#6495 = ORIENTED_EDGE ( 'NONE', *, *, #7794, .T. ) ;
#6496 = CARTESIAN_POINT ( 'NONE',  ( 24.83080215664163504, 25.34782242924116602, 0.5246049313276319737 ) ) ;
#6497 = ORIENTED_EDGE ( 'NONE', *, *, #7293, .T. ) ;
#6498 = CARTESIAN_POINT ( 'NONE',  ( -9.116765600404749037, 15.20054778791569916, 41.30000000000000426 ) ) ;
#6499 = ORIENTED_EDGE ( 'NONE', *, *, #1410, .T. ) ;
#6500 = CIRCLE ( 'NONE', #6889, 0.5000000000000004441 ) ;
#6501 = CARTESIAN_POINT ( 'NONE',  ( 3.260212648881379849, 15.80815253307910062, 41.30000000000000426 ) ) ;
#6502 = CARTESIAN_POINT ( 'NONE',  ( 25.27372858529179211, -25.33926946018988602, 6.505213034913026604E-16 ) ) ;
#6503 = CARTESIAN_POINT ( 'NONE',  ( 10.32551870358700086, 12.95779116954750165, 41.30000000000000426 ) ) ;
#6504 = CARTESIAN_POINT ( 'NONE',  ( -5.849583725877619322, 17.94881528947969684, 41.30000000000000426 ) ) ;
#6505 = EDGE_CURVE ( 'NONE', #5088, #5942, #1527, .T. ) ;
#6506 = CARTESIAN_POINT ( 'NONE',  ( -25.78750095177019119, 24.04379069836372551, 23.09999999999884679 ) ) ;
#6507 = DIRECTION ( 'NONE',  ( 0.000000000000000000, 0.000000000000000000, 1.000000000000000000 ) ) ;
#6508 = LINE ( 'NONE', #1708, #4038 ) ;
#6509 = CARTESIAN_POINT ( 'NONE',  ( 10.36956850287059950, 12.66274338891180129, 41.30000000000000426 ) ) ;
#6510 = CARTESIAN_POINT ( 'NONE',  ( -7.003667864041189794, 14.10785803714719933, 40.30000000000000426 ) ) ;
#6511 = CARTESIAN_POINT ( 'NONE',  ( -12.12398264609399945, 15.18703324260019905, 41.30000000000000426 ) ) ;
#6512 = DIRECTION ( 'NONE',  ( 0.000000000000000000, 0.000000000000000000, -1.000000000000000000 ) ) ;
#6513 = ORIENTED_EDGE ( 'NONE', *, *, #948, .F. ) ;
#6514 = DIRECTION ( 'NONE',  ( -6.938893903907222067E-15, 1.000000000000000000, 0.000000000000000000 ) ) ;
#6515 = ORIENTED_EDGE ( 'NONE', *, *, #3435, .T. ) ;
#6516 = CARTESIAN_POINT ( 'NONE',  ( 25.37921765925478823, -24.06876521084481624, 22.62333762482168353 ) ) ;
#6517 = EDGE_LOOP ( 'NONE', ( #6567, #3568, #554, #2404 ) ) ;
#6518 = LINE ( 'NONE', #5303, #6099 ) ;
#6519 = CARTESIAN_POINT ( 'NONE',  ( -9.875672825965390089, 12.46497071683210045, 40.30000000000000426 ) ) ;
#6520 = AXIS2_PLACEMENT_3D ( 'NONE', #169, #2038, #43 ) ;
#6521 = EDGE_CURVE ( 'NONE', #5346, #4275, #6801, .T. ) ;
#6522 = CARTESIAN_POINT ( 'NONE',  ( 2.795644922137920041, 15.10878634749940019, 41.30000000000000426 ) ) ;
#6523 = CYLINDRICAL_SURFACE ( 'NONE', #5745, 1.500000000000001332 ) ;
#6524 = CARTESIAN_POINT ( 'NONE',  ( 7.014628031645649742, 17.33163239135030054, 41.30000000000000426 ) ) ;
#6525 = ORIENTED_EDGE ( 'NONE', *, *, #3537, .T. ) ;
#6526 = DIRECTION ( 'NONE',  ( 0.000000000000000000, 0.000000000000000000, -1.000000000000000000 ) ) ;
#6527 = CARTESIAN_POINT ( 'NONE',  ( -18.42069648474949162, 27.16732550167386506, 0.5174497483512504603 ) ) ;
#6528 = VERTEX_POINT ( 'NONE', #4372 ) ;
#6529 = VERTEX_POINT ( 'NONE', #3722 ) ;
#6530 = CARTESIAN_POINT ( 'NONE',  ( 9.891965025582189597, 12.74116218763160013, 41.30000000000000426 ) ) ;
#6531 = CARTESIAN_POINT ( 'NONE',  ( -6.027023348621650456, 5.436285273646349836, 41.30000000000000426 ) ) ;
#6532 = B_SPLINE_SURFACE_WITH_KNOTS ( 'NONE', 3, 1, ( 
 ( #1583, #4136 ),
 ( #1620, #7110 ),
 ( #362, #4102 ),
 ( #7232, #6582 ),
 ( #6503, #894 ) ),
 .UNSPECIFIED., .F., .F., .F.,
 ( 4, 1, 4 ),
 ( 2, 2 ),
 ( 0.000000000000000000, 0.01840137058614699922, 0.03300121882020300157 ),
 ( 0.000000000000000000, 0.1000000000000000056 ),
 .UNSPECIFIED. ) ;
#6533 = VECTOR ( 'NONE', #7264, 1000.000000000000114 ) ;
#6534 = VERTEX_POINT ( 'NONE', #6725 ) ;
#6535 = CARTESIAN_POINT ( 'NONE',  ( 23.69193862328751976, 25.54550943732993673, 2.168404344971008868E-16 ) ) ;
#6536 = ORIENTED_EDGE ( 'NONE', *, *, #2075, .F. ) ;
#6537 = DIRECTION ( 'NONE',  ( 0.7071067811865480168, -0.02467767077833638370, 0.7066760308408338576 ) ) ;
#6538 = FACE_OUTER_BOUND ( 'NONE', #617, .T. ) ;
#6539 = ADVANCED_FACE ( 'NONE', ( #7899 ), #4839, .F. ) ;
#6540 = AXIS2_PLACEMENT_3D ( 'NONE', #6668, #2453, #531 ) ;
#6541 = DIRECTION ( 'NONE',  ( 0.000000000000000000, 0.9993908270190956511, 0.03489949670250108715 ) ) ;
#6542 = CARTESIAN_POINT ( 'NONE',  ( 24.50085120368877867, -26.21826544432349593, -2.168404344971008868E-16 ) ) ;
#6543 = LINE ( 'NONE', #7843, #7015 ) ;
#6544 = CARTESIAN_POINT ( 'NONE',  ( 22.99999999999999645, -21.50000000000000000, 0.5000000000000004441 ) ) ;
#6545 = CARTESIAN_POINT ( 'NONE',  ( 3.422347886759169899, 18.39172723067869697, 40.30000000000000426 ) ) ;
#6546 = CARTESIAN_POINT ( 'NONE',  ( 10.27926888318410015, 11.22706917977009944, 41.30000000000000426 ) ) ;
#6547 = ADVANCED_FACE ( 'NONE', ( #2368 ), #7295, .T. ) ;
#6548 = CARTESIAN_POINT ( 'NONE',  ( -9.650064367965448753, 15.60762795477450027, 40.30000000000000426 ) ) ;
#6549 = CARTESIAN_POINT ( 'NONE',  ( 10.35720781245700017, 12.35489637887460113, 41.30000000000000426 ) ) ;
#6550 = LINE ( 'NONE', #444, #1248 ) ;
#6551 = CARTESIAN_POINT ( 'NONE',  ( -9.893584768430681464, 16.33342209370299969, 40.30000000000000426 ) ) ;
#6552 = FACE_OUTER_BOUND ( 'NONE', #2535, .T. ) ;
#6553 = ORIENTED_EDGE ( 'NONE', *, *, #2934, .T. ) ;
#6554 = CARTESIAN_POINT ( 'NONE',  ( 16.40166822571530858, 26.39557649590621224, 22.61744974835124466 ) ) ;
#6555 = ORIENTED_EDGE ( 'NONE', *, *, #3742, .F. ) ;
#6556 = EDGE_CURVE ( 'NONE', #2093, #1427, #14, .T. ) ;
#6557 = B_SPLINE_SURFACE_WITH_KNOTS ( 'NONE', 3, 1, ( 
 ( #469, #1037 ),
 ( #7904, #3524 ),
 ( #6689, #4127 ),
 ( #6730, #2987 ),
 ( #5393, #4807 ) ),
 .UNSPECIFIED., .F., .F., .F.,
 ( 4, 1, 4 ),
 ( 2, 2 ),
 ( 0.000000000000000000, 0.01669133509813689950, 0.03321019182490139721 ),
 ( 0.000000000000000000, 0.1000000000000000056 ),
 .UNSPECIFIED. ) ;
#6558 = CARTESIAN_POINT ( 'NONE',  ( 16.40166822571530503, -27.60793497968100141, 23.10000000000000497 ) ) ;
#6559 = ORIENTED_EDGE ( 'NONE', *, *, #5098, .F. ) ;
#6560 = CARTESIAN_POINT ( 'NONE',  ( -0.6146047549404088928, -0.6146047549404088928, 41.30000000000000426 ) ) ;
#6561 = FACE_OUTER_BOUND ( 'NONE', #6858, .T. ) ;
#6562 = FACE_OUTER_BOUND ( 'NONE', #2372, .T. ) ;
#6563 = CARTESIAN_POINT ( 'NONE',  ( -21.50000000000000000, -21.49999999999999645, 0.5000000000000004441 ) ) ;
#6564 = ORIENTED_EDGE ( 'NONE', *, *, #2369, .F. ) ;
#6565 = CARTESIAN_POINT ( 'NONE',  ( -6.307153727361160200, 16.28891728678519968, 41.30000000000000426 ) ) ;
#6566 = VECTOR ( 'NONE', #1898, 1000.000000000000227 ) ;
#6567 = ORIENTED_EDGE ( 'NONE', *, *, #1514, .F. ) ;
#6568 = EDGE_CURVE ( 'NONE', #2658, #5036, #7337, .T. ) ;
#6569 = VECTOR ( 'NONE', #4145, 1000.000000000000000 ) ;
#6570 = CARTESIAN_POINT ( 'NONE',  ( -9.650064367965448753, 15.60762795477450027, 40.30000000000000426 ) ) ;
#6571 = DIRECTION ( 'NONE',  ( 0.8478911321297496473, 0.5301703764411318520, 0.000000000000000000 ) ) ;
#6572 = EDGE_LOOP ( 'NONE', ( #867, #7496, #1396, #2483 ) ) ;
#6573 = CARTESIAN_POINT ( 'NONE',  ( 24.24507233969594822, 25.17667750371397872, 6.505213034913026604E-16 ) ) ;
#6574 = ORIENTED_EDGE ( 'NONE', *, *, #7436, .T. ) ;
#6575 = AXIS2_PLACEMENT_3D ( 'NONE', #6376, #7637, #840 ) ;
#6576 = CARTESIAN_POINT ( 'NONE',  ( 27.16732550167386506, 17.19148697486859234, 0.5174497483512504603 ) ) ;
#6577 = EDGE_CURVE ( 'NONE', #6139, #1025, #4962, .T. ) ;
#6578 = PLANE ( 'NONE',  #3078 ) ;
#6579 = DIRECTION ( 'NONE',  ( -1.388624693425298120E-14, -1.000000000000000000, 0.000000000000000000 ) ) ;
#6580 = CARTESIAN_POINT ( 'NONE',  ( -5.379266741844990207, 17.56136821357720024, 41.30000000000000426 ) ) ;
#6581 = EDGE_CURVE ( 'NONE', #7554, #3889, #5504, .T. ) ;
#6582 = CARTESIAN_POINT ( 'NONE',  ( 10.31258123029240004, 13.00483467933809933, 40.30000000000000426 ) ) ;
#6583 = DIRECTION ( 'NONE',  ( -1.000000000000000000, 9.686556196736619276E-18, -2.773866766889439644E-16 ) ) ;
#6584 = DIRECTION ( 'NONE',  ( 0.000000000000000000, 0.000000000000000000, -1.000000000000000000 ) ) ;
#6585 = DIRECTION ( 'NONE',  ( 1.000000000000000000, 0.000000000000000000, 0.000000000000000000 ) ) ;
#6586 = FACE_OUTER_BOUND ( 'NONE', #7599, .T. ) ;
#6587 = CIRCLE ( 'NONE', #2737, 1.500000000000001332 ) ;
#6588 = AXIS2_PLACEMENT_3D ( 'NONE', #3087, #4780, #8000 ) ;
#6589 = LINE ( 'NONE', #1091, #4528 ) ;
#6590 = EDGE_CURVE ( 'NONE', #5898, #1846, #4647, .T. ) ;
#6591 = CARTESIAN_POINT ( 'NONE',  ( -6.502344391915230837, 17.54578105322720205, 41.30000000000000426 ) ) ;
#6592 = CARTESIAN_POINT ( 'NONE',  ( -10.02035504606229921, 15.85758553957709793, 41.30000000000000426 ) ) ;
#6593 = VERTEX_POINT ( 'NONE', #666 ) ;
#6594 = DIRECTION ( 'NONE',  ( -4.683753385137379155E-16, -0.03489949670250089286, 0.9993908270190957621 ) ) ;
#6595 = VERTEX_POINT ( 'NONE', #5115 ) ;
#6596 = CARTESIAN_POINT ( 'NONE',  ( 24.45201903073533600, -25.42801714718138228, 22.62466030725515509 ) ) ;
#6597 = VERTEX_POINT ( 'NONE', #2004 ) ;
#6598 = CARTESIAN_POINT ( 'NONE',  ( 5.338394301825280408, 32.29979523943820396, 0.08441136748708391591 ) ) ;
#6599 = CARTESIAN_POINT ( 'NONE',  ( 3.063672018094139915, 15.64736861108340094, 40.30000000000000426 ) ) ;
#6600 = CARTESIAN_POINT ( 'NONE',  ( -5.543350294531720124, 17.74580551231959902, 41.30000000000000426 ) ) ;
#6601 = CARTESIAN_POINT ( 'NONE',  ( -5.989415184884140153, 17.98816522621750025, 41.30000000000000426 ) ) ;
#6602 = VERTEX_POINT ( 'NONE', #140 ) ;
#6603 = CARTESIAN_POINT ( 'NONE',  ( -9.561932364724301081, 15.29105642752720051, 40.30000000000000426 ) ) ;
#6604 = VECTOR ( 'NONE', #307, 1000.000000000000000 ) ;
#6605 = ORIENTED_EDGE ( 'NONE', *, *, #4656, .T. ) ;
#6606 = CARTESIAN_POINT ( 'NONE',  ( -28.39652950821200150, 17.52243305433372100, 0.5175999391238995662 ) ) ;
#6607 = CARTESIAN_POINT ( 'NONE',  ( 2.720929507691979943, 15.52585499005520120, 41.30000000000000426 ) ) ;
#6608 = CARTESIAN_POINT ( 'NONE',  ( -27.32540694951160276, -24.63036302922600029, 7.759755640976080393 ) ) ;
#6609 = EDGE_CURVE ( 'NONE', #1119, #1025, #5073, .T. ) ;
#6610 = EDGE_LOOP ( 'NONE', ( #2478, #4474, #4714, #3013 ) ) ;
#6611 = CARTESIAN_POINT ( 'NONE',  ( 26.49442124463532622, 20.49946411569372984, 8.673617379884035472E-16 ) ) ;
#6612 = ORIENTED_EDGE ( 'NONE', *, *, #2489, .F. ) ;
#6613 = FACE_OUTER_BOUND ( 'NONE', #3182, .T. ) ;
#6614 = LINE ( 'NONE', #5404, #5967 ) ;
#6615 = VECTOR ( 'NONE', #7476, 1000.000000000000000 ) ;
#6616 = CARTESIAN_POINT ( 'NONE',  ( 25.59808935594841728, -25.78798952998922900, -2.736384202789337339E-13 ) ) ;
#6617 = CARTESIAN_POINT ( 'NONE',  ( 17.75565634727418285, 26.37918217762409512, 22.61810017438338960 ) ) ;
#6618 = CARTESIAN_POINT ( 'NONE',  ( -18.40262674136366883, -27.89683959804512270, 0.4999999999999947820 ) ) ;
#6619 = CARTESIAN_POINT ( 'NONE',  ( 21.49999999999999645, 21.49999999999999645, 0.000000000000000000 ) ) ;
#6620 = CARTESIAN_POINT ( 'NONE',  ( -28.31006913432788963, 19.88748548078977763, 5.774160787590189299E-13 ) ) ;
#6621 = CARTESIAN_POINT ( 'NONE',  ( 26.65001618737290201, -17.88531742706270222, 15.33125029828540065 ) ) ;
#6622 = AXIS2_PLACEMENT_3D ( 'NONE', #501, #7863, #5424 ) ;
#6623 = LINE ( 'NONE', #1090, #7108 ) ;
#6624 = CARTESIAN_POINT ( 'NONE',  ( -5.286458531868709620, 17.32921775743540138, 41.30000000000000426 ) ) ;
#6625 = CARTESIAN_POINT ( 'NONE',  ( -19.07084765278155913, -27.89683959804512270, 1.283953296258164388E-31 ) ) ;
#6626 = CARTESIAN_POINT ( 'NONE',  ( 3.608399715779140315, 16.68331672076489980, 40.30000000000000426 ) ) ;
#6627 = DIRECTION ( 'NONE',  ( -0.8478911321297495363, -0.5301703764411318520, 0.000000000000000000 ) ) ;
#6628 = EDGE_LOOP ( 'NONE', ( #4867, #2003, #4460, #7139 ) ) ;
#6629 = FACE_BOUND ( 'NONE', #2083, .T. ) ;
#6630 = ORIENTED_EDGE ( 'NONE', *, *, #7416, .T. ) ;
#6631 = EDGE_CURVE ( 'NONE', #747, #6149, #6297, .T. ) ;
#6632 = DIRECTION ( 'NONE',  ( 0.1806975293134328864, 0.9835387144896844402, 0.000000000000000000 ) ) ;
#6633 = CARTESIAN_POINT ( 'NONE',  ( -1.161605698174730028, 32.03804901416949491, 7.579842570130300494 ) ) ;
#6634 = CARTESIAN_POINT ( 'NONE',  ( -20.15588292211535659, -28.35468595164226357, 0.5183677394991202947 ) ) ;
#6635 = CARTESIAN_POINT ( 'NONE',  ( 25.94453051429645285, 21.27112688407603258, 22.62113228667763210 ) ) ;
#6636 = EDGE_CURVE ( 'NONE', #957, #834, #4562, .T. ) ;
#6637 = AXIS2_PLACEMENT_3D ( 'NONE', #1423, #6345, #211 ) ;
#6638 = EDGE_LOOP ( 'NONE', ( #1975, #4561, #1001, #5997 ) ) ;
#6639 = CARTESIAN_POINT ( 'NONE',  ( 1.543548842689169920, 18.81526275905989820, 40.30000000000000426 ) ) ;
#6640 = ORIENTED_EDGE ( 'NONE', *, *, #5706, .T. ) ;
#6641 = CARTESIAN_POINT ( 'NONE',  ( 3.582226832301850461, 17.54499995385240041, 40.30000000000000426 ) ) ;
#6642 = EDGE_CURVE ( 'NONE', #5427, #7759, #53, .T. ) ;
#6643 = AXIS2_PLACEMENT_3D ( 'NONE', #2513, #1328, #4848 ) ;
#6644 = FACE_OUTER_BOUND ( 'NONE', #2220, .T. ) ;
#6645 = FACE_OUTER_BOUND ( 'NONE', #2974, .T. ) ;
#6646 = ORIENTED_EDGE ( 'NONE', *, *, #5762, .F. ) ;
#6647 = DIRECTION ( 'NONE',  ( -0.5953237270209269516, -0.8034859426560697626, 0.000000000000000000 ) ) ;
#6648 = CARTESIAN_POINT ( 'NONE',  ( 27.15124042822578332, 18.52515432790700345, 0.5180900985519181212 ) ) ;
#6649 = VERTEX_POINT ( 'NONE', #6315 ) ;
#6650 = TOROIDAL_SURFACE ( 'NONE', #4610, 1.500000000000000000, 0.5000000000000000000 ) ;
#6651 = VERTEX_POINT ( 'NONE', #5584 ) ;
#6652 = DIRECTION ( 'NONE',  ( 0.000000000000000000, 0.000000000000000000, 1.000000000000000000 ) ) ;
#6653 = VERTEX_POINT ( 'NONE', #3846 ) ;
#6654 = LINE ( 'NONE', #2880, #7574 ) ;
#6655 = CARTESIAN_POINT ( 'NONE',  ( -5.916979979357109620, 17.97328504378209857, 40.30000000000000426 ) ) ;
#6656 = VECTOR ( 'NONE', #5520, 1000.000000000000114 ) ;
#6657 = CARTESIAN_POINT ( 'NONE',  ( -9.464776183982930746, 14.14948149444970049, 40.30000000000000426 ) ) ;
#6658 = CARTESIAN_POINT ( 'NONE',  ( -0.6146047549404088928, -0.6146047549404088928, 23.09999999999999787 ) ) ;
#6659 = CARTESIAN_POINT ( 'NONE',  ( 11.18052965830619883, 13.72677483979160051, 40.30000000000000426 ) ) ;
#6660 = DIRECTION ( 'NONE',  ( 1.000000000000000000, 0.000000000000000000, 0.000000000000000000 ) ) ;
#6661 = CARTESIAN_POINT ( 'NONE',  ( -27.97294932856895500, 21.93194291944526242, 0.5209558768295816655 ) ) ;
#6662 = CARTESIAN_POINT ( 'NONE',  ( 20.41672272825199741, -28.01355734542019604, 7.679567762829220712 ) ) ;
#6663 = ADVANCED_FACE ( 'NONE', ( #6358 ), #6285, .F. ) ;
#6664 =( BOUNDED_SURFACE ( )  B_SPLINE_SURFACE ( 3, 2, ( 
 ( #7681, #7064, #1494 ),
 ( #5135, #3335, #2181 ),
 ( #158, #5675, #5760 ),
 ( #6901, #3412, #2635 ),
 ( #247, #2715, #7642 ),
 ( #4581, #7021, #3983 ),
 ( #5799, #1372, #6296 ),
 ( #5840, #5202, #5996 ),
 ( #2912, #4810, #6535 ),
 ( #5433, #7874, #7757 ),
 ( #5281, #6036, #6573 ),
 ( #6496, #1002, #5314 ),
 ( #3491, #4130, #2256 ),
 ( #472, #1116, #7184 ),
 ( #4209, #2877, #1649 ),
 ( #4730, #2948, #1732 ),
 ( #967, #5920, #5396 ),
 ( #7260, #2827, #5961 ),
 ( #3529, #7223, #7104 ),
 ( #2300, #7907, #6611 ),
 ( #1694, #2219, #3603 ),
 ( #6648, #1040, #2337 ),
 ( #7835, #7798, #3449 ),
 ( #4774, #355, #511 ) ),
 .UNSPECIFIED., .F., .F., .F. ) 
 B_SPLINE_SURFACE_WITH_KNOTS ( ( 4, 2, 2, 2, 2, 2, 2, 2, 2, 2, 2, 4 ),
 ( 3, 3 ),
 ( 0.000000000000000000, 0.001998687990358587532, 0.003997375980717175065, 0.005996063971075762597, 0.006995407966255056363, 0.007495079963844703680, 0.007994751961434350129, 0.008994095956613643028, 0.009993439951792937662, 0.01199212794215152519, 0.01399081593251011273, 0.01598950392286870026 ),
 ( 0.000000000000000000, 1.000000000000000000 ),
 .UNSPECIFIED. ) 
 GEOMETRIC_REPRESENTATION_ITEM ( )  RATIONAL_B_SPLINE_SURFACE ( (
 ( 1.000000000000000000, 0.6946583704589981423, 1.000000000000000000),
 ( 1.000000000000000000, 0.6944492179581530644, 1.000000000000000000),
 ( 1.000000000000000000, 0.6941901292687734371, 1.000000000000000000),
 ( 1.000000000000000000, 0.6935267770489964567, 1.000000000000000000),
 ( 1.000000000000000000, 0.6931467839249647600, 1.000000000000000000),
 ( 1.000000000000000000, 0.6921303153166704636, 1.000000000000000000),
 ( 1.000000000000000000, 0.6914516295880203112, 1.000000000000000000),
 ( 1.000000000000000000, 0.6904074847723750130, 1.000000000000000000),
 ( 1.000000000000000000, 0.6900704553723647772, 1.000000000000000000),
 ( 1.000000000000000000, 0.6897178228824224488, 1.000000000000000000),
 ( 1.000000000000000000, 0.6896251973509626154, 1.000000000000000000),
 ( 1.000000000000000000, 0.6894889944070470289, 1.000000000000000000),
 ( 1.000000000000000000, 0.6894488332062433944, 1.000000000000000000),
 ( 1.000000000000000000, 0.6894438843644846715, 1.000000000000000000),
 ( 1.000000000000000000, 0.6896023154890833506, 1.000000000000000000),
 ( 1.000000000000000000, 0.6901168728271456221, 1.000000000000000000),
 ( 1.000000000000000000, 0.6904638610900929452, 1.000000000000000000),
 ( 1.000000000000000000, 0.6914674435102202699, 1.000000000000000000),
 ( 1.000000000000000000, 0.6921051668053284089, 1.000000000000000000),
 ( 1.000000000000000000, 0.6931397786531312555, 1.000000000000000000),
 ( 1.000000000000000000, 0.6935357677551626798, 1.000000000000000000),
 ( 1.000000000000000000, 0.6941973860734201862, 1.000000000000000000),
 ( 1.000000000000000000, 0.6944514999676113520, 1.000000000000000000),
 ( 1.000000000000000000, 0.6946583704589984753, 1.000000000000000000) ) ) 
 REPRESENTATION_ITEM ( '' )  SURFACE ( )  );
#6665 = CARTESIAN_POINT ( 'NONE',  ( -18.14537707277450806, -28.13928534296550765, 7.884116415017912161 ) ) ;
#6666 = CARTESIAN_POINT ( 'NONE',  ( -22.27660953953962419, -26.71389997653883697, 23.10000000000000142 ) ) ;
#6667 = CYLINDRICAL_SURFACE ( 'NONE', #6793, 0.4999999999999986122 ) ;
#6668 = CARTESIAN_POINT ( 'NONE',  ( -0.6146047549404088928, -0.6146047549404088928, 41.30000000000000426 ) ) ;
#6669 = EDGE_LOOP ( 'NONE', ( #1565, #6062, #3814, #1097, #6808, #5235, #4645, #2536, #7403, #5271, #1069, #3357, #4972, #2359, #6399, #1321, #3155, #2870, #2931 ) ) ;
#6670 = PLANE ( 'NONE',  #7803 ) ;
#6671 = DIRECTION ( 'NONE',  ( 0.5953237270209269516, 0.8034859426560696516, 0.000000000000000000 ) ) ;
#6672 = ORIENTED_EDGE ( 'NONE', *, *, #4364, .F. ) ;
#6673 = ORIENTED_EDGE ( 'NONE', *, *, #6124, .T. ) ;
#6674 = CIRCLE ( 'NONE', #3876, 0.4999999999999995559 ) ;
#6675 = CARTESIAN_POINT ( 'NONE',  ( 26.53642259065932407, 22.70748939963766233, 0.5220177289176604063 ) ) ;
#6676 = CARTESIAN_POINT ( 'NONE',  ( 23.93546385477240079, 25.06465257103319999, 23.31778595456539804 ) ) ;
#6677 = CARTESIAN_POINT ( 'NONE',  ( -18.40262674136375765, -28.39653501155466131, 0.5174497483512534579 ) ) ;
#6678 = CARTESIAN_POINT ( 'NONE',  ( 25.18093513704746655, 23.22092037554497423, 22.62382967427479130 ) ) ;
#6679 = ORIENTED_EDGE ( 'NONE', *, *, #6609, .F. ) ;
#6680 = EDGE_CURVE ( 'NONE', #7513, #3680, #744, .T. ) ;
#6681 = ORIENTED_EDGE ( 'NONE', *, *, #5509, .T. ) ;
#6682 = VECTOR ( 'NONE', #2259, 1000.000000000000000 ) ;
#6683 = CARTESIAN_POINT ( 'NONE',  ( 3.338394301825279964, 32.09039825922320688, 6.080756329601659793 ) ) ;
#6684 = B_SPLINE_CURVE_WITH_KNOTS ( 'NONE', 3,
 ( #6941, #7600, #6338, #767, #805 ),
 .UNSPECIFIED., .F., .F.,
 ( 4, 1, 4 ),
 ( 0.000000000000000000, 0.03600191228799420190, 0.07340084482242630048 ),
 .UNSPECIFIED. ) ;
#6685 = CARTESIAN_POINT ( 'NONE',  ( -24.90154863105371064, 26.12067024515088320, 0.5233710200365463416 ) ) ;
#6686 = ORIENTED_EDGE ( 'NONE', *, *, #6556, .T. ) ;
#6687 = ADVANCED_FACE ( 'NONE', ( #7003 ), #2282, .T. ) ;
#6688 = CARTESIAN_POINT ( 'NONE',  ( 11.58286141436360062, 14.53285187076180129, 41.30000000000000426 ) ) ;
#6689 = CARTESIAN_POINT ( 'NONE',  ( -9.571378679286070223, 15.45930379082989958, 41.30000000000000426 ) ) ;
#6690 = COLOUR_RGB ( '',0.7921568627450980005, 0.8196078431372548767, 0.9333333333333333481 ) ;
#6691 = ORIENTED_EDGE ( 'NONE', *, *, #5511, .F. ) ;
#6692 = CARTESIAN_POINT ( 'NONE',  ( -9.647271237037660541, 15.01904708450610038, 41.30000000000000426 ) ) ;
#6693 = PLANE ( 'NONE',  #1099 ) ;
#6694 = ORIENTED_EDGE ( 'NONE', *, *, #2854, .T. ) ;
#6695 = DIRECTION ( 'NONE',  ( -1.000000000000000000, 0.000000000000000000, 0.000000000000000000 ) ) ;
#6696 = ORIENTED_EDGE ( 'NONE', *, *, #3853, .F. ) ;
#6697 = EDGE_CURVE ( 'NONE', #869, #7934, #4785, .T. ) ;
#6698 = VECTOR ( 'NONE', #7644, 1000.000000000000114 ) ;
#6699 = DIRECTION ( 'NONE',  ( -0.9835387144896844402, 0.1806975293134328864, 0.000000000000000000 ) ) ;
#6700 = DIRECTION ( 'NONE',  ( 1.000000000000000000, -1.387778780781444413E-14, 0.000000000000000000 ) ) ;
#6701 = DIRECTION ( 'NONE',  ( 0.1287323112736009634, -0.9916793796556206964, 0.000000000000000000 ) ) ;
#6702 = CARTESIAN_POINT ( 'NONE',  ( 27.16732550167386506, 17.19148697486859234, 0.5174497483512504603 ) ) ;
#6703 = CARTESIAN_POINT ( 'NONE',  ( 17.75471036055242635, 26.36175003545729112, 23.09999999999074660 ) ) ;
#6704 = CARTESIAN_POINT ( 'NONE',  ( 6.745845658655389876, 16.67801250511399758, 40.30000000000000426 ) ) ;
#6705 = CARTESIAN_POINT ( 'NONE',  ( -28.14683959804511204, 1.885395245059547920, -0.07263636767417129547 ) ) ;
#6706 = CARTESIAN_POINT ( 'NONE',  ( -26.50293809517264521, 24.11005995030814830, 3.252606517456513302E-16 ) ) ;
#6707 = ADVANCED_FACE ( 'NONE', ( #2364 ), #7333, .T. ) ;
#6708 = FACE_OUTER_BOUND ( 'NONE', #7467, .T. ) ;
#6709 = CARTESIAN_POINT ( 'NONE',  ( 22.92018961714574488, 24.77376043100921166, 23.10000000000001918 ) ) ;
#6710 = EDGE_CURVE ( 'NONE', #536, #4767, #4717, .T. ) ;
#6711 = CARTESIAN_POINT ( 'NONE',  ( -18.98486613562568337, -27.60839202217665189, 22.61810016302848325 ) ) ;
#6712 = CARTESIAN_POINT ( 'NONE',  ( -10.15431902518030149, 16.30599687082739990, 40.30000000000000426 ) ) ;
#6713 = CARTESIAN_POINT ( 'NONE',  ( -9.906066169953589906, 14.22069020945520101, 41.30000000000000426 ) ) ;
#6714 = VERTEX_POINT ( 'NONE', #2408 ) ;
#6715 = CARTESIAN_POINT ( 'NONE',  ( -6.359640276280909887, 17.57045269755629846, 40.30000000000000426 ) ) ;
#6716 = CARTESIAN_POINT ( 'NONE',  ( -28.41460475494039883, 26.39557649590623711, 22.61744974835124822 ) ) ;
#6717 = ORIENTED_EDGE ( 'NONE', *, *, #3223, .F. ) ;
#6718 = CARTESIAN_POINT ( 'NONE',  ( 10.50626508731200026, 13.54935279537929915, 41.30000000000000426 ) ) ;
#6719 = LINE ( 'NONE', #4440, #7217 ) ;
#6720 = EDGE_CURVE ( 'NONE', #2746, #3110, #5527, .T. ) ;
#6721 = CARTESIAN_POINT ( 'NONE',  ( 3.792725247001820232, 18.09618653913380015, 40.30000000000000426 ) ) ;
#6722 = CARTESIAN_POINT ( 'NONE',  ( 26.66763008816434066, 17.84057291221935770, 1.540743955509785179E-30 ) ) ;
#6723 = VECTOR ( 'NONE', #5600, 1000.000000000000114 ) ;
#6724 = ORIENTED_EDGE ( 'NONE', *, *, #241, .T. ) ;
#6725 = CARTESIAN_POINT ( 'NONE',  ( 3.394733980665269879, 16.03561544270720063, 41.30000000000000426 ) ) ;
#6726 = ORIENTED_EDGE ( 'NONE', *, *, #633, .T. ) ;
#6727 = SURFACE_STYLE_FILL_AREA ( #3724 ) ;
#6728 = EDGE_CURVE ( 'NONE', #6250, #7908, #499, .T. ) ;
#6729 = FACE_OUTER_BOUND ( 'NONE', #1349, .T. ) ;
#6730 = CARTESIAN_POINT ( 'NONE',  ( -9.623926775238519582, 15.55835804745319884, 41.30000000000000426 ) ) ;
#6731 = CARTESIAN_POINT ( 'NONE',  ( 7.254167630463329353, 13.41184765586669947, 41.30000000000000426 ) ) ;
#6732 = VERTEX_POINT ( 'NONE', #5382 ) ;
#6733 = DIRECTION ( 'NONE',  ( -0.8034859426560696516, 0.5953237270209268406, 0.000000000000000000 ) ) ;
#6734 = CARTESIAN_POINT ( 'NONE',  ( -18.42069648474949162, -27.89683959804511915, 0.000000000000000000 ) ) ;
#6735 = ORIENTED_EDGE ( 'NONE', *, *, #2420, .F. ) ;
#6736 = CARTESIAN_POINT ( 'NONE',  ( 3.530325456679110019, 15.45240078051609878, 41.30000000000000426 ) ) ;
#6737 = ORIENTED_EDGE ( 'NONE', *, *, #1161, .T. ) ;
#6738 = VERTEX_POINT ( 'NONE', #6599 ) ;
#6739 = CARTESIAN_POINT ( 'NONE',  ( -26.00297270731174493, 22.92019151491750861, 23.09999999999999076 ) ) ;
#6740 = CARTESIAN_POINT ( 'NONE',  ( 6.509935011486049916, 16.42116421461409814, 40.30000000000000426 ) ) ;
#6741 = CARTESIAN_POINT ( 'NONE',  ( 21.15522552838078596, 25.95246321934470046, 23.09999999999653042 ) ) ;
#6742 = ORIENTED_EDGE ( 'NONE', *, *, #5692, .T. ) ;
#6743 = CARTESIAN_POINT ( 'NONE',  ( 11.64616093039719935, 14.45146747855840097, 41.30000000000000426 ) ) ;
#6744 = CARTESIAN_POINT ( 'NONE',  ( -28.38014086127456181, 18.52740549402755832, 0.5181001686812003459 ) ) ;
#6745 = CARTESIAN_POINT ( 'NONE',  ( 22.85856503130970196, -26.78282812872920005, 23.29725488963040192 ) ) ;
#6746 = CARTESIAN_POINT ( 'NONE',  ( 24.77376319798629822, -24.14940102517328313, 23.09999999999999787 ) ) ;
#6747 = VECTOR ( 'NONE', #697, 1000.000000000000114 ) ;
#6748 = CARTESIAN_POINT ( 'NONE',  ( -28.21496787761100222, 21.73826466978480099, -0.05494662816353230311 ) ) ;
#6749 = CARTESIAN_POINT ( 'NONE',  ( -26.21735588291889485, -26.47202806887714388, -2.366224829524689408E-13 ) ) ;
#6750 = CARTESIAN_POINT ( 'NONE',  ( 5.748449948378079988, 15.63262024353880086, 40.30000000000000426 ) ) ;
#6751 = EDGE_LOOP ( 'NONE', ( #5548, #1435, #6489, #1971 ) ) ;
#6752 = DIRECTION ( 'NONE',  ( 1.000000000000000000, 0.000000000000000000, 0.000000000000000000 ) ) ;
#6753 = VECTOR ( 'NONE', #3988, 1000.000000000000000 ) ;
#6754 = ORIENTED_EDGE ( 'NONE', *, *, #3082, .F. ) ;
#6755 = ADVANCED_FACE ( 'NONE', ( #6561 ), #6425, .F. ) ;
#6756 = AXIS2_PLACEMENT_3D ( 'NONE', #2237, #3428, #266 ) ;
#6757 = CARTESIAN_POINT ( 'NONE',  ( -21.50000000000000000, 21.50000000000000355, 0.5000000000000004441 ) ) ;
#6758 = DIRECTION ( 'NONE',  ( 0.000000000000000000, 0.000000000000000000, 1.000000000000000000 ) ) ;
#6759 = EDGE_CURVE ( 'NONE', #7944, #6952, #1395, .T. ) ;
#6760 = CARTESIAN_POINT ( 'NONE',  ( 10.91810447372070136, 13.52899262533779989, 41.30000000000000426 ) ) ;
#6761 = DIRECTION ( 'NONE',  ( 0.000000000000000000, 0.000000000000000000, -1.000000000000000000 ) ) ;
#6762 = EDGE_LOOP ( 'NONE', ( #5297, #412, #1465, #1517 ) ) ;
#6763 = CARTESIAN_POINT ( 'NONE',  ( -0.6146047549404088928, -0.6146047549404088928, 23.09999999999999787 ) ) ;
#6764 = EDGE_LOOP ( 'NONE', ( #838, #2751, #6497, #2897, #7669, #3569, #3185, #6922 ) ) ;
#6765 = FACE_OUTER_BOUND ( 'NONE', #1717, .T. ) ;
#6766 = SURFACE_SIDE_STYLE ('',( #6727 ) ) ;
#6767 = CARTESIAN_POINT ( 'NONE',  ( -10.31204447563439963, 15.85598600389359980, 41.30000000000000426 ) ) ;
#6768 = AXIS2_PLACEMENT_3D ( 'NONE', #3294, #3906, #288 ) ;
#6769 = ORIENTED_EDGE ( 'NONE', *, *, #3824, .T. ) ;
#6770 = CARTESIAN_POINT ( 'NONE',  ( -5.543350294531720124, 17.74580551231959902, 40.30000000000000426 ) ) ;
#6771 = DIRECTION ( 'NONE',  ( 0.000000000000000000, 0.000000000000000000, 1.000000000000000000 ) ) ;
#6772 = ORIENTED_EDGE ( 'NONE', *, *, #2976, .T. ) ;
#6773 = PLANE ( 'NONE',  #7725 ) ;
#6774 = EDGE_LOOP ( 'NONE', ( #2367, #6295, #1698, #3549, #3433 ) ) ;
#6775 = ORIENTED_EDGE ( 'NONE', *, *, #4061, .F. ) ;
#6776 = EDGE_CURVE ( 'NONE', #6864, #7226, #2842, .T. ) ;
#6777 = CARTESIAN_POINT ( 'NONE',  ( -24.69855854934367656, 24.42416331268253771, 23.10000000000001208 ) ) ;
#6778 = LINE ( 'NONE', #7512, #6206 ) ;
#6779 = DIRECTION ( 'NONE',  ( 0.000000000000000000, 0.000000000000000000, -1.000000000000000000 ) ) ;
#6780 = AXIS2_PLACEMENT_3D ( 'NONE', #1281, #1238, #7424 ) ;
#6781 = CARTESIAN_POINT ( 'NONE',  ( 16.40166822571531213, 26.39557649590620869, 22.61744974835124822 ) ) ;
#6782 = VERTEX_POINT ( 'NONE', #1637 ) ;
#6783 = CARTESIAN_POINT ( 'NONE',  ( 2.964785200835389656, 18.13376311301610144, 40.30000000000000426 ) ) ;
#6784 = CARTESIAN_POINT ( 'NONE',  ( -27.89683959804511559, 17.17341723148286903, -3.252606517456513302E-16 ) ) ;
#6785 = CARTESIAN_POINT ( 'NONE',  ( 9.529878309948269788, 13.71666961248990013, 40.30000000000000426 ) ) ;
#6786 = CARTESIAN_POINT ( 'NONE',  ( 19.10801164568533039, -27.50179473996814039, 23.09999999999653397 ) ) ;
#6787 = VECTOR ( 'NONE', #4430, 1000.000000000000227 ) ;
#6788 = EDGE_CURVE ( 'NONE', #6534, #6189, #7786, .T. ) ;
#6789 = AXIS2_PLACEMENT_3D ( 'NONE', #4539, #2141, #6419 ) ;
#6790 = CARTESIAN_POINT ( 'NONE',  ( 24.21730536619313057, 23.72910017758204049, 23.09999999999998366 ) ) ;
#6791 = DIRECTION ( 'NONE',  ( -1.000000000000000000, 0.000000000000000000, -1.734723475976805517E-15 ) ) ;
#6792 = DIRECTION ( 'NONE',  ( 0.000000000000000000, 0.000000000000000000, -1.000000000000000000 ) ) ;
#6793 = AXIS2_PLACEMENT_3D ( 'NONE', #1133, #4228, #5450 ) ;
#6794 = EDGE_LOOP ( 'NONE', ( #1283, #6717, #3521, #1187 ) ) ;
#6795 = LINE ( 'NONE', #5648, #4590 ) ;
#6796 = FACE_OUTER_BOUND ( 'NONE', #6794, .T. ) ;
#6797 = EDGE_LOOP ( 'NONE', ( #1955, #4078, #6407, #2257 ) ) ;
#6798 = ORIENTED_EDGE ( 'NONE', *, *, #163, .T. ) ;
#6799 = EDGE_CURVE ( 'NONE', #4531, #4475, #5328, .T. ) ;
#6800 = EDGE_CURVE ( 'NONE', #2005, #3775, #1963, .T. ) ;
#6801 = B_SPLINE_CURVE_WITH_KNOTS ( 'NONE', 3,
 ( #4085, #4762, #7093, #7213, #4722, #995, #7172, #4124, #3520, #422, #4802, #2414, #7935, #4924, #7252, #503, #3023, #7384, #5426, #7865, #2505, #1847 ),
 .UNSPECIFIED., .F., .F.,
 ( 4, 2, 2, 2, 2, 2, 2, 2, 2, 2, 4 ),
 ( 0.000000000000000000, 0.001996899972654948233, 0.003993799945309896467, 0.005990699917964844266, 0.006989149904292320768, 0.007987599890619798138, 0.008986049876947274639, 0.009984499863274752876, 0.01198139983592970935, 0.01397829980858466929, 0.01597519978123962750 ),
 .UNSPECIFIED. ) ;
#6802 = CARTESIAN_POINT ( 'NONE',  ( 26.71801695852900949, 22.03578178078522498, 0.5211234707048326698 ) ) ;
#6803 = CARTESIAN_POINT ( 'NONE',  ( 11.22159897539429885, 13.79451934474860053, 41.30000000000000426 ) ) ;
#6804 = CARTESIAN_POINT ( 'NONE',  ( -10.15431902518030149, 16.30599687082739990, 41.30000000000000426 ) ) ;
#6805 = CARTESIAN_POINT ( 'NONE',  ( 25.19591106398747726, 24.24109622595853608, -8.673617379884039416E-16 ) ) ;
#6806 = ORIENTED_EDGE ( 'NONE', *, *, #4686, .F. ) ;
#6807 = ADVANCED_FACE ( 'NONE', ( #1232 ), #4994, .F. ) ;
#6808 = ORIENTED_EDGE ( 'NONE', *, *, #748, .F. ) ;
#6809 = LINE ( 'NONE', #668, #5358 ) ;
#6810 = VERTEX_POINT ( 'NONE', #7493 ) ;
#6811 = CARTESIAN_POINT ( 'NONE',  ( -10.58694316667890156, 15.69196364208130134, 41.30000000000000426 ) ) ;
#6812 = ORIENTED_EDGE ( 'NONE', *, *, #1521, .F. ) ;
#6813 = LINE ( 'NONE', #1288, #4133 ) ;
#6814 = AXIS2_PLACEMENT_3D ( 'NONE', #6994, #1546, #855 ) ;
#6815 = ADVANCED_FACE ( 'NONE', ( #48 ), #4634, .F. ) ;
#6816 = CARTESIAN_POINT ( 'NONE',  ( -6.565683982065150026, 14.25849660405310004, 40.30000000000000426 ) ) ;
#6817 = ORIENTED_EDGE ( 'NONE', *, *, #2180, .F. ) ;
#6818 = ORIENTED_EDGE ( 'NONE', *, *, #4235, .T. ) ;
#6819 = VERTEX_POINT ( 'NONE', #5655 ) ;
#6820 = VECTOR ( 'NONE', #2107, 1000.000000000000114 ) ;
#6821 = CARTESIAN_POINT ( 'NONE',  ( -27.10887240171222246, 17.73685492590185220, 23.09999999999999432 ) ) ;
#6822 = CARTESIAN_POINT ( 'NONE',  ( 4.090671940752160118, 17.43216810938569949, 41.30000000000000426 ) ) ;
#6823 = EDGE_CURVE ( 'NONE', #6477, #1117, #1273, .T. ) ;
#6824 = DIRECTION ( 'NONE',  ( -1.224646799147351235E-16, 1.000000000000000000, 0.000000000000000000 ) ) ;
#6825 =( GEOMETRIC_REPRESENTATION_CONTEXT ( 3 ) GLOBAL_UNCERTAINTY_ASSIGNED_CONTEXT ( ( #848 ) ) GLOBAL_UNIT_ASSIGNED_CONTEXT ( ( #628, #3070, #6160 ) ) REPRESENTATION_CONTEXT ( 'NONE', 'WORKASPACE' ) );
#6826 = EDGE_CURVE ( 'NONE', #5630, #1641, #6719, .T. ) ;
#6827 = CARTESIAN_POINT ( 'NONE',  ( -21.72867365088743341, 26.49442111706405356, 3.252606517456513302E-16 ) ) ;
#6828 = CARTESIAN_POINT ( 'NONE',  ( -10.31204447563439963, 15.85598600389359980, 40.30000000000000426 ) ) ;
#6829 = FACE_OUTER_BOUND ( 'NONE', #4926, .T. ) ;
#6830 = ADVANCED_FACE ( 'NONE', ( #3106 ), #1012, .F. ) ;
#6831 = EDGE_CURVE ( 'NONE', #5259, #3725, #4410, .T. ) ;
#6832 = VECTOR ( 'NONE', #4697, 1000.000000000000000 ) ;
#6833 = CARTESIAN_POINT ( 'NONE',  ( 19.72924736744687735, 25.72109370466055722, 23.09999999999999787 ) ) ;
#6834 = CARTESIAN_POINT ( 'NONE',  ( -9.647271237037660541, 15.01904708450610038, 40.30000000000000426 ) ) ;
#6835 = CARTESIAN_POINT ( 'NONE',  ( -25.47428569014569533, -26.40589220638763379, 6.505213034913026604E-16 ) ) ;
#6836 = VERTEX_POINT ( 'NONE', #6116 ) ;
#6837 = CARTESIAN_POINT ( 'NONE',  ( -9.464776183982930746, 14.14948149444970049, 40.30000000000000426 ) ) ;
#6838 = DIRECTION ( 'NONE',  ( 0.000000000000000000, 0.000000000000000000, 1.000000000000000000 ) ) ;
#6839 = VERTEX_POINT ( 'NONE', #3756 ) ;
#6840 = B_SPLINE_CURVE_WITH_KNOTS ( 'NONE', 3,
 ( #557, #7953, #1209, #3086, #4497 ),
 .UNSPECIFIED., .F., .F.,
 ( 4, 1, 4 ),
 ( 0.000000000000000000, 0.02833713107237060061, 0.05024488735256919802 ),
 .UNSPECIFIED. ) ;
#6841 = ORIENTED_EDGE ( 'NONE', *, *, #2691, .F. ) ;
#6842 = DIRECTION ( 'NONE',  ( 0.000000000000000000, 0.000000000000000000, -1.000000000000000000 ) ) ;
#6843 = CARTESIAN_POINT ( 'NONE',  ( 10.34223030316899994, 13.19447690547410090, 41.30000000000000426 ) ) ;
#6844 = CARTESIAN_POINT ( 'NONE',  ( -10.48453426098069841, 16.20863447251279865, 41.30000000000000426 ) ) ;
#6845 = TOROIDAL_SURFACE ( 'NONE', #2333, 2.000000000000000888, 0.5000000000000000000 ) ;
#6846 = CARTESIAN_POINT ( 'NONE',  ( -9.246960617351630773, 14.53064746097110138, 40.30000000000000426 ) ) ;
#6847 = VERTEX_POINT ( 'NONE', #581 ) ;
#6848 = DIRECTION ( 'NONE',  ( -0.9172475141792799658, 0.3983177095384179411, 0.000000000000000000 ) ) ;
#6849 = VERTEX_POINT ( 'NONE', #5500 ) ;
#6850 = CARTESIAN_POINT ( 'NONE',  ( 2.715877902717790171, 15.10198686240030064, 40.30000000000000426 ) ) ;
#6851 = VECTOR ( 'NONE', #6441, 1000.000000000000000 ) ;
#6852 = CARTESIAN_POINT ( 'NONE',  ( -9.105387076229220611, 15.31499630522300137, 41.30000000000000426 ) ) ;
#6853 = CARTESIAN_POINT ( 'NONE',  ( -18.15660814464309780, -28.15051641483409739, 7.562500596349470250 ) ) ;
#6854 = AXIS2_PLACEMENT_3D ( 'NONE', #591, #6571, #4206 ) ;
#6855 = CARTESIAN_POINT ( 'NONE',  ( 3.338394301825269750, 32.37904819420074887, 7.945519420939885613 ) ) ;
#6856 = B_SPLINE_CURVE_WITH_KNOTS ( 'NONE', 3,
 ( #3634, #4876, #6067, #5342, #7825 ),
 .UNSPECIFIED., .F., .F.,
 ( 4, 1, 4 ),
 ( 0.000000000000000000, 0.02608123565485459885, 0.05998096439887130177 ),
 .UNSPECIFIED. ) ;
#6857 = ADVANCED_FACE ( 'NONE', ( #6194 ), #9, .T. ) ;
#6858 = EDGE_LOOP ( 'NONE', ( #5026, #3721, #4998, #2102 ) ) ;
#6859 = FACE_OUTER_BOUND ( 'NONE', #7657, .T. ) ;
#6860 = CIRCLE ( 'NONE', #1314, 0.5000000000000004441 ) ;
#6861 = ORIENTED_EDGE ( 'NONE', *, *, #579, .F. ) ;
#6862 = CARTESIAN_POINT ( 'NONE',  ( 2.647685997333140140, 18.19246729135240059, 40.30000000000000426 ) ) ;
#6863 = ORIENTED_EDGE ( 'NONE', *, *, #1171, .T. ) ;
#6864 = VERTEX_POINT ( 'NONE', #93 ) ;
#6865 = CARTESIAN_POINT ( 'NONE',  ( -26.54971716085793787, 21.69563286358407339, 23.10000000000000142 ) ) ;
#6866 = CARTESIAN_POINT ( 'NONE',  ( 3.013494163776559986, 15.61860000757850031, 40.30000000000000426 ) ) ;
#6867 = DIRECTION ( 'NONE',  ( 1.000000000000000000, 1.239088197126290817E-16, 0.000000000000000000 ) ) ;
#6868 = CARTESIAN_POINT ( 'NONE',  ( -10.10875181893059960, 15.85710079869119937, 41.30000000000000426 ) ) ;
#6869 = CYLINDRICAL_SURFACE ( 'NONE', #2064, 0.4999999999999991673 ) ;
#6870 = EDGE_CURVE ( 'NONE', #7508, #5630, #5578, .T. ) ;
#6871 = DIRECTION ( 'NONE',  ( 1.000000000000000000, 0.000000000000000000, 0.000000000000000000 ) ) ;
#6872 = LINE ( 'NONE', #1341, #5484 ) ;
#6873 = CARTESIAN_POINT ( 'NONE',  ( -24.70253668437778316, -25.63414320061912477, 23.10000000000000142 ) ) ;
#6874 = CARTESIAN_POINT ( 'NONE',  ( -28.39653501155466486, -18.40262674136375409, 0.5174497483512486840 ) ) ;
#6875 = ORIENTED_EDGE ( 'NONE', *, *, #4287, .T. ) ;
#6876 = DIRECTION ( 'NONE',  ( 0.000000000000000000, 0.000000000000000000, -1.000000000000000000 ) ) ;
#6877 = CARTESIAN_POINT ( 'NONE',  ( -0.6199099161177559214, 15.38695147968959986, 41.30000000000000426 ) ) ;
#6878 = EDGE_LOOP ( 'NONE', ( #825, #1350, #4123, #6754 ) ) ;
#6879 = ORIENTED_EDGE ( 'NONE', *, *, #2512, .T. ) ;
#6880 = EDGE_CURVE ( 'NONE', #2454, #2942, #3533, .T. ) ;
#6881 = CARTESIAN_POINT ( 'NONE',  ( -6.796362638087650510, 17.88004680616609932, 41.30000000000000426 ) ) ;
#6882 = CARTESIAN_POINT ( 'NONE',  ( 3.333170871578770011, 18.43549456033489875, 40.30000000000000426 ) ) ;
#6883 = CARTESIAN_POINT ( 'NONE',  ( 17.19148697486859234, -28.39653501155466486, 0.5174497483512504603 ) ) ;
#6884 = CARTESIAN_POINT ( 'NONE',  ( 19.83824917783416453, 26.56358253632755151, -6.419766481290751874E-32 ) ) ;
#6885 = ORIENTED_EDGE ( 'NONE', *, *, #3872, .T. ) ;
#6886 = ORIENTED_EDGE ( 'NONE', *, *, #5083, .T. ) ;
#6887 = EDGE_CURVE ( 'NONE', #5944, #886, #3430, .T. ) ;
#6888 = CARTESIAN_POINT ( 'NONE',  ( 11.28618918779309865, 14.08527069939150067, 41.30000000000000426 ) ) ;
#6889 = AXIS2_PLACEMENT_3D ( 'NONE', #8009, #568, #6791 ) ;
#6890 = B_SPLINE_CURVE_WITH_KNOTS ( 'NONE', 3,
 ( #4346, #3047, #3091, #1948, #3781 ),
 .UNSPECIFIED., .F., .F.,
 ( 4, 1, 4 ),
 ( 0.000000000000000000, 0.03010857783255550119, 0.05658265787637040134 ),
 .UNSPECIFIED. ) ;
#6891 = CARTESIAN_POINT ( 'NONE',  ( -27.62477550627896150, 17.10031569814970354, 22.61775041492470351 ) ) ;
#6892 = CARTESIAN_POINT ( 'NONE',  ( -25.43596160381079940, -26.56516294763320118, 15.54903652060770014 ) ) ;
#6893 = DIRECTION ( 'NONE',  ( 0.000000000000000000, 0.000000000000000000, -1.000000000000000000 ) ) ;
#6894 = ORIENTED_EDGE ( 'NONE', *, *, #7238, .F. ) ;
#6895 = LINE ( 'NONE', #3813, #2450 ) ;
#6896 = ORIENTED_EDGE ( 'NONE', *, *, #4712, .T. ) ;
#6897 = EDGE_LOOP ( 'NONE', ( #6329, #577 ) ) ;
#6898 = DIRECTION ( 'NONE',  ( 1.224646799147353207E-16, 1.000000000000000000, -0.000000000000000000 ) ) ;
#6899 = CARTESIAN_POINT ( 'NONE',  ( 3.862868816547879725, 17.99730347761779825, 41.30000000000000426 ) ) ;
#6900 = ORIENTED_EDGE ( 'NONE', *, *, #7179, .T. ) ;
#6901 = CARTESIAN_POINT ( 'NONE',  ( 19.88531297976169299, 27.06120087637701133, 0.5190207195723361977 ) ) ;
#6902 = AXIS2_PLACEMENT_3D ( 'NONE', #562, #7555, #324 ) ;
#6903 = ADVANCED_FACE ( 'NONE', ( #3922 ), #4032, .T. ) ;
#6904 = CARTESIAN_POINT ( 'NONE',  ( -25.16431512512852109, 26.01478306751440428, 1.421511543248855121E-12 ) ) ;
#6905 = CARTESIAN_POINT ( 'NONE',  ( 11.00788154311520017, 14.55888134272720080, 40.30000000000000426 ) ) ;
#6906 = DIRECTION ( 'NONE',  ( 0.000000000000000000, 0.7313537016191707929, -0.6819983600624981435 ) ) ;
#6907 = LINE ( 'NONE', #809, #79 ) ;
#6908 = CARTESIAN_POINT ( 'NONE',  ( -27.02837487496577751, -23.05937116955579924, 22.62187321234636528 ) ) ;
#6909 = CARTESIAN_POINT ( 'NONE',  ( -25.86076728801281277, -26.08580174477344471, 3.252606517456513302E-16 ) ) ;
#6910 = ORIENTED_EDGE ( 'NONE', *, *, #2018, .T. ) ;
#6911 = DIRECTION ( 'NONE',  ( 0.3983177095384179967, 0.9172475141792800768, 0.000000000000000000 ) ) ;
#6912 = CARTESIAN_POINT ( 'NONE',  ( -27.62477583891470090, 17.07822697829568170, 22.61774088948348904 ) ) ;
#6913 = ORIENTED_EDGE ( 'NONE', *, *, #7146, .F. ) ;
#6914 = CLOSED_SHELL ( 'NONE', ( #4893, #6392, #6707, #2349, #7062, #4477, #4055, #641, #1831, #392, #5456, #6466, #3178, #1322, #4108, #1176, #6132, #2509 ) ) ;
#6915 = ORIENTED_EDGE ( 'NONE', *, *, #1869, .F. ) ;
#6916 = ORIENTED_EDGE ( 'NONE', *, *, #6759, .T. ) ;
#6917 = CARTESIAN_POINT ( 'NONE',  ( 3.903971976787460108, 16.01475150743359777, 41.30000000000000426 ) ) ;
#6918 = CARTESIAN_POINT ( 'NONE',  ( -0.1567877880223629838, 15.38064373150580089, 41.30000000000000426 ) ) ;
#6919 = AXIS2_PLACEMENT_3D ( 'NONE', #6343, #2719, #290 ) ;
#6920 = CARTESIAN_POINT ( 'NONE',  ( 3.582226832301850461, 17.54499995385240041, 41.30000000000000426 ) ) ;
#6921 = CARTESIAN_POINT ( 'NONE',  ( -10.48767897564540164, 15.75119108690770098, 40.30000000000000426 ) ) ;
#6922 = ORIENTED_EDGE ( 'NONE', *, *, #2323, .T. ) ;
#6923 = CARTESIAN_POINT ( 'NONE',  ( 9.891103593255460069, 13.02115225395049869, 40.30000000000000426 ) ) ;
#6924 = VERTEX_POINT ( 'NONE', #3423 ) ;
#6925 = ORIENTED_EDGE ( 'NONE', *, *, #90, .F. ) ;
#6926 = ORIENTED_EDGE ( 'NONE', *, *, #2749, .T. ) ;
#6927 = DIRECTION ( 'NONE',  ( -1.000000000000000000, -1.224646799147351235E-16, 0.000000000000000000 ) ) ;
#6928 = EDGE_CURVE ( 'NONE', #5036, #7245, #1006, .T. ) ;
#6929 = EDGE_CURVE ( 'NONE', #7821, #5088, #2800, .T. ) ;
#6930 = CARTESIAN_POINT ( 'NONE',  ( 21.93247648510020298, -27.99420001680467252, 1.631932743645611526E-12 ) ) ;
#6931 = CARTESIAN_POINT ( 'NONE',  ( 23.82986992549983896, 24.81871931096565831, 22.62465252170783359 ) ) ;
#6932 = CARTESIAN_POINT ( 'NONE',  ( -6.459581809727210633, 7.001683049460789121, 41.30000000000000426 ) ) ;
#6933 = VERTEX_POINT ( 'NONE', #7730 ) ;
#6934 = DIRECTION ( 'NONE',  ( -0.8478911321297500914, -0.5301703764411311859, 0.000000000000000000 ) ) ;
#6935 = ORIENTED_EDGE ( 'NONE', *, *, #257, .F. ) ;
#6936 = CARTESIAN_POINT ( 'NONE',  ( -6.661062539739919686, 16.06373133816670062, 40.30000000000000426 ) ) ;
#6937 = B_SPLINE_CURVE_WITH_KNOTS ( 'NONE', 3,
 ( #5159, #2813, #5822, #5264, #3932 ),
 .UNSPECIFIED., .F., .F.,
 ( 4, 1, 4 ),
 ( 0.000000000000000000, 0.02739916541069800301, 0.05527269924275869661 ),
 .UNSPECIFIED. ) ;
#6938 = CARTESIAN_POINT ( 'NONE',  ( 4.062050854815740131, 17.55487336968339918, 40.30000000000000426 ) ) ;
#6939 = TOROIDAL_SURFACE ( 'NONE', #3485, 2.000000000000000888, 0.5000000000000000000 ) ;
#6940 = ORIENTED_EDGE ( 'NONE', *, *, #4557, .T. ) ;
#6941 = CARTESIAN_POINT ( 'NONE',  ( 3.792725247001820232, 18.09618653913380015, 41.30000000000000426 ) ) ;
#6942 = CARTESIAN_POINT ( 'NONE',  ( -23.04215300328307592, 26.25670237112671757, 3.252606517456513302E-16 ) ) ;
#6943 = CARTESIAN_POINT ( 'NONE',  ( 3.857461225503890034, 15.91176389033389960, 41.30000000000000426 ) ) ;
#6944 = VECTOR ( 'NONE', #5239, 1000.000000000000000 ) ;
#6945 = CARTESIAN_POINT ( 'NONE',  ( 10.13696777636750035, 13.76605045381189996, 41.30000000000000426 ) ) ;
#6946 = EDGE_CURVE ( 'NONE', #1195, #5198, #2117, .T. ) ;
#6947 = CARTESIAN_POINT ( 'NONE',  ( -9.648418924712981237, 16.23093750626999920, 40.30000000000000426 ) ) ;
#6948 = CARTESIAN_POINT ( 'NONE',  ( -27.12509059366970732, -18.29801798864060913, 23.09999999999999787 ) ) ;
#6949 = VECTOR ( 'NONE', #7945, 1000.000000000000227 ) ;
#6950 = B_SPLINE_CURVE_WITH_KNOTS ( 'NONE', 3,
 ( #3677, #4798, #3556, #7381, #4238 ),
 .UNSPECIFIED., .F., .F.,
 ( 4, 1, 4 ),
 ( 0.000000000000000000, 0.02419714495423920184, 0.05137750791128990052 ),
 .UNSPECIFIED. ) ;
#6951 = CARTESIAN_POINT ( 'NONE',  ( 4.090671940752160118, 17.43216810938569949, 40.30000000000000426 ) ) ;
#6952 = VERTEX_POINT ( 'NONE', #6354 ) ;
#6953 = CARTESIAN_POINT ( 'NONE',  ( -0.6146047549404088928, -0.6146047549404088928, 23.58255025164874752 ) ) ;
#6954 = CARTESIAN_POINT ( 'NONE',  ( -27.02104381190795479, 19.06650091156219773, 23.09999999999999787 ) ) ;
#6955 = LINE ( 'NONE', #3955, #4991 ) ;
#6956 = B_SPLINE_CURVE_WITH_KNOTS ( 'NONE', 3,
 ( #3565, #4845, #1075, #3075, #7220 ),
 .UNSPECIFIED., .F., .F.,
 ( 4, 1, 4 ),
 ( 0.000000000000000000, 0.01183247495483989893, 0.02306317136571380336 ),
 .UNSPECIFIED. ) ;
#6957 = ORIENTED_EDGE ( 'NONE', *, *, #5699, .T. ) ;
#6958 = ORIENTED_EDGE ( 'NONE', *, *, #6680, .T. ) ;
#6959 = AXIS2_PLACEMENT_3D ( 'NONE', #2888, #5293, #4069 ) ;
#6960 = CARTESIAN_POINT ( 'NONE',  ( 1.441281537410179947, 15.69541414713999927, 40.30000000000000426 ) ) ;
#6961 = CARTESIAN_POINT ( 'NONE',  ( 25.32050765097708478, -22.92484237346486964, 23.10000000000000142 ) ) ;
#6962 = FACE_OUTER_BOUND ( 'NONE', #548, .T. ) ;
#6963 = DIRECTION ( 'NONE',  ( 0.000000000000000000, 0.000000000000000000, -1.000000000000000000 ) ) ;
#6964 = ORIENTED_EDGE ( 'NONE', *, *, #5009, .T. ) ;
#6965 = ORIENTED_EDGE ( 'NONE', *, *, #4617, .F. ) ;
#6966 = VERTEX_POINT ( 'NONE', #4480 ) ;
#6967 = CARTESIAN_POINT ( 'NONE',  ( -10.24421229017490020, 14.06758242428240102, 40.30000000000000426 ) ) ;
#6968 = CARTESIAN_POINT ( 'NONE',  ( 21.49999999999999645, 21.49999999999999645, 0.5000000000000004441 ) ) ;
#6969 = CIRCLE ( 'NONE', #3510, 0.4999999999999996114 ) ;
#6970 = CARTESIAN_POINT ( 'NONE',  ( -9.561932364724301081, 15.29105642752720051, 41.30000000000000426 ) ) ;
#6971 = CARTESIAN_POINT ( 'NONE',  ( 17.84882263751609699, -28.39652497527468356, 0.5177371498067786515 ) ) ;
#6972 = CARTESIAN_POINT ( 'NONE',  ( 26.27258536144205081, 19.10801140356652184, 23.09999999999883968 ) ) ;
#6973 = EDGE_LOOP ( 'NONE', ( #2878, #1356, #2008, #1813 ) ) ;
#6974 = B_SPLINE_CURVE_WITH_KNOTS ( 'NONE', 3,
 ( #1754, #5913, #5453, #4231, #7749 ),
 .UNSPECIFIED., .F., .F.,
 ( 4, 1, 4 ),
 ( 0.000000000000000000, 0.04125262998132869785, 0.07205930488360980102 ),
 .UNSPECIFIED. ) ;
#6975 = CARTESIAN_POINT ( 'NONE',  ( -5.727486751953139610, 16.73248949976909827, 40.30000000000000426 ) ) ;
#6976 = ORIENTED_EDGE ( 'NONE', *, *, #3858, .F. ) ;
#6977 = CARTESIAN_POINT ( 'NONE',  ( -21.88705577679547076, 26.96455444639827803, 0.5196883076501279675 ) ) ;
#6978 = AXIS2_PLACEMENT_3D ( 'NONE', #1210, #3041, #6003 ) ;
#6979 = CARTESIAN_POINT ( 'NONE',  ( 3.583626684761619607, 16.56270427653310051, 40.30000000000000426 ) ) ;
#6980 = CARTESIAN_POINT ( 'NONE',  ( 11.76127926140800106, 13.95315373228410039, 40.30000000000000426 ) ) ;
#6981 = B_SPLINE_SURFACE_WITH_KNOTS ( 'NONE', 3, 1, ( 
 ( #981, #7282 ),
 ( #7199, #2317 ),
 ( #3545, #4188 ),
 ( #3468, #7241 ),
 ( #4666, #4073 ) ),
 .UNSPECIFIED., .F., .F., .F.,
 ( 4, 1, 4 ),
 ( 2, 2 ),
 ( 0.000000000000000000, 0.04185030281210100345, 0.08234808355057680884 ),
 ( 0.000000000000000000, 0.1000000000000000056 ),
 .UNSPECIFIED. ) ;
#6982 = ORIENTED_EDGE ( 'NONE', *, *, #2223, .F. ) ;
#6983 = DIRECTION ( 'NONE',  ( 0.3252373394801179041, -0.9456324196049407105, 0.000000000000000000 ) ) ;
#6984 = FACE_OUTER_BOUND ( 'NONE', #1715, .T. ) ;
#6985 = CARTESIAN_POINT ( 'NONE',  ( 5.338394301825280408, 27.80253651785229962, -0.07263636767417129547 ) ) ;
#6986 = EDGE_CURVE ( 'NONE', #6966, #3601, #7573, .T. ) ;
#6987 = CARTESIAN_POINT ( 'NONE',  ( 0.000000000000000000, 0.000000000000000000, 0.000000000000000000 ) ) ;
#6988 = DIRECTION ( 'NONE',  ( 0.000000000000000000, 0.000000000000000000, -1.000000000000000000 ) ) ;
#6989 = CARTESIAN_POINT ( 'NONE',  ( -9.245204976220421145, 15.86077891719580180, 40.30000000000000426 ) ) ;
#6990 = EDGE_CURVE ( 'NONE', #2195, #6350, #3309, .T. ) ;
#6991 = CARTESIAN_POINT ( 'NONE',  ( -22.92484382837890067, -26.54971965068721573, 23.09999999999998010 ) ) ;
#6992 = CARTESIAN_POINT ( 'NONE',  ( 4.107108132364670539, 17.29825897329250139, 40.30000000000000426 ) ) ;
#6993 = VERTEX_POINT ( 'NONE', #6918 ) ;
#6994 = CARTESIAN_POINT ( 'NONE',  ( -8.674226803505350247, 14.33969640253310018, 41.30000000000000426 ) ) ;
#6995 = CARTESIAN_POINT ( 'NONE',  ( -27.03002845412741451, 21.84231582516532910, 22.62189512157556948 ) ) ;
#6996 = EDGE_LOOP ( 'NONE', ( #6696, #2612, #4596, #1076 ) ) ;
#6997 = VERTEX_POINT ( 'NONE', #3993 ) ;
#6998 = CARTESIAN_POINT ( 'NONE',  ( 19.96384240063833815, -28.27670174670286585, 0.5190992921153599893 ) ) ;
#6999 = PLANE ( 'NONE',  #1149 ) ;
#7000 = CARTESIAN_POINT ( 'NONE',  ( -5.489334050348150029, 17.68508882254600323, 40.30000000000000426 ) ) ;
#7001 = FACE_OUTER_BOUND ( 'NONE', #1632, .T. ) ;
#7002 = ORIENTED_EDGE ( 'NONE', *, *, #6521, .F. ) ;
#7003 = FACE_OUTER_BOUND ( 'NONE', #2995, .T. ) ;
#7004 = EDGE_LOOP ( 'NONE', ( #6078, #5471, #2378, #6084 ) ) ;
#7005 = ADVANCED_FACE ( 'NONE', ( #783 ), #6999, .F. ) ;
#7006 = VERTEX_POINT ( 'NONE', #6311 ) ;
#7007 = CARTESIAN_POINT ( 'NONE',  ( 26.65282616449545472, -17.88812740418526204, 15.25078308168458108 ) ) ;
#7008 = EDGE_LOOP ( 'NONE', ( #5061, #7205, #2559, #5542 ) ) ;
#7009 = AXIS2_PLACEMENT_3D ( 'NONE', #6757, #1272, #3674 ) ;
#7010 = CARTESIAN_POINT ( 'NONE',  ( -26.99491993632662101, 21.94814688564362015, 22.62205171396303527 ) ) ;
#7011 = CARTESIAN_POINT ( 'NONE',  ( 26.49284392740095484, -21.73020688154347724, -3.252606517456511330E-16 ) ) ;
#7012 = CARTESIAN_POINT ( 'NONE',  ( 3.608399715779140315, 16.68331672076489980, 40.30000000000000426 ) ) ;
#7013 = DIRECTION ( 'NONE',  ( 0.01361879042365390230, 0.9999072599733420663, 0.000000000000000000 ) ) ;
#7014 = ORIENTED_EDGE ( 'NONE', *, *, #5170, .F. ) ;
#7015 = VECTOR ( 'NONE', #3538, 1000.000000000000114 ) ;
#7016 = CARTESIAN_POINT ( 'NONE',  ( -6.119445199457490325, 17.57568063723600105, 41.30000000000000426 ) ) ;
#7017 = B_SPLINE_CURVE_WITH_KNOTS ( 'NONE', 3,
 ( #1753, #1096, #1225, #4830, #3625 ),
 .UNSPECIFIED., .F., .F.,
 ( 4, 1, 4 ),
 ( 0.000000000000000000, 0.01840137058614699922, 0.03300121882020300157 ),
 .UNSPECIFIED. ) ;
#7018 = DIRECTION ( 'NONE',  ( 0.000000000000000000, 0.000000000000000000, 1.000000000000000000 ) ) ;
#7019 = CARTESIAN_POINT ( 'NONE',  ( 3.333170871578770011, 18.43549456033489875, 41.30000000000000426 ) ) ;
#7020 = VERTEX_POINT ( 'NONE', #5733 ) ;
#7021 = CARTESIAN_POINT ( 'NONE',  ( 21.93734088519338243, 26.76497094309379676, -2.685356784019088620E-12 ) ) ;
#7022 = CARTESIAN_POINT ( 'NONE',  ( -6.179594395282149932, 15.89601457708779719, 41.30000000000000426 ) ) ;
#7023 = CARTESIAN_POINT ( 'NONE',  ( -6.379192066585719800, 17.98851875966670377, 40.30000000000000426 ) ) ;
#7024 = CARTESIAN_POINT ( 'NONE',  ( 11.76702340454039941, 14.21881589821439995, 40.30000000000000426 ) ) ;
#7025 = CIRCLE ( 'NONE', #708, 10.00000000000000000 ) ;
#7026 = CARTESIAN_POINT ( 'NONE',  ( -27.42945571527513593, -21.01796493990908843, 23.09999999999651621 ) ) ;
#7027 = CARTESIAN_POINT ( 'NONE',  ( 3.348190730664520220, 15.95691518804629894, 40.30000000000000426 ) ) ;
#7028 = LINE ( 'NONE', #2688, #2702 ) ;
#7029 = CARTESIAN_POINT ( 'NONE',  ( -25.63414062374836888, 23.47332527054970086, 23.09999999999999432 ) ) ;
#7030 = EDGE_CURVE ( 'NONE', #4882, #4796, #3270, .T. ) ;
#7031 = ORIENTED_EDGE ( 'NONE', *, *, #5279, .T. ) ;
#7032 = VECTOR ( 'NONE', #5880, 1000.000000000000114 ) ;
#7033 = CARTESIAN_POINT ( 'NONE',  ( -9.251848160358719042, 14.81904947159610053, 40.30000000000000426 ) ) ;
#7034 = CARTESIAN_POINT ( 'NONE',  ( 24.41138504059255254, -24.70689359787979100, 23.10000000000000142 ) ) ;
#7035 = DIRECTION ( 'NONE',  ( 0.000000000000000000, 0.000000000000000000, -1.000000000000000000 ) ) ;
#7036 = FACE_OUTER_BOUND ( 'NONE', #3205, .T. ) ;
#7037 = CIRCLE ( 'NONE', #3712, 23.44869712578019971 ) ;
#7038 = ORIENTED_EDGE ( 'NONE', *, *, #5839, .T. ) ;
#7039 = DIRECTION ( 'NONE',  ( 0.000000000000000000, 0.000000000000000000, 1.000000000000000000 ) ) ;
#7040 = VERTEX_POINT ( 'NONE', #902 ) ;
#7041 = EDGE_CURVE ( 'NONE', #3770, #4456, #6393, .T. ) ;
#7042 =( BOUNDED_SURFACE ( )  B_SPLINE_SURFACE ( 3, 2, ( 
 ( #3277, #304, #5782 ),
 ( #7084, #2735, #5187 ),
 ( #1559, #6478, #341 ),
 ( #1218, #4946, #414 ),
 ( #6098, #4077, #1261 ),
 ( #7820, #3703, #4309 ),
 ( #3745, #7204, #1597 ),
 ( #7406, #6142, #6516 ),
 ( #6746, #2445, #5337 ),
 ( #2280, #3093, #7364 ),
 ( #2896, #985, #1678 ),
 ( #4115, #3513, #2858 ),
 ( #4755, #2198, #6596 ),
 ( #4713, #3475, #1024 ),
 ( #609, #5483, #5526 ),
 ( #4906, #5901, #8007 ),
 ( #651, #4152, #566 ),
 ( #3131, #2488, #3663 ),
 ( #1063, #3050, #1873 ),
 ( #5300, #7965, #4350 ),
 ( #7740, #6786, #6181 ),
 ( #4671, #5943, #7122 ),
 ( #379, #7783, #2242 ),
 ( #7166, #6558, #1633 ) ),
 .UNSPECIFIED., .F., .F., .T. ) 
 B_SPLINE_SURFACE_WITH_KNOTS ( ( 4, 2, 2, 2, 2, 2, 2, 2, 2, 2, 2, 4 ),
 ( 3, 3 ),
 ( -6.938893903907228378E-18, 0.001998688591251305928, 0.003997377182502618795, 0.005996065773753931662, 0.006995410069379587661, 0.007495082217192416095, 0.007994754365005244529, 0.008994098660630901396, 0.009993442956256558263, 0.01199213154750787026, 0.01399082013875918226, 0.01598950873001049600 ),
 ( 0.000000000000000000, 1.000000000000000000 ),
 .UNSPECIFIED. ) 
 GEOMETRIC_REPRESENTATION_ITEM ( )  RATIONAL_B_SPLINE_SURFACE ( (
 ( 1.000000000000000000, 0.7193398003386519690, 1.000000000000000000),
 ( 1.000000000000000000, 0.7195417631458852492, 1.000000000000000000),
 ( 1.000000000000000000, 0.7197918246699585021, 1.000000000000000000),
 ( 1.000000000000000000, 0.7204309903506506130, 1.000000000000000000),
 ( 1.000000000000000000, 0.7207967968347748222, 1.000000000000000000),
 ( 1.000000000000000000, 0.7217728970230401497, 1.000000000000000000),
 ( 1.000000000000000000, 0.7224233967053054206, 1.000000000000000000),
 ( 1.000000000000000000, 0.7234208562094921469, 1.000000000000000000),
 ( 1.000000000000000000, 0.7237422690491540633, 1.000000000000000000),
 ( 1.000000000000000000, 0.7240782776519620878, 1.000000000000000000),
 ( 1.000000000000000000, 0.7241664845157844699, 1.000000000000000000),
 ( 1.000000000000000000, 0.7242961664197002936, 1.000000000000000000),
 ( 1.000000000000000000, 0.7243343891103901644, 1.000000000000000000),
 ( 1.000000000000000000, 0.7243390979285944109, 1.000000000000000000),
 ( 1.000000000000000000, 0.7241883515861420317, 1.000000000000000000),
 ( 1.000000000000000000, 0.7236980174578426794, 1.000000000000000000),
 ( 1.000000000000000000, 0.7233670315718314647, 1.000000000000000000),
 ( 1.000000000000000000, 0.7224082128699848004, 1.000000000000000000),
 ( 1.000000000000000000, 0.7217970294307807233, 1.000000000000000000),
 ( 1.000000000000000000, 0.7208035533687768837, 1.000000000000000000),
 ( 1.000000000000000000, 0.7204223418371401566, 1.000000000000000000),
 ( 1.000000000000000000, 0.7197848298657251176, 1.000000000000000000),
 ( 1.000000000000000000, 0.7195395599552595334, 1.000000000000000000),
 ( 1.000000000000000000, 0.7193398003386519690, 1.000000000000000000) ) ) 
 REPRESENTATION_ITEM ( '' )  SURFACE ( )  );
#7043 = ORIENTED_EDGE ( 'NONE', *, *, #6363, .F. ) ;
#7044 = LINE ( 'NONE', #5860, #1665 ) ;
#7045 = ORIENTED_EDGE ( 'NONE', *, *, #6051, .T. ) ;
#7046 = B_SPLINE_SURFACE_WITH_KNOTS ( 'NONE', 3, 1, ( 
 ( #2741, #7091 ),
 ( #1564, #5191 ),
 ( #4045, #2815 ),
 ( #7544, #6326 ),
 ( #7668, #7012 ) ),
 .UNSPECIFIED., .F., .F., .F.,
 ( 4, 1, 4 ),
 ( 2, 2 ),
 ( 0.000000000000000000, 0.03163811827343990246, 0.06841886377775199812 ),
 ( 0.000000000000000000, 0.1000000000000000056 ),
 .UNSPECIFIED. ) ;
#7047 = VECTOR ( 'NONE', #6444, 1000.000000000000000 ) ;
#7048 = CARTESIAN_POINT ( 'NONE',  ( -27.17514120752872131, 21.27199673977109029, 22.62109165950548828 ) ) ;
#7049 = CARTESIAN_POINT ( 'NONE',  ( 10.35720781245700017, 12.35489637887460113, 40.30000000000000426 ) ) ;
#7050 = EDGE_CURVE ( 'NONE', #7020, #944, #862, .T. ) ;
#7051 = CARTESIAN_POINT ( 'NONE',  ( -9.116765600404749037, 15.20054778791569916, 40.30000000000000426 ) ) ;
#7052 = CARTESIAN_POINT ( 'NONE',  ( 2.838394301825279964, 32.29979523943820396, 0.08441136748708370774 ) ) ;
#7053 = ORIENTED_EDGE ( 'NONE', *, *, #1734, .T. ) ;
#7054 = CARTESIAN_POINT ( 'NONE',  ( -5.821073174461130151, 16.58158492321780031, 41.30000000000000426 ) ) ;
#7055 = CARTESIAN_POINT ( 'NONE',  ( 2.438326706585169923, 15.09769587760660059, 40.30000000000000426 ) ) ;
#7056 = ORIENTED_EDGE ( 'NONE', *, *, #5485, .T. ) ;
#7057 = CARTESIAN_POINT ( 'NONE',  ( -1.551986413671280207, 15.81445248331299958, 41.30000000000000426 ) ) ;
#7058 = FACE_OUTER_BOUND ( 'NONE', #4035, .T. ) ;
#7059 = ORIENTED_EDGE ( 'NONE', *, *, #2085, .T. ) ;
#7060 = PLANE ( 'NONE',  #2074 ) ;
#7061 = LINE ( 'NONE', #243, #5052 ) ;
#7062 = ADVANCED_FACE ( 'NONE', ( #5413 ), #2846, .F. ) ;
#7063 = ORIENTED_EDGE ( 'NONE', *, *, #6033, .F. ) ;
#7064 = CARTESIAN_POINT ( 'NONE',  ( 17.17341723148286547, 27.18539524505959903, -6.505213034913026604E-16 ) ) ;
#7065 = DIRECTION ( 'NONE',  ( -0.8478911321297508685, -0.5301703764411300757, 0.000000000000000000 ) ) ;
#7066 = LINE ( 'NONE', #6498, #4514 ) ;
#7067 = AXIS2_PLACEMENT_3D ( 'NONE', #7564, #4470, #4509 ) ;
#7068 = EDGE_CURVE ( 'NONE', #5463, #6782, #7170, .T. ) ;
#7069 = CARTESIAN_POINT ( 'NONE',  ( -17.63087773559611549, 25.89588108239668784, 22.59999999999999787 ) ) ;
#7070 = CARTESIAN_POINT ( 'NONE',  ( 6.770203740371770529, 13.62201054562179969, 40.30000000000000426 ) ) ;
#7071 = CARTESIAN_POINT ( 'NONE',  ( -4.661605698174719592, 32.29979523943820396, 0.08441136748708391591 ) ) ;
#7072 = CARTESIAN_POINT ( 'NONE',  ( -24.36944080320221317, 25.20140000434584238, 23.09999999999884679 ) ) ;
#7073 = DIRECTION ( 'NONE',  ( -0.9916793796556205853, -0.1287323112736019626, 0.000000000000000000 ) ) ;
#7074 = ORIENTED_EDGE ( 'NONE', *, *, #4233, .T. ) ;
#7075 = AXIS2_PLACEMENT_3D ( 'NONE', #4879, #1107, #1196 ) ;
#7076 = CARTESIAN_POINT ( 'NONE',  ( 24.77376319743092381, -24.14940102479830841, 23.09999999999999787 ) ) ;
#7077 = DIRECTION ( 'NONE',  ( -0.9835387144896845513, 0.1806975293134329141, 0.000000000000000000 ) ) ;
#7078 = CARTESIAN_POINT ( 'NONE',  ( -4.661605698174730250, 27.59313953763729899, 5.923708594440400432 ) ) ;
#7079 = ORIENTED_EDGE ( 'NONE', *, *, #2018, .F. ) ;
#7080 = CARTESIAN_POINT ( 'NONE',  ( -9.629999010857940078, 14.20730936582670090, 40.30000000000000426 ) ) ;
#7081 = VERTEX_POINT ( 'NONE', #1626 ) ;
#7082 = VECTOR ( 'NONE', #7418, 1000.000000000000000 ) ;
#7083 = EDGE_LOOP ( 'NONE', ( #461, #5146, #4114, #3221 ) ) ;
#7084 = CARTESIAN_POINT ( 'NONE',  ( 25.89588108380039699, -18.29908279133229243, 23.09999999999999432 ) ) ;
#7085 = ORIENTED_EDGE ( 'NONE', *, *, #6406, .F. ) ;
#7086 = B_SPLINE_CURVE_WITH_KNOTS ( 'NONE', 3,
 ( #7906, #1730, #2511, #3645, #593 ),
 .UNSPECIFIED., .F., .F.,
 ( 4, 1, 4 ),
 ( 0.000000000000000000, 0.03340595680657129640, 0.05869094496829650037 ),
 .UNSPECIFIED. ) ;
#7087 = EDGE_CURVE ( 'NONE', #7632, #5867, #443, .T. ) ;
#7088 = CARTESIAN_POINT ( 'NONE',  ( -5.733329487999350604, 17.16037439629429784, 41.30000000000000426 ) ) ;
#7089 = CARTESIAN_POINT ( 'NONE',  ( 26.66763008816430158, -18.40262674136376120, 0.000000000000000000 ) ) ;
#7090 = CARTESIAN_POINT ( 'NONE',  ( 0.1999721030700469804, 8.938952728029390116, 41.30000000000000426 ) ) ;
#7091 = CARTESIAN_POINT ( 'NONE',  ( 3.394733980665269879, 16.03561544270720063, 40.30000000000000426 ) ) ;
#7092 = EDGE_LOOP ( 'NONE', ( #6555, #1164, #4158, #4200 ) ) ;
#7093 = CARTESIAN_POINT ( 'NONE',  ( -27.10917122930770162, -18.96411207350012518, 23.09999999999999787 ) ) ;
#7094 = CARTESIAN_POINT ( 'NONE',  ( -5.709908941083569722, 17.89810315802280272, 40.30000000000000426 ) ) ;
#7095 = EDGE_LOOP ( 'NONE', ( #4721, #216, #2736, #5117 ) ) ;
#7096 = PLANE ( 'NONE',  #4732 ) ;
#7097 = CARTESIAN_POINT ( 'NONE',  ( -6.304334965571159799, 17.58001425048900401, 41.30000000000000426 ) ) ;
#7098 = ORIENTED_EDGE ( 'NONE', *, *, #615, .F. ) ;
#7099 = EDGE_CURVE ( 'NONE', #6593, #2161, #1054, .T. ) ;
#7100 = DIRECTION ( 'NONE',  ( -0.03489949670250003244, -8.547911385714043244E-18, -0.9993908270190956511 ) ) ;
#7101 = CARTESIAN_POINT ( 'NONE',  ( 5.475564368647679814, 15.33987289680569965, 41.30000000000000426 ) ) ;
#7102 = EDGE_CURVE ( 'NONE', #1609, #5944, #5652, .T. ) ;
#7103 = VERTEX_POINT ( 'NONE', #5330 ) ;
#7104 = CARTESIAN_POINT ( 'NONE',  ( 26.25670261497766944, 21.81294288051597619, 8.673617379884035472E-16 ) ) ;
#7105 = CONICAL_SURFACE ( 'NONE', #5668, 24.00000000000000000, 0.03490658503988566114 ) ;
#7106 = FACE_OUTER_BOUND ( 'NONE', #5045, .T. ) ;
#7107 = LINE ( 'NONE', #3380, #7479 ) ;
#7108 = VECTOR ( 'NONE', #2447, 1000.000000000000000 ) ;
#7109 = CARTESIAN_POINT ( 'NONE',  ( 24.85659013258257843, -25.86076525228352807, -2.168404344971008868E-16 ) ) ;
#7110 = CARTESIAN_POINT ( 'NONE',  ( 10.23293787947360123, 13.20936556744800150, 40.30000000000000426 ) ) ;
#7111 = DIRECTION ( 'NONE',  ( 0.000000000000000000, 0.000000000000000000, 1.000000000000000000 ) ) ;
#7112 = CARTESIAN_POINT ( 'NONE',  ( -21.02080555779147986, 26.21884517113970858, 22.61955751567366235 ) ) ;
#7113 = B_SPLINE_SURFACE_WITH_KNOTS ( 'NONE', 3, 1, ( 
 ( #3005, #1125 ),
 ( #2265, #364 ),
 ( #2837, #3613 ),
 ( #4179, #7270 ),
 ( #5289, #6659 ) ),
 .UNSPECIFIED., .F., .F., .F.,
 ( 4, 1, 4 ),
 ( 2, 2 ),
 ( 0.000000000000000000, 0.01669133509813689950, 0.03321019182490139721 ),
 ( 0.000000000000000000, 0.1000000000000000056 ),
 .UNSPECIFIED. ) ;
#7114 = LINE ( 'NONE', #1624, #7824 ) ;
#7115 = CARTESIAN_POINT ( 'NONE',  ( 10.33972502155259932, 12.86263653422759923, 41.30000000000000426 ) ) ;
#7116 = CARTESIAN_POINT ( 'NONE',  ( -21.64593223814049949, 26.78434783554709853, 7.679567762607950598 ) ) ;
#7117 = DIRECTION ( 'NONE',  ( -0.6871425068220728960, -0.7265226598794268797, 0.000000000000000000 ) ) ;
#7118 = CARTESIAN_POINT ( 'NONE',  ( -2.637664688513770006, 7.189900388237809636, 41.30000000000000426 ) ) ;
#7119 = ORIENTED_EDGE ( 'NONE', *, *, #4093, .F. ) ;
#7120 = CARTESIAN_POINT ( 'NONE',  ( 16.91616756289370471, 26.91007583308461548, 7.884116415017906832 ) ) ;
#7121 = ORIENTED_EDGE ( 'NONE', *, *, #6440, .T. ) ;
#7122 = CARTESIAN_POINT ( 'NONE',  ( 17.75340549612599261, -27.60870088275210676, 22.61809009965012507 ) ) ;
#7123 = VERTEX_POINT ( 'NONE', #2351 ) ;
#7124 = CARTESIAN_POINT ( 'NONE',  ( -21.50000000000000000, -21.49999999999999645, 0.5000000000000004441 ) ) ;
#7125 = PLANE ( 'NONE',  #923 ) ;
#7126 = CARTESIAN_POINT ( 'NONE',  ( -9.576203527604580046, 14.53032801389129958, 40.30000000000000426 ) ) ;
#7127 = CARTESIAN_POINT ( 'NONE',  ( 26.39557649590621224, 16.40166822571531213, 22.61744974835124822 ) ) ;
#7128 = DIRECTION ( 'NONE',  ( -0.9835387144896845513, 0.1806975293134319427, 0.000000000000000000 ) ) ;
#7129 = CARTESIAN_POINT ( 'NONE',  ( 10.99663645060210015, 13.08155772447939924, 40.30000000000000426 ) ) ;
#7130 = EDGE_LOOP ( 'NONE', ( #1817, #5227, #1038, #1806 ) ) ;
#7131 = EDGE_CURVE ( 'NONE', #4829, #1214, #6000, .T. ) ;
#7132 = LINE ( 'NONE', #197, #4637 ) ;
#7133 = EDGE_CURVE ( 'NONE', #6924, #5667, #4224, .T. ) ;
#7134 = CIRCLE ( 'NONE', #4698, 0.4999999999999996114 ) ;
#7135 = CARTESIAN_POINT ( 'NONE',  ( 2.176251966430319928, 15.56038403730719999, 41.30000000000000426 ) ) ;
#7136 = B_SPLINE_SURFACE_WITH_KNOTS ( 'NONE', 3, 1, ( 
 ( #5050, #6253 ),
 ( #6899, #4498 ),
 ( #6292, #721 ),
 ( #764, #6938 ),
 ( #6822, #3248 ) ),
 .UNSPECIFIED., .F., .F., .F.,
 ( 4, 1, 4 ),
 ( 2, 2 ),
 ( 0.000000000000000000, 0.03600191228799420190, 0.07340084482242630048 ),
 ( 0.000000000000000000, 0.1000000000000000056 ),
 .UNSPECIFIED. ) ;
#7137 = DIRECTION ( 'NONE',  ( -1.224646799147351235E-16, 1.000000000000000000, -0.000000000000000000 ) ) ;
#7138 = EDGE_CURVE ( 'NONE', #7949, #717, #3138, .T. ) ;
#7139 = ORIENTED_EDGE ( 'NONE', *, *, #6464, .F. ) ;
#7140 = AXIS2_PLACEMENT_3D ( 'NONE', #1888, #4322, #6761 ) ;
#7141 = CARTESIAN_POINT ( 'NONE',  ( -4.161605698174719592, 32.72969165954280157, 2.100642769876520433 ) ) ;
#7142 = ORIENTED_EDGE ( 'NONE', *, *, #7705, .T. ) ;
#7143 = EDGE_CURVE ( 'NONE', #3175, #6229, #7366, .T. ) ;
#7144 = CARTESIAN_POINT ( 'NONE',  ( -8.771187618303001088, 14.38235337058249996, 41.30000000000000426 ) ) ;
#7145 = CARTESIAN_POINT ( 'NONE',  ( 26.66763008816431579, 1.885395245059572567, 0.5000000000000000000 ) ) ;
#7146 = EDGE_CURVE ( 'NONE', #2942, #3038, #6589, .T. ) ;
#7147 = EDGE_CURVE ( 'NONE', #1519, #1958, #5976, .T. ) ;
#7148 = CARTESIAN_POINT ( 'NONE',  ( -22.91317056859323031, 25.31899860540487168, 23.10000000000001563 ) ) ;
#7149 = CARTESIAN_POINT ( 'NONE',  ( 3.126599493805060082, 15.69884766813920152, 41.30000000000000426 ) ) ;
#7150 = FACE_OUTER_BOUND ( 'NONE', #715, .T. ) ;
#7151 = CARTESIAN_POINT ( 'NONE',  ( 8.172995640601749656, 12.78766205430570047, 41.30000000000000426 ) ) ;
#7152 = CARTESIAN_POINT ( 'NONE',  ( 6.588959622168499841, 16.50720245156840349, 40.30000000000000426 ) ) ;
#7153 = DIRECTION ( 'NONE',  ( 0.000000000000000000, -0.03489949670250078878, 0.9993908270190957621 ) ) ;
#7154 = DIRECTION ( 'NONE',  ( 0.000000000000000000, 1.000000000000000000, 0.000000000000000000 ) ) ;
#7155 = CARTESIAN_POINT ( 'NONE',  ( -24.91109072972201588, 25.55430164664364057, 6.505213034913025618E-16 ) ) ;
#7156 = B_SPLINE_CURVE_WITH_KNOTS ( 'NONE', 3,
 ( #2561, #7440, #1945, #4424, #1254 ),
 .UNSPECIFIED., .F., .F.,
 ( 4, 1, 4 ),
 ( 0.000000000000000000, 0.01840137058614699922, 0.03300121882020300157 ),
 .UNSPECIFIED. ) ;
#7157 = AXIS2_PLACEMENT_3D ( 'NONE', #6255, #4426, #6867 ) ;
#7158 = CARTESIAN_POINT ( 'NONE',  ( -6.307153727361160200, 16.28891728678519968, 41.30000000000000426 ) ) ;
#7159 = CARTESIAN_POINT ( 'NONE',  ( 3.582226832301850461, 17.54499995385240041, 40.30000000000000426 ) ) ;
#7160 = CARTESIAN_POINT ( 'NONE',  ( 10.59216296427360149, 13.06779319703839803, 41.30000000000000426 ) ) ;
#7161 = EDGE_CURVE ( 'NONE', #7974, #7592, #6055, .T. ) ;
#7162 = ORIENTED_EDGE ( 'NONE', *, *, #63, .F. ) ;
#7163 = EDGE_LOOP ( 'NONE', ( #4548, #7890 ) ) ;
#7164 = VECTOR ( 'NONE', #1202, 1000.000000000000000 ) ;
#7165 = ORIENTED_EDGE ( 'NONE', *, *, #7988, .F. ) ;
#7166 = CARTESIAN_POINT ( 'NONE',  ( 16.40166822571531213, -27.12509059227746633, 23.10000000000000497 ) ) ;
#7167 = CARTESIAN_POINT ( 'NONE',  ( -9.576203527604580046, 14.53032801389129958, 40.30000000000000426 ) ) ;
#7168 = CARTESIAN_POINT ( 'NONE',  ( 17.84057299129389662, -27.89683959804512270, -9.629649721936179265E-32 ) ) ;
#7169 = DIRECTION ( 'NONE',  ( 1.000000000000000000, 0.000000000000000000, 0.000000000000000000 ) ) ;
#7170 = B_SPLINE_CURVE_WITH_KNOTS ( 'NONE', 3,
 ( #7158, #2966, #6014, #487, #7773 ),
 .UNSPECIFIED., .F., .F.,
 ( 4, 1, 4 ),
 ( 0.000000000000000000, 0.03860499038030780483, 0.06689935095198649984 ),
 .UNSPECIFIED. ) ;
#7171 = ORIENTED_EDGE ( 'NONE', *, *, #3386, .T. ) ;
#7172 = CARTESIAN_POINT ( 'NONE',  ( -26.54820784606998529, -22.91317134096826891, 23.10000000000000497 ) ) ;
#7173 = ADVANCED_FACE ( 'NONE', ( #370 ), #4000, .F. ) ;
#7174 = ORIENTED_EDGE ( 'NONE', *, *, #4004, .T. ) ;
#7175 = CARTESIAN_POINT ( 'NONE',  ( -5.308972277116550842, 16.52114108819879945, 41.30000000000000426 ) ) ;
#7176 = AXIS2_PLACEMENT_3D ( 'NONE', #5287, #7807, #4818 ) ;
#7177 = AXIS2_PLACEMENT_3D ( 'NONE', #5770, #2150, #6585 ) ;
#7178 = CARTESIAN_POINT ( 'NONE',  ( -7.162802802506739397, 15.99462848813629989, 40.30000000000000426 ) ) ;
#7179 = EDGE_CURVE ( 'NONE', #6602, #7864, #5892, .T. ) ;
#7180 = CARTESIAN_POINT ( 'NONE',  ( -27.60629652261170008, -18.95925731280750171, 23.14691927163010376 ) ) ;
#7181 = B_SPLINE_SURFACE_WITH_KNOTS ( 'NONE', 3, 1, ( 
 ( #3425, #7814 ),
 ( #1794, #445 ),
 ( #2316, #4792 ),
 ( #7325, #2929 ),
 ( #4146, #3011 ) ),
 .UNSPECIFIED., .F., .F., .F.,
 ( 4, 1, 4 ),
 ( 2, 2 ),
 ( 0.000000000000000000, 0.03171158235223400096, 0.05981491151044549676 ),
 ( 0.000000000000000000, 0.1000000000000000056 ),
 .UNSPECIFIED. ) ;
#7182 = VECTOR ( 'NONE', #3668, 1000.000000000000114 ) ;
#7183 = VERTEX_POINT ( 'NONE', #408 ) ;
#7184 = CARTESIAN_POINT ( 'NONE',  ( 24.98905437239823968, 24.50084918366285436, -6.505213034913026604E-16 ) ) ;
#7185 = ORIENTED_EDGE ( 'NONE', *, *, #90, .T. ) ;
#7186 = DIRECTION ( 'NONE',  ( -0.8478911321297495363, -0.5301703764411318520, 0.000000000000000000 ) ) ;
#7187 = CARTESIAN_POINT ( 'NONE',  ( 9.840481588686309067, 13.34985304738949985, 40.30000000000000426 ) ) ;
#7188 = CARTESIAN_POINT ( 'NONE',  ( -2.403634931230070215, 8.984963589388369698, 41.30000000000000426 ) ) ;
#7189 = CARTESIAN_POINT ( 'NONE',  ( 25.98154659722722215, -25.16673927106036501, 0.5238028217889294513 ) ) ;
#7191 = ADVANCED_FACE ( 'NONE', ( #1791 ), #1264, .F. ) ;
#7190 = CARTESIAN_POINT ( 'NONE',  ( 5.338394301825270638, 27.59313953763729899, 5.923708594440400432 ) ) ;
#7192 = CARTESIAN_POINT ( 'NONE',  ( -10.24421229017490020, 14.06758242428240102, 40.30000000000000426 ) ) ;
#7193 = DIRECTION ( 'NONE',  ( -0.4999999999999998890, -0.8660254037844387076, 0.000000000000000000 ) ) ;
#7194 = CARTESIAN_POINT ( 'NONE',  ( -5.961347503331850817, 17.47833039295590041, 41.30000000000000426 ) ) ;
#7195 = CARTESIAN_POINT ( 'NONE',  ( -5.543350294531720124, 17.74580551231959902, 40.30000000000000426 ) ) ;
#7196 = EDGE_CURVE ( 'NONE', #5395, #1968, #6100, .T. ) ;
#7197 = CIRCLE ( 'NONE', #359, 23.98314897389398936 ) ;
#7198 = CARTESIAN_POINT ( 'NONE',  ( -6.502344391915230837, 17.54578105322720205, 40.30000000000000426 ) ) ;
#7199 = CARTESIAN_POINT ( 'NONE',  ( -5.250628551217629614, 17.19109523605380119, 41.30000000000000426 ) ) ;
#7200 = ORIENTED_EDGE ( 'NONE', *, *, #6377, .T. ) ;
#7201 = CARTESIAN_POINT ( 'NONE',  ( -4.161605698174719592, 32.22999624603319546, 2.083193021525270083 ) ) ;
#7202 = ORIENTED_EDGE ( 'NONE', *, *, #7301, .T. ) ;
#7203 = ORIENTED_EDGE ( 'NONE', *, *, #1455, .T. ) ;
#7204 = CARTESIAN_POINT ( 'NONE',  ( 25.78088987900676443, -23.06484538420433594, 23.10000000000234266 ) ) ;
#7205 = ORIENTED_EDGE ( 'NONE', *, *, #2849, .T. ) ;
#7206 = AXIS2_PLACEMENT_3D ( 'NONE', #7263, #2429, #6695 ) ;
#7207 = LINE ( 'NONE', #416, #2361 ) ;
#7208 = CARTESIAN_POINT ( 'NONE',  ( 5.338394301825270638, 32.12529775592570047, 5.081365502582559479 ) ) ;
#7209 = DIRECTION ( 'NONE',  ( 0.000000000000000000, 0.000000000000000000, -1.000000000000000000 ) ) ;
#7210 = CARTESIAN_POINT ( 'NONE',  ( -0.6146047549404088928, -0.6146047549404088928, 23.09999999999999787 ) ) ;
#7211 = DIRECTION ( 'NONE',  ( 0.000000000000000000, 0.000000000000000000, 1.000000000000000000 ) ) ;
#7212 = ORIENTED_EDGE ( 'NONE', *, *, #5089, .F. ) ;
#7213 = CARTESIAN_POINT ( 'NONE',  ( -27.02234768973060142, -20.29254799321880043, 23.10000000000000142 ) ) ;
#7214 = VECTOR ( 'NONE', #4847, 1000.000000000000000 ) ;
#7215 = EDGE_LOOP ( 'NONE', ( #7971, #5119, #3546, #5072 ) ) ;
#7216 = ADVANCED_FACE ( 'NONE', ( #1458 ), #7519, .F. ) ;
#7217 = VECTOR ( 'NONE', #2460, 1000.000000000000114 ) ;
#7218 = EDGE_CURVE ( 'NONE', #7081, #4882, #5900, .T. ) ;
#7219 = DIRECTION ( 'NONE',  ( 0.9456324196049401554, 0.3252373394801191253, 0.000000000000000000 ) ) ;
#7220 = CARTESIAN_POINT ( 'NONE',  ( 9.727103702786269679, 13.54974085977739939, 41.30000000000000426 ) ) ;
#7221 = EDGE_CURVE ( 'NONE', #1892, #3273, #3822, .T. ) ;
#7222 = ORIENTED_EDGE ( 'NONE', *, *, #843, .F. ) ;
#7223 = CARTESIAN_POINT ( 'NONE',  ( 26.76499074681393608, 21.93247589956986943, 1.376095446998163134E-12 ) ) ;
#7224 = ORIENTED_EDGE ( 'NONE', *, *, #2489, .T. ) ;
#7225 = LINE ( 'NONE', #6736, #6682 ) ;
#7226 = VERTEX_POINT ( 'NONE', #5894 ) ;
#7227 = FACE_OUTER_BOUND ( 'NONE', #7635, .T. ) ;
#7228 = CARTESIAN_POINT ( 'NONE',  ( 25.20048561680034638, -24.46554493769146887, 22.62390762372481845 ) ) ;
#7229 = CARTESIAN_POINT ( 'NONE',  ( -5.286458531868709620, 17.32921775743540138, 41.30000000000000426 ) ) ;
#7230 = VECTOR ( 'NONE', #4167, 1000.000000000000000 ) ;
#7231 = CARTESIAN_POINT ( 'NONE',  ( 26.59432188830233201, -23.85056225208907676, 3.619214690699569106E-13 ) ) ;
#7232 = CARTESIAN_POINT ( 'NONE',  ( 10.31258123029240004, 13.00483467933809933, 41.30000000000000426 ) ) ;
#7233 = FACE_OUTER_BOUND ( 'NONE', #5636, .T. ) ;
#7234 = FACE_OUTER_BOUND ( 'NONE', #5274, .T. ) ;
#7235 = CARTESIAN_POINT ( 'NONE',  ( -27.32146616662554095, 22.46738186935162318, 3.252606517456511823E-16 ) ) ;
#7236 = DIRECTION ( 'NONE',  ( -0.9835387144896844402, 0.1806975293134328864, 0.000000000000000000 ) ) ;
#7237 = VECTOR ( 'NONE', #1854, 1000.000000000000114 ) ;
#7238 = EDGE_CURVE ( 'NONE', #3, #3566, #3543, .T. ) ;
#7239 = CARTESIAN_POINT ( 'NONE',  ( -5.286458531868709620, 17.32921775743540138, 40.30000000000000426 ) ) ;
#7240 = CARTESIAN_POINT ( 'NONE',  ( -10.48453426098069841, 16.20863447251279865, 40.30000000000000426 ) ) ;
#7241 = CARTESIAN_POINT ( 'NONE',  ( -5.266496560315109932, 16.65240412582920015, 40.30000000000000426 ) ) ;
#7242 = EDGE_CURVE ( 'NONE', #3304, #3601, #7852, .T. ) ;
#7243 = ORIENTED_EDGE ( 'NONE', *, *, #63, .T. ) ;
#7244 = EDGE_LOOP ( 'NONE', ( #1336, #5952, #2418, #6029, #3711, #5621, #6798, #5739, #2506, #2581, #6171 ) ) ;
#7245 = VERTEX_POINT ( 'NONE', #2451 ) ;
#7246 = EDGE_CURVE ( 'NONE', #7294, #7817, #515, .T. ) ;
#7247 = CARTESIAN_POINT ( 'NONE',  ( -9.576203527604580046, 14.53032801389129958, 41.30000000000000426 ) ) ;
#7248 = CARTESIAN_POINT ( 'NONE',  ( 18.27262923807980144, 26.91966844788399627, 7.609419867979510421 ) ) ;
#7249 = DIRECTION ( 'NONE',  ( -1.000000000000000000, 0.000000000000000000, -0.000000000000000000 ) ) ;
#7250 = CARTESIAN_POINT ( 'NONE',  ( 26.20528288559947683, 19.89700596478936490, 22.61965144852995024 ) ) ;
#7251 = ORIENTED_EDGE ( 'NONE', *, *, #1049, .T. ) ;
#7252 = CARTESIAN_POINT ( 'NONE',  ( -23.85040695268437361, -26.15848788722307106, 23.09999999999999787 ) ) ;
#7253 = ORIENTED_EDGE ( 'NONE', *, *, #2260, .T. ) ;
#7254 = FILL_AREA_STYLE_COLOUR ( '', #5640 ) ;
#7255 = CARTESIAN_POINT ( 'NONE',  ( 9.884482047076870614, 15.87559594639740013, 41.30000000000000426 ) ) ;
#7256 = DIRECTION ( 'NONE',  ( 0.000000000000000000, 0.000000000000000000, -1.000000000000000000 ) ) ;
#7257 = EDGE_LOOP ( 'NONE', ( #2243, #212, #170, #2425 ) ) ;
#7258 = CARTESIAN_POINT ( 'NONE',  ( -6.789161904785330215, 16.12313716547909692, 41.30000000000000426 ) ) ;
#7259 = EDGE_CURVE ( 'NONE', #3017, #7297, #1168, .T. ) ;
#7260 = CARTESIAN_POINT ( 'NONE',  ( 26.57091485788125595, 22.60190943997793056, 0.5218732218193063987 ) ) ;
#7261 = ORIENTED_EDGE ( 'NONE', *, *, #2693, .T. ) ;
#7262 = ORIENTED_EDGE ( 'NONE', *, *, #2683, .T. ) ;
#7263 = CARTESIAN_POINT ( 'NONE',  ( 21.49999999999999645, 21.49999999999999645, 10.00000000000000000 ) ) ;
#7264 = DIRECTION ( 'NONE',  ( 0.03489949670250098307, 0.000000000000000000, 0.9993908270190956511 ) ) ;
#7265 = EDGE_CURVE ( 'NONE', #1467, #2472, #1295, .T. ) ;
#7266 = DIRECTION ( 'NONE',  ( 0.5301703764411311859, -0.8478911321297500914, 0.000000000000000000 ) ) ;
#7267 = CARTESIAN_POINT ( 'NONE',  ( -6.142459030276159915, 18.01960463918630140, 40.30000000000000426 ) ) ;
#7268 = VECTOR ( 'NONE', #1352, 1000.000000000000114 ) ;
#7269 = DIRECTION ( 'NONE',  ( 0.000000000000000000, 0.000000000000000000, 1.000000000000000000 ) ) ;
#7270 = CARTESIAN_POINT ( 'NONE',  ( 11.14422858322500076, 13.68443184191760054, 40.30000000000000426 ) ) ;
#7271 = EDGE_CURVE ( 'NONE', #5942, #1598, #3341, .T. ) ;
#7272 = DIRECTION ( 'NONE',  ( 0.000000000000000000, 0.000000000000000000, 1.000000000000000000 ) ) ;
#7273 = CARTESIAN_POINT ( 'NONE',  ( -28.21823857219235521, 20.56458753369382464, 0.5195477839889284244 ) ) ;
#7274 = CARTESIAN_POINT ( 'NONE',  ( 18.27262923807200323, -28.14887795775700141, 7.609419868200780535 ) ) ;
#7275 = VECTOR ( 'NONE', #3479, 1000.000000000000000 ) ;
#7276 = CARTESIAN_POINT ( 'NONE',  ( 1.924456384908819873, 18.32534035691259788, 41.30000000000000426 ) ) ;
#7277 = CARTESIAN_POINT ( 'NONE',  ( 2.838394301825279964, 32.64802234189658492, 0.2431076009653834746 ) ) ;
#7278 = CARTESIAN_POINT ( 'NONE',  ( -24.92115189753302573, -26.77472443997149654, 4.336808689942023652E-16 ) ) ;
#7279 = DIRECTION ( 'NONE',  ( -0.9974698067176137606, 0.07109138264745049063, 0.000000000000000000 ) ) ;
#7280 = EDGE_CURVE ( 'NONE', #89, #5451, #7107, .T. ) ;
#7281 = CARTESIAN_POINT ( 'NONE',  ( 3.682519396442780035, 17.13556854103250160, 40.30000000000000426 ) ) ;
#7282 = CARTESIAN_POINT ( 'NONE',  ( -5.286458531868709620, 17.32921775743540138, 40.30000000000000426 ) ) ;
#7283 = VERTEX_POINT ( 'NONE', #892 ) ;
#7284 = DIRECTION ( 'NONE',  ( -0.9916793796556205853, -0.1287323112736019626, 0.000000000000000000 ) ) ;
#7285 = EDGE_CURVE ( 'NONE', #7245, #6864, #6482, .T. ) ;
#7286 = CARTESIAN_POINT ( 'NONE',  ( -5.661551853937660361, 16.89762732109520016, 40.30000000000000426 ) ) ;
#7287 = ORIENTED_EDGE ( 'NONE', *, *, #3755, .F. ) ;
#7288 = CARTESIAN_POINT ( 'NONE',  ( -7.028470480218760308, 15.60405525580270059, 41.30000000000000426 ) ) ;
#7289 = CARTESIAN_POINT ( 'NONE',  ( 24.47804528992540085, 25.60723400618620005, 7.780286550914860655 ) ) ;
#7290 = EDGE_CURVE ( 'NONE', #4303, #6534, #5222, .T. ) ;
#7291 = CARTESIAN_POINT ( 'NONE',  ( 6.588959622168499841, 16.50720245156840349, 41.30000000000000426 ) ) ;
#7292 = CARTESIAN_POINT ( 'NONE',  ( -6.297520655956250657, 17.99924319285359786, 41.30000000000000426 ) ) ;
#7293 = EDGE_CURVE ( 'NONE', #7592, #6133, #5924, .T. ) ;
#7294 = VERTEX_POINT ( 'NONE', #5801 ) ;
#7295 = PLANE ( 'NONE',  #3614 ) ;
#7296 = ADVANCED_FACE ( 'NONE', ( #7805 ), #3550, .F. ) ;
#7297 = VERTEX_POINT ( 'NONE', #7356 ) ;
#7298 = CARTESIAN_POINT ( 'NONE',  ( -28.37107387442847539, 18.57646915301915413, 0.5181531351064566637 ) ) ;
#7299 = ORIENTED_EDGE ( 'NONE', *, *, #2854, .F. ) ;
#7300 = AXIS2_PLACEMENT_3D ( 'NONE', #5514, #2377, #6771 ) ;
#7301 = EDGE_CURVE ( 'NONE', #7226, #1117, #991, .T. ) ;
#7302 = CARTESIAN_POINT ( 'NONE',  ( 11.64616093039719935, 14.45146747855840097, 41.30000000000000426 ) ) ;
#7303 = CARTESIAN_POINT ( 'NONE',  ( -3.261382006547570267, 15.59255168546810033, 41.30000000000000426 ) ) ;
#7304 = VERTEX_POINT ( 'NONE', #5965 ) ;
#7305 = LINE ( 'NONE', #3080, #7214 ) ;
#7306 = CARTESIAN_POINT ( 'NONE',  ( 1.543548842689169920, 18.81526275905989820, 41.30000000000000426 ) ) ;
#7307 = EDGE_LOOP ( 'NONE', ( #1041, #2876 ) ) ;
#7308 = VECTOR ( 'NONE', #4821, 1000.000000000000114 ) ;
#7309 = ORIENTED_EDGE ( 'NONE', *, *, #3596, .F. ) ;
#7310 = CARTESIAN_POINT ( 'NONE',  ( 16.91616756289371182, -28.13928534296541528, 7.884116415017908608 ) ) ;
#7311 = ORIENTED_EDGE ( 'NONE', *, *, #7271, .F. ) ;
#7312 = CARTESIAN_POINT ( 'NONE',  ( 6.949205376582550109, 16.95920502406449870, 41.30000000000000426 ) ) ;
#7313 = FACE_OUTER_BOUND ( 'NONE', #2518, .T. ) ;
#7314 = VECTOR ( 'NONE', #1212, 1000.000000000000000 ) ;
#7315 = CARTESIAN_POINT ( 'NONE',  ( 10.99663645060210015, 13.08155772447939924, 40.30000000000000426 ) ) ;
#7316 = CARTESIAN_POINT ( 'NONE',  ( -21.50000000000000000, -21.49999999999999645, 0.000000000000000000 ) ) ;
#7317 = CARTESIAN_POINT ( 'NONE',  ( -10.12741081589729930, 14.14069446659670071, 41.30000000000000426 ) ) ;
#7318 = CARTESIAN_POINT ( 'NONE',  ( -10.58694316667890156, 15.69196364208130134, 41.30000000000000426 ) ) ;
#7319 = CARTESIAN_POINT ( 'NONE',  ( 18.54391995564470008, -28.42016867532970181, -0.1593298335138509936 ) ) ;
#7320 = EDGE_CURVE ( 'NONE', #7040, #26, #4017, .T. ) ;
#7321 = EDGE_CURVE ( 'NONE', #2545, #7351, #5519, .T. ) ;
#7322 = ADVANCED_FACE ( 'NONE', ( #7313 ), #7954, .F. ) ;
#7323 = CARTESIAN_POINT ( 'NONE',  ( -11.52621681654709995, 15.10465349616539932, 40.30000000000000426 ) ) ;
#7324 = CARTESIAN_POINT ( 'NONE',  ( -24.08777454119049821, 25.55361861884840025, 23.29725488963040192 ) ) ;
#7325 = CARTESIAN_POINT ( 'NONE',  ( 3.298980315313420064, 17.95497181745789916, 41.30000000000000426 ) ) ;
#7326 = FACE_OUTER_BOUND ( 'NONE', #6479, .T. ) ;
#7327 = ORIENTED_EDGE ( 'NONE', *, *, #2981, .F. ) ;
#7328 = FACE_OUTER_BOUND ( 'NONE', #6797, .T. ) ;
#7329 = DIRECTION ( 'NONE',  ( 1.000000000000000000, 1.224646799147351235E-16, 1.107204117234229322E-37 ) ) ;
#7330 = ORIENTED_EDGE ( 'NONE', *, *, #4857, .F. ) ;
#7331 = AXIS2_PLACEMENT_3D ( 'NONE', #6187, #6911, #2533 ) ;
#7332 = CARTESIAN_POINT ( 'NONE',  ( 19.99999999999999289, -21.50000000000000000, 10.00000000000000000 ) ) ;
#7333 = CYLINDRICAL_SURFACE ( 'NONE', #3896, 0.4999999999999990563 ) ;
#7334 = FACE_OUTER_BOUND ( 'NONE', #7083, .T. ) ;
#7335 = CARTESIAN_POINT ( 'NONE',  ( 21.81914581529598607, 26.25643551490215799, -6.505213034913026604E-16 ) ) ;
#7336 = EDGE_LOOP ( 'NONE', ( #4630, #812, #696, #6319 ) ) ;
#7337 = LINE ( 'NONE', #1891, #5645 ) ;
#7338 = ORIENTED_EDGE ( 'NONE', *, *, #2691, .T. ) ;
#7339 = AXIS2_PLACEMENT_3D ( 'NONE', #1457, #2182, #2787 ) ;
#7340 = CARTESIAN_POINT ( 'NONE',  ( 27.18539524505959903, -28.41460475494039883, 0.000000000000000000 ) ) ;
#7341 = CARTESIAN_POINT ( 'NONE',  ( -9.980488052540369637, 14.20012723165500113, 40.30000000000000426 ) ) ;
#7342 = CARTESIAN_POINT ( 'NONE',  ( 11.56418602371990012, 13.44251381513900157, 40.30000000000000426 ) ) ;
#7343 = VECTOR ( 'NONE', #3432, 1000.000000000000000 ) ;
#7344 = ORIENTED_EDGE ( 'NONE', *, *, #6590, .T. ) ;
#7345 = FACE_OUTER_BOUND ( 'NONE', #875, .T. ) ;
#7346 = CARTESIAN_POINT ( 'NONE',  ( 9.891103593255460069, 13.02115225395049869, 40.30000000000000426 ) ) ;
#7347 = EDGE_LOOP ( 'NONE', ( #3943, #3234, #2079, #3975 ) ) ;
#7348 = ADVANCED_FACE ( 'NONE', ( #4258 ), #518, .F. ) ;
#7349 = ORIENTED_EDGE ( 'NONE', *, *, #3596, .T. ) ;
#7350 = FACE_BOUND ( 'NONE', #1391, .T. ) ;
#7351 = VERTEX_POINT ( 'NONE', #4896 ) ;
#7352 = VECTOR ( 'NONE', #7652, 1000.000000000000000 ) ;
#7353 = B_SPLINE_CURVE_WITH_KNOTS ( 'NONE', 3,
 ( #209, #7604, #1459, #5885, #361 ),
 .UNSPECIFIED., .F., .F.,
 ( 4, 1, 4 ),
 ( 0.000000000000000000, 0.01794880335925769926, 0.03484410743618390066 ),
 .UNSPECIFIED. ) ;
#7354 = ADVANCED_FACE ( 'NONE', ( #1823 ), #5547, .F. ) ;
#7355 = DIRECTION ( 'NONE',  ( -0.5301703764411311859, 0.8478911321297500914, 0.000000000000000000 ) ) ;
#7356 = CARTESIAN_POINT ( 'NONE',  ( -7.162802802506739397, 15.99462848813629989, 41.30000000000000426 ) ) ;
#7357 = CARTESIAN_POINT ( 'NONE',  ( -10.26838636015069994, 12.21941433068429816, 40.30000000000000426 ) ) ;
#7358 = CARTESIAN_POINT ( 'NONE',  ( 20.56641602108800981, -28.23991582729535210, -1.624296563296268060E-12 ) ) ;
#7359 = CARTESIAN_POINT ( 'NONE',  ( 19.79283786237426312, 26.21727879601851185, 22.61954779409573391 ) ) ;
#7360 = ORIENTED_EDGE ( 'NONE', *, *, #7845, .F. ) ;
#7361 = DIRECTION ( 'NONE',  ( 0.000000000000000000, 0.000000000000000000, -1.000000000000000000 ) ) ;
#7362 = CARTESIAN_POINT ( 'NONE',  ( 2.847589108164529481, 18.57517701831429946, 40.30000000000000426 ) ) ;
#7363 = CARTESIAN_POINT ( 'NONE',  ( -9.203859287857209637, 14.04790614006179972, 41.30000000000000426 ) ) ;
#7364 = CARTESIAN_POINT ( 'NONE',  ( 24.91205844544724002, -24.85299727059939556, 22.62428933964425326 ) ) ;
#7365 = VECTOR ( 'NONE', #5992, 1000.000000000000114 ) ;
#7366 = B_SPLINE_CURVE_WITH_KNOTS ( 'NONE', 3,
 ( #5371, #6665, #1129, #4185 ),
 .UNSPECIFIED., .F., .F.,
 ( 4, 4 ),
 ( -0.01029651723492160803, 2.202396848452707889 ),
 .UNSPECIFIED. ) ;
#7367 = CARTESIAN_POINT ( 'NONE',  ( -5.286458531868709620, 17.32921775743540138, 41.30000000000000426 ) ) ;
#7368 = DIRECTION ( 'NONE',  ( 0.000000000000000000, 0.000000000000000000, 1.000000000000000000 ) ) ;
#7369 = CARTESIAN_POINT ( 'NONE',  ( -6.304334965571159799, 17.58001425048900401, 41.30000000000000426 ) ) ;
#7370 = CARTESIAN_POINT ( 'NONE',  ( -9.980488052540369637, 14.20012723165500113, 40.30000000000000426 ) ) ;
#7371 = EDGE_CURVE ( 'NONE', #5346, #1849, #7377, .T. ) ;
#7372 = VERTEX_POINT ( 'NONE', #6740 ) ;
#7373 = CARTESIAN_POINT ( 'NONE',  ( 3.249678716339170048, 18.46561809868619974, 41.30000000000000426 ) ) ;
#7374 = DIRECTION ( 'NONE',  ( 0.000000000000000000, 0.000000000000000000, 1.000000000000000000 ) ) ;
#7375 = ORIENTED_EDGE ( 'NONE', *, *, #7752, .T. ) ;
#7376 = ORIENTED_EDGE ( 'NONE', *, *, #6928, .F. ) ;
#7377 = CIRCLE ( 'NONE', #4800, 0.5000000000000004441 ) ;
#7378 = CARTESIAN_POINT ( 'NONE',  ( -4.420137689873435249, 32.73966965732494572, 0.3413873143885096106 ) ) ;
#7379 = ADVANCED_FACE ( 'NONE', ( #6135 ), #478, .F. ) ;
#7380 = CARTESIAN_POINT ( 'NONE',  ( 0.5346205622707780325, 10.23352060545819953, 41.30000000000000426 ) ) ;
#7381 = CARTESIAN_POINT ( 'NONE',  ( 3.348190730664520220, 15.95691518804629894, 40.30000000000000426 ) ) ;
#7382 = DIRECTION ( 'NONE',  ( 1.000000000000000000, 1.849488125791859263E-16, 0.000000000000000000 ) ) ;
#7383 = ORIENTED_EDGE ( 'NONE', *, *, #5373, .T. ) ;
#7384 = CARTESIAN_POINT ( 'NONE',  ( -20.95845885843094436, -26.95030563643654986, 23.09999999999999076 ) ) ;
#7385 = ORIENTED_EDGE ( 'NONE', *, *, #3882, .F. ) ;
#7386 = LINE ( 'NONE', #4414, #2343 ) ;
#7387 = CARTESIAN_POINT ( 'NONE',  ( 10.36145766723690009, 12.46074039270500045, 41.30000000000000426 ) ) ;
#7388 = EDGE_CURVE ( 'NONE', #428, #1609, #4954, .T. ) ;
#7389 = CARTESIAN_POINT ( 'NONE',  ( -9.524535151325238758, 14.17039709032979999, 41.30000000000000426 ) ) ;
#7390 = EDGE_CURVE ( 'NONE', #2634, #6357, #5011, .T. ) ;
#7391 = ORIENTED_EDGE ( 'NONE', *, *, #6870, .F. ) ;
#7392 = CARTESIAN_POINT ( 'NONE',  ( -5.849583725877619322, 17.94881528947969684, 40.30000000000000426 ) ) ;
#7393 = EDGE_CURVE ( 'NONE', #5537, #1686, #6778, .T. ) ;
#7394 = CARTESIAN_POINT ( 'NONE',  ( -9.245204976220421145, 15.86077891719580180, 41.30000000000000426 ) ) ;
#7395 = ORIENTED_EDGE ( 'NONE', *, *, #3848, .F. ) ;
#7396 = CARTESIAN_POINT ( 'NONE',  ( -26.57477143106038753, -24.13664355865544309, 22.62338069263496010 ) ) ;
#7397 = VERTEX_POINT ( 'NONE', #70 ) ;
#7398 = CARTESIAN_POINT ( 'NONE',  ( 11.48607373154369959, 13.35283930614710002, 40.30000000000000426 ) ) ;
#7399 = CARTESIAN_POINT ( 'NONE',  ( 26.28203387038859873, -20.42507674235605108, 22.61908310456345461 ) ) ;
#7400 = B_SPLINE_CURVE_WITH_KNOTS ( 'NONE', 3,
 ( #6400, #2808, #2162, #4523, #6967 ),
 .UNSPECIFIED., .F., .F.,
 ( 4, 1, 4 ),
 ( 0.000000000000000000, 0.01046075584044130029, 0.02586547623505069948 ),
 .UNSPECIFIED. ) ;
#7401 = CARTESIAN_POINT ( 'NONE',  ( 23.37986273316112218, -26.93621721814525571, 4.336808689942017736E-16 ) ) ;
#7402 = CARTESIAN_POINT ( 'NONE',  ( 24.05905315087482066, 24.57607342347288437, 22.62460493132831374 ) ) ;
#7403 = ORIENTED_EDGE ( 'NONE', *, *, #7782, .F. ) ;
#7404 = CARTESIAN_POINT ( 'NONE',  ( 5.338394301825270638, 32.09039825922320688, 6.080756329601659793 ) ) ;
#7405 = CARTESIAN_POINT ( 'NONE',  ( 3.333170871578770011, 18.43549456033489875, 41.30000000000000426 ) ) ;
#7406 = CARTESIAN_POINT ( 'NONE',  ( 24.92927573974496624, -23.85040499490219901, 23.10000000000001563 ) ) ;
#7407 = EDGE_CURVE ( 'NONE', #2778, #6357, #3201, .T. ) ;
#7408 = CARTESIAN_POINT ( 'NONE',  ( 25.89588108239668784, 16.40166822571531924, 23.09999999999999787 ) ) ;
#7409 = CARTESIAN_POINT ( 'NONE',  ( -27.89683959804511559, -18.40262674136376120, 0.000000000000000000 ) ) ;
#7410 = CARTESIAN_POINT ( 'NONE',  ( -27.89683959804511559, -18.40262674136375765, -1.084202172485504434E-16 ) ) ;
#7411 = CARTESIAN_POINT ( 'NONE',  ( -10.66740896762949831, 15.64164989027510089, 41.30000000000000426 ) ) ;
#7412 = ORIENTED_EDGE ( 'NONE', *, *, #4925, .F. ) ;
#7413 = PLANE ( 'NONE',  #7331 ) ;
#7414 = DIRECTION ( 'NONE',  ( 0.000000000000000000, -1.000000000000000000, 0.000000000000000000 ) ) ;
#7415 = B_SPLINE_CURVE_WITH_KNOTS ( 'NONE', 3,
 ( #3588, #6106, #3057, #7373, #1716 ),
 .UNSPECIFIED., .F., .F.,
 ( 4, 1, 4 ),
 ( 0.000000000000000000, 0.03601259360482249317, 0.06260145982352630090 ),
 .UNSPECIFIED. ) ;
#7416 = EDGE_CURVE ( 'NONE', #5939, #139, #7764, .T. ) ;
#7417 = CARTESIAN_POINT ( 'NONE',  ( 20.67066629037539371, 26.97553733195210768, 0.5196380142921354084 ) ) ;
#7418 = DIRECTION ( 'NONE',  ( 0.000000000000000000, 0.000000000000000000, -1.000000000000000000 ) ) ;
#7419 = B_SPLINE_CURVE_WITH_KNOTS ( 'NONE', 3,
 ( #4854, #3042, #7267, #399, #1738 ),
 .UNSPECIFIED., .F., .F.,
 ( 4, 1, 4 ),
 ( 0.000000000000000000, 0.02451018775968460267, 0.04653512814886311133 ),
 .UNSPECIFIED. ) ;
#7420 = CARTESIAN_POINT ( 'NONE',  ( -27.88203567437626518, 16.65891789430446224, 15.25078308168457575 ) ) ;
#7421 = CARTESIAN_POINT ( 'NONE',  ( 22.46738039368836581, 26.09225414109262076, 3.252606517456512809E-16 ) ) ;
#7422 = ORIENTED_EDGE ( 'NONE', *, *, #5951, .F. ) ;
#7423 = ORIENTED_EDGE ( 'NONE', *, *, #3984, .F. ) ;
#7424 = DIRECTION ( 'NONE',  ( 0.000000000000000000, 0.000000000000000000, -1.000000000000000000 ) ) ;
#7425 = CARTESIAN_POINT ( 'NONE',  ( 2.795644922137920041, 15.10878634749940019, 40.30000000000000426 ) ) ;
#7426 = EDGE_CURVE ( 'NONE', #2942, #674, #7156, .T. ) ;
#7427 = CARTESIAN_POINT ( 'NONE',  ( -18.40262674136375765, -28.39653501155466131, 0.5174497483512534579 ) ) ;
#7428 = CARTESIAN_POINT ( 'NONE',  ( 9.891362968833341540, 12.93684779613270130, 41.30000000000000426 ) ) ;
#7429 = EDGE_CURVE ( 'NONE', #2908, #6738, #1663, .T. ) ;
#7430 = ORIENTED_EDGE ( 'NONE', *, *, #1429, .F. ) ;
#7431 = CARTESIAN_POINT ( 'NONE',  ( 10.35720781245700017, 12.35489637887460113, 40.30000000000000426 ) ) ;
#7432 = LINE ( 'NONE', #1815, #2405 ) ;
#7433 = EDGE_LOOP ( 'NONE', ( #4672, #6209, #99, #7994 ) ) ;
#7434 = CARTESIAN_POINT ( 'NONE',  ( -26.99165762879083275, -23.17199346424958151, 22.62202743413944717 ) ) ;
#7435 = ORIENTED_EDGE ( 'NONE', *, *, #124, .F. ) ;
#7436 = EDGE_CURVE ( 'NONE', #1003, #5346, #7553, .T. ) ;
#7437 = VECTOR ( 'NONE', #2171, 1000.000000000000114 ) ;
#7438 = ORIENTED_EDGE ( 'NONE', *, *, #24, .T. ) ;
#7439 = CARTESIAN_POINT ( 'NONE',  ( -25.43263027997510761, 23.74064000639121730, 23.10000000000000497 ) ) ;
#7440 = CARTESIAN_POINT ( 'NONE',  ( 10.23293787947360123, 13.20936556744800150, 41.30000000000000426 ) ) ;
#7441 = VECTOR ( 'NONE', #403, 1000.000000000000000 ) ;
#7442 = EDGE_LOOP ( 'NONE', ( #1673, #6681, #2947, #1550 ) ) ;
#7443 = CARTESIAN_POINT ( 'NONE',  ( -6.627671221020169590, 17.93747955119249937, 40.30000000000000426 ) ) ;
#7444 = CARTESIAN_POINT ( 'NONE',  ( -27.32146617256646692, 22.46738187117714602, 4.336808689942017736E-16 ) ) ;
#7445 = DIRECTION ( 'NONE',  ( -1.000000000000000000, 0.000000000000000000, 0.000000000000000000 ) ) ;
#7446 = EDGE_CURVE ( 'NONE', #4961, #2908, #3901, .T. ) ;
#7447 = AXIS2_PLACEMENT_3D ( 'NONE', #6459, #931, #1990 ) ;
#7448 = CARTESIAN_POINT ( 'NONE',  ( -26.56515790918400199, 24.20675332485649989, 15.54903638764610108 ) ) ;
#7449 = CARTESIAN_POINT ( 'NONE',  ( -24.62215595753970376, -26.93023689002255949, -9.757819552369539906E-16 ) ) ;
#7450 = ORIENTED_EDGE ( 'NONE', *, *, #1359, .F. ) ;
#7451 = CARTESIAN_POINT ( 'NONE',  ( 25.89588108239669495, -17.63087773559610838, 22.59999999999999787 ) ) ;
#7452 = CARTESIAN_POINT ( 'NONE',  ( -6.893518561953730028, 17.84696906279179984, 40.30000000000000426 ) ) ;
#7453 = ORIENTED_EDGE ( 'NONE', *, *, #2981, .T. ) ;
#7454 = ORIENTED_EDGE ( 'NONE', *, *, #1032, .T. ) ;
#7455 = CARTESIAN_POINT ( 'NONE',  ( 23.69328131148408900, 26.10989451924825389, 0.5234538573612919077 ) ) ;
#7456 = CARTESIAN_POINT ( 'NONE',  ( 11.28618918779309865, 14.08527069939150067, 40.30000000000000426 ) ) ;
#7457 = CARTESIAN_POINT ( 'NONE',  ( -27.62478600578710797, 16.40166822571531213, 22.61744974835124822 ) ) ;
#7458 = CARTESIAN_POINT ( 'NONE',  ( 17.84163786871561186, 26.66763008816431579, 0.000000000000000000 ) ) ;
#7459 = EDGE_LOOP ( 'NONE', ( #4232, #7262, #6885, #7360 ) ) ;
#7460 = CARTESIAN_POINT ( 'NONE',  ( 26.64837773030739854, 18.00133852050320016, 15.37816956980479866 ) ) ;
#7461 = ORIENTED_EDGE ( 'NONE', *, *, #2139, .T. ) ;
#7462 = EDGE_CURVE ( 'NONE', #3798, #4756, #5559, .T. ) ;
#7463 = CARTESIAN_POINT ( 'NONE',  ( 3.158296623045659945, 15.19790552043070164, 41.30000000000000426 ) ) ;
#7464 = ORIENTED_EDGE ( 'NONE', *, *, #1588, .T. ) ;
#7465 = CARTESIAN_POINT ( 'NONE',  ( 3.158296623045659945, 15.19790552043070164, 40.30000000000000426 ) ) ;
#7466 = CARTESIAN_POINT ( 'NONE',  ( -22.42489299649870205, -27.67238836120760226, 15.48255285129070025 ) ) ;
#7467 = EDGE_LOOP ( 'NONE', ( #4553, #4116, #5378, #7222 ) ) ;
#7468 = CIRCLE ( 'NONE', #366, 0.5000000000000000000 ) ;
#7469 = CARTESIAN_POINT ( 'NONE',  ( 9.796025658333210373, 13.45792189472430067, 40.30000000000000426 ) ) ;
#7470 = CARTESIAN_POINT ( 'NONE',  ( 3.148607570682200318, 18.04869081903849803, 40.30000000000000426 ) ) ;
#7471 = ORIENTED_EDGE ( 'NONE', *, *, #3742, .T. ) ;
#7472 = ADVANCED_FACE ( 'NONE', ( #2025 ), #7136, .F. ) ;
#7473 = ORIENTED_EDGE ( 'NONE', *, *, #3121, .F. ) ;
#7474 = AXIS2_PLACEMENT_3D ( 'NONE', #4289, #6647, #6733 ) ;
#7475 = CARTESIAN_POINT ( 'NONE',  ( 10.33972502155259932, 12.86263653422759923, 40.30000000000000426 ) ) ;
#7476 = DIRECTION ( 'NONE',  ( 0.000000000000000000, 0.000000000000000000, -1.000000000000000000 ) ) ;
#7477 = EDGE_LOOP ( 'NONE', ( #4293, #4913, #6396, #2662 ) ) ;
#7478 = CARTESIAN_POINT ( 'NONE',  ( 9.885395245059592995, -0.6146047549404076715, 41.30000000000000426 ) ) ;
#7479 = VECTOR ( 'NONE', #5764, 1000.000000000000114 ) ;
#7480 = CARTESIAN_POINT ( 'NONE',  ( -26.57703413810212822, 24.83080435412458797, 0.5246049325843505917 ) ) ;
#7481 = CARTESIAN_POINT ( 'NONE',  ( 2.964785200835389656, 18.13376311301610144, 41.30000000000000426 ) ) ;
#7482 = VECTOR ( 'NONE', #4018, 1000.000000000000000 ) ;
#7483 = CARTESIAN_POINT ( 'NONE',  ( -27.88092023507534023, -19.73586107926778865, -2.602085213965213403E-15 ) ) ;
#7484 = LINE ( 'NONE', #4431, #318 ) ;
#7485 = EDGE_CURVE ( 'NONE', #3775, #5229, #10, .T. ) ;
#7486 = CARTESIAN_POINT ( 'NONE',  ( -27.82186109851629396, -23.83835836031180122, 7.106501571459136926E-14 ) ) ;
#7487 = VERTEX_POINT ( 'NONE', #201 ) ;
#7488 = CARTESIAN_POINT ( 'NONE',  ( -27.60793497968109023, 16.40166822571531213, 23.10000000000000497 ) ) ;
#7489 = ORIENTED_EDGE ( 'NONE', *, *, #4546, .T. ) ;
#7490 = ORIENTED_EDGE ( 'NONE', *, *, #5210, .F. ) ;
#7491 = EDGE_CURVE ( 'NONE', #2375, #6529, #4977, .T. ) ;
#7492 = LINE ( 'NONE', #2086, #7268 ) ;
#7493 = CARTESIAN_POINT ( 'NONE',  ( -9.576203527604580046, 14.53032801389129958, 41.30000000000000426 ) ) ;
#7494 = PLANE ( 'NONE',  #7955 ) ;
#7495 = CARTESIAN_POINT ( 'NONE',  ( -0.6146047549404088928, -0.6146047549404088928, 38.88724874175630219 ) ) ;
#7496 = ORIENTED_EDGE ( 'NONE', *, *, #2225, .T. ) ;
#7497 = CARTESIAN_POINT ( 'NONE',  ( 4.090671940752160118, 17.43216810938569949, 40.30000000000000426 ) ) ;
#7498 = ORIENTED_EDGE ( 'NONE', *, *, #3328, .T. ) ;
#7499 = DIRECTION ( 'NONE',  ( 1.000000000000000000, 0.000000000000000000, 0.000000000000000000 ) ) ;
#7500 = ORIENTED_EDGE ( 'NONE', *, *, #6440, .F. ) ;
#7501 = B_SPLINE_SURFACE_WITH_KNOTS ( 'NONE', 3, 1, ( 
 ( #178, #1390 ),
 ( #6313, #2618 ),
 ( #7577, #2655 ),
 ( #7533, #5813 ),
 ( #2767, #5221 ) ),
 .UNSPECIFIED., .F., .F., .F.,
 ( 4, 1, 4 ),
 ( 2, 2 ),
 ( 0.000000000000000000, 0.02833713107237060061, 0.05024488735256919802 ),
 ( 0.000000000000000000, 0.1000000000000000056 ),
 .UNSPECIFIED. ) ;
#7502 = CARTESIAN_POINT ( 'NONE',  ( -0.6199099161177559214, 15.38695147968959986, 40.30000000000000426 ) ) ;
#7503 = CARTESIAN_POINT ( 'NONE',  ( -26.78282551435849967, -24.08778159407289721, 23.29725504462659913 ) ) ;
#7504 = AXIS2_PLACEMENT_3D ( 'NONE', #2202, #7743, #4675 ) ;
#7505 = ADVANCED_FACE ( 'NONE', ( #7597 ), #31, .F. ) ;
#7506 = VERTEX_POINT ( 'NONE', #7019 ) ;
#7507 = LINE ( 'NONE', #4869, #2011 ) ;
#7508 = VERTEX_POINT ( 'NONE', #6455 ) ;
#7509 = CARTESIAN_POINT ( 'NONE',  ( -24.46554705717086264, -26.42969781524809036, 22.62390762428804791 ) ) ;
#7510 = ORIENTED_EDGE ( 'NONE', *, *, #7099, .F. ) ;
#7511 = CARTESIAN_POINT ( 'NONE',  ( 11.56418602371990012, 13.44251381513900157, 41.30000000000000426 ) ) ;
#7512 = CARTESIAN_POINT ( 'NONE',  ( -3.667523178702579933, 15.12333542548280008, 41.30000000000000426 ) ) ;
#7513 = VERTEX_POINT ( 'NONE', #4651 ) ;
#7514 = B_SPLINE_CURVE_WITH_KNOTS ( 'NONE', 3,
 ( #661, #5421, #2540, #6718, #3061 ),
 .UNSPECIFIED., .F., .F.,
 ( 4, 1, 4 ),
 ( 0.000000000000000000, 0.02833713107237060061, 0.05024488735256919802 ),
 .UNSPECIFIED. ) ;
#7515 = CARTESIAN_POINT ( 'NONE',  ( 11.13136505507829987, 14.95174774934160133, 41.30000000000000426 ) ) ;
#7516 = CARTESIAN_POINT ( 'NONE',  ( -24.82328908319881577, 26.15886325842182103, 0.5232597604070359232 ) ) ;
#7517 = CARTESIAN_POINT ( 'NONE',  ( 11.16963982970500169, 14.43372660274629915, 40.30000000000000426 ) ) ;
#7518 = CARTESIAN_POINT ( 'NONE',  ( 2.765246348989209846, 18.17070349071000024, 41.30000000000000426 ) ) ;
#7519 = PLANE ( 'NONE',  #1294 ) ;
#7520 = CARTESIAN_POINT ( 'NONE',  ( -25.08901828224666986, -25.31405273900870156, 23.09999999999999787 ) ) ;
#7521 = CARTESIAN_POINT ( 'NONE',  ( -23.69659283415232309, -27.32146865645372102, -9.757819552369539906E-16 ) ) ;
#7522 = ORIENTED_EDGE ( 'NONE', *, *, #7781, .F. ) ;
#7523 = DIRECTION ( 'NONE',  ( 0.9976207414233433379, -0.06894096229339172210, 0.000000000000000000 ) ) ;
#7524 = CARTESIAN_POINT ( 'NONE',  ( 9.702203740959820522, 13.57420319284799959, 41.30000000000000426 ) ) ;
#7525 = VERTEX_POINT ( 'NONE', #7101 ) ;
#7526 = TOROIDAL_SURFACE ( 'NONE', #306, 2.000000000000000888, 0.5000000000000000000 ) ;
#7527 = VERTEX_POINT ( 'NONE', #2067 ) ;
#7528 = ORIENTED_EDGE ( 'NONE', *, *, #5089, .T. ) ;
#7529 = CARTESIAN_POINT ( 'NONE',  ( 4.076735221874499437, 16.58999099842340286, 41.30000000000000426 ) ) ;
#7530 = CARTESIAN_POINT ( 'NONE',  ( 11.30312724816690029, 13.92900155362320014, 41.30000000000000426 ) ) ;
#7531 = ADVANCED_FACE ( 'NONE', ( #2713 ), #3447, .T. ) ;
#7532 = CARTESIAN_POINT ( 'NONE',  ( 3.537544349797790311, 16.33834323439950253, 41.30000000000000426 ) ) ;
#7533 = CARTESIAN_POINT ( 'NONE',  ( -9.731469937561948669, 14.91517981463690035, 41.30000000000000426 ) ) ;
#7534 = VERTEX_POINT ( 'NONE', #884 ) ;
#7535 = ORIENTED_EDGE ( 'NONE', *, *, #5444, .F. ) ;
#7536 = ORIENTED_EDGE ( 'NONE', *, *, #2113, .F. ) ;
#7537 = CARTESIAN_POINT ( 'NONE',  ( 2.795644922137920041, 15.10878634749940019, 41.30000000000000426 ) ) ;
#7538 = ORIENTED_EDGE ( 'NONE', *, *, #4902, .F. ) ;
#7539 = CIRCLE ( 'NONE', #5711, 1.500000000000001332 ) ;
#7540 = LINE ( 'NONE', #4490, #6335 ) ;
#7541 = CARTESIAN_POINT ( 'NONE',  ( -5.961347503331850817, 17.47833039295590041, 40.30000000000000426 ) ) ;
#7542 = EDGE_CURVE ( 'NONE', #4416, #7944, #1491, .T. ) ;
#7543 = LINE ( 'NONE', #6702, #7314 ) ;
#7544 = CARTESIAN_POINT ( 'NONE',  ( 3.583626684761619607, 16.56270427653310051, 41.30000000000000426 ) ) ;
#7545 = VECTOR ( 'NONE', #1593, 1000.000000000000114 ) ;
#7546 = CARTESIAN_POINT ( 'NONE',  ( -5.975147764671009831, 15.96898593451559911, 40.30000000000000426 ) ) ;
#7547 = ORIENTED_EDGE ( 'NONE', *, *, #7242, .T. ) ;
#7548 = CARTESIAN_POINT ( 'NONE',  ( 2.720929507691979943, 15.52585499005520120, 41.30000000000000426 ) ) ;
#7549 = ORIENTED_EDGE ( 'NONE', *, *, #7576, .T. ) ;
#7550 = VECTOR ( 'NONE', #5725, 1000.000000000000114 ) ;
#7551 = CARTESIAN_POINT ( 'NONE',  ( -9.650064367965448753, 15.60762795477450027, 40.30000000000000426 ) ) ;
#7552 = EDGE_CURVE ( 'NONE', #1214, #1462, #7716, .T. ) ;
#7553 = LINE ( 'NONE', #4387, #3267 ) ;
#7554 = VERTEX_POINT ( 'NONE', #925 ) ;
#7555 = DIRECTION ( 'NONE',  ( -0.3252373394801191253, 0.9456324196049402664, 0.000000000000000000 ) ) ;
#7556 = CARTESIAN_POINT ( 'NONE',  ( -19.07969272908641756, -28.41490669828087334, 5.285294663408909384E-12 ) ) ;
#7557 = CARTESIAN_POINT ( 'NONE',  ( 3.224129114692329878, 18.01373973556029640, 40.30000000000000426 ) ) ;
#7558 = EDGE_CURVE ( 'NONE', #1319, #494, #4537, .T. ) ;
#7559 = CARTESIAN_POINT ( 'NONE',  ( 10.50626508731200026, 13.54935279537929915, 41.30000000000000426 ) ) ;
#7560 = DIRECTION ( 'NONE',  ( -0.9456324196049401554, -0.3252373394801191253, 0.000000000000000000 ) ) ;
#7561 = CARTESIAN_POINT ( 'NONE',  ( -25.82526640899904180, -25.28593936429715328, 22.62466712723675499 ) ) ;
#7562 = CARTESIAN_POINT ( 'NONE',  ( -6.304334965571159799, 17.58001425048900401, 41.30000000000000426 ) ) ;
#7563 = EDGE_LOOP ( 'NONE', ( #1900, #592, #5631, #6691 ) ) ;
#7564 = CARTESIAN_POINT ( 'NONE',  ( -8.146923488539970393, 13.54592516046809969, 41.30000000000000426 ) ) ;
#7565 = CARTESIAN_POINT ( 'NONE',  ( 9.640635592281158850, 13.63468925182320035, 41.30000000000000426 ) ) ;
#7566 = B_SPLINE_SURFACE_WITH_KNOTS ( 'NONE', 3, 1, ( 
 ( #6472, #941 ),
 ( #2851, #4710 ),
 ( #7160, #4111 ),
 ( #7815, #2803 ),
 ( #7733, #7776 ) ),
 .UNSPECIFIED., .F., .F., .F.,
 ( 4, 1, 4 ),
 ( 2, 2 ),
 ( 0.000000000000000000, 0.03711580906407299651, 0.08242987321745530449 ),
 ( 0.000000000000000000, 0.1000000000000000056 ),
 .UNSPECIFIED. ) ;
#7567 = ORIENTED_EDGE ( 'NONE', *, *, #463, .F. ) ;
#7568 = CIRCLE ( 'NONE', #597, 0.5000000000000004441 ) ;
#7569 = EDGE_LOOP ( 'NONE', ( #965, #1767 ) ) ;
#7570 = ORIENTED_EDGE ( 'NONE', *, *, #7293, .F. ) ;
#7571 = EDGE_CURVE ( 'NONE', #1268, #4961, #5200, .T. ) ;
#7572 = CARTESIAN_POINT ( 'NONE',  ( 26.71570615645742919, -23.28108824804320776, 0.5211017855786650443 ) ) ;
#7573 = LINE ( 'NONE', #1471, #900 ) ;
#7574 = VECTOR ( 'NONE', #6541, 1000.000000000000114 ) ;
#7576 = EDGE_CURVE ( 'NONE', #3832, #4074, #5802, .T. ) ;
#7575 = DIRECTION ( 'NONE',  ( 0.000000000000000000, 0.000000000000000000, -1.000000000000000000 ) ) ;
#7577 = CARTESIAN_POINT ( 'NONE',  ( -9.846497049435791737, 14.79261095727319919, 41.30000000000000426 ) ) ;
#7578 = ORIENTED_EDGE ( 'NONE', *, *, #7285, .F. ) ;
#7579 = CARTESIAN_POINT ( 'NONE',  ( 2.729363734454619994, 18.59740268094780191, 41.30000000000000426 ) ) ;
#7580 = ORIENTED_EDGE ( 'NONE', *, *, #633, .F. ) ;
#7581 = VERTEX_POINT ( 'NONE', #7679 ) ;
#7582 = CARTESIAN_POINT ( 'NONE',  ( 10.63372686462870043, 13.50896311546799922, 40.30000000000000426 ) ) ;
#7583 = ORIENTED_EDGE ( 'NONE', *, *, #7041, .T. ) ;
#7584 = B_SPLINE_CURVE_WITH_KNOTS ( 'NONE', 3,
 ( #6083, #4891, #6290, #5044, #1331, #2517, #1978, #7509, #4973, #3733, #3774, #6169, #7396, #7434, #6212, #7995, #1902, #2557, #679, #111 ),
 .UNSPECIFIED., .F., .F.,
 ( 4, 2, 2, 2, 2, 2, 2, 2, 2, 4 ),
 ( -6.000000000097901914E-08, 0.002095883192792621051, 0.004191826385585242613, 0.006287769578377864176, 0.008383712771170486605, 0.009431684367566797386, 0.01047965596396310990, 0.01257559915675572626, 0.01467154234954834609, 0.01676748554234096591 ),
 .UNSPECIFIED. ) ;
#7585 = CARTESIAN_POINT ( 'NONE',  ( -27.60714825885562362, 17.80181167340740345, 22.61812543827531385 ) ) ;
#7586 = DIRECTION ( 'NONE',  ( 0.000000000000000000, 0.000000000000000000, 1.000000000000000000 ) ) ;
#7587 = CARTESIAN_POINT ( 'NONE',  ( 25.38711355977683937, 22.82233010595308187, 22.62325976862939925 ) ) ;
#7588 = EDGE_LOOP ( 'NONE', ( #6935, #5592, #7623, #112 ) ) ;
#7589 = CARTESIAN_POINT ( 'NONE',  ( -9.464776183982930746, 14.14948149444970049, 40.30000000000000426 ) ) ;
#7590 = CARTESIAN_POINT ( 'NONE',  ( -5.401715267416590471, 16.39483041423849841, 40.30000000000000426 ) ) ;
#7591 = EDGE_CURVE ( 'NONE', #231, #4679, #7061, .T. ) ;
#7592 = VERTEX_POINT ( 'NONE', #6494 ) ;
#7593 = CARTESIAN_POINT ( 'NONE',  ( -10.12741081589729930, 14.14069446659670071, 41.30000000000000426 ) ) ;
#7594 = CARTESIAN_POINT ( 'NONE',  ( -19.10065838850179532, 27.16731461785371238, 0.5177467778815116883 ) ) ;
#7595 = ORIENTED_EDGE ( 'NONE', *, *, #6928, .T. ) ;
#7596 = FACE_OUTER_BOUND ( 'NONE', #225, .T. ) ;
#7597 = FACE_OUTER_BOUND ( 'NONE', #599, .T. ) ;
#7598 = EDGE_CURVE ( 'NONE', #3780, #7892, #5277, .T. ) ;
#7599 = EDGE_LOOP ( 'NONE', ( #6841, #4445, #5665, #2197 ) ) ;
#7600 = CARTESIAN_POINT ( 'NONE',  ( 3.862868816547879725, 17.99730347761779825, 41.30000000000000426 ) ) ;
#7601 = EDGE_CURVE ( 'NONE', #7183, #7991, #1859, .T. ) ;
#7602 = CARTESIAN_POINT ( 'NONE',  ( -19.07083193302987567, -27.89683959944537861, -4.987329993433320396E-15 ) ) ;
#7603 = CARTESIAN_POINT ( 'NONE',  ( 8.172995640601749656, 12.78766205430570047, 40.30000000000000426 ) ) ;
#7604 = CARTESIAN_POINT ( 'NONE',  ( 10.63372686462870043, 13.50896311546799922, 41.30000000000000426 ) ) ;
#7605 = CARTESIAN_POINT ( 'NONE',  ( -24.06876708160562472, -26.60842984962775404, 22.62333762341759424 ) ) ;
#7606 = CIRCLE ( 'NONE', #1285, 0.5000000000000000000 ) ;
#7607 = CARTESIAN_POINT ( 'NONE',  ( -2.661605698174729806, 27.52334054423229759, 7.922490248478589514 ) ) ;
#7608 = VERTEX_POINT ( 'NONE', #2874 ) ;
#7609 = CARTESIAN_POINT ( 'NONE',  ( -25.73118908940470817, 23.33831094454111721, 23.09999999999999787 ) ) ;
#7610 = ORIENTED_EDGE ( 'NONE', *, *, #2369, .T. ) ;
#7611 = EDGE_CURVE ( 'NONE', #7183, #6849, #964, .T. ) ;
#7612 = ORIENTED_EDGE ( 'NONE', *, *, #6090, .F. ) ;
#7613 = VECTOR ( 'NONE', #3592, 1000.000000000000114 ) ;
#7614 = DIRECTION ( 'NONE',  ( 1.000000000000000000, 0.000000000000000000, 0.000000000000000000 ) ) ;
#7615 = CARTESIAN_POINT ( 'NONE',  ( 10.35012445675729964, 13.61159799400099857, 40.30000000000000426 ) ) ;
#7616 = EDGE_CURVE ( 'NONE', #886, #7996, #5244, .T. ) ;
#7617 = CARTESIAN_POINT ( 'NONE',  ( 2.715877902717790171, 15.10198686240030064, 40.30000000000000426 ) ) ;
#7618 = CARTESIAN_POINT ( 'NONE',  ( 3.013494163776559986, 15.61860000757850031, 41.30000000000000426 ) ) ;
#7619 = EDGE_LOOP ( 'NONE', ( #5818, #5006, #7043, #6817 ) ) ;
#7620 = DIRECTION ( 'NONE',  ( 0.07109138264745049063, 0.9974698067176137606, 0.000000000000000000 ) ) ;
#7621 = AXIS2_PLACEMENT_3D ( 'NONE', #5133, #2103, #7018 ) ;
#7622 = ORIENTED_EDGE ( 'NONE', *, *, #4782, .F. ) ;
#7623 = ORIENTED_EDGE ( 'NONE', *, *, #7591, .T. ) ;
#7624 = FACE_OUTER_BOUND ( 'NONE', #3799, .T. ) ;
#7625 = CARTESIAN_POINT ( 'NONE',  ( 1.721352768553900070, -15.40608526694630065, 41.30000000000000426 ) ) ;
#7626 = CIRCLE ( 'NONE', #779, 0.5000000000000004441 ) ;
#7627 = CARTESIAN_POINT ( 'NONE',  ( -6.723063907038290488, 17.46881961280319828, 41.30000000000000426 ) ) ;
#7628 = DIRECTION ( 'NONE',  ( 0.000000000000000000, 0.000000000000000000, -1.000000000000000000 ) ) ;
#7629 = CARTESIAN_POINT ( 'NONE',  ( 24.80774484601056784, 23.75321497158883233, 23.10000000000057341 ) ) ;
#7630 = CARTESIAN_POINT ( 'NONE',  ( -9.741084421304920582, 14.21794408321009939, 40.30000000000000426 ) ) ;
#7631 = CARTESIAN_POINT ( 'NONE',  ( -27.12509059227755870, 16.40166822571531213, 23.09999999999999787 ) ) ;
#7632 = VERTEX_POINT ( 'NONE', #1611 ) ;
#7633 = CARTESIAN_POINT ( 'NONE',  ( -10.20061438660609987, 14.09487259155339878, 41.30000000000000426 ) ) ;
#7634 = CARTESIAN_POINT ( 'NONE',  ( -3.621485538794880110, 18.65867814220209908, 41.30000000000000426 ) ) ;
#7635 = EDGE_LOOP ( 'NONE', ( #5298, #1930, #625, #6679 ) ) ;
#7636 = TOROIDAL_SURFACE ( 'NONE', #5292, 20.95022005823249955, 2.500000000000000000 ) ;
#7637 = DIRECTION ( 'NONE',  ( 1.540743955509789709E-33, 0.9993908270190957621, 0.03489949670250108715 ) ) ;
#7638 = CARTESIAN_POINT ( 'NONE',  ( -9.408452792339399906, 16.08890333656830407, 41.30000000000000426 ) ) ;
#7639 = EDGE_CURVE ( 'NONE', #1629, #2281, #4091, .T. ) ;
#7640 = B_SPLINE_SURFACE_WITH_KNOTS ( 'NONE', 3, 1, ( 
 ( #5105, #3218 ),
 ( #7524, #5649 ),
 ( #7565, #3174 ),
 ( #5611, #3263 ),
 ( #5535, #2646 ) ),
 .UNSPECIFIED., .F., .F., .F.,
 ( 4, 1, 4 ),
 ( 2, 2 ),
 ( 0.000000000000000000, 0.01046075584044130029, 0.02586547623505069948 ),
 ( 0.000000000000000000, 0.1000000000000000056 ),
 .UNSPECIFIED. ) ;
#7641 = ORIENTED_EDGE ( 'NONE', *, *, #6214, .F. ) ;
#7642 = CARTESIAN_POINT ( 'NONE',  ( 20.50099637346893289, 26.49284271369725019, -8.673617379884035472E-16 ) ) ;
#7643 = CARTESIAN_POINT ( 'NONE',  ( 3.223099707753630305, 15.23052358035790022, 41.30000000000000426 ) ) ;
#7644 = DIRECTION ( 'NONE',  ( 0.7006820406882672270, 0.7134736700516182140, 0.000000000000000000 ) ) ;
#7645 = CARTESIAN_POINT ( 'NONE',  ( 11.68593441874289951, 14.37490637069579869, 40.30000000000000426 ) ) ;
#7646 = CARTESIAN_POINT ( 'NONE',  ( -26.16446869581794488, -23.83732412519205823, 23.10000000000000142 ) ) ;
#7647 = LINE ( 'NONE', #6385, #4083 ) ;
#7648 = CARTESIAN_POINT ( 'NONE',  ( -24.95831170780372332, 24.21730692867910761, 23.10000000000001563 ) ) ;
#7649 = ORIENTED_EDGE ( 'NONE', *, *, #4266, .F. ) ;
#7650 = ORIENTED_EDGE ( 'NONE', *, *, #1688, .T. ) ;
#7651 = CARTESIAN_POINT ( 'NONE',  ( -21.50000000000000000, -21.49999999999999645, 0.5000000000000004441 ) ) ;
#7652 = DIRECTION ( 'NONE',  ( 0.000000000000000000, 0.000000000000000000, -1.000000000000000000 ) ) ;
#7653 = LINE ( 'NONE', #5150, #5883 ) ;
#7654 = CARTESIAN_POINT ( 'NONE',  ( 2.720929507691979943, 15.52585499005520120, 41.30000000000000426 ) ) ;
#7655 = ORIENTED_EDGE ( 'NONE', *, *, #6728, .T. ) ;
#7656 = CARTESIAN_POINT ( 'NONE',  ( -9.789225526048308978, 14.22255285263720026, 41.30000000000000426 ) ) ;
#7657 = EDGE_LOOP ( 'NONE', ( #5043, #2649, #3084, #1764 ) ) ;
#7658 = CARTESIAN_POINT ( 'NONE',  ( -5.266496560315109932, 16.65240412582920015, 40.30000000000000426 ) ) ;
#7659 = EDGE_LOOP ( 'NONE', ( #7311, #6093, #5897, #131, #3793, #2820, #2671, #1385, #3905, #3085 ) ) ;
#7660 = CARTESIAN_POINT ( 'NONE',  ( 4.076735221874499437, 16.58999099842340286, 40.30000000000000426 ) ) ;
#7661 = ORIENTED_EDGE ( 'NONE', *, *, #2721, .F. ) ;
#7662 = EDGE_CURVE ( 'NONE', #1203, #431, #3651, .T. ) ;
#7663 = AXIS2_PLACEMENT_3D ( 'NONE', #1885, #1802, #4277 ) ;
#7664 = LINE ( 'NONE', #2127, #5294 ) ;
#7665 = EDGE_CURVE ( 'NONE', #6651, #167, #1959, .T. ) ;
#7666 = CARTESIAN_POINT ( 'NONE',  ( 3.582226832301850461, 17.54499995385240041, 41.30000000000000426 ) ) ;
#7667 = CARTESIAN_POINT ( 'NONE',  ( 26.66763008816431224, -19.07084751683769142, -6.419766481290736548E-32 ) ) ;
#7668 = CARTESIAN_POINT ( 'NONE',  ( 3.608399715779140315, 16.68331672076489980, 41.30000000000000426 ) ) ;
#7669 = ORIENTED_EDGE ( 'NONE', *, *, #6406, .T. ) ;
#7670 = CARTESIAN_POINT ( 'NONE',  ( -5.968511823699550689, 16.40971594895729879, 40.30000000000000426 ) ) ;
#7671 = LINE ( 'NONE', #2133, #7693 ) ;
#7672 = ORIENTED_EDGE ( 'NONE', *, *, #3807, .F. ) ;
#7673 = LINE ( 'NONE', #2134, #2409 ) ;
#7674 = AXIS2_PLACEMENT_3D ( 'NONE', #4527, #4570, #189 ) ;
#7675 = DIRECTION ( 'NONE',  ( 0.000000000000000000, 0.000000000000000000, -1.000000000000000000 ) ) ;
#7676 = ORIENTED_EDGE ( 'NONE', *, *, #6990, .T. ) ;
#7677 = EDGE_CURVE ( 'NONE', #5218, #3261, #1452, .T. ) ;
#7678 = CARTESIAN_POINT ( 'NONE',  ( -9.731170377294649398, 16.26552939047660118, 41.30000000000000426 ) ) ;
#7679 = CARTESIAN_POINT ( 'NONE',  ( 26.91763008816432290, -3.114604754940426545, 7.667790853192800071 ) ) ;
#7680 = VERTEX_POINT ( 'NONE', #6031 ) ;
#7681 = CARTESIAN_POINT ( 'NONE',  ( 17.17341723148286547, 27.16732550167386506, 0.5174497483512485729 ) ) ;
#7682 = DIRECTION ( 'NONE',  ( -1.000000000000000000, 0.000000000000000000, 0.000000000000000000 ) ) ;
#7683 = ADVANCED_FACE ( 'NONE', ( #4884 ), #1112, .F. ) ;
#7684 = CARTESIAN_POINT ( 'NONE',  ( -6.142459030276159915, 18.01960463918630140, 41.30000000000000426 ) ) ;
#7685 = PLANE ( 'NONE',  #6919 ) ;
#7686 = VECTOR ( 'NONE', #5212, 1000.000000000000000 ) ;
#7687 = CARTESIAN_POINT ( 'NONE',  ( -1.161605698174730028, 32.03804901416949491, 7.579842570130300494 ) ) ;
#7688 = DIRECTION ( 'NONE',  ( 0.000000000000000000, 0.000000000000000000, -1.000000000000000000 ) ) ;
#7689 = CARTESIAN_POINT ( 'NONE',  ( 22.99999999999999645, 21.49999999999999645, 10.00000000000000000 ) ) ;
#7690 = CARTESIAN_POINT ( 'NONE',  ( -25.42592731666831085, 23.73382008252893982, 23.09999999999999432 ) ) ;
#7691 = EDGE_CURVE ( 'NONE', #316, #167, #6077, .T. ) ;
#7692 = FACE_OUTER_BOUND ( 'NONE', #7433, .T. ) ;
#7693 = VECTOR ( 'NONE', #6893, 1000.000000000000000 ) ;
#7694 = CARTESIAN_POINT ( 'NONE',  ( 22.60811372838577427, -26.16446821572576553, 23.10000000000000142 ) ) ;
#7695 = PLANE ( 'NONE',  #1510 ) ;
#7696 = DIRECTION ( 'NONE',  ( 0.8034859426560702067, -0.5953237270209262855, 0.000000000000000000 ) ) ;
#7697 = VECTOR ( 'NONE', #1747, 999.9999999999998863 ) ;
#7698 = ORIENTED_EDGE ( 'NONE', *, *, #3349, .F. ) ;
#7699 = CARTESIAN_POINT ( 'NONE',  ( -9.789225526048308978, 14.22255285263720026, 40.30000000000000426 ) ) ;
#7700 = ORIENTED_EDGE ( 'NONE', *, *, #3295, .T. ) ;
#7701 = ORIENTED_EDGE ( 'NONE', *, *, #6826, .T. ) ;
#7702 = DIRECTION ( 'NONE',  ( -0.8034859426560696516, 0.5953237270209269516, 0.000000000000000000 ) ) ;
#7703 = ORIENTED_EDGE ( 'NONE', *, *, #6986, .F. ) ;
#7704 = ADVANCED_FACE ( 'NONE', ( #2945 ), #6557, .F. ) ;
#7705 = EDGE_CURVE ( 'NONE', #4475, #2005, #6956, .T. ) ;
#7706 = PLANE ( 'NONE',  #5957 ) ;
#7707 = CARTESIAN_POINT ( 'NONE',  ( 24.24109804523050116, -26.42512182833099743, 1.301042606982605124E-15 ) ) ;
#7708 = CARTESIAN_POINT ( 'NONE',  ( 25.48495360921350184, 21.04119387474490210, 23.10000000000000853 ) ) ;
#7709 = ORIENTED_EDGE ( 'NONE', *, *, #4985, .T. ) ;
#7710 = DIRECTION ( 'NONE',  ( -0.4999999999999998890, 0.8660254037844387076, 0.000000000000000000 ) ) ;
#7711 = CARTESIAN_POINT ( 'NONE',  ( -0.6146047549404088928, -0.6146047549404088928, 40.80000000000000426 ) ) ;
#7712 = ORIENTED_EDGE ( 'NONE', *, *, #1780, .T. ) ;
#7713 = DIRECTION ( 'NONE',  ( 1.000000000000000000, -6.943123467126393571E-15, 0.000000000000000000 ) ) ;
#7714 = ORIENTED_EDGE ( 'NONE', *, *, #6800, .F. ) ;
#7715 = DIRECTION ( 'NONE',  ( 0.000000000000000000, 0.000000000000000000, -1.000000000000000000 ) ) ;
#7716 = LINE ( 'NONE', #3374, #1832 ) ;
#7717 = ORIENTED_EDGE ( 'NONE', *, *, #6990, .F. ) ;
#7718 = CARTESIAN_POINT ( 'NONE',  ( 6.949205376582550109, 16.95920502406449870, 40.30000000000000426 ) ) ;
#7719 = ADVANCED_FACE ( 'NONE', ( #6645 ), #3518, .T. ) ;
#7720 = CYLINDRICAL_SURFACE ( 'NONE', #7339, 0.5000000000000004441 ) ;
#7721 = CARTESIAN_POINT ( 'NONE',  ( 27.18539524505959193, -18.40262674136375054, -2.168404344971008621E-16 ) ) ;
#7722 = PLANE ( 'NONE',  #3947 ) ;
#7723 = CARTESIAN_POINT ( 'NONE',  ( -5.600148718691980498, 17.79774077031040136, 41.30000000000000426 ) ) ;
#7724 = CARTESIAN_POINT ( 'NONE',  ( 3.903971976787460108, 16.01475150743359777, 41.30000000000000426 ) ) ;
#7725 = AXIS2_PLACEMENT_3D ( 'NONE', #319, #6449, #5832 ) ;
#7726 = CARTESIAN_POINT ( 'NONE',  ( -25.80528513233447896, 24.05905534835701687, 22.62460493258386762 ) ) ;
#7727 = CARTESIAN_POINT ( 'NONE',  ( -6.723063907038290488, 17.46881961280319828, 41.30000000000000426 ) ) ;
#7728 = ADVANCED_FACE ( 'NONE', ( #1157 ), #3030, .F. ) ;
#7729 = CARTESIAN_POINT ( 'NONE',  ( -0.6146047549404088928, -0.6146047549404088928, 38.80000000000000426 ) ) ;
#7730 = CARTESIAN_POINT ( 'NONE',  ( -9.246960617351630773, 14.53064746097110138, 41.30000000000000426 ) ) ;
#7731 = EDGE_CURVE ( 'NONE', #5695, #7534, #2253, .T. ) ;
#7732 = CARTESIAN_POINT ( 'NONE',  ( 2.720929507691979943, 15.52585499005520120, 41.30000000000000426 ) ) ;
#7733 = CARTESIAN_POINT ( 'NONE',  ( 10.20483515505999783, 13.26411857137959949, 41.30000000000000426 ) ) ;
#7734 = ORIENTED_EDGE ( 'NONE', *, *, #1781, .T. ) ;
#7735 = PLANE ( 'NONE',  #6756 ) ;
#7736 = EDGE_CURVE ( 'NONE', #5867, #5218, #5466, .T. ) ;
#7737 = EDGE_LOOP ( 'NONE', ( #4987, #703, #5348, #4811, #2563, #5238, #1224, #5909, #3313, #4772, #151, #5434, #28, #6686, #6495, #41, #7142, #6673, #2430 ) ) ;
#7738 = CARTESIAN_POINT ( 'NONE',  ( -5.912303378665270337, 17.43632393158489791, 41.30000000000000426 ) ) ;
#7739 = VECTOR ( 'NONE', #6848, 1000.000000000000114 ) ;
#7740 = CARTESIAN_POINT ( 'NONE',  ( 19.06333826621035143, -27.02234781855711887, 23.09999999999999432 ) ) ;
#7741 = EDGE_CURVE ( 'NONE', #167, #6474, #4751, .T. ) ;
#7742 = DIRECTION ( 'NONE',  ( 1.224646799147351235E-16, -1.000000000000000000, -0.000000000000000000 ) ) ;
#7743 = DIRECTION ( 'NONE',  ( 0.000000000000000000, 0.000000000000000000, 1.000000000000000000 ) ) ;
#7744 = CARTESIAN_POINT ( 'NONE',  ( 21.81294349418121925, -27.48591188362176752, -2.168404344971010347E-16 ) ) ;
#7745 = VECTOR ( 'NONE', #3157, 1000.000000000000000 ) ;
#7746 = CARTESIAN_POINT ( 'NONE',  ( -6.014239584615969747, 17.51089922324050363, 40.30000000000000426 ) ) ;
#7747 = ORIENTED_EDGE ( 'NONE', *, *, #7138, .T. ) ;
#7748 = CARTESIAN_POINT ( 'NONE',  ( 11.56418602371990012, 13.44251381513900157, 40.30000000000000426 ) ) ;
#7749 = CARTESIAN_POINT ( 'NONE',  ( 11.64616093039719935, 14.45146747855840097, 40.30000000000000426 ) ) ;
#7750 = EDGE_LOOP ( 'NONE', ( #2771, #3672, #3669, #1106 ) ) ;
#7751 = CYLINDRICAL_SURFACE ( 'NONE', #490, 1.500000000000001332 ) ;
#7752 = EDGE_CURVE ( 'NONE', #3847, #3776, #5994, .T. ) ;
#7753 = ADVANCED_FACE ( 'NONE', ( #508 ), #6493, .T. ) ;
#7754 = DIRECTION ( 'NONE',  ( 0.000000000000000000, 0.000000000000000000, -1.000000000000000000 ) ) ;
#7755 = CARTESIAN_POINT ( 'NONE',  ( 23.38539524505959122, -0.6146047549404060062, 23.09999999999999787 ) ) ;
#7756 = ORIENTED_EDGE ( 'NONE', *, *, #3372, .T. ) ;
#7757 = CARTESIAN_POINT ( 'NONE',  ( 24.11005803054861829, 25.27372590914918860, 2.168404344971008868E-16 ) ) ;
#7758 = VECTOR ( 'NONE', #7100, 1000.000000000000114 ) ;
#7759 = VERTEX_POINT ( 'NONE', #3852 ) ;
#7760 = DIRECTION ( 'NONE',  ( 0.000000000000000000, 0.000000000000000000, 1.000000000000000000 ) ) ;
#7761 = ADVANCED_FACE ( 'NONE', ( #20 ), #5627, .F. ) ;
#7762 = CARTESIAN_POINT ( 'NONE',  ( -20.95692464434073798, 25.72267210868222520, 23.10000000000001208 ) ) ;
#7763 = CARTESIAN_POINT ( 'NONE',  ( 3.063672018094139915, 15.64736861108340094, 41.30000000000000426 ) ) ;
#7764 = CIRCLE ( 'NONE', #5172, 2.000000000000000000 ) ;
#7765 = CARTESIAN_POINT ( 'NONE',  ( 26.15096666502062206, -24.84051421661654757, 0.5233376248228360783 ) ) ;
#7766 = CARTESIAN_POINT ( 'NONE',  ( -10.58694316667890156, 15.69196364208130134, 41.30000000000000426 ) ) ;
#7767 = CARTESIAN_POINT ( 'NONE',  ( -0.6146047549404088928, -0.6146047549404088928, 40.80000000000000426 ) ) ;
#7768 = B_SPLINE_CURVE_WITH_KNOTS ( 'NONE', 3,
 ( #7589, #2056, #2707, #7630, #4009 ),
 .UNSPECIFIED., .F., .F.,
 ( 4, 1, 4 ),
 ( 0.000000000000000000, 0.01890507437174400104, 0.03336406562343360166 ),
 .UNSPECIFIED. ) ;
#7769 = CARTESIAN_POINT ( 'NONE',  ( 4.838394301825269750, 32.09039825922320688, 6.080756329601659793 ) ) ;
#7770 = B_SPLINE_SURFACE_WITH_KNOTS ( 'NONE', 3, 1, ( 
 ( #910, #1361 ),
 ( #4525, #4568 ),
 ( #5663, #2663 ),
 ( #2623, #2587 ),
 ( #6364, #3968 ) ),
 .UNSPECIFIED., .F., .F., .F.,
 ( 4, 1, 4 ),
 ( 2, 2 ),
 ( 0.000000000000000000, 0.04125262998132869785, 0.07205930488360980102 ),
 ( 0.000000000000000000, 0.1000000000000000056 ),
 .UNSPECIFIED. ) ;
#7771 = CARTESIAN_POINT ( 'NONE',  ( -23.04215300406210076, 26.25670237374093219, 4.336808689942018722E-16 ) ) ;
#7772 = PRODUCT_DEFINITION_FORMATION_WITH_SPECIFIED_SOURCE ( 'ANY', '', #2241, .NOT_KNOWN. ) ;
#7773 = CARTESIAN_POINT ( 'NONE',  ( -5.758715584374089147, 16.65427505637470063, 41.30000000000000426 ) ) ;
#7774 = CARTESIAN_POINT ( 'NONE',  ( 16.40166822571530147, -27.62478600578701560, 22.61744974835124822 ) ) ;
#7775 = CARTESIAN_POINT ( 'NONE',  ( -5.317773544521269713, 17.40754912998569992, 41.30000000000000426 ) ) ;
#7776 = CARTESIAN_POINT ( 'NONE',  ( 10.20483515505999783, 13.26411857137959949, 40.30000000000000426 ) ) ;
#7777 = ORIENTED_EDGE ( 'NONE', *, *, #7280, .T. ) ;
#7778 = CARTESIAN_POINT ( 'NONE',  ( 25.89588108239666298, 16.40166822571531924, 22.59999999999999787 ) ) ;
#7779 = ORIENTED_EDGE ( 'NONE', *, *, #3824, .F. ) ;
#7780 = CARTESIAN_POINT ( 'NONE',  ( -5.286458531868709620, 17.32921775743540138, 40.30000000000000426 ) ) ;
#7781 = EDGE_CURVE ( 'NONE', #3326, #316, #6182, .T. ) ;
#7782 = EDGE_CURVE ( 'NONE', #7487, #7513, #7987, .T. ) ;
#7783 = CARTESIAN_POINT ( 'NONE',  ( 17.07660628697292893, -27.60765718024478232, 23.10000000000347598 ) ) ;
#7784 = EDGE_LOOP ( 'NONE', ( #7698, #7676, #2935, #2769 ) ) ;
#7785 = CARTESIAN_POINT ( 'NONE',  ( -5.661551853937660361, 16.89762732109520016, 41.30000000000000426 ) ) ;
#7786 = LINE ( 'NONE', #2246, #5275 ) ;
#7787 = CARTESIAN_POINT ( 'NONE',  ( -6.179594395282149932, 15.89601457708779719, 40.30000000000000426 ) ) ;
#7788 = DIRECTION ( 'NONE',  ( 0.000000000000000000, -1.000000000000000000, 0.000000000000000000 ) ) ;
#7789 = ORIENTED_EDGE ( 'NONE', *, *, #731, .F. ) ;
#7790 = DIRECTION ( 'NONE',  ( 0.000000000000000000, 0.000000000000000000, -1.000000000000000000 ) ) ;
#7791 = ORIENTED_EDGE ( 'NONE', *, *, #6887, .F. ) ;
#7792 = DIRECTION ( 'NONE',  ( -1.000000000000000000, -1.224646799147350002E-16, 0.000000000000000000 ) ) ;
#7793 = VECTOR ( 'NONE', #3554, 1000.000000000000000 ) ;
#7794 = EDGE_CURVE ( 'NONE', #1427, #4531, #2542, .T. ) ;
#7795 = CARTESIAN_POINT ( 'NONE',  ( 9.891103593255460069, 13.02115225395049869, 41.30000000000000426 ) ) ;
#7796 = VERTEX_POINT ( 'NONE', #5080 ) ;
#7797 = VECTOR ( 'NONE', #5183, 1000.000000000000000 ) ;
#7798 = CARTESIAN_POINT ( 'NONE',  ( 27.18569331138629508, 17.84932411223031323, 7.289809121897763332E-14 ) ) ;
#7799 = VERTEX_POINT ( 'NONE', #7541 ) ;
#7800 = EDGE_CURVE ( 'NONE', #674, #6200, #1751, .T. ) ;
#7801 = LINE ( 'NONE', #4814, #4003 ) ;
#7802 = CARTESIAN_POINT ( 'NONE',  ( 7.800849037987690693, 13.06339519499270097, 41.30000000000000426 ) ) ;
#7803 = AXIS2_PLACEMENT_3D ( 'NONE', #2973, #4273, #5419 ) ;
#7804 = CARTESIAN_POINT ( 'NONE',  ( 9.098265018586578989, 14.03646317651399933, 40.30000000000000426 ) ) ;
#7805 = FACE_OUTER_BOUND ( 'NONE', #1695, .T. ) ;
#7806 = CARTESIAN_POINT ( 'NONE',  ( 11.14422858322500076, 13.68443184191760054, 41.30000000000000426 ) ) ;
#7807 = DIRECTION ( 'NONE',  ( -0.000000000000000000, 0.9993908270190957621, 0.03489949670250109409 ) ) ;
#7808 = FACE_OUTER_BOUND ( 'NONE', #2279, .T. ) ;
#7809 = CARTESIAN_POINT ( 'NONE',  ( 6.949205376582550109, 16.95920502406449870, 41.30000000000000426 ) ) ;
#7810 = CARTESIAN_POINT ( 'NONE',  ( 3.728356555533430150, 18.16503630127369817, 40.30000000000000426 ) ) ;
#7811 = CARTESIAN_POINT ( 'NONE',  ( 21.49999999999999645, -21.50000000000000000, 0.5000000000000004441 ) ) ;
#7812 = FACE_OUTER_BOUND ( 'NONE', #6751, .T. ) ;
#7813 = CARTESIAN_POINT ( 'NONE',  ( -0.4955428604719799845, 7.676221474229130592, 41.30000000000000426 ) ) ;
#7814 = CARTESIAN_POINT ( 'NONE',  ( 3.582226832301850461, 17.54499995385240041, 40.30000000000000426 ) ) ;
#7815 = CARTESIAN_POINT ( 'NONE',  ( 10.34223030316899994, 13.19447690547410090, 41.30000000000000426 ) ) ;
#7816 = ORIENTED_EDGE ( 'NONE', *, *, #3584, .T. ) ;
#7817 = VERTEX_POINT ( 'NONE', #1480 ) ;
#7818 = VECTOR ( 'NONE', #776, 1000.000000000000000 ) ;
#7819 = ADVANCED_FACE ( 'NONE', ( #273, #4569 ), #1523, .T. ) ;
#7820 = CARTESIAN_POINT ( 'NONE',  ( 25.48468849758207710, -22.27660794223040241, 23.09999999999999787 ) ) ;
#7821 = VERTEX_POINT ( 'NONE', #3969 ) ;
#7822 = CARTESIAN_POINT ( 'NONE',  ( 5.286969091313117097, 32.55637502646821702, 0.1448278875422454315 ) ) ;
#7823 = CARTESIAN_POINT ( 'NONE',  ( 9.888720267459721214, 13.08442085664560040, 41.30000000000000426 ) ) ;
#7824 = VECTOR ( 'NONE', #3503, 1000.000000000000000 ) ;
#7825 = CARTESIAN_POINT ( 'NONE',  ( 10.91645983803849873, 14.62961564616669996, 40.30000000000000426 ) ) ;
#7826 = CARTESIAN_POINT ( 'NONE',  ( 3.223099707753630305, 15.23052358035790022, 40.30000000000000426 ) ) ;
#7827 = ORIENTED_EDGE ( 'NONE', *, *, #7416, .F. ) ;
#7828 = CARTESIAN_POINT ( 'NONE',  ( 19.99999999999999289, 21.49999999999999645, 0.5000000000000004441 ) ) ;
#7829 = ORIENTED_EDGE ( 'NONE', *, *, #2080, .F. ) ;
#7830 = AXIS2_PLACEMENT_3D ( 'NONE', #2939, #582, #7249 ) ;
#7831 = AXIS2_PLACEMENT_3D ( 'NONE', #4616, #3863, #3945 ) ;
#7832 = CARTESIAN_POINT ( 'NONE',  ( 2.720929507691979943, 15.52585499005520120, 40.30000000000000426 ) ) ;
#7833 = CARTESIAN_POINT ( 'NONE',  ( -27.47097557238280174, -21.10335445544540178, 23.21706728200570069 ) ) ;
#7834 = ORIENTED_EDGE ( 'NONE', *, *, #3339, .T. ) ;
#7835 = CARTESIAN_POINT ( 'NONE',  ( 27.16731546542035147, 17.84882253601436730, 0.5177371490489763861 ) ) ;
#7836 = VERTEX_POINT ( 'NONE', #7089 ) ;
#7837 = ORIENTED_EDGE ( 'NONE', *, *, #174, .F. ) ;
#7838 = FACE_OUTER_BOUND ( 'NONE', #2690, .T. ) ;
#7839 = ADVANCED_FACE ( 'NONE', ( #4006 ), #234, .T. ) ;
#7840 = CARTESIAN_POINT ( 'NONE',  ( 9.888720267459721214, 13.08442085664560040, 40.30000000000000426 ) ) ;
#7841 = CARTESIAN_POINT ( 'NONE',  ( -5.317773544521269713, 17.40754912998569992, 41.30000000000000426 ) ) ;
#7842 = CARTESIAN_POINT ( 'NONE',  ( 27.18569719124912609, -19.07969267512084599, -3.645164125099650624E-14 ) ) ;
#7843 = CARTESIAN_POINT ( 'NONE',  ( 4.337096605123599957, 7.610494048794099520, 41.30000000000000426 ) ) ;
#7844 = CARTESIAN_POINT ( 'NONE',  ( -8.674226803505350247, 14.33969640253310018, 41.30000000000000426 ) ) ;
#7845 = EDGE_CURVE ( 'NONE', #7959, #6450, #4600, .T. ) ;
#7846 = DIRECTION ( 'NONE',  ( 0.000000000000000000, 0.000000000000000000, -1.000000000000000000 ) ) ;
#7847 = CARTESIAN_POINT ( 'NONE',  ( -20.00000000000000000, -21.49999999999999645, 10.00000000000000000 ) ) ;
#7848 = CARTESIAN_POINT ( 'NONE',  ( 26.91966844787619806, -19.50183874795289896, 7.609419868200769876 ) ) ;
#7849 = CARTESIAN_POINT ( 'NONE',  ( -19.50000000000000000, -21.49999999999999645, 0.5000000000000004441 ) ) ;
#7850 = DIRECTION ( 'NONE',  ( -0.9172475141792796327, 0.3983177095384188293, 0.000000000000000000 ) ) ;
#7851 = VECTOR ( 'NONE', #4349, 1000.000000000000000 ) ;
#7852 = LINE ( 'NONE', #1307, #2975 ) ;
#7853 = LINE ( 'NONE', #2970, #1113 ) ;
#7854 = DIRECTION ( 'NONE',  ( 0.000000000000000000, 0.000000000000000000, -1.000000000000000000 ) ) ;
#7855 = ORIENTED_EDGE ( 'NONE', *, *, #463, .T. ) ;
#7856 = DIRECTION ( 'NONE',  ( -0.8034859426560705398, 0.5953237270209257304, 0.000000000000000000 ) ) ;
#7857 = ORIENTED_EDGE ( 'NONE', *, *, #7280, .F. ) ;
#7858 = EDGE_LOOP ( 'NONE', ( #1348, #2240, #7549, #927, #4992, #6375 ) ) ;
#7859 = AXIS2_PLACEMENT_3D ( 'NONE', #5800, #4618, #7682 ) ;
#7860 = CARTESIAN_POINT ( 'NONE',  ( -5.961347503331850817, 17.47833039295590041, 41.30000000000000426 ) ) ;
#7861 = CARTESIAN_POINT ( 'NONE',  ( -9.514966304213819726, 14.53646454633070029, 40.30000000000000426 ) ) ;
#7862 = CARTESIAN_POINT ( 'NONE',  ( -23.28108978577158084, -27.94491772437691779, 0.5211017780007544120 ) ) ;
#7863 = DIRECTION ( 'NONE',  ( 0.8034859426560702067, -0.5953237270209262855, 0.000000000000000000 ) ) ;
#7864 = VERTEX_POINT ( 'NONE', #6519 ) ;
#7865 = CARTESIAN_POINT ( 'NONE',  ( -18.96606473967755946, -27.10887256389579036, 23.09999999999999076 ) ) ;
#7866 = AXIS2_PLACEMENT_3D ( 'NONE', #314, #4680, #7710 ) ;
#7867 = ORIENTED_EDGE ( 'NONE', *, *, #3069, .F. ) ;
#7868 = EDGE_CURVE ( 'NONE', #316, #994, #6937, .T. ) ;
#7869 = ORIENTED_EDGE ( 'NONE', *, *, #7218, .F. ) ;
#7870 = AXIS2_PLACEMENT_3D ( 'NONE', #5341, #2325, #1145 ) ;
#7871 = LINE ( 'NONE', #468, #7884 ) ;
#7872 = DIRECTION ( 'NONE',  ( 0.000000000000000000, 0.000000000000000000, -1.000000000000000000 ) ) ;
#7873 = VERTEX_POINT ( 'NONE', #6442 ) ;
#7874 = CARTESIAN_POINT ( 'NONE',  ( 24.41013228418433556, 25.70472916409305242, -1.660400416913791077E-13 ) ) ;
#7875 = VERTEX_POINT ( 'NONE', #7049 ) ;
#7876 = FACE_OUTER_BOUND ( 'NONE', #1058, .T. ) ;
#7877 = ADVANCED_FACE ( 'NONE', ( #2165 ), #5932, .T. ) ;
#7878 = DIRECTION ( 'NONE',  ( 1.000000000000000000, 1.239088197126290817E-16, 0.000000000000000000 ) ) ;
#7879 = CARTESIAN_POINT ( 'NONE',  ( 24.81872157276547242, -25.05908194136603484, 22.62465252441331742 ) ) ;
#7880 = CARTESIAN_POINT ( 'NONE',  ( -6.796362638087650510, 17.88004680616609932, 41.30000000000000426 ) ) ;
#7881 = CARTESIAN_POINT ( 'NONE',  ( 19.72924736769788723, 25.72109370793076977, 23.10000000000000853 ) ) ;
#7882 = CARTESIAN_POINT ( 'NONE',  ( 6.509935011486049916, 16.42116421461409814, 40.30000000000000426 ) ) ;
#7883 = CARTESIAN_POINT ( 'NONE',  ( -28.41460475494039883, 25.89588108239668784, 22.59999999999999787 ) ) ;
#7884 = VECTOR ( 'NONE', #7754, 1000.000000000000000 ) ;
#7885 = VECTOR ( 'NONE', #3330, 1000.000000000000114 ) ;
#7886 = CARTESIAN_POINT ( 'NONE',  ( 16.40166822571531213, -27.12509059227746278, 22.59999999999999432 ) ) ;
#7887 = CARTESIAN_POINT ( 'NONE',  ( -18.98392016327866827, -27.59095988984766024, 23.10000000000348308 ) ) ;
#7888 = DIRECTION ( 'NONE',  ( 0.000000000000000000, 0.000000000000000000, -1.000000000000000000 ) ) ;
#7889 = DIRECTION ( 'NONE',  ( 1.000000000000000000, 0.000000000000000000, 0.000000000000000000 ) ) ;
#7890 = ORIENTED_EDGE ( 'NONE', *, *, #5038, .F. ) ;
#7891 = FACE_OUTER_BOUND ( 'NONE', #6878, .T. ) ;
#7892 = VERTEX_POINT ( 'NONE', #6365 ) ;
#7893 = ADVANCED_FACE ( 'NONE', ( #6403 ), #7125, .F. ) ;
#7894 = DIRECTION ( 'NONE',  ( -1.000000000000000000, 0.000000000000000000, 0.000000000000000000 ) ) ;
#7895 = CARTESIAN_POINT ( 'NONE',  ( -9.246960617351630773, 14.53064746097110138, 40.30000000000000426 ) ) ;
#7896 = CARTESIAN_POINT ( 'NONE',  ( -25.23240595989448209, -27.17207431287683761, 0.5238838622273088719 ) ) ;
#7897 = CARTESIAN_POINT ( 'NONE',  ( 6.770203740371770529, 13.62201054562179969, 40.30000000000000426 ) ) ;
#7898 = ORIENTED_EDGE ( 'NONE', *, *, #6800, .T. ) ;
#7899 = FACE_OUTER_BOUND ( 'NONE', #2816, .T. ) ;
#7900 = ORIENTED_EDGE ( 'NONE', *, *, #3868, .T. ) ;
#7901 = CARTESIAN_POINT ( 'NONE',  ( -26.78612814577761014, 24.58340346095110007, 0.5244754855748933187 ) ) ;
#7902 = ORIENTED_EDGE ( 'NONE', *, *, #3454, .T. ) ;
#7903 = LINE ( 'NONE', #4650, #7758 ) ;
#7904 = CARTESIAN_POINT ( 'NONE',  ( -9.565092019578870008, 15.34733272393379977, 41.30000000000000426 ) ) ;
#7905 = ORIENTED_EDGE ( 'NONE', *, *, #7, .T. ) ;
#7906 = CARTESIAN_POINT ( 'NONE',  ( 9.872559396403879362, 12.43467658368009943, 40.30000000000000426 ) ) ;
#7907 = CARTESIAN_POINT ( 'NONE',  ( 27.01070644995959924, 20.56641596167367325, -1.373608067364028729E-12 ) ) ;
#7908 = VERTEX_POINT ( 'NONE', #2704 ) ;
#7909 = CARTESIAN_POINT ( 'NONE',  ( -9.153200567624109496, 14.50907717659450036, 41.30000000000000426 ) ) ;
#7910 = PLANE ( 'NONE',  #889 ) ;
#7911 = ORIENTED_EDGE ( 'NONE', *, *, #7616, .T. ) ;
#7912 = DIRECTION ( 'NONE',  ( 0.1806975293134330807, 0.9835387144896844402, 0.000000000000000000 ) ) ;
#7913 = FACE_OUTER_BOUND ( 'NONE', #4253, .T. ) ;
#7914 = CARTESIAN_POINT ( 'NONE',  ( 11.18052965830619883, 13.72677483979160051, 41.30000000000000426 ) ) ;
#7915 = CARTESIAN_POINT ( 'NONE',  ( -4.195178515301009270, 7.366216573088350650, 41.30000000000000426 ) ) ;
#7916 = DIRECTION ( 'NONE',  ( -6.938893903907222067E-15, 1.000000000000000000, 0.000000000000000000 ) ) ;
#7917 = DIRECTION ( 'NONE',  ( 0.000000000000000000, -0.000000000000000000, -1.000000000000000000 ) ) ;
#7918 = EDGE_CURVE ( 'NONE', #132, #1247, #4365, .T. ) ;
#7919 = CARTESIAN_POINT ( 'NONE',  ( 26.17188621500060108, -22.15360202693609892, 23.25130247731229716 ) ) ;
#7920 = VECTOR ( 'NONE', #7968, 1000.000000000000000 ) ;
#7921 = FACE_OUTER_BOUND ( 'NONE', #3873, .T. ) ;
#7922 = VECTOR ( 'NONE', #2044, 1000.000000000000114 ) ;
#7923 = LINE ( 'NONE', #1185, #3986 ) ;
#7924 = LINE ( 'NONE', #6750, #2424 ) ;
#7925 = EDGE_LOOP ( 'NONE', ( #6434, #7454, #5185, #3558 ) ) ;
#7926 = CARTESIAN_POINT ( 'NONE',  ( 2.438326706585169923, 15.09769587760660059, 41.30000000000000426 ) ) ;
#7927 = DIRECTION ( 'NONE',  ( 1.000000000000000000, 1.192622389734054877E-16, 0.000000000000000000 ) ) ;
#7928 = EDGE_LOOP ( 'NONE', ( #2140, #4371, #497, #55 ) ) ;
#7929 = CARTESIAN_POINT ( 'NONE',  ( 22.72763750311675679, 26.53497204203752347, 0.5220633260878387860 ) ) ;
#7930 = CARTESIAN_POINT ( 'NONE',  ( 11.18052965830619883, 13.72677483979160051, 40.30000000000000426 ) ) ;
#7931 = CARTESIAN_POINT ( 'NONE',  ( -10.80818981244120103, 16.00977375196730179, 41.30000000000000426 ) ) ;
#7932 = PLANE ( 'NONE',  #565 ) ;
#7933 = CIRCLE ( 'NONE', #1367, 10.00000000000000000 ) ;
#7934 = VERTEX_POINT ( 'NONE', #188 ) ;
#7935 = CARTESIAN_POINT ( 'NONE',  ( -24.70689549250273842, -25.64059715694382291, 23.09999999999998721 ) ) ;
#7936 = ADVANCED_FACE ( 'NONE', ( #3364 ), #2664, .F. ) ;
#7937 = ORIENTED_EDGE ( 'NONE', *, *, #5692, .F. ) ;
#7938 = CARTESIAN_POINT ( 'NONE',  ( 2.647685997333140140, 18.19246729135240059, 41.30000000000000426 ) ) ;
#7939 = DIRECTION ( 'NONE',  ( 0.000000000000000000, 0.000000000000000000, -1.000000000000000000 ) ) ;
#7940 = ORIENTED_EDGE ( 'NONE', *, *, #6352, .T. ) ;
#7941 = LINE ( 'NONE', #1284, #4162 ) ;
#7942 = CARTESIAN_POINT ( 'NONE',  ( -27.60793497968100141, -17.61402670949010130, 23.09999999999999787 ) ) ;
#7943 = EDGE_CURVE ( 'NONE', #6215, #6732, #5425, .T. ) ;
#7944 = VERTEX_POINT ( 'NONE', #6548 ) ;
#7945 = DIRECTION ( 'NONE',  ( 0.9456324196049401554, 0.3252373394801191253, 0.000000000000000000 ) ) ;
#7946 = CARTESIAN_POINT ( 'NONE',  ( 9.840481588686309067, 13.34985304738949985, 40.30000000000000426 ) ) ;
#7947 = EDGE_CURVE ( 'NONE', #5463, #5870, #6508, .T. ) ;
#7948 = VECTOR ( 'NONE', #899, 1000.000000000000000 ) ;
#7949 = VERTEX_POINT ( 'NONE', #5329 ) ;
#7950 = CARTESIAN_POINT ( 'NONE',  ( -10.80818981244120103, 16.00977375196730179, 41.30000000000000426 ) ) ;
#7951 = ORIENTED_EDGE ( 'NONE', *, *, #7147, .T. ) ;
#7952 = ORIENTED_EDGE ( 'NONE', *, *, #2322, .T. ) ;
#7953 = CARTESIAN_POINT ( 'NONE',  ( -9.988248872353601371, 14.70186710639259964, 40.30000000000000426 ) ) ;
#7954 = PLANE ( 'NONE',  #6040 ) ;
#7955 = AXIS2_PLACEMENT_3D ( 'NONE', #1964, #3108, #177 ) ;
#7956 = DIRECTION ( 'NONE',  ( 1.000000000000000000, 1.239088197126290817E-16, 0.000000000000000000 ) ) ;
#7957 = CARTESIAN_POINT ( 'NONE',  ( 18.52515450189793711, -28.38044988851958550, 0.5180900996470673148 ) ) ;
#7958 = LINE ( 'NONE', #6092, #2765 ) ;
#7959 = VERTEX_POINT ( 'NONE', #2845 ) ;
#7960 = ADVANCED_FACE ( 'NONE', ( #7812 ), #2763, .F. ) ;
#7961 = CARTESIAN_POINT ( 'NONE',  ( -27.62478600578710797, 16.40166822571531213, 22.61744974835124822 ) ) ;
#7962 = CARTESIAN_POINT ( 'NONE',  ( 3.333170871578770011, 18.43549456033489875, 40.30000000000000426 ) ) ;
#7963 = CARTESIAN_POINT ( 'NONE',  ( 26.37872546980020161, -17.61402670949010130, 23.09999999999999787 ) ) ;
#7964 = VECTOR ( 'NONE', #6155, 1000.000000000000000 ) ;
#7965 = CARTESIAN_POINT ( 'NONE',  ( 19.78875537292553233, -27.42945585169169931, 23.09999999999998721 ) ) ;
#7966 =( LENGTH_UNIT ( ) NAMED_UNIT ( * ) SI_UNIT ( .MILLI., .METRE. ) );
#7967 = CARTESIAN_POINT ( 'NONE',  ( -26.93621770493222556, -24.60907313195480484, 0.000000000000000000 ) ) ;
#7968 = DIRECTION ( 'NONE',  ( 0.1287323112736019626, -0.9916793796556205853, 0.000000000000000000 ) ) ;
#7969 = CARTESIAN_POINT ( 'NONE',  ( -26.61667135465025780, -26.07468931533133727, 4.742241471197923929E-13 ) ) ;
#7970 = CARTESIAN_POINT ( 'NONE',  ( -9.828844049803869609, 14.22192126442709892, 41.30000000000000426 ) ) ;
#7971 = ORIENTED_EDGE ( 'NONE', *, *, #3942, .F. ) ;
#7972 = CARTESIAN_POINT ( 'NONE',  ( 2.715877902717790171, 15.10198686240030064, 41.30000000000000426 ) ) ;
#7973 = CARTESIAN_POINT ( 'NONE',  ( -0.6146047549404088928, -0.6146047549404088928, 41.30000000000000426 ) ) ;
#7974 = VERTEX_POINT ( 'NONE', #5891 ) ;
#7975 = CARTESIAN_POINT ( 'NONE',  ( -5.308972277116550842, 16.52114108819879945, 40.30000000000000426 ) ) ;
#7976 = EDGE_CURVE ( 'NONE', #3519, #5259, #3422, .T. ) ;
#7977 = ADVANCED_FACE ( 'NONE', ( #1667 ), #7636, .T. ) ;
#7978 = CARTESIAN_POINT ( 'NONE',  ( 26.96455460141108418, 20.65784603285543852, 0.5196883071172603286 ) ) ;
#7979 = DIRECTION ( 'NONE',  ( -2.168404344971006896E-16, 1.000000000000000000, 0.000000000000000000 ) ) ;
#7980 = CARTESIAN_POINT ( 'NONE',  ( -27.34988031014317755, -24.90154955159269079, 0.5233710125748677333 ) ) ;
#7981 = CARTESIAN_POINT ( 'NONE',  ( 25.55430090499126550, 23.68187998843218978, -8.673617379884032514E-16 ) ) ;
#7982 = ORIENTED_EDGE ( 'NONE', *, *, #6710, .T. ) ;
#7983 = CARTESIAN_POINT ( 'NONE',  ( -3.658774962311160284, 18.65383751147630065, 41.30000000000000426 ) ) ;
#7984 = ORIENTED_EDGE ( 'NONE', *, *, #1904, .F. ) ;
#7985 = AXIS2_PLACEMENT_3D ( 'NONE', #2672, #7713, #1569 ) ;
#7986 = CARTESIAN_POINT ( 'NONE',  ( 11.71682292872689857, 13.67787008850240049, 41.30000000000000426 ) ) ;
#7987 = LINE ( 'NONE', #105, #7237 ) ;
#7988 = EDGE_CURVE ( 'NONE', #1025, #4375, #2126, .T. ) ;
#7989 = VECTOR ( 'NONE', #5624, 1000.000000000000000 ) ;
#7990 = EDGE_CURVE ( 'NONE', #6200, #7875, #6623, .T. ) ;
#7991 = VERTEX_POINT ( 'NONE', #4861 ) ;
#7992 = CARTESIAN_POINT ( 'NONE',  ( -5.916979979357109620, 17.97328504378209857, 40.30000000000000426 ) ) ;
#7993 = LINE ( 'NONE', #23, #4601 ) ;
#7994 = ORIENTED_EDGE ( 'NONE', *, *, #3398, .F. ) ;
#7995 = CARTESIAN_POINT ( 'NONE',  ( -27.43449207384266586, -21.12621588155480623, 22.61965145064606020 ) ) ;
#7996 = VERTEX_POINT ( 'NONE', #7408 ) ;
#7997 = VECTOR ( 'NONE', #2928, 1000.000000000000000 ) ;
#7998 = ORIENTED_EDGE ( 'NONE', *, *, #4686, .T. ) ;
#7999 = CARTESIAN_POINT ( 'NONE',  ( 11.48607373154369959, 13.35283930614710002, 41.30000000000000426 ) ) ;
#8000 = DIRECTION ( 'NONE',  ( -0.9999072599733420663, 0.01361879042365390230, 0.000000000000000000 ) ) ;
#8001 = DIRECTION ( 'NONE',  ( 0.8034859426560702067, -0.5953237270209262855, 0.000000000000000000 ) ) ;
#8002 = DIRECTION ( 'NONE',  ( -2.775557561562889379E-16, -0.03489949670250108715, 0.9993908270190956511 ) ) ;
#8003 = CARTESIAN_POINT ( 'NONE',  ( 17.06987314321157356, 25.89588108379923526, 23.09999999999999787 ) ) ;
#8004 = ORIENTED_EDGE ( 'NONE', *, *, #1779, .F. ) ;
#8005 = CARTESIAN_POINT ( 'NONE',  ( 26.65282616449545472, 16.65891789430445868, 15.25078308168457575 ) ) ;
#8006 = ADVANCED_FACE ( 'NONE', ( #6708 ), #1874, .F. ) ;
#8007 = CARTESIAN_POINT ( 'NONE',  ( 23.15124549916693653, -26.45043801911425518, 22.62373876022051533 ) ) ;
#8008 = CARTESIAN_POINT ( 'NONE',  ( 17.73685461699871624, 25.87966272834875170, 23.10000000000001563 ) ) ;
#8009 = CARTESIAN_POINT ( 'NONE',  ( -4.161605698174730250, 32.09039825922320688, 6.080756329601659793 ) ) ;
ENDSEC;
END-ISO-10303-21;
