ISO-10303-21;
HEADER;
FILE_DESCRIPTION (( 'STEP AP214' ),
    '1' );
FILE_NAME ('TAPA DE BANCADA DE MOTOR PEQUEÑO VOLTIMOR.STEP',
    '2026-07-08T20:14:49',
    ( '' ),
    ( '' ),
    'SwSTEP 2.0',
    'SolidWorks 2026',
    '' );
FILE_SCHEMA (( 'AUTOMOTIVE_DESIGN' ));
ENDSEC;

DATA;
#1 = ORIENTED_EDGE ( 'NONE', *, *, #3014, .T. ) ;
#2 = CARTESIAN_POINT ( 'NONE',  ( -37.00000000000000000, 0.000000000000000000, 19.99999999999999645 ) ) ;
#3 = EDGE_CURVE ( 'NONE', #1830, #1886, #1091, .T. ) ;
#4 = DIRECTION ( 'NONE',  ( -0.000000000000000000, -0.9904418356100052057, -0.1379310344827579526 ) ) ;
#5 = EDGE_LOOP ( 'NONE', ( #682, #2962, #2651, #1024 ) ) ;
#6 = CIRCLE ( 'NONE', #1260, 0.7500000000000006661 ) ;
#7 = DIRECTION ( 'NONE',  ( 0.000000000000000000, 0.000000000000000000, -1.000000000000000000 ) ) ;
#8 = TOROIDAL_SURFACE ( 'NONE', #2002, 9.250000000000000000, 0.7500000000000000000 ) ;
#9 = ORIENTED_EDGE ( 'NONE', *, *, #1381, .F. ) ;
#10 = ORIENTED_EDGE ( 'NONE', *, *, #1182, .F. ) ;
#11 = DIRECTION ( 'NONE',  ( -0.000000000000000000, 1.000000000000000000, 3.016910393003143845E-16 ) ) ;
#12 = AXIS2_PLACEMENT_3D ( 'NONE', #1920, #2628, #729 ) ;
#13 = AXIS2_PLACEMENT_3D ( 'NONE', #1958, #2914, #1725 ) ;
#14 = ORIENTED_EDGE ( 'NONE', *, *, #2186, .T. ) ;
#15 = DIRECTION ( 'NONE',  ( 0.000000000000000000, 4.625929269271481378E-15, -1.000000000000000000 ) ) ;
#16 = ORIENTED_EDGE ( 'NONE', *, *, #2043, .T. ) ;
#17 = CIRCLE ( 'NONE', #1225, 0.7500000000000006661 ) ;
#18 = CARTESIAN_POINT ( 'NONE',  ( -29.25000000000000000, 20.99999999999999645, -19.23538406167135406 ) ) ;
#19 = ADVANCED_FACE ( 'NONE', ( #917 ), #2320, .T. ) ;
#20 = CARTESIAN_POINT ( 'NONE',  ( -30.00000000000000000, 13.24999999999984190, -13.42339375865871176 ) ) ;
#21 = DIRECTION ( 'NONE',  ( 0.000000000000000000, 1.000000000000000000, 3.016910393003143352E-16 ) ) ;
#22 = EDGE_CURVE ( 'NONE', #902, #766, #233, .T. ) ;
#23 = ORIENTED_EDGE ( 'NONE', *, *, #2351, .F. ) ;
#24 = ORIENTED_EDGE ( 'NONE', *, *, #1160, .F. ) ;
#25 = DIRECTION ( 'NONE',  ( 0.000000000000000000, 1.000000000000000000, -1.224646799147353207E-16 ) ) ;
#26 = APPLICATION_PROTOCOL_DEFINITION ( 'draft international standard', 'automotive_design', 1998, #1176 ) ;
#27 = ORIENTED_EDGE ( 'NONE', *, *, #2204, .T. ) ;
#28 = CARTESIAN_POINT ( 'NONE',  ( -45.49999999999999289, 20.99999999999999645, 24.25000000000000000 ) ) ;
#29 = ORIENTED_EDGE ( 'NONE', *, *, #978, .T. ) ;
#30 = DIRECTION ( 'NONE',  ( 0.000000000000000000, 0.000000000000000000, -1.000000000000000000 ) ) ;
#31 = CARTESIAN_POINT ( 'NONE',  ( -51.25000000000000711, 0.7500000000000000000, -19.99999999999999645 ) ) ;
#32 = LINE ( 'NONE', #754, #1864 ) ;
#33 = EDGE_CURVE ( 'NONE', #2788, #1889, #186, .T. ) ;
#34 = ORIENTED_EDGE ( 'NONE', *, *, #1897, .F. ) ;
#35 = ORIENTED_EDGE ( 'NONE', *, *, #789, .T. ) ;
#36 = DIRECTION ( 'NONE',  ( 0.000000000000000000, -3.016910393003143845E-16, 1.000000000000000000 ) ) ;
#37 = EDGE_CURVE ( 'NONE', #322, #282, #1650, .T. ) ;
#38 = ORIENTED_EDGE ( 'NONE', *, *, #572, .F. ) ;
#39 = CARTESIAN_POINT ( 'NONE',  ( -52.00000000000000711, 20.24999999999999645, -19.23538406167135406 ) ) ;
#40 = VECTOR ( 'NONE', #394, 1000.000000000000000 ) ;
#41 = CIRCLE ( 'NONE', #1405, 1.500000000000004885 ) ;
#42 = ORIENTED_EDGE ( 'NONE', *, *, #1826, .F. ) ;
#43 = ADVANCED_FACE ( 'NONE', ( #2579 ), #2367, .F. ) ;
#44 = DIRECTION ( 'NONE',  ( 0.000000000000000000, 0.000000000000000000, -1.000000000000000000 ) ) ;
#45 = CARTESIAN_POINT ( 'NONE',  ( -47.85495792303991180, 0.02455461328306671187, -27.40779314373217090 ) ) ;
#46 = EDGE_CURVE ( 'NONE', #1626, #1683, #178, .T. ) ;
#47 = DIRECTION ( 'NONE',  ( 1.000000000000000000, -0.000000000000000000, 0.000000000000000000 ) ) ;
#48 = DIRECTION ( 'NONE',  ( 0.000000000000000000, 0.000000000000000000, -1.000000000000000000 ) ) ;
#49 = ORIENTED_EDGE ( 'NONE', *, *, #2060, .F. ) ;
#50 = ORIENTED_EDGE ( 'NONE', *, *, #2822, .F. ) ;
#51 = DIRECTION ( 'NONE',  ( 0.000000000000000000, 0.000000000000000000, -1.000000000000000000 ) ) ;
#52 = DIRECTION ( 'NONE',  ( 1.000000000000000000, 0.000000000000000000, -1.224646799147353207E-16 ) ) ;
#53 = VERTEX_POINT ( 'NONE', #713 ) ;
#54 = AXIS2_PLACEMENT_3D ( 'NONE', #1975, #1533, #2484 ) ;
#55 = CARTESIAN_POINT ( 'NONE',  ( -27.75000000000000000, 5.499999999999998224, -2.499999999999999556 ) ) ;
#56 = DIRECTION ( 'NONE',  ( 0.000000000000000000, -1.000000000000000000, -0.000000000000000000 ) ) ;
#57 = CIRCLE ( 'NONE', #614, 9.250000000000001776 ) ;
#58 = ADVANCED_FACE ( 'NONE', ( #195 ), #2834, .T. ) ;
#59 = EDGE_LOOP ( 'NONE', ( #2428, #1164, #1963, #301 ) ) ;
#60 = AXIS2_PLACEMENT_3D ( 'NONE', #1372, #2085, #1102 ) ;
#61 = DIRECTION ( 'NONE',  ( 0.000000000000000000, 1.000000000000000000, -1.224646799147353207E-16 ) ) ;
#62 = DIRECTION ( 'NONE',  ( -0.000000000000000000, 1.000000000000000000, -0.000000000000000000 ) ) ;
#63 = AXIS2_PLACEMENT_3D ( 'NONE', #1021, #1772, #275 ) ;
#64 = CARTESIAN_POINT ( 'NONE',  ( -30.00000000000000000, 5.499999999999998224, 0.000000000000000000 ) ) ;
#65 = CARTESIAN_POINT ( 'NONE',  ( -33.50000000000000000, 3.500000000000000000, -24.25000000000001066 ) ) ;
#66 = ADVANCED_FACE ( 'NONE', ( #3092 ), #2279, .T. ) ;
#67 = VERTEX_POINT ( 'NONE', #2867 ) ;
#68 = VERTEX_POINT ( 'NONE', #1901 ) ;
#69 = FACE_OUTER_BOUND ( 'NONE', #323, .T. ) ;
#70 = DIRECTION ( 'NONE',  ( 0.000000000000000000, -1.000000000000000000, -3.016910393003143845E-16 ) ) ;
#71 = ORIENTED_EDGE ( 'NONE', *, *, #662, .T. ) ;
#72 = FACE_BOUND ( 'NONE', #101, .T. ) ;
#73 = DIRECTION ( 'NONE',  ( 0.000000000000000000, 0.000000000000000000, 1.000000000000000000 ) ) ;
#74 = EDGE_CURVE ( 'NONE', #779, #3088, #85, .T. ) ;
#75 = ORIENTED_EDGE ( 'NONE', *, *, #2325, .T. ) ;
#76 = DIRECTION ( 'NONE',  ( -1.000000000000000000, 0.000000000000000000, 0.000000000000000000 ) ) ;
#77 = EDGE_CURVE ( 'NONE', #2736, #2884, #885, .T. ) ;
#78 = DIRECTION ( 'NONE',  ( 1.000000000000000000, -0.000000000000000000, 0.000000000000000000 ) ) ;
#79 = EDGE_CURVE ( 'NONE', #522, #261, #2334, .T. ) ;
#80 = FACE_OUTER_BOUND ( 'NONE', #2726, .T. ) ;
#81 = LINE ( 'NONE', #116, #2146 ) ;
#82 = ORIENTED_EDGE ( 'NONE', *, *, #2321, .T. ) ;
#83 = EDGE_LOOP ( 'NONE', ( #1534, #1296, #2205, #149 ) ) ;
#84 = DIRECTION ( 'NONE',  ( 0.000000000000000000, -1.000000000000000000, 0.000000000000000000 ) ) ;
#85 = CIRCLE ( 'NONE', #2222, 3.374999999999999556 ) ;
#86 = CARTESIAN_POINT ( 'NONE',  ( -42.00000000000000000, 0.7500000000000000000, -29.25000000000000000 ) ) ;
#87 = APPLICATION_PROTOCOL_DEFINITION ( 'draft international standard', 'automotive_design', 1998, #630 ) ;
#88 = ORIENTED_EDGE ( 'NONE', *, *, #2911, .F. ) ;
#89 = CARTESIAN_POINT ( 'NONE',  ( -52.00000000000000711, 21.00000000000000355, 6.335511825306603356E-15 ) ) ;
#90 = CARTESIAN_POINT ( 'NONE',  ( -52.00000000000000711, 0.7500000000000000000, -30.00000000000000000 ) ) ;
#91 = AXIS2_PLACEMENT_3D ( 'NONE', #445, #1193, #2355 ) ;
#92 = CIRCLE ( 'NONE', #1201, 0.7500000000000006661 ) ;
#93 = VERTEX_POINT ( 'NONE', #3048 ) ;
#94 = EDGE_CURVE ( 'NONE', #2883, #995, #1675, .T. ) ;
#95 = PLANE ( 'NONE',  #2537 ) ;
#96 = FACE_OUTER_BOUND ( 'NONE', #1488, .T. ) ;
#97 = VECTOR ( 'NONE', #2576, 1000.000000000000000 ) ;
#98 = FACE_OUTER_BOUND ( 'NONE', #83, .T. ) ;
#99 = DIRECTION ( 'NONE',  ( -0.000000000000000000, 1.000000000000000000, 3.016910393003143845E-16 ) ) ;
#100 = VERTEX_POINT ( 'NONE', #2565 ) ;
#101 = EDGE_LOOP ( 'NONE', ( #2810, #2024 ) ) ;
#102 = CARTESIAN_POINT ( 'NONE',  ( -42.00000000000000000, 0.000000000000000000, 29.25000000000000000 ) ) ;
#103 = DIRECTION ( 'NONE',  ( 0.000000000000000000, 0.000000000000000000, -1.000000000000000000 ) ) ;
#104 = VECTOR ( 'NONE', #2799, 1000.000000000000000 ) ;
#105 = ADVANCED_FACE ( 'NONE', ( #2335 ), #2662, .T. ) ;
#106 = ORIENTED_EDGE ( 'NONE', *, *, #2098, .T. ) ;
#107 = DIRECTION ( 'NONE',  ( 0.000000000000000000, -3.016910393003143845E-16, 1.000000000000000000 ) ) ;
#108 = CARTESIAN_POINT ( 'NONE',  ( -45.50000000000000000, 4.250000000000000000, -25.75000000000001421 ) ) ;
#109 = CIRCLE ( 'NONE', #2498, 0.7500000000000006661 ) ;
#110 = VERTEX_POINT ( 'NONE', #1043 ) ;
#111 = DIRECTION ( 'NONE',  ( 0.000000000000000000, 0.000000000000000000, -1.000000000000000000 ) ) ;
#112 = CARTESIAN_POINT ( 'NONE',  ( -51.25000000000000711, 20.24999999999999645, 19.23538406167135051 ) ) ;
#113 = CIRCLE ( 'NONE', #1707, 1.750000000000001554 ) ;
#114 = AXIS2_PLACEMENT_3D ( 'NONE', #2470, #2984, #782 ) ;
#115 = CARTESIAN_POINT ( 'NONE',  ( -42.00000000000000000, 2.500000000000000000, 30.00000000000000000 ) ) ;
#116 = CARTESIAN_POINT ( 'NONE',  ( -45.50000000000000000, 3.500000000000000000, -27.62500000000001066 ) ) ;
#117 = AXIS2_PLACEMENT_3D ( 'NONE', #2541, #376, #2042 ) ;
#118 = ORIENTED_EDGE ( 'NONE', *, *, #3034, .F. ) ;
#119 = AXIS2_PLACEMENT_3D ( 'NONE', #2326, #357, #2039 ) ;
#120 = CARTESIAN_POINT ( 'NONE',  ( -51.25000000000000711, 20.24999999999999645, -19.23538406167135406 ) ) ;
#121 = DIRECTION ( 'NONE',  ( 0.000000000000000000, -1.000000000000000000, 0.000000000000000000 ) ) ;
#122 = EDGE_CURVE ( 'NONE', #1388, #995, #3093, .T. ) ;
#123 = ORIENTED_EDGE ( 'NONE', *, *, #3002, .F. ) ;
#124 = DIRECTION ( 'NONE',  ( 0.000000000000000000, -1.000000000000000000, 0.000000000000000000 ) ) ;
#125 = DIRECTION ( 'NONE',  ( 0.000000000000000000, -0.000000000000000000, 1.000000000000000000 ) ) ;
#126 = VERTEX_POINT ( 'NONE', #498 ) ;
#127 = DIRECTION ( 'NONE',  ( 0.000000000000000000, 1.000000000000000000, -1.224646799147353207E-16 ) ) ;
#128 = LINE ( 'NONE', #2709, #3096 ) ;
#129 = FACE_OUTER_BOUND ( 'NONE', #2582, .T. ) ;
#130 = ORIENTED_EDGE ( 'NONE', *, *, #3, .T. ) ;
#131 = CARTESIAN_POINT ( 'NONE',  ( -52.00000000000000711, 0.000000000000000000, 30.00000000000000000 ) ) ;
#132 = EDGE_CURVE ( 'NONE', #488, #322, #92, .T. ) ;
#133 = ORIENTED_EDGE ( 'NONE', *, *, #2060, .T. ) ;
#134 = CARTESIAN_POINT ( 'NONE',  ( -42.00000000000000000, 20.24999999999999289, 29.25000000000000000 ) ) ;
#135 = CARTESIAN_POINT ( 'NONE',  ( -51.25000000000000711, 20.24999999999999645, -19.23538406167135406 ) ) ;
#136 = ORIENTED_EDGE ( 'NONE', *, *, #2698, .T. ) ;
#137 = CARTESIAN_POINT ( 'NONE',  ( -33.49999999999999289, 4.250000000000000000, 26.50000000000000000 ) ) ;
#138 = CARTESIAN_POINT ( 'NONE',  ( -45.49999999999999289, 20.99999999999999645, 21.99999999999999645 ) ) ;
#139 = AXIS2_PLACEMENT_3D ( 'NONE', #848, #1586, #2483 ) ;
#140 = EDGE_CURVE ( 'NONE', #1063, #2140, #2966, .T. ) ;
#141 = CARTESIAN_POINT ( 'NONE',  ( -45.50000000000000000, -8.999999999999987566, -25.75000000000001776 ) ) ;
#142 = CIRCLE ( 'NONE', #1893, 1.500000000000004885 ) ;
#143 = TOROIDAL_SURFACE ( 'NONE', #1894, 2.250000000000003997, 0.7500000000000000000 ) ;
#144 = DIRECTION ( 'NONE',  ( 0.000000000000000000, -1.000000000000000000, 0.000000000000000000 ) ) ;
#145 = ORIENTED_EDGE ( 'NONE', *, *, #1785, .T. ) ;
#146 = CYLINDRICAL_SURFACE ( 'NONE', #700, 3.374999999999999556 ) ;
#147 = CARTESIAN_POINT ( 'NONE',  ( -45.50000000000000000, 3.500000000000000444, -26.50000000000001776 ) ) ;
#148 = AXIS2_PLACEMENT_3D ( 'NONE', #1594, #3052, #624 ) ;
#149 = ORIENTED_EDGE ( 'NONE', *, *, #2866, .F. ) ;
#150 = DIRECTION ( 'NONE',  ( 0.000000000000000000, -1.000000000000000000, 0.000000000000000000 ) ) ;
#151 = DIRECTION ( 'NONE',  ( 0.000000000000000000, 0.000000000000000000, -1.000000000000000000 ) ) ;
#152 = AXIS2_PLACEMENT_3D ( 'NONE', #817, #2721, #2295 ) ;
#153 = VERTEX_POINT ( 'NONE', #516 ) ;
#154 = CIRCLE ( 'NONE', #302, 6.249999999999999112 ) ;
#155 = CARTESIAN_POINT ( 'NONE',  ( -51.25000000000000711, 20.27922077922077548, 18.48595351381402452 ) ) ;
#156 = DIRECTION ( 'NONE',  ( -1.000000000000000000, 0.000000000000000000, 0.000000000000000000 ) ) ;
#157 = ADVANCED_FACE ( 'NONE', ( #800 ), #2641, .T. ) ;
#158 = CIRCLE ( 'NONE', #2448, 3.374999999999999556 ) ;
#159 = ORIENTED_EDGE ( 'NONE', *, *, #1905, .F. ) ;
#160 = CARTESIAN_POINT ( 'NONE',  ( -37.00000000000000000, 0.000000000000000000, 19.99999999999999645 ) ) ;
#161 = AXIS2_PLACEMENT_3D ( 'NONE', #1663, #2030, #2248 ) ;
#162 = FACE_OUTER_BOUND ( 'NONE', #2303, .T. ) ;
#163 = CIRCLE ( 'NONE', #2358, 1.500000000000004885 ) ;
#164 = EDGE_LOOP ( 'NONE', ( #1827, #1100, #2763, #2638 ) ) ;
#165 = CARTESIAN_POINT ( 'NONE',  ( -27.00000000000000000, 20.25000000000000355, 6.109243545831367099E-15 ) ) ;
#166 = CYLINDRICAL_SURFACE ( 'NONE', #3062, 0.7500000000000006661 ) ;
#167 = AXIS2_PLACEMENT_3D ( 'NONE', #1584, #1135, #891 ) ;
#168 = AXIS2_PLACEMENT_3D ( 'NONE', #2419, #2688, #2479 ) ;
#169 = VERTEX_POINT ( 'NONE', #2917 ) ;
#170 = DIRECTION ( 'NONE',  ( -1.000000000000000000, 0.000000000000000000, 0.000000000000000000 ) ) ;
#171 = DIRECTION ( 'NONE',  ( -0.000000000000000000, 1.000000000000000000, 3.016910393003143845E-16 ) ) ;
#172 = ORIENTED_EDGE ( 'NONE', *, *, #2031, .T. ) ;
#173 = DIRECTION ( 'NONE',  ( 0.000000000000000000, 3.016910393003145324E-16, 1.000000000000000000 ) ) ;
#174 = CARTESIAN_POINT ( 'NONE',  ( -27.00000000000000000, 13.25000000000003020, 13.42339375865881124 ) ) ;
#175 = ORIENTED_EDGE ( 'NONE', *, *, #2431, .T. ) ;
#176 = DIRECTION ( 'NONE',  ( -1.000000000000000000, 0.000000000000000000, 0.000000000000000000 ) ) ;
#177 = DIRECTION ( 'NONE',  ( 1.000000000000000000, 0.000000000000000000, -1.224646799147353207E-16 ) ) ;
#178 = LINE ( 'NONE', #2823, #3091 ) ;
#179 = DIRECTION ( 'NONE',  ( 0.000000000000000000, 0.000000000000000000, -1.000000000000000000 ) ) ;
#180 = ORIENTED_EDGE ( 'NONE', *, *, #2423, .F. ) ;
#181 = VERTEX_POINT ( 'NONE', #1279 ) ;
#182 = EDGE_CURVE ( 'NONE', #2287, #315, #1795, .T. ) ;
#183 = CARTESIAN_POINT ( 'NONE',  ( -30.85237433077570302, 0.02455461328306691310, -27.16677264687442417 ) ) ;
#184 = DIRECTION ( 'NONE',  ( 0.000000000000000000, 0.000000000000000000, 1.000000000000000000 ) ) ;
#185 = ORIENTED_EDGE ( 'NONE', *, *, #2342, .F. ) ;
#186 = CIRCLE ( 'NONE', #2383, 3.374999999999999556 ) ;
#187 = CARTESIAN_POINT ( 'NONE',  ( -27.75000000000000000, 13.25000000000003020, 10.92339375865881301 ) ) ;
#188 = ORIENTED_EDGE ( 'NONE', *, *, #501, .T. ) ;
#189 = DIRECTION ( 'NONE',  ( -0.000000000000000000, 1.000000000000000000, 3.016910393003143845E-16 ) ) ;
#190 = CARTESIAN_POINT ( 'NONE',  ( -37.00000000000000000, 20.24999999999999289, -30.00000000000000000 ) ) ;
#191 = VECTOR ( 'NONE', #2029, 1000.000000000000000 ) ;
#192 = ADVANCED_FACE ( 'NONE', ( #1480 ), #1028, .F. ) ;
#193 = AXIS2_PLACEMENT_3D ( 'NONE', #2570, #2256, #2399 ) ;
#194 = AXIS2_PLACEMENT_3D ( 'NONE', #437, #2075, #204 ) ;
#195 = FACE_OUTER_BOUND ( 'NONE', #2853, .T. ) ;
#196 = CARTESIAN_POINT ( 'NONE',  ( -51.25000000000000711, 20.25000000000000355, 6.109243545831367099E-15 ) ) ;
#197 = ORIENTED_EDGE ( 'NONE', *, *, #2186, .F. ) ;
#198 = DIRECTION ( 'NONE',  ( 1.000000000000000000, 0.000000000000000000, 0.000000000000000000 ) ) ;
#199 = DIRECTION ( 'NONE',  ( 0.000000000000000000, 0.000000000000000000, -1.000000000000000000 ) ) ;
#200 = ORIENTED_EDGE ( 'NONE', *, *, #738, .T. ) ;
#201 = CARTESIAN_POINT ( 'NONE',  ( -27.00000000000000000, 13.24999999999984190, -13.42339375865871176 ) ) ;
#202 = CIRCLE ( 'NONE', #1462, 3.374999999999999556 ) ;
#203 = ORIENTED_EDGE ( 'NONE', *, *, #1525, .T. ) ;
#204 = DIRECTION ( 'NONE',  ( 0.000000000000000000, 0.000000000000000000, 1.000000000000000000 ) ) ;
#205 = DIRECTION ( 'NONE',  ( 0.000000000000000000, -1.000000000000000000, 0.000000000000000000 ) ) ;
#206 = AXIS2_PLACEMENT_3D ( 'NONE', #486, #2598, #1449 ) ;
#207 = CARTESIAN_POINT ( 'NONE',  ( -33.49999999999999289, 20.99999999999999645, 24.25000000000000000 ) ) ;
#208 = EDGE_CURVE ( 'NONE', #1991, #1168, #979, .T. ) ;
#209 = CIRCLE ( 'NONE', #2757, 1.749999999999998002 ) ;
#210 = EDGE_CURVE ( 'NONE', #2100, #1991, #1742, .T. ) ;
#211 = ORIENTED_EDGE ( 'NONE', *, *, #2274, .F. ) ;
#212 = AXIS2_PLACEMENT_3D ( 'NONE', #201, #2345, #2845 ) ;
#213 = DIRECTION ( 'NONE',  ( -0.000000000000000000, 1.000000000000000000, -0.000000000000000000 ) ) ;
#214 = CARTESIAN_POINT ( 'NONE',  ( -33.49999999999999289, 20.24999999999999645, 22.74999999999999645 ) ) ;
#215 = CIRCLE ( 'NONE', #669, 0.7500000000000001110 ) ;
#216 = ORIENTED_EDGE ( 'NONE', *, *, #2543, .T. ) ;
#217 = CARTESIAN_POINT ( 'NONE',  ( -45.49999999999999289, 20.24999999999999645, 25.75000000000000711 ) ) ;
#218 = ORIENTED_EDGE ( 'NONE', *, *, #3084, .T. ) ;
#219 = CARTESIAN_POINT ( 'NONE',  ( -49.24262594558711470, 0.001925428987206590859, 25.85089566393247651 ) ) ;
#220 = CYLINDRICAL_SURFACE ( 'NONE', #966, 3.374999999999999556 ) ;
#221 = CARTESIAN_POINT ( 'NONE',  ( -45.50000000000000000, 20.99999999999999645, -24.25000000000000355 ) ) ;
#222 = ORIENTED_EDGE ( 'NONE', *, *, #2960, .T. ) ;
#223 = ORIENTED_EDGE ( 'NONE', *, *, #738, .F. ) ;
#224 = ADVANCED_FACE ( 'NONE', ( #80 ), #1974, .T. ) ;
#225 = LINE ( 'NONE', #701, #2840 ) ;
#226 = DIRECTION ( 'NONE',  ( 0.000000000000000000, 0.000000000000000000, -1.000000000000000000 ) ) ;
#227 = ORIENTED_EDGE ( 'NONE', *, *, #562, .F. ) ;
#228 = EDGE_CURVE ( 'NONE', #2883, #1929, #2128, .T. ) ;
#229 = DIRECTION ( 'NONE',  ( 0.000000000000000000, 0.000000000000000000, -1.000000000000000000 ) ) ;
#230 = VERTEX_POINT ( 'NONE', #2898 ) ;
#231 = CARTESIAN_POINT ( 'NONE',  ( -52.00000000000000711, 20.99999999999999289, -29.25000000000000000 ) ) ;
#232 = DIRECTION ( 'NONE',  ( 1.000000000000000000, 0.000000000000000000, 0.000000000000000000 ) ) ;
#233 = CIRCLE ( 'NONE', #1791, 0.7500000000000006661 ) ;
#234 = EDGE_CURVE ( 'NONE', #2794, #522, #2045, .T. ) ;
#235 = CARTESIAN_POINT ( 'NONE',  ( -45.49999999999999289, 3.500000000000000000, 24.24999999999999289 ) ) ;
#236 = CARTESIAN_POINT ( 'NONE',  ( -33.50000000000000000, 20.99999999999999645, -24.25000000000000355 ) ) ;
#237 = AXIS2_PLACEMENT_3D ( 'NONE', #64, #990, #547 ) ;
#238 = ORIENTED_EDGE ( 'NONE', *, *, #675, .T. ) ;
#239 = LINE ( 'NONE', #2855, #1300 ) ;
#240 = CYLINDRICAL_SURFACE ( 'NONE', #2716, 1.749999999999998002 ) ;
#241 = AXIS2_PLACEMENT_3D ( 'NONE', #1306, #2243, #1738 ) ;
#242 = ORIENTED_EDGE ( 'NONE', *, *, #1118, .F. ) ;
#243 = EDGE_CURVE ( 'NONE', #2630, #3039, #2283, .T. ) ;
#244 = ADVANCED_FACE ( 'NONE', ( #1792 ), #2018, .T. ) ;
#245 = EDGE_LOOP ( 'NONE', ( #159, #1384, #71, #795 ) ) ;
#246 = DIRECTION ( 'NONE',  ( 1.000000000000000000, 0.000000000000000000, 0.000000000000000000 ) ) ;
#247 = CARTESIAN_POINT ( 'NONE',  ( -52.00000000000000711, 20.24999999999999645, 19.23538406167135051 ) ) ;
#248 = DIRECTION ( 'NONE',  ( 1.000000000000000000, -0.000000000000000000, 0.000000000000000000 ) ) ;
#249 = VECTOR ( 'NONE', #622, 1000.000000000000000 ) ;
#250 = ORIENTED_EDGE ( 'NONE', *, *, #2271, .T. ) ;
#251 = ORIENTED_EDGE ( 'NONE', *, *, #1121, .T. ) ;
#252 = CARTESIAN_POINT ( 'NONE',  ( -42.00000000000000000, 20.99999999999999289, -30.00000000000000000 ) ) ;
#253 = CARTESIAN_POINT ( 'NONE',  ( -37.00000000000000000, 0.7500000000000000000, 29.25000000000000000 ) ) ;
#254 = AXIS2_PLACEMENT_3D ( 'NONE', #1088, #1495, #1988 ) ;
#255 = EDGE_CURVE ( 'NONE', #1366, #1788, #2837, .T. ) ;
#256 = CARTESIAN_POINT ( 'NONE',  ( -33.49999999999999289, 20.99999999999999645, 24.25000000000000000 ) ) ;
#257 = AXIS2_PLACEMENT_3D ( 'NONE', #2379, #232, #960 ) ;
#258 = ORIENTED_EDGE ( 'NONE', *, *, #1592, .F. ) ;
#259 = DIRECTION ( 'NONE',  ( -0.000000000000000000, -3.016910393003145817E-16, -1.000000000000000000 ) ) ;
#260 = AXIS2_PLACEMENT_3D ( 'NONE', #1399, #1911, #940 ) ;
#261 = VERTEX_POINT ( 'NONE', #2280 ) ;
#262 = TOROIDAL_SURFACE ( 'NONE', #119, 9.250000000000000000, 0.7500000000000000000 ) ;
#263 = PRODUCT ( 'TAPA DE BANCADA DE MOTOR PEQUE\X2\00d1\X0\O VOLTIMOR', 'TAPA DE BANCADA DE MOTOR PEQUE\X2\00d1\X0\O VOLTIMOR', '', ( #2939 ) ) ;
#264 = ADVANCED_FACE ( 'NONE', ( #98 ), #341, .T. ) ;
#265 = LINE ( 'NONE', #1230, #1017 ) ;
#266 = AXIS2_PLACEMENT_3D ( 'NONE', #808, #2217, #380 ) ;
#267 = DIRECTION ( 'NONE',  ( 0.000000000000000000, 0.000000000000000000, 1.000000000000000000 ) ) ;
#268 = DIRECTION ( 'NONE',  ( 0.000000000000000000, -1.000000000000000000, 0.000000000000000000 ) ) ;
#269 = ORIENTED_EDGE ( 'NONE', *, *, #1098, .T. ) ;
#270 = VERTEX_POINT ( 'NONE', #599 ) ;
#271 = DIRECTION ( 'NONE',  ( 0.000000000000000000, 0.000000000000000000, 1.000000000000000000 ) ) ;
#272 = DIRECTION ( 'NONE',  ( 0.000000000000000000, 0.000000000000000000, 1.000000000000000000 ) ) ;
#273 = ADVANCED_FACE ( 'NONE', ( #2001 ), #1890, .T. ) ;
#274 = ORIENTED_EDGE ( 'NONE', *, *, #2821, .F. ) ;
#275 = DIRECTION ( 'NONE',  ( 0.000000000000000000, 0.000000000000000000, -1.000000000000000000 ) ) ;
#276 = ORIENTED_EDGE ( 'NONE', *, *, #2342, .T. ) ;
#277 = DIRECTION ( 'NONE',  ( 0.000000000000000000, 0.000000000000000000, -1.000000000000000000 ) ) ;
#278 = CARTESIAN_POINT ( 'NONE',  ( -27.75000000000000000, 13.25000000000003020, 13.42339375865881124 ) ) ;
#279 = DIRECTION ( 'NONE',  ( 0.000000000000000000, 0.000000000000000000, -1.000000000000000000 ) ) ;
#280 = CYLINDRICAL_SURFACE ( 'NONE', #161, 1.000000000000000888 ) ;
#281 = ORIENTED_EDGE ( 'NONE', *, *, #3084, .F. ) ;
#282 = VERTEX_POINT ( 'NONE', #864 ) ;
#283 = CARTESIAN_POINT ( 'NONE',  ( 0.000000000000000000, 0.000000000000000000, 0.000000000000000000 ) ) ;
#284 = SURFACE_STYLE_USAGE ( .BOTH. , #1440 ) ;
#285 = EDGE_CURVE ( 'NONE', #549, #1608, #1350, .T. ) ;
#286 =( NAMED_UNIT ( * ) SI_UNIT ( $, .STERADIAN. ) SOLID_ANGLE_UNIT ( ) );
#287 = AXIS2_PLACEMENT_3D ( 'NONE', #1261, #2880, #2197 ) ;
#288 = VERTEX_POINT ( 'NONE', #3032 ) ;
#289 = DIRECTION ( 'NONE',  ( 0.000000000000000000, 0.000000000000000000, -1.000000000000000000 ) ) ;
#290 = EDGE_CURVE ( 'NONE', #1579, #735, #1759, .T. ) ;
#291 = DIRECTION ( 'NONE',  ( -0.000000000000000000, -1.000000000000000000, -0.000000000000000000 ) ) ;
#292 = VECTOR ( 'NONE', #648, 1000.000000000000000 ) ;
#293 = AXIS2_PLACEMENT_3D ( 'NONE', #55, #1317, #2942 ) ;
#294 = ORIENTED_EDGE ( 'NONE', *, *, #285, .F. ) ;
#295 = CARTESIAN_POINT ( 'NONE',  ( -30.00000000000000000, 5.499999999999998224, 0.000000000000000000 ) ) ;
#296 = AXIS2_PLACEMENT_3D ( 'NONE', #1130, #1831, #1817 ) ;
#297 = LINE ( 'NONE', #2193, #1867 ) ;
#298 = DIRECTION ( 'NONE',  ( -1.000000000000000000, 0.000000000000000000, 0.000000000000000000 ) ) ;
#299 = CYLINDRICAL_SURFACE ( 'NONE', #1369, 10.00000000000000000 ) ;
#300 = B_SPLINE_CURVE_WITH_KNOTS ( 'NONE', 3,
 ( #2802, #1403, #219, #1602, #680, #471, #1137, #2347, #2133, #644, #407, #1154, #1433, #2847, #2831, #3046 ),
 .UNSPECIFIED., .F., .F.,
 ( 4, 2, 2, 2, 2, 2, 2, 4 ),
 ( -9.662510080532533383E-06, 0.0005616594325052254788, 0.001132981375090983366, 0.001704303317676741361, 0.002275625260262499356, 0.003418269145434015346, 0.003989591088019773558, 0.004560913030605531771 ),
 .UNSPECIFIED. ) ;
#301 = ORIENTED_EDGE ( 'NONE', *, *, #2074, .T. ) ;
#302 = AXIS2_PLACEMENT_3D ( 'NONE', #1101, #876, #3029 ) ;
#303 = VERTEX_POINT ( 'NONE', #631 ) ;
#304 = DIRECTION ( 'NONE',  ( 0.000000000000000000, -1.000000000000000000, 0.000000000000000000 ) ) ;
#305 = DIRECTION ( 'NONE',  ( -0.000000000000000000, 1.000000000000000000, -0.000000000000000000 ) ) ;
#306 = EDGE_CURVE ( 'NONE', #2143, #902, #128, .T. ) ;
#307 = CIRCLE ( 'NONE', #2703, 1.749999999999998002 ) ;
#308 = ORIENTED_EDGE ( 'NONE', *, *, #377, .F. ) ;
#309 = ADVANCED_FACE ( 'NONE', ( #568 ), #2527, .T. ) ;
#310 = CIRCLE ( 'NONE', #962, 1.749999999999999778 ) ;
#311 = DIRECTION ( 'NONE',  ( 0.000000000000000000, 0.000000000000000000, -1.000000000000000000 ) ) ;
#312 = ADVANCED_FACE ( 'NONE', ( #1087 ), #2770, .F. ) ;
#313 = LINE ( 'NONE', #90, #415 ) ;
#314 = TOROIDAL_SURFACE ( 'NONE', #1170, 2.499999999999998668, 0.7500000000000000000 ) ;
#315 = VERTEX_POINT ( 'NONE', #390 ) ;
#316 = CIRCLE ( 'NONE', #2970, 0.7500000000000006661 ) ;
#317 = DIRECTION ( 'NONE',  ( 0.000000000000000000, 0.000000000000000000, 1.000000000000000000 ) ) ;
#318 = DIRECTION ( 'NONE',  ( 0.000000000000000000, -1.000000000000000000, 0.000000000000000000 ) ) ;
#319 = VECTOR ( 'NONE', #2189, 1000.000000000000000 ) ;
#320 = CARTESIAN_POINT ( 'NONE',  ( -32.12000000955251977, 0.01047719591341280017, 28.00817497427291158 ) ) ;
#321 = DIRECTION ( 'NONE',  ( 0.000000000000000000, -1.000000000000000000, 0.000000000000000000 ) ) ;
#322 = VERTEX_POINT ( 'NONE', #348 ) ;
#323 = EDGE_LOOP ( 'NONE', ( #2199, #1593 ) ) ;
#324 = CARTESIAN_POINT ( 'NONE',  ( -51.25000000000000711, 0.000000000000000000, 19.99999999999999645 ) ) ;
#325 = CARTESIAN_POINT ( 'NONE',  ( -30.00000000000000000, 20.03448275862068684, 0.06690715072996426815 ) ) ;
#326 = ORIENTED_EDGE ( 'NONE', *, *, #1826, .T. ) ;
#327 = DIRECTION ( 'NONE',  ( 0.000000000000000000, 1.000000000000000000, 0.000000000000000000 ) ) ;
#328 = DIRECTION ( 'NONE',  ( 0.000000000000000000, 0.000000000000000000, -1.000000000000000000 ) ) ;
#329 = ORIENTED_EDGE ( 'NONE', *, *, #1818, .F. ) ;
#330 = FACE_BOUND ( 'NONE', #2432, .T. ) ;
#331 = CARTESIAN_POINT ( 'NONE',  ( -33.49999999999999289, 4.250000000000000000, 24.24999999999999289 ) ) ;
#332 = CARTESIAN_POINT ( 'NONE',  ( -30.00000000000000000, 20.13793103448275446, 13.19026147256252912 ) ) ;
#333 = CARTESIAN_POINT ( 'NONE',  ( -45.50000000000000000, 0.7500000000000002220, -20.87500000000001066 ) ) ;
#334 = ORIENTED_EDGE ( 'NONE', *, *, #1370, .F. ) ;
#335 = ORIENTED_EDGE ( 'NONE', *, *, #1188, .T. ) ;
#336 = DIRECTION ( 'NONE',  ( 0.000000000000000000, 0.000000000000000000, -1.000000000000000000 ) ) ;
#337 = CARTESIAN_POINT ( 'NONE',  ( -45.50000000000000000, 3.500000000000000000, -24.25000000000001066 ) ) ;
#338 = EDGE_CURVE ( 'NONE', #288, #2040, #591, .T. ) ;
#339 = VERTEX_POINT ( 'NONE', #1808 ) ;
#340 = CARTESIAN_POINT ( 'NONE',  ( -45.50000000000000000, 20.24999999999999645, -25.75000000000001066 ) ) ;
#341 = TOROIDAL_SURFACE ( 'NONE', #139, 2.500000000000000444, 0.7500000000000000000 ) ;
#342 = DIRECTION ( 'NONE',  ( 0.000000000000000000, 0.000000000000000000, -1.000000000000000000 ) ) ;
#343 = ORIENTED_EDGE ( 'NONE', *, *, #670, .T. ) ;
#344 = CARTESIAN_POINT ( 'NONE',  ( -33.50000000000000000, 4.250000000000000000, -26.50000000000001776 ) ) ;
#345 = CARTESIAN_POINT ( 'NONE',  ( -45.50000000000000000, 0.7500000000000002220, -24.25000000000001066 ) ) ;
#346 = EDGE_CURVE ( 'NONE', #181, #3039, #1361, .T. ) ;
#347 = AXIS2_PLACEMENT_3D ( 'NONE', #2913, #1508, #1999 ) ;
#348 = CARTESIAN_POINT ( 'NONE',  ( -52.00000000000000711, 0.7500000000000000000, -19.99999999999999645 ) ) ;
#349 = FACE_OUTER_BOUND ( 'NONE', #2900, .T. ) ;
#350 = ORIENTED_EDGE ( 'NONE', *, *, #2878, .F. ) ;
#351 = FACE_OUTER_BOUND ( 'NONE', #5, .T. ) ;
#352 = CARTESIAN_POINT ( 'NONE',  ( -27.00000000000000000, 5.499999999999998224, 2.499999999999999556 ) ) ;
#353 = CIRCLE ( 'NONE', #1558, 1.500000000000004885 ) ;
#354 = ORIENTED_EDGE ( 'NONE', *, *, #2351, .T. ) ;
#355 = EDGE_CURVE ( 'NONE', #939, #3080, #487, .T. ) ;
#356 = DIRECTION ( 'NONE',  ( 0.000000000000000000, 0.000000000000000000, 1.000000000000000000 ) ) ;
#357 = DIRECTION ( 'NONE',  ( 0.000000000000000000, 1.000000000000000000, -3.016910393003145817E-16 ) ) ;
#358 = CIRCLE ( 'NONE', #2050, 1.500000000000004885 ) ;
#359 = EDGE_LOOP ( 'NONE', ( #1940, #3004 ) ) ;
#360 = DIRECTION ( 'NONE',  ( -1.000000000000000000, 0.000000000000000000, 0.000000000000000000 ) ) ;
#361 = DIRECTION ( 'NONE',  ( 0.000000000000000000, 0.000000000000000000, -1.000000000000000000 ) ) ;
#362 = CIRCLE ( 'NONE', #814, 0.2500000000000006661 ) ;
#363 = VECTOR ( 'NONE', #1000, 1000.000000000000000 ) ;
#364 = CARTESIAN_POINT ( 'NONE',  ( -45.49999999999999289, 0.000000000000000000, 24.24999999999999289 ) ) ;
#365 = AXIS2_PLACEMENT_3D ( 'NONE', #2206, #524, #1037 ) ;
#366 = EDGE_CURVE ( 'NONE', #303, #2393, #833, .T. ) ;
#367 = EDGE_LOOP ( 'NONE', ( #704, #1564, #1126, #2070 ) ) ;
#368 = CIRCLE ( 'NONE', #819, 0.7500000000000006661 ) ;
#369 = CARTESIAN_POINT ( 'NONE',  ( -30.00000000000000000, 20.99999999999999645, -19.23538406167135406 ) ) ;
#370 = CARTESIAN_POINT ( 'NONE',  ( -51.25000000000000711, 20.24999999999999645, 19.99999999999999645 ) ) ;
#371 = ORIENTED_EDGE ( 'NONE', *, *, #1897, .T. ) ;
#372 = CARTESIAN_POINT ( 'NONE',  ( -33.01164923041525157, 0.000000000000000000, -28.34599054269489926 ) ) ;
#373 = CARTESIAN_POINT ( 'NONE',  ( -30.00000000000000000, 19.99999999999999645, 14.18070330817253399 ) ) ;
#374 = ORIENTED_EDGE ( 'NONE', *, *, #650, .T. ) ;
#375 = DIRECTION ( 'NONE',  ( 0.000000000000000000, 0.000000000000000000, -1.000000000000000000 ) ) ;
#376 = DIRECTION ( 'NONE',  ( -0.000000000000000000, 1.000000000000000000, -0.000000000000000000 ) ) ;
#377 = EDGE_CURVE ( 'NONE', #2592, #2630, #2228, .T. ) ;
#378 = DIRECTION ( 'NONE',  ( -0.000000000000000000, 1.000000000000000000, -0.000000000000000000 ) ) ;
#379 = CARTESIAN_POINT ( 'NONE',  ( -42.00000000000000000, 20.99999999999999645, 19.99999999999999645 ) ) ;
#380 = DIRECTION ( 'NONE',  ( 1.000000000000000000, 0.000000000000000000, 0.000000000000000000 ) ) ;
#381 = EDGE_LOOP ( 'NONE', ( #2425, #2284, #371, #2317 ) ) ;
#382 = DIRECTION ( 'NONE',  ( 1.000000000000000000, 0.000000000000000000, 0.000000000000000000 ) ) ;
#383 = DIRECTION ( 'NONE',  ( 0.000000000000000000, 0.000000000000000000, -1.000000000000000000 ) ) ;
#384 = ORIENTED_EDGE ( 'NONE', *, *, #3033, .T. ) ;
#385 = FACE_OUTER_BOUND ( 'NONE', #1410, .T. ) ;
#386 = PLANE ( 'NONE',  #1822 ) ;
#387 = VERTEX_POINT ( 'NONE', #1658 ) ;
#388 = CARTESIAN_POINT ( 'NONE',  ( -27.00000000000000000, 20.03448275862068684, 0.06690715072996426815 ) ) ;
#389 = EDGE_LOOP ( 'NONE', ( #1281, #3050, #2953, #34 ) ) ;
#390 = CARTESIAN_POINT ( 'NONE',  ( -37.00000000000000000, 20.99999999999999289, 29.25000000000000000 ) ) ;
#391 = VECTOR ( 'NONE', #2324, 1000.000000000000000 ) ;
#392 = DIRECTION ( 'NONE',  ( 0.000000000000000000, -3.016910393003145817E-16, -1.000000000000000000 ) ) ;
#393 = ORIENTED_EDGE ( 'NONE', *, *, #2012, .T. ) ;
#394 = DIRECTION ( 'NONE',  ( -0.000000000000000000, -3.016910393003143845E-16, 1.000000000000000000 ) ) ;
#395 = DIRECTION ( 'NONE',  ( 0.000000000000000000, 0.9904418356100050946, -0.1379310344827577861 ) ) ;
#396 = EDGE_LOOP ( 'NONE', ( #258, #406, #276, #1634 ) ) ;
#397 = ADVANCED_FACE ( 'NONE', ( #896 ), #1942, .T. ) ;
#398 = CARTESIAN_POINT ( 'NONE',  ( -52.00000000000000711, 2.499999999999992450, -19.99999999999999645 ) ) ;
#399 = DIRECTION ( 'NONE',  ( 0.000000000000000000, 0.000000000000000000, 1.000000000000000000 ) ) ;
#400 = EDGE_LOOP ( 'NONE', ( #867, #374, #2747, #335 ) ) ;
#401 = EDGE_CURVE ( 'NONE', #2988, #270, #2544, .T. ) ;
#402 = TOROIDAL_SURFACE ( 'NONE', #2597, 9.250000000000000000, 0.7500000000000000000 ) ;
#403 = CARTESIAN_POINT ( 'NONE',  ( -52.00000000000000711, 21.00000000000000355, -6.335511825306608089E-15 ) ) ;
#404 = CARTESIAN_POINT ( 'NONE',  ( -42.00000000000000000, 0.7500000000000000000, 30.00000000000000000 ) ) ;
#405 = AXIS2_PLACEMENT_3D ( 'NONE', #2416, #1952, #272 ) ;
#406 = ORIENTED_EDGE ( 'NONE', *, *, #1671, .T. ) ;
#407 = CARTESIAN_POINT ( 'NONE',  ( -47.39194550305160902, 0.01983650975386766491, 27.73910021518623736 ) ) ;
#408 = AXIS2_PLACEMENT_3D ( 'NONE', #2267, #2934, #2211 ) ;
#409 = CARTESIAN_POINT ( 'NONE',  ( -52.00000000000000711, 20.99999999999999645, 19.23538406167135051 ) ) ;
#410 = EDGE_CURVE ( 'NONE', #1719, #2298, #1099, .T. ) ;
#411 = AXIS2_PLACEMENT_3D ( 'NONE', #2046, #2089, #3018 ) ;
#412 = ADVANCED_FACE ( 'NONE', ( #663 ), #1169, .T. ) ;
#413 = CARTESIAN_POINT ( 'NONE',  ( -30.00000000000000000, 5.499999999999998224, -1.749999999999999778 ) ) ;
#414 = AXIS2_PLACEMENT_3D ( 'NONE', #1684, #2360, #229 ) ;
#415 = VECTOR ( 'NONE', #2959, 1000.000000000000000 ) ;
#416 = ORIENTED_EDGE ( 'NONE', *, *, #228, .T. ) ;
#417 = DIRECTION ( 'NONE',  ( 1.000000000000000000, 0.000000000000000000, -0.000000000000000000 ) ) ;
#418 = FACE_BOUND ( 'NONE', #359, .T. ) ;
#419 = AXIS2_PLACEMENT_3D ( 'NONE', #937, #673, #2341 ) ;
#420 = EDGE_CURVE ( 'NONE', #2717, #1730, #300, .T. ) ;
#421 = ORIENTED_EDGE ( 'NONE', *, *, #3002, .T. ) ;
#422 = CARTESIAN_POINT ( 'NONE',  ( -27.75000000000000000, 13.24999999999984190, -11.67339375865870998 ) ) ;
#423 = DIRECTION ( 'NONE',  ( 0.000000000000000000, 0.000000000000000000, -1.000000000000000000 ) ) ;
#424 = EDGE_CURVE ( 'NONE', #2778, #1437, #880, .T. ) ;
#425 = ORIENTED_EDGE ( 'NONE', *, *, #2488, .T. ) ;
#426 = LINE ( 'NONE', #1389, #645 ) ;
#427 = DIRECTION ( 'NONE',  ( 0.000000000000000000, 0.000000000000000000, -1.000000000000000000 ) ) ;
#428 = ORIENTED_EDGE ( 'NONE', *, *, #633, .T. ) ;
#429 = ORIENTED_EDGE ( 'NONE', *, *, #420, .F. ) ;
#430 = VERTEX_POINT ( 'NONE', #1870 ) ;
#431 = CARTESIAN_POINT ( 'NONE',  ( -45.49999999999999289, 3.500000000000000000, 24.24999999999999289 ) ) ;
#432 = EDGE_CURVE ( 'NONE', #2568, #1615, #426, .T. ) ;
#433 = CARTESIAN_POINT ( 'NONE',  ( -33.50000000000000000, 0.7500000000000002220, -20.87500000000001066 ) ) ;
#434 = ORIENTED_EDGE ( 'NONE', *, *, #208, .F. ) ;
#435 = DIRECTION ( 'NONE',  ( 0.000000000000000000, 0.000000000000000000, 1.000000000000000000 ) ) ;
#436 = ORIENTED_EDGE ( 'NONE', *, *, #1299, .T. ) ;
#437 = CARTESIAN_POINT ( 'NONE',  ( -45.49999999999999289, 4.250000000000000000, 21.99999999999998934 ) ) ;
#438 = ADVANCED_FACE ( 'NONE', ( #2318 ), #143, .T. ) ;
#439 = EDGE_CURVE ( 'NONE', #1178, #2143, #912, .T. ) ;
#440 = CARTESIAN_POINT ( 'NONE',  ( -52.00000000000000711, 20.99999999999999645, -1.734723475976807094E-15 ) ) ;
#441 = AXIS2_PLACEMENT_3D ( 'NONE', #1222, #1636, #3098 ) ;
#442 = DIRECTION ( 'NONE',  ( 1.000000000000000000, 0.000000000000000000, -1.224646799147353207E-16 ) ) ;
#443 = CARTESIAN_POINT ( 'NONE',  ( -52.00000000000000711, 20.24999999999999289, 30.00000000000000000 ) ) ;
#444 = ORIENTED_EDGE ( 'NONE', *, *, #1257, .F. ) ;
#445 = CARTESIAN_POINT ( 'NONE',  ( -33.49999999999999289, -9.000000000000001776, 24.24999999999998934 ) ) ;
#446 = DIRECTION ( 'NONE',  ( 0.000000000000000000, -1.000000000000000000, 0.000000000000000000 ) ) ;
#447 = EDGE_CURVE ( 'NONE', #2736, #181, #2891, .T. ) ;
#448 = ORIENTED_EDGE ( 'NONE', *, *, #456, .T. ) ;
#449 =( BOUNDED_CURVE ( )  B_SPLINE_CURVE ( 3, ( #18, #1479, #944, #2833 ),
 .UNSPECIFIED., .F., .F. ) 
 B_SPLINE_CURVE_WITH_KNOTS ( ( 4, 4 ),
 ( 4.712388980384689674, 6.244214404579656374 ),
 .UNSPECIFIED. ) 
 CURVE ( )  GEOMETRIC_REPRESENTATION_ITEM ( )  RATIONAL_B_SPLINE_CURVE ( ( 1.000000000000000000, 0.8138333134376312117, 0.8138333134376312117, 1.000000000000000000 ) ) 
 REPRESENTATION_ITEM ( '' )  );
#450 = DIRECTION ( 'NONE',  ( 0.000000000000000000, 0.000000000000000000, -1.000000000000000000 ) ) ;
#451 = CIRCLE ( 'NONE', #1954, 0.7500000000000006661 ) ;
#452 = ORIENTED_EDGE ( 'NONE', *, *, #33, .F. ) ;
#453 = DIRECTION ( 'NONE',  ( 0.000000000000000000, -1.000000000000000000, -3.016910393003143845E-16 ) ) ;
#454 = CARTESIAN_POINT ( 'NONE',  ( -52.00000000000000711, 20.24999999999999289, -29.25000000000000000 ) ) ;
#455 = MECHANICAL_DESIGN_GEOMETRIC_PRESENTATION_REPRESENTATION (  '', ( #2961 ), #961 ) ;
#456 = EDGE_CURVE ( 'NONE', #3039, #2630, #2392, .T. ) ;
#457 = VECTOR ( 'NONE', #1855, 1000.000000000000000 ) ;
#458 = DIRECTION ( 'NONE',  ( 1.000000000000000000, 0.000000000000000000, 0.000000000000000000 ) ) ;
#459 = CYLINDRICAL_SURFACE ( 'NONE', #2453, 1.500000000000004885 ) ;
#460 = AXIS2_PLACEMENT_3D ( 'NONE', #1660, #4, #977 ) ;
#461 = EDGE_CURVE ( 'NONE', #2539, #2592, #1401, .T. ) ;
#462 = EDGE_LOOP ( 'NONE', ( #203, #1839 ) ) ;
#463 = CIRCLE ( 'NONE', #1375, 1.500000000000004885 ) ;
#464 = CYLINDRICAL_SURFACE ( 'NONE', #91, 1.500000000000004885 ) ;
#465 = DIRECTION ( 'NONE',  ( 1.000000000000000000, -0.000000000000000000, 0.000000000000000000 ) ) ;
#466 = AXIS2_PLACEMENT_3D ( 'NONE', #778, #655, #2026 ) ;
#467 = ORIENTED_EDGE ( 'NONE', *, *, #1107, .F. ) ;
#468 = FACE_OUTER_BOUND ( 'NONE', #1895, .T. ) ;
#469 = EDGE_CURVE ( 'NONE', #951, #2344, #1726, .T. ) ;
#470 = EDGE_LOOP ( 'NONE', ( #533, #1865, #2232, #308 ) ) ;
#471 = CARTESIAN_POINT ( 'NONE',  ( -48.68487887584819163, 0.01665725629660459034, 26.62266263084301698 ) ) ;
#472 = CARTESIAN_POINT ( 'NONE',  ( -42.00000000000000000, 0.7500000000000000000, -19.99999999999999645 ) ) ;
#473 = CARTESIAN_POINT ( 'NONE',  ( -33.50000000000000000, 0.7500000000000002220, -24.25000000000001066 ) ) ;
#474 = DIRECTION ( 'NONE',  ( 0.000000000000000000, 3.016910393003143845E-16, -1.000000000000000000 ) ) ;
#475 = ORIENTED_EDGE ( 'NONE', *, *, #3087, .T. ) ;
#476 = ORIENTED_EDGE ( 'NONE', *, *, #675, .F. ) ;
#477 = DIRECTION ( 'NONE',  ( 1.000000000000000000, 3.694649656105686077E-32, 1.224646799147353207E-16 ) ) ;
#478 = EDGE_CURVE ( 'NONE', #1719, #1265, #1799, .T. ) ;
#479 = EDGE_CURVE ( 'NONE', #270, #2123, #2636, .T. ) ;
#480 = VERTEX_POINT ( 'NONE', #1981 ) ;
#481 = DIRECTION ( 'NONE',  ( 0.000000000000000000, 0.000000000000000000, 1.000000000000000000 ) ) ;
#482 = ORIENTED_EDGE ( 'NONE', *, *, #2289, .T. ) ;
#483 = DIRECTION ( 'NONE',  ( -0.000000000000000000, 1.000000000000000000, 3.016910393003143845E-16 ) ) ;
#484 = CYLINDRICAL_SURFACE ( 'NONE', #2502, 1.500000000000004885 ) ;
#485 = DIRECTION ( 'NONE',  ( -0.000000000000000000, -0.000000000000000000, -1.000000000000000000 ) ) ;
#486 = CARTESIAN_POINT ( 'NONE',  ( -45.49999999999999289, 20.24999999999999645, 21.99999999999999645 ) ) ;
#487 = CIRCLE ( 'NONE', #2230, 0.7500000000000006661 ) ;
#488 = VERTEX_POINT ( 'NONE', #1786 ) ;
#489 = ORIENTED_EDGE ( 'NONE', *, *, #1288, .T. ) ;
#490 = DIRECTION ( 'NONE',  ( 0.000000000000000000, 0.000000000000000000, -1.000000000000000000 ) ) ;
#491 = CARTESIAN_POINT ( 'NONE',  ( -45.50000000000000000, 4.250000000000000000, -24.25000000000001066 ) ) ;
#492 = DIRECTION ( 'NONE',  ( 0.000000000000000000, 0.000000000000000000, 1.000000000000000000 ) ) ;
#493 = ORIENTED_EDGE ( 'NONE', *, *, #3022, .T. ) ;
#494 = CARTESIAN_POINT ( 'NONE',  ( -45.50000000000000000, 4.250000000000000000, -26.50000000000001776 ) ) ;
#495 = EDGE_LOOP ( 'NONE', ( #504, #2377, #2972, #1013 ) ) ;
#496 = LINE ( 'NONE', #1944, #861 ) ;
#497 = CIRCLE ( 'NONE', #2494, 4.125000000000000000 ) ;
#498 = CARTESIAN_POINT ( 'NONE',  ( -33.50000000000000000, 1.084202172485504434E-16, 28.37499999999999289 ) ) ;
#499 = CIRCLE ( 'NONE', #809, 4.125000000000000000 ) ;
#500 = CARTESIAN_POINT ( 'NONE',  ( -29.25000000000000000, 20.13793103448275446, 0.8097385274374681030 ) ) ;
#501 = EDGE_CURVE ( 'NONE', #2862, #2362, #1301, .T. ) ;
#502 = CIRCLE ( 'NONE', #2652, 0.7500000000000006661 ) ;
#503 = ORIENTED_EDGE ( 'NONE', *, *, #1555, .F. ) ;
#504 = ORIENTED_EDGE ( 'NONE', *, *, #2374, .F. ) ;
#505 = FACE_OUTER_BOUND ( 'NONE', #1371, .T. ) ;
#506 = CARTESIAN_POINT ( 'NONE',  ( -33.50000000000000000, 4.250000000000000000, -24.25000000000001066 ) ) ;
#507 = CIRCLE ( 'NONE', #3063, 2.250000000000005329 ) ;
#508 = ORIENTED_EDGE ( 'NONE', *, *, #633, .F. ) ;
#509 = DIRECTION ( 'NONE',  ( 0.000000000000000000, 0.000000000000000000, -1.000000000000000000 ) ) ;
#510 = AXIS2_PLACEMENT_3D ( 'NONE', #909, #127, #3030 ) ;
#511 = VERTEX_POINT ( 'NONE', #2491 ) ;
#512 = TOROIDAL_SURFACE ( 'NONE', #2363, 7.000000000000000000, 0.7500000000000000000 ) ;
#513 = CARTESIAN_POINT ( 'NONE',  ( -30.00000000000000000, 20.24999999999999645, 18.48479104561369013 ) ) ;
#514 = LINE ( 'NONE', #1214, #3066 ) ;
#515 = AXIS2_PLACEMENT_3D ( 'NONE', #1682, #2571, #2112 ) ;
#516 = CARTESIAN_POINT ( 'NONE',  ( -33.01164923041525157, 0.000000000000000000, -28.34599054269489926 ) ) ;
#517 = CARTESIAN_POINT ( 'NONE',  ( -30.00000000000000000, 5.499999999999998224, 0.000000000000000000 ) ) ;
#518 = VERTEX_POINT ( 'NONE', #2478 ) ;
#519 = ORIENTED_EDGE ( 'NONE', *, *, #2735, .F. ) ;
#520 = FACE_OUTER_BOUND ( 'NONE', #835, .T. ) ;
#521 = DIRECTION ( 'NONE',  ( 0.000000000000000000, -1.000000000000000000, 0.000000000000000000 ) ) ;
#522 = VERTEX_POINT ( 'NONE', #340 ) ;
#523 = ADVANCED_FACE ( 'NONE', ( #577 ), #993, .T. ) ;
#524 = DIRECTION ( 'NONE',  ( -1.000000000000000000, -0.000000000000000000, -0.000000000000000000 ) ) ;
#525 = EDGE_LOOP ( 'NONE', ( #927, #1470, #544, #2033, #2608, #2685 ) ) ;
#526 = DIRECTION ( 'NONE',  ( 1.000000000000000000, 0.000000000000000000, 0.000000000000000000 ) ) ;
#527 = LINE ( 'NONE', #1493, #1959 ) ;
#528 = ADVANCED_FACE ( 'NONE', ( #2927 ), #2177, .T. ) ;
#529 = CARTESIAN_POINT ( 'NONE',  ( -29.96549332788901410, 0.007182979095854762422, 26.17182733898116354 ) ) ;
#530 = CARTESIAN_POINT ( 'NONE',  ( -45.49999999999999289, 0.7500000000000002220, 20.87499999999999289 ) ) ;
#531 = EDGE_CURVE ( 'NONE', #2397, #850, #41, .T. ) ;
#532 = ORIENTED_EDGE ( 'NONE', *, *, #2216, .F. ) ;
#533 = ORIENTED_EDGE ( 'NONE', *, *, #461, .F. ) ;
#534 = CARTESIAN_POINT ( 'NONE',  ( -33.49999999999999289, 20.24999999999999645, 24.25000000000000000 ) ) ;
#535 = CARTESIAN_POINT ( 'NONE',  ( -27.75000000000000000, 5.499999999999998224, 1.749999999999999778 ) ) ;
#536 = AXIS2_PLACEMENT_3D ( 'NONE', #20, #1960, #2210 ) ;
#537 = ORIENTED_EDGE ( 'NONE', *, *, #914, .T. ) ;
#538 = CIRCLE ( 'NONE', #946, 4.125000000000000000 ) ;
#539 = DIRECTION ( 'NONE',  ( -1.000000000000000000, -0.000000000000000000, -0.000000000000000000 ) ) ;
#540 = AXIS2_PLACEMENT_3D ( 'NONE', #1020, #1272, #828 ) ;
#541 = CARTESIAN_POINT ( 'NONE',  ( -45.49999999999999289, 0.7500000000000002220, 20.12499999999999289 ) ) ;
#542 = ADVANCED_FACE ( 'NONE', ( #72, #2239, #777 ), #1524, .T. ) ;
#543 = CIRCLE ( 'NONE', #293, 0.7499999999999997780 ) ;
#544 = ORIENTED_EDGE ( 'NONE', *, *, #2777, .F. ) ;
#545 = FACE_OUTER_BOUND ( 'NONE', #1062, .T. ) ;
#546 = CARTESIAN_POINT ( 'NONE',  ( -47.38377570715711329, 0.01952697231675246115, -27.73253899652588927 ) ) ;
#547 = DIRECTION ( 'NONE',  ( 0.000000000000000000, 0.000000000000000000, -1.000000000000000000 ) ) ;
#548 = FACE_OUTER_BOUND ( 'NONE', #722, .T. ) ;
#549 = VERTEX_POINT ( 'NONE', #1444 ) ;
#550 = VECTOR ( 'NONE', #859, 1000.000000000000000 ) ;
#551 = ORIENTED_EDGE ( 'NONE', *, *, #626, .F. ) ;
#552 = CARTESIAN_POINT ( 'NONE',  ( -37.00000000000000000, 0.7500000000000000000, -30.00000000000000000 ) ) ;
#553 = DIRECTION ( 'NONE',  ( 0.000000000000000000, 3.016910393003145817E-16, 1.000000000000000000 ) ) ;
#554 = EDGE_CURVE ( 'NONE', #2143, #942, #1356, .T. ) ;
#555 = CIRCLE ( 'NONE', #2094, 0.7500000000000006661 ) ;
#556 = ORIENTED_EDGE ( 'NONE', *, *, #1346, .T. ) ;
#557 = AXIS2_PLACEMENT_3D ( 'NONE', #2231, #2693, #2677 ) ;
#558 = DIRECTION ( 'NONE',  ( -1.000000000000000000, 0.000000000000000000, 0.000000000000000000 ) ) ;
#559 = DIRECTION ( 'NONE',  ( -1.000000000000000000, 0.000000000000000000, 0.000000000000000000 ) ) ;
#560 = CIRCLE ( 'NONE', #411, 2.250000000000005329 ) ;
#561 = VERTEX_POINT ( 'NONE', #2686 ) ;
#562 = EDGE_CURVE ( 'NONE', #3051, #995, #543, .T. ) ;
#563 = AXIS2_PLACEMENT_3D ( 'NONE', #2161, #1442, #1891 ) ;
#564 = EDGE_CURVE ( 'NONE', #1935, #2061, #696, .T. ) ;
#565 = CARTESIAN_POINT ( 'NONE',  ( -29.99943054785732244, 20.27922077922077548, 18.48595351381402452 ) ) ;
#566 = CARTESIAN_POINT ( 'NONE',  ( -49.03450667211100722, 0.007182979095855206511, -26.17182733898117775 ) ) ;
#567 = AXIS2_PLACEMENT_3D ( 'NONE', #256, #1181, #1210 ) ;
#568 = FACE_OUTER_BOUND ( 'NONE', #707, .T. ) ;
#569 = CYLINDRICAL_SURFACE ( 'NONE', #1912, 1.500000000000004885 ) ;
#570 = ORIENTED_EDGE ( 'NONE', *, *, #2148, .F. ) ;
#571 = ORIENTED_EDGE ( 'NONE', *, *, #2259, .F. ) ;
#572 = EDGE_CURVE ( 'NONE', #1063, #1050, #1751, .T. ) ;
#573 = DIRECTION ( 'NONE',  ( 0.000000000000000000, -3.016910393003143845E-16, 1.000000000000000000 ) ) ;
#574 = FACE_OUTER_BOUND ( 'NONE', #2173, .T. ) ;
#575 = ORIENTED_EDGE ( 'NONE', *, *, #1588, .F. ) ;
#576 = EDGE_CURVE ( 'NONE', #1271, #942, #1914, .T. ) ;
#577 = FACE_OUTER_BOUND ( 'NONE', #2552, .T. ) ;
#578 = DIRECTION ( 'NONE',  ( -0.000000000000000000, 1.000000000000000000, -0.000000000000000000 ) ) ;
#579 = ORIENTED_EDGE ( 'NONE', *, *, #2227, .T. ) ;
#580 = CARTESIAN_POINT ( 'NONE',  ( -27.75000000000000000, 20.99999999999999645, 14.18070330817253399 ) ) ;
#581 = DIRECTION ( 'NONE',  ( -0.000000000000000000, 3.016910393003143845E-16, -1.000000000000000000 ) ) ;
#582 = DIRECTION ( 'NONE',  ( -0.000000000000000000, 1.000000000000000000, 3.016910393003143845E-16 ) ) ;
#583 = DIRECTION ( 'NONE',  ( 0.000000000000000000, -1.000000000000000000, 0.000000000000000000 ) ) ;
#584 = ORIENTED_EDGE ( 'NONE', *, *, #2005, .F. ) ;
#585 = VERTEX_POINT ( 'NONE', #2864 ) ;
#586 = FACE_OUTER_BOUND ( 'NONE', #2384, .T. ) ;
#587 = AXIS2_PLACEMENT_3D ( 'NONE', #235, #1885, #1203 ) ;
#588 = DIRECTION ( 'NONE',  ( -1.000000000000000000, -0.000000000000000000, 0.000000000000000000 ) ) ;
#589 = ORIENTED_EDGE ( 'NONE', *, *, #715, .T. ) ;
#590 = DIRECTION ( 'NONE',  ( 0.000000000000000000, 1.000000000000000000, -3.016910393003145817E-16 ) ) ;
#591 = CIRCLE ( 'NONE', #2787, 4.125000000000000000 ) ;
#592 = CARTESIAN_POINT ( 'NONE',  ( -27.75000000000000000, 20.03448275862068684, 13.93309284927003233 ) ) ;
#593 = EDGE_CURVE ( 'NONE', #1700, #1506, #2182, .T. ) ;
#594 = CIRCLE ( 'NONE', #2786, 4.125000000000000000 ) ;
#595 = AXIS2_PLACEMENT_3D ( 'NONE', #2783, #189, #2611 ) ;
#596 = ORIENTED_EDGE ( 'NONE', *, *, #2631, .T. ) ;
#597 = CARTESIAN_POINT ( 'NONE',  ( -33.49999999999999289, -9.000000000000001776, 22.74999999999998579 ) ) ;
#598 = EDGE_CURVE ( 'NONE', #1424, #1623, #3105, .T. ) ;
#599 = CARTESIAN_POINT ( 'NONE',  ( -42.00000000000000000, 20.99999999999999289, -29.25000000000000000 ) ) ;
#600 = CARTESIAN_POINT ( 'NONE',  ( -30.00000000000000000, 5.499999999999998224, 1.749999999999999778 ) ) ;
#601 = ORIENTED_EDGE ( 'NONE', *, *, #2167, .T. ) ;
#602 = DIRECTION ( 'NONE',  ( 0.000000000000000000, 0.000000000000000000, -1.000000000000000000 ) ) ;
#603 = CARTESIAN_POINT ( 'NONE',  ( -52.00000000000000711, 20.24999999999999289, 29.25000000000000000 ) ) ;
#604 = ADVANCED_FACE ( 'NONE', ( #2701, #2466 ), #1286, .T. ) ;
#605 = EDGE_CURVE ( 'NONE', #2794, #1589, #1648, .T. ) ;
#606 = TOROIDAL_SURFACE ( 'NONE', #2350, 2.500000000000000444, 0.7500000000000000000 ) ;
#607 = ORIENTED_EDGE ( 'NONE', *, *, #234, .F. ) ;
#608 = DIRECTION ( 'NONE',  ( -0.000000000000000000, -1.000000000000000000, 0.000000000000000000 ) ) ;
#609 = AXIS2_PLACEMENT_3D ( 'NONE', #2868, #2918, #2382 ) ;
#610 = FACE_OUTER_BOUND ( 'NONE', #2468, .T. ) ;
#611 = AXIS2_PLACEMENT_3D ( 'NONE', #65, #1743, #1061 ) ;
#612 = ORIENTED_EDGE ( 'NONE', *, *, #2977, .F. ) ;
#613 = DIRECTION ( 'NONE',  ( 1.000000000000000000, 0.000000000000000000, 0.000000000000000000 ) ) ;
#614 = AXIS2_PLACEMENT_3D ( 'NONE', #2626, #2163, #1200 ) ;
#615 = CIRCLE ( 'NONE', #1221, 0.7500000000000006661 ) ;
#616 = CARTESIAN_POINT ( 'NONE',  ( -45.49999999999999289, -9.000000000000001776, 22.74999999999998579 ) ) ;
#617 = DIRECTION ( 'NONE',  ( -1.000000000000000000, -0.000000000000000000, 0.000000000000000000 ) ) ;
#618 = AXIS2_PLACEMENT_3D ( 'NONE', #592, #1551, #2492 ) ;
#619 = ADVANCED_FACE ( 'NONE', ( #3040 ), #2640, .T. ) ;
#620 = ORIENTED_EDGE ( 'NONE', *, *, #1457, .T. ) ;
#621 = DIRECTION ( 'NONE',  ( 1.000000000000000000, -0.000000000000000000, -0.000000000000000000 ) ) ;
#622 = DIRECTION ( 'NONE',  ( 1.000000000000000000, 0.000000000000000000, 0.000000000000000000 ) ) ;
#623 = ORIENTED_EDGE ( 'NONE', *, *, #2465, .T. ) ;
#624 = DIRECTION ( 'NONE',  ( 0.000000000000000000, 0.000000000000000000, -1.000000000000000000 ) ) ;
#625 = CARTESIAN_POINT ( 'NONE',  ( -27.75000000000000000, 5.499999999999998224, 0.000000000000000000 ) ) ;
#626 = EDGE_CURVE ( 'NONE', #1437, #322, #839, .T. ) ;
#627 = EDGE_LOOP ( 'NONE', ( #1002, #537 ) ) ;
#628 = DIRECTION ( 'NONE',  ( 0.000000000000000000, 0.000000000000000000, -1.000000000000000000 ) ) ;
#629 = FACE_OUTER_BOUND ( 'NONE', #871, .T. ) ;
#630 = APPLICATION_CONTEXT ( 'automotive_design' ) ;
#631 = CARTESIAN_POINT ( 'NONE',  ( -42.00000000000000000, 20.24999999999999289, 30.00000000000000000 ) ) ;
#632 = FACE_OUTER_BOUND ( 'NONE', #2115, .T. ) ;
#633 = EDGE_CURVE ( 'NONE', #339, #1657, #1502, .T. ) ;
#634 = ORIENTED_EDGE ( 'NONE', *, *, #132, .F. ) ;
#635 = DIRECTION ( 'NONE',  ( 0.000000000000000000, 0.000000000000000000, 1.000000000000000000 ) ) ;
#636 = FACE_OUTER_BOUND ( 'NONE', #911, .T. ) ;
#637 = ORIENTED_EDGE ( 'NONE', *, *, #2739, .F. ) ;
#638 = DIRECTION ( 'NONE',  ( 0.000000000000000000, 0.000000000000000000, -1.000000000000000000 ) ) ;
#639 = DIRECTION ( 'NONE',  ( 0.000000000000000000, 0.000000000000000000, -1.000000000000000000 ) ) ;
#640 = EDGE_LOOP ( 'NONE', ( #329, #771, #2183, #3054 ) ) ;
#641 = DIRECTION ( 'NONE',  ( 0.000000000000000000, -1.000000000000000000, 0.000000000000000000 ) ) ;
#642 = CARTESIAN_POINT ( 'NONE',  ( -27.75000000000000000, 0.7500000000000000000, -19.99999999999999645 ) ) ;
#643 = ORIENTED_EDGE ( 'NONE', *, *, #1262, .T. ) ;
#644 = CARTESIAN_POINT ( 'NONE',  ( -47.70867424275125046, 0.02455484638991151797, 27.52826485290207970 ) ) ;
#645 = VECTOR ( 'NONE', #1896, 1000.000000000000000 ) ;
#646 = CARTESIAN_POINT ( 'NONE',  ( -51.25000000000000711, 20.99999999999999645, -19.99999999999999645 ) ) ;
#647 = ORIENTED_EDGE ( 'NONE', *, *, #698, .F. ) ;
#648 = DIRECTION ( 'NONE',  ( 1.000000000000000000, -0.000000000000000000, -0.000000000000000000 ) ) ;
#649 = CARTESIAN_POINT ( 'NONE',  ( -30.00000000000000000, 20.25000000000000000, 14.18070330817253399 ) ) ;
#650 = EDGE_CURVE ( 'NONE', #549, #1736, #1900, .T. ) ;
#651 = AXIS2_PLACEMENT_3D ( 'NONE', #2520, #170, #3008 ) ;
#652 = ORIENTED_EDGE ( 'NONE', *, *, #1144, .F. ) ;
#653 = CARTESIAN_POINT ( 'NONE',  ( -32.82878737476800524, 3.191667202640223811E-17, -28.29280047754908978 ) ) ;
#654 = ADVANCED_FACE ( 'NONE', ( #2813, #385 ), #1095, .T. ) ;
#655 = DIRECTION ( 'NONE',  ( 1.000000000000000000, -0.000000000000000000, -0.000000000000000000 ) ) ;
#656 = ORIENTED_EDGE ( 'NONE', *, *, #501, .F. ) ;
#657 = AXIS2_PLACEMENT_3D ( 'NONE', #2751, #1385, #173 ) ;
#658 = LINE ( 'NONE', #597, #1810 ) ;
#659 = DIRECTION ( 'NONE',  ( 0.000000000000000000, -0.000000000000000000, 1.000000000000000000 ) ) ;
#660 = AXIS2_PLACEMENT_3D ( 'NONE', #2807, #2336, #179 ) ;
#661 = ORIENTED_EDGE ( 'NONE', *, *, #1188, .F. ) ;
#662 = EDGE_CURVE ( 'NONE', #1836, #2397, #1580, .T. ) ;
#663 = FACE_OUTER_BOUND ( 'NONE', #400, .T. ) ;
#664 = VECTOR ( 'NONE', #1468, 1000.000000000000000 ) ;
#665 = LINE ( 'NONE', #1838, #1767 ) ;
#666 = CIRCLE ( 'NONE', #2253, 9.250000000000001776 ) ;
#667 = DIRECTION ( 'NONE',  ( 0.000000000000000000, 0.000000000000000000, -1.000000000000000000 ) ) ;
#668 = VECTOR ( 'NONE', #746, 1000.000000000000000 ) ;
#669 = AXIS2_PLACEMENT_3D ( 'NONE', #1146, #2082, #856 ) ;
#670 = EDGE_CURVE ( 'NONE', #68, #2397, #1208, .T. ) ;
#671 = VERTEX_POINT ( 'NONE', #2994 ) ;
#672 = FACE_OUTER_BOUND ( 'NONE', #389, .T. ) ;
#673 = DIRECTION ( 'NONE',  ( -0.000000000000000000, 1.000000000000000000, -0.000000000000000000 ) ) ;
#674 = CIRCLE ( 'NONE', #515, 0.7500000000000006661 ) ;
#675 = EDGE_CURVE ( 'NONE', #1437, #1178, #1454, .T. ) ;
#676 = ORIENTED_EDGE ( 'NONE', *, *, #1327, .T. ) ;
#677 =( NAMED_UNIT ( * ) PLANE_ANGLE_UNIT ( ) SI_UNIT ( $, .RADIAN. ) );
#678 = DIRECTION ( 'NONE',  ( 0.000000000000000000, -1.000000000000000000, -0.000000000000000000 ) ) ;
#679 = ORIENTED_EDGE ( 'NONE', *, *, #683, .T. ) ;
#680 = CARTESIAN_POINT ( 'NONE',  ( -48.92381708998409096, 0.01047719591341250180, 26.32503148053688946 ) ) ;
#681 = DIRECTION ( 'NONE',  ( 0.000000000000000000, -1.000000000000000000, 0.000000000000000000 ) ) ;
#682 = ORIENTED_EDGE ( 'NONE', *, *, #366, .T. ) ;
#683 = EDGE_CURVE ( 'NONE', #1050, #920, #1348, .T. ) ;
#684 = VERTEX_POINT ( 'NONE', #2053 ) ;
#685 = ORIENTED_EDGE ( 'NONE', *, *, #1918, .T. ) ;
#686 = DIRECTION ( 'NONE',  ( -0.000000000000000000, -1.000000000000000000, -0.000000000000000000 ) ) ;
#687 = CARTESIAN_POINT ( 'NONE',  ( -33.50000000000000000, 4.250000000000000000, -25.75000000000001421 ) ) ;
#688 = EDGE_LOOP ( 'NONE', ( #2200, #1045, #467, #3085 ) ) ;
#689 = LINE ( 'NONE', #2637, #1172 ) ;
#690 = ORIENTED_EDGE ( 'NONE', *, *, #802, .F. ) ;
#691 = CARTESIAN_POINT ( 'NONE',  ( -30.00000000000000000, 19.99999999999999645, 14.18070330817253399 ) ) ;
#692 = FACE_OUTER_BOUND ( 'NONE', #875, .T. ) ;
#693 = AXIS2_PLACEMENT_3D ( 'NONE', #2426, #1283, #271 ) ;
#694 = DIRECTION ( 'NONE',  ( 0.000000000000000000, 0.000000000000000000, 1.000000000000000000 ) ) ;
#695 = DIRECTION ( 'NONE',  ( 0.000000000000000000, 0.000000000000000000, -1.000000000000000000 ) ) ;
#696 = CIRCLE ( 'NONE', #1104, 0.7500000000000006661 ) ;
#697 = ORIENTED_EDGE ( 'NONE', *, *, #2848, .F. ) ;
#698 = EDGE_CURVE ( 'NONE', #2875, #3088, #1624, .T. ) ;
#699 = EDGE_CURVE ( 'NONE', #2040, #153, #1393, .T. ) ;
#700 = AXIS2_PLACEMENT_3D ( 'NONE', #1079, #2517, #2773 ) ;
#701 = CARTESIAN_POINT ( 'NONE',  ( -45.49999999999999289, 3.500000000000000000, 27.62499999999999289 ) ) ;
#702 = VECTOR ( 'NONE', #608, 1000.000000000000000 ) ;
#703 = CYLINDRICAL_SURFACE ( 'NONE', #2664, 1.749999999999998002 ) ;
#704 = ORIENTED_EDGE ( 'NONE', *, *, #1098, .F. ) ;
#705 = EDGE_CURVE ( 'NONE', #2298, #1668, #904, .T. ) ;
#706 = CARTESIAN_POINT ( 'NONE',  ( -33.49999999999999289, 3.500000000000000000, 20.87499999999999289 ) ) ;
#707 = EDGE_LOOP ( 'NONE', ( #2155, #2695, #1733, #2635 ) ) ;
#708 = ADVANCED_FACE ( 'NONE', ( #672 ), #1151, .T. ) ;
#709 = LINE ( 'NONE', #739, #2407 ) ;
#710 = CIRCLE ( 'NONE', #2905, 1.750000000000001554 ) ;
#711 = EDGE_CURVE ( 'NONE', #303, #53, #2489, .T. ) ;
#712 = CIRCLE ( 'NONE', #12, 0.7500000000000006661 ) ;
#713 = CARTESIAN_POINT ( 'NONE',  ( -42.00000000000000000, 20.99999999999999289, 29.25000000000000000 ) ) ;
#714 = FACE_OUTER_BOUND ( 'NONE', #1503, .T. ) ;
#715 = EDGE_CURVE ( 'NONE', #68, #230, #2081, .T. ) ;
#716 = ORIENTED_EDGE ( 'NONE', *, *, #1299, .F. ) ;
#717 = ORIENTED_EDGE ( 'NONE', *, *, #1878, .T. ) ;
#718 = CIRCLE ( 'NONE', #968, 3.374999999999999556 ) ;
#719 = LINE ( 'NONE', #983, #1945 ) ;
#720 = CARTESIAN_POINT ( 'NONE',  ( -45.50000000000000000, 4.250000000000000000, -24.25000000000001066 ) ) ;
#721 = AXIS2_PLACEMENT_3D ( 'NONE', #1054, #578, #2172 ) ;
#722 = EDGE_LOOP ( 'NONE', ( #274, #1908, #393, #1435 ) ) ;
#723 = AXIS2_PLACEMENT_3D ( 'NONE', #905, #2602, #1194 ) ;
#724 = LINE ( 'NONE', #2391, #668 ) ;
#725 = ORIENTED_EDGE ( 'NONE', *, *, #2920, .T. ) ;
#726 = DIRECTION ( 'NONE',  ( -1.000000000000000000, 0.000000000000000000, -0.000000000000000000 ) ) ;
#727 = DIRECTION ( 'NONE',  ( 0.000000000000000000, 0.000000000000000000, -1.000000000000000000 ) ) ;
#728 = DIRECTION ( 'NONE',  ( 0.000000000000000000, 1.000000000000000000, -3.016910393003145817E-16 ) ) ;
#729 = DIRECTION ( 'NONE',  ( 0.000000000000000000, 1.000000000000000000, -1.084202172485503448E-16 ) ) ;
#730 = ORIENTED_EDGE ( 'NONE', *, *, #2887, .T. ) ;
#731 = ORIENTED_EDGE ( 'NONE', *, *, #826, .F. ) ;
#732 = CARTESIAN_POINT ( 'NONE',  ( -27.00000000000000000, 20.24999999999999645, -0.1807033081725376855 ) ) ;
#733 = DIRECTION ( 'NONE',  ( 0.000000000000000000, -1.000000000000000000, 0.000000000000000000 ) ) ;
#734 = CARTESIAN_POINT ( 'NONE',  ( -30.00000000000000000, 13.25000000000003020, 13.42339375865881124 ) ) ;
#735 = VERTEX_POINT ( 'NONE', #2872 ) ;
#736 = DIRECTION ( 'NONE',  ( 0.000000000000000000, 1.000000000000000000, -3.016910393003145817E-16 ) ) ;
#737 = VERTEX_POINT ( 'NONE', #732 ) ;
#738 = EDGE_CURVE ( 'NONE', #1589, #261, #719, .T. ) ;
#739 = CARTESIAN_POINT ( 'NONE',  ( -30.00000000000000000, 13.24999999999984190, -15.17339375865871176 ) ) ;
#740 = CARTESIAN_POINT ( 'NONE',  ( -33.49999999999999289, 0.000000000000000000, 24.24999999999999289 ) ) ;
#741 = ORIENTED_EDGE ( 'NONE', *, *, #1338, .T. ) ;
#742 = ORIENTED_EDGE ( 'NONE', *, *, #2631, .F. ) ;
#743 = DIRECTION ( 'NONE',  ( 0.000000000000000000, -3.750753461571473959E-16, 1.000000000000000000 ) ) ;
#744 = CARTESIAN_POINT ( 'NONE',  ( -33.50000000000000000, 20.24999999999999645, -24.25000000000000355 ) ) ;
#745 = ORIENTED_EDGE ( 'NONE', *, *, #2093, .F. ) ;
#746 = DIRECTION ( 'NONE',  ( 1.000000000000000000, 0.000000000000000000, 0.000000000000000000 ) ) ;
#747 = CIRCLE ( 'NONE', #1400, 9.250000000000001776 ) ;
#748 = ORIENTED_EDGE ( 'NONE', *, *, #1674, .F. ) ;
#749 = CARTESIAN_POINT ( 'NONE',  ( -37.00000000000000000, 0.000000000000000000, 19.99999999999999645 ) ) ;
#750 = CARTESIAN_POINT ( 'NONE',  ( -33.50000000000000000, 1.084202172485504434E-16, -28.37500000000001066 ) ) ;
#751 = AXIS2_PLACEMENT_3D ( 'NONE', #2779, #641, #628 ) ;
#752 = CARTESIAN_POINT ( 'NONE',  ( -27.75000000000000000, 5.499999999999998224, 0.000000000000000000 ) ) ;
#753 = CIRCLE ( 'NONE', #1559, 2.250000000000005329 ) ;
#754 = CARTESIAN_POINT ( 'NONE',  ( -27.75000000000000000, 21.00000000000000355, -6.335511825306608089E-15 ) ) ;
#755 = AXIS2_PLACEMENT_3D ( 'NONE', #2064, #897, #1124 ) ;
#756 = EDGE_LOOP ( 'NONE', ( #350, #218, #334, #1804 ) ) ;
#757 = ORIENTED_EDGE ( 'NONE', *, *, #3104, .T. ) ;
#758 = CARTESIAN_POINT ( 'NONE',  ( -33.50000000000000000, 3.500000000000000000, -24.25000000000001066 ) ) ;
#759 = FILL_AREA_STYLE ('',( #1236 ) ) ;
#760 = SHAPE_DEFINITION_REPRESENTATION ( #2610, #2944 ) ;
#761 = CIRCLE ( 'NONE', #2506, 2.499999999999999556 ) ;
#762 = ORIENTED_EDGE ( 'NONE', *, *, #2803, .F. ) ;
#763 = CARTESIAN_POINT ( 'NONE',  ( -33.50000000000000000, 3.500000000000000000, -20.87500000000001066 ) ) ;
#764 = VECTOR ( 'NONE', #1132, 1000.000000000000000 ) ;
#765 = ADVANCED_FACE ( 'NONE', ( #1162 ), #2890, .T. ) ;
#766 = VERTEX_POINT ( 'NONE', #922 ) ;
#767 = CARTESIAN_POINT ( 'NONE',  ( -30.00000000000000000, 13.25000000000003020, 13.42339375865881124 ) ) ;
#768 = CARTESIAN_POINT ( 'NONE',  ( -47.70225295243523789, 0.02347322925070025393, -27.52100809931281589 ) ) ;
#769 = CARTESIAN_POINT ( 'NONE',  ( -31.14504207696008109, 0.02455461328306575083, 27.40779314373214248 ) ) ;
#770 = DIRECTION ( 'NONE',  ( 0.000000000000000000, 0.000000000000000000, 1.000000000000000000 ) ) ;
#771 = ORIENTED_EDGE ( 'NONE', *, *, #2093, .T. ) ;
#772 = ORIENTED_EDGE ( 'NONE', *, *, #2803, .T. ) ;
#773 = CARTESIAN_POINT ( 'NONE',  ( -33.49999999999999289, 3.500000000000000444, 26.50000000000000000 ) ) ;
#774 =( LENGTH_UNIT ( ) NAMED_UNIT ( * ) SI_UNIT ( .MILLI., .METRE. ) );
#775 = EDGE_CURVE ( 'NONE', #2557, #1178, #2096, .T. ) ;
#776 = ORIENTED_EDGE ( 'NONE', *, *, #355, .F. ) ;
#777 = FACE_OUTER_BOUND ( 'NONE', #2359, .T. ) ;
#778 = CARTESIAN_POINT ( 'NONE',  ( -51.25000000000000711, 20.24999999999999645, 19.23538406167135051 ) ) ;
#779 = VERTEX_POINT ( 'NONE', #969 ) ;
#780 = ADVANCED_FACE ( 'NONE', ( #936 ), #1641, .T. ) ;
#781 = DIRECTION ( 'NONE',  ( -0.000000000000000000, 1.000000000000000000, -0.000000000000000000 ) ) ;
#782 = DIRECTION ( 'NONE',  ( 0.000000000000000000, 0.000000000000000000, -1.000000000000000000 ) ) ;
#783 = CARTESIAN_POINT ( 'NONE',  ( -31.29774704756475145, 0.02347322925069908472, 27.52100809931279457 ) ) ;
#784 = EDGE_LOOP ( 'NONE', ( #416, #326 ) ) ;
#785 = VERTEX_POINT ( 'NONE', #1679 ) ;
#786 = CARTESIAN_POINT ( 'NONE',  ( -33.49999999999999289, 0.7500000000000002220, 28.37499999999999289 ) ) ;
#787 = CYLINDRICAL_SURFACE ( 'NONE', #2852, 0.7500000000000006661 ) ;
#788 = AXIS2_PLACEMENT_3D ( 'NONE', #1512, #1985, #2951 ) ;
#789 = EDGE_CURVE ( 'NONE', #153, #2168, #594, .T. ) ;
#790 = VERTEX_POINT ( 'NONE', #1653 ) ;
#791 = VECTOR ( 'NONE', #1333, 1000.000000000000000 ) ;
#792 = CARTESIAN_POINT ( 'NONE',  ( -42.00000000000000000, 0.000000000000000000, -19.99999999999999645 ) ) ;
#793 = CARTESIAN_POINT ( 'NONE',  ( -45.50000000000000000, 3.500000000000000000, -20.87500000000001066 ) ) ;
#794 = EDGE_CURVE ( 'NONE', #1014, #488, #239, .T. ) ;
#795 = ORIENTED_EDGE ( 'NONE', *, *, #531, .T. ) ;
#796 = AXIS2_PLACEMENT_3D ( 'NONE', #2659, #781, #797 ) ;
#797 = DIRECTION ( 'NONE',  ( 0.000000000000000000, 0.000000000000000000, -1.000000000000000000 ) ) ;
#798 = AXIS2_PLACEMENT_3D ( 'NONE', #431, #150, #887 ) ;
#799 = CARTESIAN_POINT ( 'NONE',  ( -45.50000000000000000, 20.99999999999999645, -22.00000000000000000 ) ) ;
#800 = FACE_OUTER_BOUND ( 'NONE', #1111, .T. ) ;
#801 = DIRECTION ( 'NONE',  ( 0.000000000000000000, 1.000000000000000000, -0.000000000000000000 ) ) ;
#802 = EDGE_CURVE ( 'NONE', #1886, #785, #2532, .T. ) ;
#803 = ORIENTED_EDGE ( 'NONE', *, *, #1426, .T. ) ;
#804 = AXIS2_PLACEMENT_3D ( 'NONE', #1925, #733, #984 ) ;
#805 = EDGE_LOOP ( 'NONE', ( #2889, #2162, #175, #1796 ) ) ;
#806 = CARTESIAN_POINT ( 'NONE',  ( -27.00000000000000000, 20.24999999999999645, -19.99999999999999645 ) ) ;
#807 = DIRECTION ( 'NONE',  ( 0.000000000000000000, 0.000000000000000000, -1.000000000000000000 ) ) ;
#808 = CARTESIAN_POINT ( 'NONE',  ( 0.000000000000000000, 0.000000000000000000, 0.000000000000000000 ) ) ;
#809 = AXIS2_PLACEMENT_3D ( 'NONE', #1174, #2824, #1606 ) ;
#810 = VERTEX_POINT ( 'NONE', #1936 ) ;
#811 = AXIS2_PLACEMENT_3D ( 'NONE', #2952, #801, #1761 ) ;
#812 = DIRECTION ( 'NONE',  ( 0.000000000000000000, -1.000000000000000000, 0.000000000000000000 ) ) ;
#813 = CARTESIAN_POINT ( 'NONE',  ( -45.50000000000000000, 1.084202172485504434E-16, -28.37500000000001066 ) ) ;
#814 = AXIS2_PLACEMENT_3D ( 'NONE', #3061, #617, #2771 ) ;
#815 = ORIENTED_EDGE ( 'NONE', *, *, #2920, .F. ) ;
#816 = AXIS2_PLACEMENT_3D ( 'NONE', #2376, #1212, #1184 ) ;
#817 = CARTESIAN_POINT ( 'NONE',  ( -30.00000000000000000, 20.99999999999999645, 6.999999999999998224 ) ) ;
#818 = DIRECTION ( 'NONE',  ( 1.000000000000000000, -0.000000000000000000, 0.000000000000000000 ) ) ;
#819 = AXIS2_PLACEMENT_3D ( 'NONE', #541, #1287, #73 ) ;
#820 = DIRECTION ( 'NONE',  ( 0.000000000000000000, 0.000000000000000000, -1.000000000000000000 ) ) ;
#821 = DIRECTION ( 'NONE',  ( 0.000000000000000000, -1.000000000000000000, 0.000000000000000000 ) ) ;
#822 = ORIENTED_EDGE ( 'NONE', *, *, #2723, .F. ) ;
#823 = ORIENTED_EDGE ( 'NONE', *, *, #2465, .F. ) ;
#824 = CARTESIAN_POINT ( 'NONE',  ( -33.50000000000000000, 4.250000000000000000, -22.00000000000000711 ) ) ;
#825 = CARTESIAN_POINT ( 'NONE',  ( -30.00000000000000000, 13.24999999999984190, -15.17339375865871176 ) ) ;
#826 = EDGE_CURVE ( 'NONE', #671, #1374, #2131, .T. ) ;
#827 = ORIENTED_EDGE ( 'NONE', *, *, #2577, .T. ) ;
#828 = DIRECTION ( 'NONE',  ( 0.000000000000000000, 3.750753461571474945E-16, 1.000000000000000000 ) ) ;
#829 = DIRECTION ( 'NONE',  ( 0.000000000000000000, 0.000000000000000000, 1.000000000000000000 ) ) ;
#830 = EDGE_LOOP ( 'NONE', ( #2929, #2720 ) ) ;
#831 = CARTESIAN_POINT ( 'NONE',  ( -48.29391209361963888, 0.02455484638991353372, -27.04630426983400682 ) ) ;
#832 = EDGE_CURVE ( 'NONE', #315, #1991, #747, .T. ) ;
#833 = LINE ( 'NONE', #115, #894 ) ;
#834 = DIRECTION ( 'NONE',  ( 1.000000000000000000, 0.000000000000000000, 0.000000000000000000 ) ) ;
#835 = EDGE_LOOP ( 'NONE', ( #106, #803, #425, #2600, #172, #1498, #35, #620, #1548, #14, #2424, #895, #1161, #858, #2645, #935, #679, #2169, #2996, #1642, #2493, #133, #2458, #596 ) ) ;
#836 = PLANE ( 'NONE',  #1404 ) ;
#837 = DIRECTION ( 'NONE',  ( 0.000000000000000000, 0.000000000000000000, 1.000000000000000000 ) ) ;
#838 = ORIENTED_EDGE ( 'NONE', *, *, #306, .T. ) ;
#839 = LINE ( 'NONE', #398, #702 ) ;
#840 = DIRECTION ( 'NONE',  ( 0.000000000000000000, 0.000000000000000000, -1.000000000000000000 ) ) ;
#841 = AXIS2_PLACEMENT_3D ( 'NONE', #1695, #1924, #952 ) ;
#842 = AXIS2_PLACEMENT_3D ( 'NONE', #1734, #1303, #2732 ) ;
#843 = ORIENTED_EDGE ( 'NONE', *, *, #2311, .T. ) ;
#844 = DIRECTION ( 'NONE',  ( -1.000000000000000000, -0.000000000000000000, -0.000000000000000000 ) ) ;
#845 = CYLINDRICAL_SURFACE ( 'NONE', #60, 0.7500000000000006661 ) ;
#846 = AXIS2_PLACEMENT_3D ( 'NONE', #1797, #2304, #2745 ) ;
#847 = AXIS2_PLACEMENT_3D ( 'NONE', #2446, #726, #289 ) ;
#848 = CARTESIAN_POINT ( 'NONE',  ( -27.75000000000000000, 13.24999999999984190, -13.42339375865871176 ) ) ;
#849 = DIRECTION ( 'NONE',  ( 0.000000000000000000, 0.000000000000000000, -1.000000000000000000 ) ) ;
#850 = VERTEX_POINT ( 'NONE', #1428 ) ;
#851 = FACE_OUTER_BOUND ( 'NONE', #1853, .T. ) ;
#852 = DIRECTION ( 'NONE',  ( -0.000000000000000000, 1.000000000000000000, 3.016910393003143845E-16 ) ) ;
#853 = TOROIDAL_SURFACE ( 'NONE', #657, 2.250000000000003997, 0.7500000000000000000 ) ;
#854 = ORIENTED_EDGE ( 'NONE', *, *, #210, .T. ) ;
#855 = CIRCLE ( 'NONE', #2353, 2.499999999999999556 ) ;
#856 = DIRECTION ( 'NONE',  ( 0.000000000000000000, 0.1379310344827577584, 0.9904418356100049836 ) ) ;
#857 = TOROIDAL_SURFACE ( 'NONE', #2004, 0.2500000000000006661, 0.7500000000000000000 ) ;
#858 = ORIENTED_EDGE ( 'NONE', *, *, #1180, .T. ) ;
#859 = DIRECTION ( 'NONE',  ( 0.000000000000000000, -3.016910393003143845E-16, 1.000000000000000000 ) ) ;
#860 = DIRECTION ( 'NONE',  ( 0.000000000000000000, 0.000000000000000000, -1.000000000000000000 ) ) ;
#861 = VECTOR ( 'NONE', #581, 1000.000000000000000 ) ;
#862 = EDGE_CURVE ( 'NONE', #230, #850, #1245, .T. ) ;
#863 = TOROIDAL_SURFACE ( 'NONE', #260, 0.2500000000000002220, 0.7500000000000000000 ) ;
#864 = CARTESIAN_POINT ( 'NONE',  ( -52.00000000000000711, 0.7500000000000006661, 19.99999999999999645 ) ) ;
#865 = DIRECTION ( 'NONE',  ( -0.000000000000000000, 1.000000000000000000, 3.016910393003143845E-16 ) ) ;
#866 = AXIS2_PLACEMENT_3D ( 'NONE', #2536, #1318, #3053 ) ;
#867 = ORIENTED_EDGE ( 'NONE', *, *, #2119, .F. ) ;
#868 = VECTOR ( 'NONE', #2621, 1000.000000000000000 ) ;
#869 = DIRECTION ( 'NONE',  ( 0.000000000000000000, 0.9992407304764335807, -0.03896103896103735725 ) ) ;
#870 = DIRECTION ( 'NONE',  ( 0.000000000000000000, 1.000000000000000000, 0.000000000000000000 ) ) ;
#871 = EDGE_LOOP ( 'NONE', ( #1923, #1977, #634, #1552 ) ) ;
#872 = ADVANCED_FACE ( 'NONE', ( #2111 ), #1439, .F. ) ;
#873 = CARTESIAN_POINT ( 'NONE',  ( -30.44330428540062528, 0.01952697231675227033, -26.76660487274990174 ) ) ;
#874 = CARTESIAN_POINT ( 'NONE',  ( -27.00000000000000000, 0.000000000000000000, 0.000000000000000000 ) ) ;
#875 = EDGE_LOOP ( 'NONE', ( #1913, #251, #3097, #29 ) ) ;
#876 = DIRECTION ( 'NONE',  ( -1.000000000000000000, -0.000000000000000000, 0.000000000000000000 ) ) ;
#877 = DIRECTION ( 'NONE',  ( -1.000000000000000000, 0.000000000000000000, -0.000000000000000000 ) ) ;
#878 = VERTEX_POINT ( 'NONE', #2826 ) ;
#879 = EDGE_CURVE ( 'NONE', #339, #2788, #225, .T. ) ;
#880 = LINE ( 'NONE', #1837, #1847 ) ;
#881 = DIRECTION ( 'NONE',  ( 0.000000000000000000, 0.000000000000000000, -1.000000000000000000 ) ) ;
#882 = EDGE_LOOP ( 'NONE', ( #1535, #2542, #444, #2218 ) ) ;
#883 = LINE ( 'NONE', #165, #40 ) ;
#884 = CARTESIAN_POINT ( 'NONE',  ( -33.49999999999999289, 4.250000000000000000, 24.24999999999999289 ) ) ;
#885 = CIRCLE ( 'NONE', #587, 2.250000000000005329 ) ;
#886 = ORIENTED_EDGE ( 'NONE', *, *, #2654, .F. ) ;
#887 = DIRECTION ( 'NONE',  ( 0.000000000000000000, -0.000000000000000000, -1.000000000000000000 ) ) ;
#888 = CARTESIAN_POINT ( 'NONE',  ( -29.25000000000000000, 20.25000000000000355, 6.109243545831367099E-15 ) ) ;
#889 = ORIENTED_EDGE ( 'NONE', *, *, #1578, .T. ) ;
#890 = AXIS2_PLACEMENT_3D ( 'NONE', #1076, #2563, #2819 ) ;
#891 = DIRECTION ( 'NONE',  ( 0.000000000000000000, 0.000000000000000000, -1.000000000000000000 ) ) ;
#892 = ADVANCED_FACE ( 'NONE', ( #2583 ), #464, .F. ) ;
#893 = VECTOR ( 'NONE', #1179, 1000.000000000000000 ) ;
#894 = VECTOR ( 'NONE', #2999, 1000.000000000000000 ) ;
#895 = ORIENTED_EDGE ( 'NONE', *, *, #1256, .T. ) ;
#896 = FACE_OUTER_BOUND ( 'NONE', #1919, .T. ) ;
#897 = DIRECTION ( 'NONE',  ( -0.000000000000000000, 1.000000000000000000, -0.000000000000000000 ) ) ;
#898 = DIRECTION ( 'NONE',  ( -0.000000000000000000, -1.000000000000000000, -0.000000000000000000 ) ) ;
#899 = DIRECTION ( 'NONE',  ( -1.000000000000000000, -0.000000000000000000, -0.000000000000000000 ) ) ;
#900 = AXIS2_PLACEMENT_3D ( 'NONE', #1383, #1082, #2290 ) ;
#901 = ADVANCED_FACE ( 'NONE', ( #2385 ), #2141, .F. ) ;
#902 = VERTEX_POINT ( 'NONE', #552 ) ;
#903 = VERTEX_POINT ( 'NONE', #2476 ) ;
#904 = LINE ( 'NONE', #1609, #1001 ) ;
#905 = CARTESIAN_POINT ( 'NONE',  ( -45.49999999999999289, 0.7500000000000002220, 28.37499999999999289 ) ) ;
#906 = AXIS2_PLACEMENT_3D ( 'NONE', #1717, #11, #1500 ) ;
#907 = ORIENTED_EDGE ( 'NONE', *, *, #22, .T. ) ;
#908 = TOROIDAL_SURFACE ( 'NONE', #2650, 2.250000000000003997, 0.7500000000000000000 ) ;
#909 = CARTESIAN_POINT ( 'NONE',  ( -27.75000000000000000, 5.499999999999998224, 2.499999999999999556 ) ) ;
#910 = CIRCLE ( 'NONE', #557, 1.749999999999998002 ) ;
#911 = EDGE_LOOP ( 'NONE', ( #843, #762, #982, #815 ) ) ;
#912 = LINE ( 'NONE', #1630, #97 ) ;
#913 = VECTOR ( 'NONE', #2879, 1000.000000000000000 ) ;
#914 = EDGE_CURVE ( 'NONE', #585, #2568, #2435, .T. ) ;
#915 = CARTESIAN_POINT ( 'NONE',  ( -51.25000000000000711, 20.25000000000000355, -6.109243545831371832E-15 ) ) ;
#916 = TOROIDAL_SURFACE ( 'NONE', #114, 2.250000000000003997, 0.7500000000000000000 ) ;
#917 = FACE_OUTER_BOUND ( 'NONE', #688, .T. ) ;
#918 = LINE ( 'NONE', #1633, #1465 ) ;
#919 = AXIS2_PLACEMENT_3D ( 'NONE', #970, #2827, #2842 ) ;
#920 = VERTEX_POINT ( 'NONE', #102 ) ;
#921 = EDGE_CURVE ( 'NONE', #3080, #1812, #142, .T. ) ;
#922 = CARTESIAN_POINT ( 'NONE',  ( -37.00000000000000000, 0.000000000000000000, -29.25000000000000000 ) ) ;
#923 = FACE_OUTER_BOUND ( 'NONE', #396, .T. ) ;
#924 = ORIENTED_EDGE ( 'NONE', *, *, #355, .T. ) ;
#925 = EDGE_CURVE ( 'NONE', #2140, #810, #538, .T. ) ;
#926 = CARTESIAN_POINT ( 'NONE',  ( -45.49999999999999289, 20.99999999999999645, 26.50000000000000711 ) ) ;
#927 = ORIENTED_EDGE ( 'NONE', *, *, #1842, .F. ) ;
#928 = CARTESIAN_POINT ( 'NONE',  ( -45.49999999999999289, 20.99999999999999645, 24.25000000000000000 ) ) ;
#929 = CARTESIAN_POINT ( 'NONE',  ( -42.00000000000000000, 0.000000000000000000, 19.99999999999999645 ) ) ;
#930 = ADVANCED_FACE ( 'NONE', ( #2681 ), #1235, .F. ) ;
#931 = CARTESIAN_POINT ( 'NONE',  ( -45.49999999999999289, 0.7500000000000002220, 24.24999999999999289 ) ) ;
#932 = FACE_OUTER_BOUND ( 'NONE', #2657, .T. ) ;
#933 = ADVANCED_FACE ( 'NONE', ( #505 ), #1352, .T. ) ;
#934 = ORIENTED_EDGE ( 'NONE', *, *, #439, .T. ) ;
#935 = ORIENTED_EDGE ( 'NONE', *, *, #572, .T. ) ;
#936 = FACE_OUTER_BOUND ( 'NONE', #2006, .T. ) ;
#937 = CARTESIAN_POINT ( 'NONE',  ( -42.00000000000000000, 0.7500000000000000000, 19.99999999999999645 ) ) ;
#938 = EDGE_CURVE ( 'NONE', #126, #480, #1202, .T. ) ;
#939 = VERTEX_POINT ( 'NONE', #1248 ) ;
#940 = DIRECTION ( 'NONE',  ( 0.000000000000000000, 0.000000000000000000, -1.000000000000000000 ) ) ;
#941 = EDGE_CURVE ( 'NONE', #1366, #1836, #2791, .T. ) ;
#942 = VERTEX_POINT ( 'NONE', #806 ) ;
#943 = CARTESIAN_POINT ( 'NONE',  ( -29.99943054785732244, 20.27922077922077548, -18.48595351381402452 ) ) ;
#944 = CARTESIAN_POINT ( 'NONE',  ( -29.98283771379401585, 20.70478016039318092, -18.50254634787733465 ) ) ;
#945 = AXIS2_PLACEMENT_3D ( 'NONE', #2266, #2499, #3016 ) ;
#946 = AXIS2_PLACEMENT_3D ( 'NONE', #1782, #2443, #336 ) ;
#947 = DIRECTION ( 'NONE',  ( 0.000000000000000000, 0.000000000000000000, -1.000000000000000000 ) ) ;
#948 = DIRECTION ( 'NONE',  ( 0.000000000000000000, 0.000000000000000000, -1.000000000000000000 ) ) ;
#949 = CIRCLE ( 'NONE', #1750, 0.7500000000000006661 ) ;
#950 = ORIENTED_EDGE ( 'NONE', *, *, #1582, .T. ) ;
#951 = VERTEX_POINT ( 'NONE', #1473 ) ;
#952 = DIRECTION ( 'NONE',  ( 0.000000000000000000, 0.000000000000000000, 1.000000000000000000 ) ) ;
#953 = ORIENTED_EDGE ( 'NONE', *, *, #2897, .F. ) ;
#954 = AXIS2_PLACEMENT_3D ( 'NONE', #2058, #360, #2737 ) ;
#955 = CARTESIAN_POINT ( 'NONE',  ( -27.75000000000000000, 20.13793103448275446, 0.8097385274374681030 ) ) ;
#956 = AXIS2_PLACEMENT_3D ( 'NONE', #506, #521, #2682 ) ;
#957 = ORIENTED_EDGE ( 'NONE', *, *, #77, .F. ) ;
#958 = DIRECTION ( 'NONE',  ( 0.000000000000000000, 0.000000000000000000, 1.000000000000000000 ) ) ;
#959 = EDGE_CURVE ( 'NONE', #511, #779, #2170, .T. ) ;
#960 = DIRECTION ( 'NONE',  ( 0.000000000000000000, 0.000000000000000000, -1.000000000000000000 ) ) ;
#961 =( GEOMETRIC_REPRESENTATION_CONTEXT ( 3 ) GLOBAL_UNCERTAINTY_ASSIGNED_CONTEXT ( ( #2915 ) ) GLOBAL_UNIT_ASSIGNED_CONTEXT ( ( #774, #677, #1331 ) ) REPRESENTATION_CONTEXT ( 'NONE', 'WORKASPACE' ) );
#962 = AXIS2_PLACEMENT_3D ( 'NONE', #517, #1217, #2153 ) ;
#963 = DIRECTION ( 'NONE',  ( 0.000000000000000000, -1.000000000000000000, 0.000000000000000000 ) ) ;
#964 = ADVANCED_FACE ( 'NONE', ( #1518 ), #1549, .T. ) ;
#965 = LINE ( 'NONE', #991, #664 ) ;
#966 = AXIS2_PLACEMENT_3D ( 'NONE', #1187, #2660, #30 ) ;
#967 = ORIENTED_EDGE ( 'NONE', *, *, #3010, .F. ) ;
#968 = AXIS2_PLACEMENT_3D ( 'NONE', #2145, #3086, #1702 ) ;
#969 = CARTESIAN_POINT ( 'NONE',  ( -33.50000000000000000, 0.7500000000000002220, -27.62500000000001066 ) ) ;
#970 = CARTESIAN_POINT ( 'NONE',  ( -27.75000000000000000, 20.24999999999999645, 14.18070330817253399 ) ) ;
#971 = CIRCLE ( 'NONE', #2714, 0.7500000000000006661 ) ;
#972 = ADVANCED_FACE ( 'NONE', ( #1951, #69 ), #1015, .T. ) ;
#973 = ORIENTED_EDGE ( 'NONE', *, *, #22, .F. ) ;
#974 = CIRCLE ( 'NONE', #2463, 2.500000000000002220 ) ;
#975 = DIRECTION ( 'NONE',  ( -0.000000000000000000, 1.000000000000000000, -0.000000000000000000 ) ) ;
#976 = ORIENTED_EDGE ( 'NONE', *, *, #290, .F. ) ;
#977 = DIRECTION ( 'NONE',  ( 0.000000000000000000, 0.1379310344827578971, -0.9904418356100049836 ) ) ;
#978 = EDGE_CURVE ( 'NONE', #1812, #3080, #2743, .T. ) ;
#979 = LINE ( 'NONE', #1741, #1049 ) ;
#980 = FACE_OUTER_BOUND ( 'NONE', #1078, .T. ) ;
#981 = VERTEX_POINT ( 'NONE', #773 ) ;
#982 = ORIENTED_EDGE ( 'NONE', *, *, #1128, .F. ) ;
#983 = CARTESIAN_POINT ( 'NONE',  ( -45.50000000000000000, -8.999999999999987566, -22.75000000000001066 ) ) ;
#984 = DIRECTION ( 'NONE',  ( 0.000000000000000000, 0.000000000000000000, -1.000000000000000000 ) ) ;
#985 = ORIENTED_EDGE ( 'NONE', *, *, #2274, .T. ) ;
#986 = CARTESIAN_POINT ( 'NONE',  ( -51.25000000000000711, 20.27922077922077548, -18.48595351381402452 ) ) ;
#987 = ORIENTED_EDGE ( 'NONE', *, *, #2567, .F. ) ;
#988 = CARTESIAN_POINT ( 'NONE',  ( -27.75000000000000000, 20.24999999999999645, -19.99999999999999645 ) ) ;
#989 = ADVANCED_FACE ( 'NONE', ( #520 ), #2461, .T. ) ;
#990 = DIRECTION ( 'NONE',  ( 1.000000000000000000, 0.000000000000000000, 0.000000000000000000 ) ) ;
#991 = CARTESIAN_POINT ( 'NONE',  ( -52.00000000000000711, 20.99999999999999289, 19.99999999999999645 ) ) ;
#992 = AXIS2_PLACEMENT_3D ( 'NONE', #1453, #25, #2839 ) ;
#993 = TOROIDAL_SURFACE ( 'NONE', #2741, 2.250000000000003997, 0.7500000000000000000 ) ;
#994 = EDGE_LOOP ( 'NONE', ( #436, #476, #1430, #3081 ) ) ;
#995 = VERTEX_POINT ( 'NONE', #1978 ) ;
#996 = DIRECTION ( 'NONE',  ( 0.000000000000000000, 0.000000000000000000, -1.000000000000000000 ) ) ;
#997 = AXIS2_PLACEMENT_3D ( 'NONE', #283, #1267, #1716 ) ;
#998 = AXIS2_PLACEMENT_3D ( 'NONE', #767, #526, #1240 ) ;
#999 = EDGE_LOOP ( 'NONE', ( #2700, #1654, #1943, #250, #2801, #2870, #354, #2575 ) ) ;
#1000 = DIRECTION ( 'NONE',  ( -0.000000000000000000, -0.000000000000000000, 1.000000000000000000 ) ) ;
#1001 = VECTOR ( 'NONE', #2308, 1000.000000000000000 ) ;
#1002 = ORIENTED_EDGE ( 'NONE', *, *, #1417, .T. ) ;
#1003 = VECTOR ( 'NONE', #1290, 1000.000000000000000 ) ;
#1004 = CARTESIAN_POINT ( 'NONE',  ( -45.50000000000000000, 3.500000000000000000, -24.25000000000001066 ) ) ;
#1005 = CARTESIAN_POINT ( 'NONE',  ( -33.49999999999999289, 4.250000000000000000, 25.75000000000000000 ) ) ;
#1006 = UNCERTAINTY_MEASURE_WITH_UNIT (LENGTH_MEASURE( 1.000000000000000082E-05 ), #1487, 'distance_accuracy_value', 'NONE');
#1007 = CIRCLE ( 'NONE', #405, 0.7500000000000006661 ) ;
#1008 = ADVANCED_FACE ( 'NONE', ( #1748 ), #2037, .T. ) ;
#1009 = DIRECTION ( 'NONE',  ( -1.000000000000000000, 0.000000000000000000, 0.000000000000000000 ) ) ;
#1010 = AXIS2_PLACEMENT_3D ( 'NONE', #1814, #852, #2760 ) ;
#1011 = CARTESIAN_POINT ( 'NONE',  ( -33.49999999999999289, 0.7500000000000002220, 24.24999999999999289 ) ) ;
#1012 = AXIS2_PLACEMENT_3D ( 'NONE', #3001, #583, #1294 ) ;
#1013 = ORIENTED_EDGE ( 'NONE', *, *, #1532, .T. ) ;
#1014 = VERTEX_POINT ( 'NONE', #324 ) ;
#1015 = PLANE ( 'NONE',  #1250 ) ;
#1016 = CARTESIAN_POINT ( 'NONE',  ( -45.98835076958474843, 0.000000000000000000, -28.34599054269489926 ) ) ;
#1017 = VECTOR ( 'NONE', #1241, 1000.000000000000000 ) ;
#1018 = CIRCLE ( 'NONE', #117, 2.250000000000005329 ) ;
#1019 = ORIENTED_EDGE ( 'NONE', *, *, #1794, .F. ) ;
#1020 = CARTESIAN_POINT ( 'NONE',  ( -42.00000000000000000, 20.99999999999999645, -19.99999999999999645 ) ) ;
#1021 = CARTESIAN_POINT ( 'NONE',  ( -45.49999999999999289, 0.000000000000000000, 24.24999999999999289 ) ) ;
#1022 = CIRCLE ( 'NONE', #63, 4.125000000000000000 ) ;
#1023 = ADVANCED_FACE ( 'NONE', ( #351 ), #836, .T. ) ;
#1024 = ORIENTED_EDGE ( 'NONE', *, *, #1681, .T. ) ;
#1025 =( GEOMETRIC_REPRESENTATION_CONTEXT ( 3 ) GLOBAL_UNCERTAINTY_ASSIGNED_CONTEXT ( ( #1006 ) ) GLOBAL_UNIT_ASSIGNED_CONTEXT ( ( #1487, #1341, #286 ) ) REPRESENTATION_CONTEXT ( 'NONE', 'WORKASPACE' ) );
#1026 = DIRECTION ( 'NONE',  ( -1.000000000000000000, 0.000000000000000000, -0.000000000000000000 ) ) ;
#1027 = DIRECTION ( 'NONE',  ( 1.802310104910901341E-16, -0.9992407304764336917, -0.03896103896103753766 ) ) ;
#1028 = CYLINDRICAL_SURFACE ( 'NONE', #536, 1.750000000000001554 ) ;
#1029 = DIRECTION ( 'NONE',  ( 0.000000000000000000, 1.000000000000000000, 0.000000000000000000 ) ) ;
#1030 = ORIENTED_EDGE ( 'NONE', *, *, #1256, .F. ) ;
#1031 = ORIENTED_EDGE ( 'NONE', *, *, #1034, .F. ) ;
#1032 = DIRECTION ( 'NONE',  ( 0.000000000000000000, -0.000000000000000000, -1.000000000000000000 ) ) ;
#1033 = FACE_OUTER_BOUND ( 'NONE', #1756, .T. ) ;
#1034 = EDGE_CURVE ( 'NONE', #2772, #2100, #883, .T. ) ;
#1035 = EDGE_LOOP ( 'NONE', ( #42, #136, #1746, #1192 ) ) ;
#1036 = CARTESIAN_POINT ( 'NONE',  ( -27.00000000000000000, 0.000000000000000000, -19.99999999999999645 ) ) ;
#1037 = DIRECTION ( 'NONE',  ( 0.000000000000000000, 0.000000000000000000, 1.000000000000000000 ) ) ;
#1038 = EDGE_CURVE ( 'NONE', #2327, #1302, #1103, .T. ) ;
#1039 = ORIENTED_EDGE ( 'NONE', *, *, #255, .F. ) ;
#1040 = CARTESIAN_POINT ( 'NONE',  ( -30.00000000000000000, 20.03448275862068684, 13.93309284927003233 ) ) ;
#1041 = DIRECTION ( 'NONE',  ( 0.000000000000000000, 0.000000000000000000, -1.000000000000000000 ) ) ;
#1042 = ADVANCED_FACE ( 'NONE', ( #586 ), #2989, .F. ) ;
#1043 = CARTESIAN_POINT ( 'NONE',  ( -27.75000000000000000, 20.99999999999999645, -0.1807033081725377688 ) ) ;
#1044 = LINE ( 'NONE', #2545, #1815 ) ;
#1045 = ORIENTED_EDGE ( 'NONE', *, *, #2167, .F. ) ;
#1046 = EDGE_LOOP ( 'NONE', ( #854, #2214, #1601, #2027 ) ) ;
#1047 = DIRECTION ( 'NONE',  ( 0.000000000000000000, -1.000000000000000000, 0.000000000000000000 ) ) ;
#1048 = CYLINDRICAL_SURFACE ( 'NONE', #1010, 1.500000000000004885 ) ;
#1049 = VECTOR ( 'NONE', #1931, 1000.000000000000000 ) ;
#1050 = VERTEX_POINT ( 'NONE', #1576 ) ;
#1051 = ADVANCED_FACE ( 'NONE', ( #1590 ), #1364, .T. ) ;
#1052 = DIRECTION ( 'NONE',  ( -0.000000000000000000, -1.000000000000000000, 3.016910393003145817E-16 ) ) ;
#1053 = AXIS2_PLACEMENT_3D ( 'NONE', #2105, #2116, #1186 ) ;
#1054 = CARTESIAN_POINT ( 'NONE',  ( -45.50000000000000000, 3.500000000000000000, -24.25000000000001066 ) ) ;
#1055 = CIRCLE ( 'NONE', #1251, 0.7500000000000006661 ) ;
#1056 = ORIENTED_EDGE ( 'NONE', *, *, #711, .F. ) ;
#1057 = DIRECTION ( 'NONE',  ( 0.000000000000000000, -1.000000000000000000, 0.000000000000000000 ) ) ;
#1058 = DIRECTION ( 'NONE',  ( 0.000000000000000000, 0.000000000000000000, -1.000000000000000000 ) ) ;
#1059 = ADVANCED_FACE ( 'NONE', ( #851 ), #2066, .T. ) ;
#1060 = DIRECTION ( 'NONE',  ( 0.000000000000000000, 0.000000000000000000, -1.000000000000000000 ) ) ;
#1061 = DIRECTION ( 'NONE',  ( 0.000000000000000000, 0.000000000000000000, -1.000000000000000000 ) ) ;
#1062 = EDGE_LOOP ( 'NONE', ( #2982, #643, #1612, #180 ) ) ;
#1063 = VERTEX_POINT ( 'NONE', #2504 ) ;
#1064 = CARTESIAN_POINT ( 'NONE',  ( -29.99943054785732244, 20.27922077922077548, 18.48595351381402452 ) ) ;
#1065 = CIRCLE ( 'NONE', #3015, 3.374999999999999556 ) ;
#1066 = ORIENTED_EDGE ( 'NONE', *, *, #420, .T. ) ;
#1067 = CIRCLE ( 'NONE', #408, 1.500000000000004885 ) ;
#1068 = CARTESIAN_POINT ( 'NONE',  ( -27.75000000000000000, 0.7500000000000000000, 19.99999999999999645 ) ) ;
#1069 = CARTESIAN_POINT ( 'NONE',  ( -27.00000000000000000, 5.499999999999998224, 0.000000000000000000 ) ) ;
#1070 = AXIS2_PLACEMENT_3D ( 'NONE', #2244, #2932, #361 ) ;
#1071 = ORIENTED_EDGE ( 'NONE', *, *, #598, .F. ) ;
#1072 = AXIS2_PLACEMENT_3D ( 'NONE', #1640, #975, #1928 ) ;
#1073 = DIRECTION ( 'NONE',  ( 0.000000000000000000, 0.000000000000000000, -1.000000000000000000 ) ) ;
#1074 = CARTESIAN_POINT ( 'NONE',  ( -49.33907268694220249, 3.022848830513762148E-17, -25.68397454437649685 ) ) ;
#1075 = CIRCLE ( 'NONE', #2863, 1.500000000000004885 ) ;
#1076 = CARTESIAN_POINT ( 'NONE',  ( -45.49999999999999289, 20.24999999999999645, 26.50000000000000711 ) ) ;
#1077 = DIRECTION ( 'NONE',  ( -0.000000000000000000, -1.000000000000000000, -0.000000000000000000 ) ) ;
#1078 = EDGE_LOOP ( 'NONE', ( #748, #2312, #2171, #1990 ) ) ;
#1079 = CARTESIAN_POINT ( 'NONE',  ( -33.50000000000000000, 3.500000000000000000, -24.25000000000001066 ) ) ;
#1080 = CARTESIAN_POINT ( 'NONE',  ( -45.50000000000000000, 4.250000000000000000, -22.75000000000000711 ) ) ;
#1081 = EDGE_LOOP ( 'NONE', ( #1678, #1843, #2815, #2516, #1976, #690 ) ) ;
#1082 = DIRECTION ( 'NONE',  ( -0.000000000000000000, -1.000000000000000000, 3.016910393003145817E-16 ) ) ;
#1083 = FACE_BOUND ( 'NONE', #462, .T. ) ;
#1084 = ORIENTED_EDGE ( 'NONE', *, *, #1905, .T. ) ;
#1085 = CARTESIAN_POINT ( 'NONE',  ( -45.49999999999999289, 4.250000000000000000, 26.50000000000000000 ) ) ;
#1086 = DIRECTION ( 'NONE',  ( 0.000000000000000000, 1.000000000000000000, -3.016910393003145817E-16 ) ) ;
#1087 = FACE_OUTER_BOUND ( 'NONE', #367, .T. ) ;
#1088 = CARTESIAN_POINT ( 'NONE',  ( -30.00000000000000000, 20.99999999999999645, -1.734723475976807094E-15 ) ) ;
#1089 = ORIENTED_EDGE ( 'NONE', *, *, #401, .F. ) ;
#1090 = FACE_OUTER_BOUND ( 'NONE', #1266, .T. ) ;
#1091 = CIRCLE ( 'NONE', #2683, 0.7500000000000006661 ) ;
#1092 = DIRECTION ( 'NONE',  ( 0.000000000000000000, 0.000000000000000000, -1.000000000000000000 ) ) ;
#1093 = ORIENTED_EDGE ( 'NONE', *, *, #2644, .T. ) ;
#1094 = ADVANCED_FACE ( 'NONE', ( #2759 ), #2034, .F. ) ;
#1095 = PLANE ( 'NONE',  #798 ) ;
#1096 = AXIS2_PLACEMENT_3D ( 'NONE', #160, #1105, #1060 ) ;
#1097 = CARTESIAN_POINT ( 'NONE',  ( -37.00000000000000000, 20.99999999999999289, -29.25000000000000000 ) ) ;
#1098 = EDGE_CURVE ( 'NONE', #585, #480, #2269, .T. ) ;
#1099 = CIRCLE ( 'NONE', #2841, 0.7500000000000006661 ) ;
#1100 = ORIENTED_EDGE ( 'NONE', *, *, #1878, .F. ) ;
#1101 = CARTESIAN_POINT ( 'NONE',  ( -29.25000000000000000, 20.99999999999999645, 6.999999999999998224 ) ) ;
#1102 = DIRECTION ( 'NONE',  ( 0.000000000000000000, -1.000000000000000000, 3.016910393003143352E-16 ) ) ;
#1103 = CIRCLE ( 'NONE', #2288, 2.250000000000005329 ) ;
#1104 = AXIS2_PLACEMENT_3D ( 'NONE', #1754, #539, #356 ) ;
#1105 = DIRECTION ( 'NONE',  ( 0.000000000000000000, -1.000000000000000000, 0.000000000000000000 ) ) ;
#1106 = DIRECTION ( 'NONE',  ( 0.000000000000000000, -3.750753461571473959E-16, 1.000000000000000000 ) ) ;
#1107 = EDGE_CURVE ( 'NONE', #169, #903, #2789, .T. ) ;
#1108 = ORIENTED_EDGE ( 'NONE', *, *, #2698, .F. ) ;
#1109 = CARTESIAN_POINT ( 'NONE',  ( -27.75000000000000000, 20.25000000000000355, 6.109243545831367099E-15 ) ) ;
#1110 = DIRECTION ( 'NONE',  ( 0.000000000000000000, -1.000000000000000000, -3.016910393003143845E-16 ) ) ;
#1111 = EDGE_LOOP ( 'NONE', ( #730, #1903, #1694, #1686 ) ) ;
#1112 = CARTESIAN_POINT ( 'NONE',  ( 0.000000000000000000, 0.000000000000000000, 29.25000000000000000 ) ) ;
#1113 = CIRCLE ( 'NONE', #2805, 3.374999999999999556 ) ;
#1114 = FACE_BOUND ( 'NONE', #784, .T. ) ;
#1115 = CIRCLE ( 'NONE', #206, 0.7500000000000006661 ) ;
#1116 = ORIENTED_EDGE ( 'NONE', *, *, #410, .T. ) ;
#1117 = DIRECTION ( 'NONE',  ( 1.000000000000000000, 0.000000000000000000, -1.224646799147353207E-16 ) ) ;
#1118 = EDGE_CURVE ( 'NONE', #169, #2689, #949, .T. ) ;
#1119 = PLANE ( 'NONE',  #167 ) ;
#1120 = TOROIDAL_SURFACE ( 'NONE', #2858, 4.125000000000000000, 0.7500000000000000000 ) ;
#1121 = EDGE_CURVE ( 'NONE', #2061, #2354, #2949, .T. ) ;
#1122 = ORIENTED_EDGE ( 'NONE', *, *, #2577, .F. ) ;
#1123 = DIRECTION ( 'NONE',  ( -1.807003620809172660E-16, 2.891205793294675861E-16, 1.000000000000000000 ) ) ;
#1124 = DIRECTION ( 'NONE',  ( 0.000000000000000000, 0.000000000000000000, -1.000000000000000000 ) ) ;
#1125 = AXIS2_PLACEMENT_3D ( 'NONE', #888, #2509, #2796 ) ;
#1126 = ORIENTED_EDGE ( 'NONE', *, *, #432, .T. ) ;
#1127 = DIRECTION ( 'NONE',  ( -0.000000000000000000, 0.000000000000000000, 1.000000000000000000 ) ) ;
#1128 = EDGE_CURVE ( 'NONE', #2778, #2689, #2843, .T. ) ;
#1129 = ORIENTED_EDGE ( 'NONE', *, *, #74, .F. ) ;
#1130 = CARTESIAN_POINT ( 'NONE',  ( -45.50000000000000000, 4.250000000000000000, -24.25000000000001066 ) ) ;
#1131 = ADVANCED_FACE ( 'NONE', ( #1090 ), #146, .F. ) ;
#1132 = DIRECTION ( 'NONE',  ( -0.000000000000000000, -1.000000000000000000, -0.000000000000000000 ) ) ;
#1133 = EDGE_LOOP ( 'NONE', ( #1039, #2672, #1438, #2459 ) ) ;
#1134 = DIRECTION ( 'NONE',  ( 0.000000000000000000, 1.000000000000000000, -3.016910393003145817E-16 ) ) ;
#1135 = DIRECTION ( 'NONE',  ( 1.000000000000000000, -0.000000000000000000, 0.000000000000000000 ) ) ;
#1136 = ORIENTED_EDGE ( 'NONE', *, *, #2561, .F. ) ;
#1137 = CARTESIAN_POINT ( 'NONE',  ( -48.55669571459938538, 0.01952697231675069867, 26.76660487274989109 ) ) ;
#1138 = CARTESIAN_POINT ( 'NONE',  ( -30.00000000000000000, 20.99999999999999645, -0.1807033081725377688 ) ) ;
#1139 = DIRECTION ( 'NONE',  ( 0.000000000000000000, -1.000000000000000000, 0.000000000000000000 ) ) ;
#1140 = DIRECTION ( 'NONE',  ( 0.000000000000000000, -1.000000000000000000, 0.000000000000000000 ) ) ;
#1141 = VERTEX_POINT ( 'NONE', #2021 ) ;
#1142 = AXIS2_PLACEMENT_3D ( 'NONE', #2614, #898, #667 ) ;
#1143 = ORIENTED_EDGE ( 'NONE', *, *, #1128, .T. ) ;
#1144 = EDGE_CURVE ( 'NONE', #3073, #430, #1647, .T. ) ;
#1145 = DIRECTION ( 'NONE',  ( -0.000000000000000000, 1.000000000000000000, 3.016910393003143845E-16 ) ) ;
#1146 = CARTESIAN_POINT ( 'NONE',  ( -27.75000000000000000, 20.03448275862068684, 0.06690715072996447632 ) ) ;
#1147 = EDGE_CURVE ( 'NONE', #1788, #3020, #1055, .T. ) ;
#1148 = ORIENTED_EDGE ( 'NONE', *, *, #2971, .F. ) ;
#1149 = CARTESIAN_POINT ( 'NONE',  ( -37.00000000000000000, 20.24999999999999645, -19.99999999999999645 ) ) ;
#1150 = FACE_OUTER_BOUND ( 'NONE', #1763, .T. ) ;
#1151 = TOROIDAL_SURFACE ( 'NONE', #193, 4.125000000000000000, 0.7500000000000000000 ) ;
#1152 = AXIS2_PLACEMENT_3D ( 'NONE', #2088, #3089, #1617 ) ;
#1153 = ORIENTED_EDGE ( 'NONE', *, *, #346, .T. ) ;
#1154 = CARTESIAN_POINT ( 'NONE',  ( -46.88208835620845605, 0.01051700434289030463, 28.00721157620283108 ) ) ;
#1155 = CARTESIAN_POINT ( 'NONE',  ( -45.50000000000000000, 20.24999999999999645, -26.50000000000001066 ) ) ;
#1156 = TOROIDAL_SURFACE ( 'NONE', #1698, 2.499999999999998668, 0.7500000000000000000 ) ;
#1157 = EDGE_CURVE ( 'NONE', #303, #1626, #2895, .T. ) ;
#1158 = DIRECTION ( 'NONE',  ( 0.000000000000000000, 0.000000000000000000, -1.000000000000000000 ) ) ;
#1159 = FACE_OUTER_BOUND ( 'NONE', #2464, .T. ) ;
#1160 = EDGE_CURVE ( 'NONE', #766, #153, #2439, .T. ) ;
#1161 = ORIENTED_EDGE ( 'NONE', *, *, #925, .T. ) ;
#1162 = FACE_OUTER_BOUND ( 'NONE', #1295, .T. ) ;
#1163 = TOROIDAL_SURFACE ( 'NONE', #956, 2.250000000000003997, 0.7500000000000000000 ) ;
#1164 = ORIENTED_EDGE ( 'NONE', *, *, #1547, .F. ) ;
#1165 = AXIS2_PLACEMENT_3D ( 'NONE', #2790, #395, #1365 ) ;
#1166 = CYLINDRICAL_SURFACE ( 'NONE', #2102, 10.00000000000000178 ) ;
#1167 = AXIS2_PLACEMENT_3D ( 'NONE', #1825, #177, #1390 ) ;
#1168 = VERTEX_POINT ( 'NONE', #580 ) ;
#1169 = CYLINDRICAL_SURFACE ( 'NONE', #1152, 1.000000000000000444 ) ;
#1170 = AXIS2_PLACEMENT_3D ( 'NONE', #278, #1422, #727 ) ;
#1171 = DIRECTION ( 'NONE',  ( 0.000000000000000000, 0.000000000000000000, -1.000000000000000000 ) ) ;
#1172 = VECTOR ( 'NONE', #259, 1000.000000000000000 ) ;
#1173 = DIRECTION ( 'NONE',  ( 0.000000000000000000, 0.000000000000000000, -1.000000000000000000 ) ) ;
#1174 = CARTESIAN_POINT ( 'NONE',  ( -45.49999999999999289, 0.000000000000000000, 24.24999999999999289 ) ) ;
#1175 = AXIS2_PLACEMENT_3D ( 'NONE', #1304, #2013, #2220 ) ;
#1176 = APPLICATION_CONTEXT ( 'automotive_design' ) ;
#1177 = ORIENTED_EDGE ( 'NONE', *, *, #74, .T. ) ;
#1178 = VERTEX_POINT ( 'NONE', #2421 ) ;
#1179 = DIRECTION ( 'NONE',  ( -0.000000000000000000, 1.000000000000000000, 0.000000000000000000 ) ) ;
#1180 = EDGE_CURVE ( 'NONE', #810, #126, #2086, .T. ) ;
#1181 = DIRECTION ( 'NONE',  ( 0.000000000000000000, -1.000000000000000000, -3.016910393003143845E-16 ) ) ;
#1182 = EDGE_CURVE ( 'NONE', #1935, #981, #3103, .T. ) ;
#1183 = ORIENTED_EDGE ( 'NONE', *, *, #1229, .F. ) ;
#1184 = DIRECTION ( 'NONE',  ( 0.000000000000000000, 0.000000000000000000, 1.000000000000000000 ) ) ;
#1185 = EDGE_LOOP ( 'NONE', ( #1108, #1213, #1321, #1483 ) ) ;
#1186 = DIRECTION ( 'NONE',  ( 0.000000000000000000, 0.000000000000000000, 1.000000000000000000 ) ) ;
#1187 = CARTESIAN_POINT ( 'NONE',  ( -33.49999999999999289, 3.500000000000000000, 24.24999999999999289 ) ) ;
#1188 = EDGE_CURVE ( 'NONE', #2670, #110, #1752, .T. ) ;
#1189 = CARTESIAN_POINT ( 'NONE',  ( -52.00000000000000711, 0.7500000000000000000, 19.99999999999998934 ) ) ;
#1190 = DIRECTION ( 'NONE',  ( -0.000000000000000000, -1.000000000000000000, 3.016910393003145817E-16 ) ) ;
#1191 = VERTEX_POINT ( 'NONE', #2481 ) ;
#1192 = ORIENTED_EDGE ( 'NONE', *, *, #94, .F. ) ;
#1193 = DIRECTION ( 'NONE',  ( -0.000000000000000000, 1.000000000000000000, 3.016910393003143845E-16 ) ) ;
#1194 = DIRECTION ( 'NONE',  ( 0.000000000000000000, 0.000000000000000000, -1.000000000000000000 ) ) ;
#1195 = ADVANCED_FACE ( 'NONE', ( #330, #1277 ), #95, .T. ) ;
#1196 = ORIENTED_EDGE ( 'NONE', *, *, #2311, .F. ) ;
#1197 = CYLINDRICAL_SURFACE ( 'NONE', #414, 1.749999999999999778 ) ;
#1198 = ORIENTED_EDGE ( 'NONE', *, *, #938, .F. ) ;
#1199 = CARTESIAN_POINT ( 'NONE',  ( -29.25000000000000000, 20.25000000000000000, 14.18070330817253399 ) ) ;
#1200 = DIRECTION ( 'NONE',  ( 0.000000000000000000, 0.000000000000000000, -1.000000000000000000 ) ) ;
#1201 = AXIS2_PLACEMENT_3D ( 'NONE', #31, #485, #1009 ) ;
#1202 = CIRCLE ( 'NONE', #2534, 0.7500000000000006661 ) ;
#1203 = DIRECTION ( 'NONE',  ( 0.000000000000000000, 0.000000000000000000, -1.000000000000000000 ) ) ;
#1204 = CARTESIAN_POINT ( 'NONE',  ( -45.49999999999999289, 4.250000000000000000, 24.24999999999999289 ) ) ;
#1205 = ORIENTED_EDGE ( 'NONE', *, *, #2832, .T. ) ;
#1206 = CIRCLE ( 'NONE', #241, 7.000000000000000000 ) ;
#1207 = DIRECTION ( 'NONE',  ( 0.000000000000000000, 0.000000000000000000, -1.000000000000000000 ) ) ;
#1208 = CIRCLE ( 'NONE', #651, 0.7500000000000006661 ) ;
#1209 = FACE_OUTER_BOUND ( 'NONE', #1133, .T. ) ;
#1210 = DIRECTION ( 'NONE',  ( 0.000000000000000000, 0.000000000000000000, 1.000000000000000000 ) ) ;
#1211 = ORIENTED_EDGE ( 'NONE', *, *, #2730, .F. ) ;
#1212 = DIRECTION ( 'NONE',  ( -1.000000000000000000, -0.000000000000000000, 0.000000000000000000 ) ) ;
#1213 = ORIENTED_EDGE ( 'NONE', *, *, #228, .F. ) ;
#1214 = CARTESIAN_POINT ( 'NONE',  ( -27.00000000000000000, 20.25000000000000355, -6.109243545831371043E-15 ) ) ;
#1215 = CIRCLE ( 'NONE', #1611, 1.500000000000004885 ) ;
#1216 = DIRECTION ( 'NONE',  ( 1.000000000000000000, 0.000000000000000000, 0.000000000000000000 ) ) ;
#1217 = DIRECTION ( 'NONE',  ( 1.000000000000000000, 0.000000000000000000, 0.000000000000000000 ) ) ;
#1218 = AXIS2_PLACEMENT_3D ( 'NONE', #988, #3077, #2613 ) ;
#1219 = ORIENTED_EDGE ( 'NONE', *, *, #1555, .T. ) ;
#1220 = ORIENTED_EDGE ( 'NONE', *, *, #879, .T. ) ;
#1221 = AXIS2_PLACEMENT_3D ( 'NONE', #2404, #15, #1460 ) ;
#1222 = CARTESIAN_POINT ( 'NONE',  ( -29.25000000000000000, 19.99999999999999645, 14.18070330817253399 ) ) ;
#1223 = DIRECTION ( 'NONE',  ( 0.000000000000000000, -1.000000000000000000, 0.000000000000000000 ) ) ;
#1224 = DIRECTION ( 'NONE',  ( 0.000000000000000000, 0.000000000000000000, -1.000000000000000000 ) ) ;
#1225 = AXIS2_PLACEMENT_3D ( 'NONE', #2909, #559, #829 ) ;
#1226 = ORIENTED_EDGE ( 'NONE', *, *, #683, .F. ) ;
#1227 = DIRECTION ( 'NONE',  ( 0.000000000000000000, 0.000000000000000000, -1.000000000000000000 ) ) ;
#1228 = ORIENTED_EDGE ( 'NONE', *, *, #2977, .T. ) ;
#1229 = EDGE_CURVE ( 'NONE', #2442, #684, #1206, .T. ) ;
#1230 = CARTESIAN_POINT ( 'NONE',  ( -27.00000000000000000, 0.7500000000000000000, 0.000000000000000000 ) ) ;
#1231 = ADVANCED_FACE ( 'NONE', ( #2208 ), #2433, .F. ) ;
#1232 = ADVANCED_FACE ( 'NONE', ( #545 ), #1156, .T. ) ;
#1233 = ORIENTED_EDGE ( 'NONE', *, *, #789, .F. ) ;
#1234 = ORIENTED_EDGE ( 'NONE', *, *, #1144, .T. ) ;
#1235 = CYLINDRICAL_SURFACE ( 'NONE', #1744, 1.750000000000001554 ) ;
#1236 = FILL_AREA_STYLE_COLOUR ( '', #2190 ) ;
#1237 = ORIENTED_EDGE ( 'NONE', *, *, #576, .F. ) ;
#1238 = DIRECTION ( 'NONE',  ( 0.000000000000000000, 0.000000000000000000, -1.000000000000000000 ) ) ;
#1239 = ORIENTED_EDGE ( 'NONE', *, *, #1994, .F. ) ;
#1240 = DIRECTION ( 'NONE',  ( 0.000000000000000000, 0.000000000000000000, -1.000000000000000000 ) ) ;
#1241 = DIRECTION ( 'NONE',  ( 0.000000000000000000, 0.000000000000000000, -1.000000000000000000 ) ) ;
#1242 = CARTESIAN_POINT ( 'NONE',  ( -29.75750062028483711, 0.001927064920831815997, 25.85114347105486488 ) ) ;
#1243 = AXIS2_PLACEMENT_3D ( 'NONE', #752, #47, #279 ) ;
#1244 = CARTESIAN_POINT ( 'NONE',  ( -27.75000000000000000, 19.99999999999999645, -0.1807033081725376578 ) ) ;
#1245 = CIRCLE ( 'NONE', #3000, 0.7500000000000006661 ) ;
#1246 = VERTEX_POINT ( 'NONE', #2192 ) ;
#1247 = ORIENTED_EDGE ( 'NONE', *, *, #1909, .T. ) ;
#1248 = CARTESIAN_POINT ( 'NONE',  ( -33.49999999999999289, 20.99999999999999645, 21.99999999999999645 ) ) ;
#1249 = SURFACE_STYLE_FILL_AREA ( #759 ) ;
#1250 = AXIS2_PLACEMENT_3D ( 'NONE', #758, #1047, #1032 ) ;
#1251 = AXIS2_PLACEMENT_3D ( 'NONE', #344, #2174, #1723 ) ;
#1252 = ORIENTED_EDGE ( 'NONE', *, *, #1182, .T. ) ;
#1253 = CARTESIAN_POINT ( 'NONE',  ( -33.50000000000000000, 20.24999999999999645, -24.25000000000000355 ) ) ;
#1254 = CARTESIAN_POINT ( 'NONE',  ( -33.49999999999999289, -9.000000000000001776, 25.74999999999999645 ) ) ;
#1255 = ORIENTED_EDGE ( 'NONE', *, *, #1712, .F. ) ;
#1256 = EDGE_CURVE ( 'NONE', #2362, #2140, #2643, .T. ) ;
#1257 = EDGE_CURVE ( 'NONE', #2988, #2143, #2699, .T. ) ;
#1258 = CARTESIAN_POINT ( 'NONE',  ( -27.75000000000000000, 13.25000000000003020, 13.42339375865881124 ) ) ;
#1259 = DIRECTION ( 'NONE',  ( 0.000000000000000000, 0.000000000000000000, -1.000000000000000000 ) ) ;
#1260 = AXIS2_PLACEMENT_3D ( 'NONE', #253, #2649, #2886 ) ;
#1261 = CARTESIAN_POINT ( 'NONE',  ( -27.75000000000000000, 20.24999999999999645, 19.99999999999999645 ) ) ;
#1262 = EDGE_CURVE ( 'NONE', #1506, #1868, #2850, .T. ) ;
#1263 = AXIS2_PLACEMENT_3D ( 'NONE', #207, #1110, #3049 ) ;
#1264 = CARTESIAN_POINT ( 'NONE',  ( -37.00000000000000000, 0.000000000000000000, -19.99999999999999645 ) ) ;
#1265 = VERTEX_POINT ( 'NONE', #1040 ) ;
#1266 = EDGE_LOOP ( 'NONE', ( #647, #2051, #2223, #1177 ) ) ;
#1267 = DIRECTION ( 'NONE',  ( 0.000000000000000000, -1.000000000000000000, 0.000000000000000000 ) ) ;
#1268 = DIRECTION ( 'NONE',  ( -1.000000000000000000, -0.000000000000000000, -0.000000000000000000 ) ) ;
#1269 = CIRCLE ( 'NONE', #460, 0.7499999999999993339 ) ;
#1270 = CIRCLE ( 'NONE', #3023, 0.7500000000000006661 ) ;
#1271 = VERTEX_POINT ( 'NONE', #1984 ) ;
#1272 = DIRECTION ( 'NONE',  ( 0.000000000000000000, 1.000000000000000000, -3.016910393003145817E-16 ) ) ;
#1273 = DIRECTION ( 'NONE',  ( 0.000000000000000000, 0.000000000000000000, -1.000000000000000000 ) ) ;
#1274 = AXIS2_PLACEMENT_3D ( 'NONE', #135, #125, #1802 ) ;
#1275 = EDGE_CURVE ( 'NONE', #518, #2477, #2612, .T. ) ;
#1276 = ORIENTED_EDGE ( 'NONE', *, *, #1338, .F. ) ;
#1277 = FACE_OUTER_BOUND ( 'NONE', #1583, .T. ) ;
#1278 = CARTESIAN_POINT ( 'NONE',  ( -48.92247111988695707, 0.01051700434289080249, -26.32689635905584424 ) ) ;
#1279 = CARTESIAN_POINT ( 'NONE',  ( -45.49999999999999289, 4.250000000000000000, 22.74999999999998934 ) ) ;
#1280 = DIRECTION ( 'NONE',  ( -0.000000000000000000, 1.000000000000000000, -0.000000000000000000 ) ) ;
#1281 = ORIENTED_EDGE ( 'NONE', *, *, #2332, .F. ) ;
#1282 = ORIENTED_EDGE ( 'NONE', *, *, #1933, .F. ) ;
#1283 = DIRECTION ( 'NONE',  ( -0.000000000000000000, 1.000000000000000000, 3.016910393003143845E-16 ) ) ;
#1284 = CARTESIAN_POINT ( 'NONE',  ( -30.00000000000000000, 13.24999999999984190, -13.42339375865871176 ) ) ;
#1285 = EDGE_LOOP ( 'NONE', ( #2139, #570, #2237, #2744 ) ) ;
#1286 = PLANE ( 'NONE',  #2440 ) ;
#1287 = DIRECTION ( 'NONE',  ( -1.000000000000000000, -0.000000000000000000, -0.000000000000000000 ) ) ;
#1288 = EDGE_CURVE ( 'NONE', #1312, #518, #1530, .T. ) ;
#1289 = EDGE_LOOP ( 'NONE', ( #2894, #652, #1247, #685 ) ) ;
#1290 = DIRECTION ( 'NONE',  ( 1.000000000000000000, 0.000000000000000000, 0.000000000000000000 ) ) ;
#1291 = CARTESIAN_POINT ( 'NONE',  ( -29.25000000000000000, 20.99999999999999645, 14.18070330817253399 ) ) ;
#1292 = EDGE_CURVE ( 'NONE', #1265, #1629, #1507, .T. ) ;
#1293 = CARTESIAN_POINT ( 'NONE',  ( -45.49999999999999289, 20.24999999999999645, 24.25000000000000000 ) ) ;
#1294 = DIRECTION ( 'NONE',  ( 0.000000000000000000, 0.000000000000000000, -1.000000000000000000 ) ) ;
#1295 = EDGE_LOOP ( 'NONE', ( #745, #3042, #1205, #2184 ) ) ;
#1296 = ORIENTED_EDGE ( 'NONE', *, *, #826, .T. ) ;
#1297 = DIRECTION ( 'NONE',  ( 1.000000000000000000, 0.000000000000000000, -1.224646799147353207E-16 ) ) ;
#1298 = DIRECTION ( 'NONE',  ( 0.000000000000000000, -3.469446951953613696E-16, 1.000000000000000000 ) ) ;
#1299 = EDGE_CURVE ( 'NONE', #270, #1178, #2297, .T. ) ;
#1300 = VECTOR ( 'NONE', #490, 1000.000000000000000 ) ;
#1301 = CIRCLE ( 'NONE', #2340, 0.7500000000000006661 ) ;
#1302 = VERTEX_POINT ( 'NONE', #2559 ) ;
#1303 = DIRECTION ( 'NONE',  ( 1.000000000000000000, -0.000000000000000000, 0.000000000000000000 ) ) ;
#1304 = CARTESIAN_POINT ( 'NONE',  ( -45.50000000000000000, 20.24999999999999645, -22.00000000000000000 ) ) ;
#1305 = EDGE_LOOP ( 'NONE', ( #1394, #2445, #2667, #2562 ) ) ;
#1306 = CARTESIAN_POINT ( 'NONE',  ( -27.00000000000000000, 20.99999999999999645, 6.999999999999998224 ) ) ;
#1307 = AXIS2_PLACEMENT_3D ( 'NONE', #749, #1972, #2963 ) ;
#1308 = DIRECTION ( 'NONE',  ( 0.000000000000000000, -1.000000000000000000, 0.000000000000000000 ) ) ;
#1309 = EDGE_CURVE ( 'NONE', #1736, #1579, #154, .T. ) ;
#1310 = DIRECTION ( 'NONE',  ( 0.000000000000000000, 0.000000000000000000, -1.000000000000000000 ) ) ;
#1311 = AXIS2_PLACEMENT_3D ( 'NONE', #744, #2633, #2427 ) ;
#1312 = VERTEX_POINT ( 'NONE', #155 ) ;
#1313 = DIRECTION ( 'NONE',  ( 0.000000000000000000, -1.000000000000000000, -3.016910393003143352E-16 ) ) ;
#1314 = CIRCLE ( 'NONE', #755, 4.125000000000000000 ) ;
#1315 = ORIENTED_EDGE ( 'NONE', *, *, #2607, .F. ) ;
#1316 = AXIS2_PLACEMENT_3D ( 'NONE', #1354, #2817, #423 ) ;
#1317 = DIRECTION ( 'NONE',  ( 0.000000000000000000, -1.000000000000000000, -0.000000000000000000 ) ) ;
#1318 = DIRECTION ( 'NONE',  ( 0.000000000000000000, 0.000000000000000000, -1.000000000000000000 ) ) ;
#1319 = CIRCLE ( 'NONE', #2150, 9.250000000000001776 ) ;
#1320 = ADVANCED_FACE ( 'NONE', ( #1849 ), #402, .T. ) ;
#1321 = ORIENTED_EDGE ( 'NONE', *, *, #94, .T. ) ;
#1322 = CIRCLE ( 'NONE', #212, 2.500000000000002220 ) ;
#1323 = CARTESIAN_POINT ( 'NONE',  ( -30.00000000000000000, 20.24999999999999645, 18.48479104561369013 ) ) ;
#1324 = CIRCLE ( 'NONE', #1718, 3.374999999999999556 ) ;
#1325 = DIRECTION ( 'NONE',  ( 1.000000000000000000, 0.000000000000000000, 0.000000000000000000 ) ) ;
#1326 = CARTESIAN_POINT ( 'NONE',  ( -33.49999999999999289, 3.500000000000000444, 21.99999999999998934 ) ) ;
#1327 = EDGE_CURVE ( 'NONE', #2061, #3080, #658, .T. ) ;
#1328 = EDGE_CURVE ( 'NONE', #1427, #2087, #3012, .T. ) ;
#1329 = ORIENTED_EDGE ( 'NONE', *, *, #1481, .T. ) ;
#1330 = DIRECTION ( 'NONE',  ( 0.000000000000000000, 0.000000000000000000, -1.000000000000000000 ) ) ;
#1331 =( NAMED_UNIT ( * ) SI_UNIT ( $, .STERADIAN. ) SOLID_ANGLE_UNIT ( ) );
#1332 = EDGE_LOOP ( 'NONE', ( #281, #1747, #429, #1239, #1964, #452 ) ) ;
#1333 = DIRECTION ( 'NONE',  ( -1.000000000000000000, -0.000000000000000000, -0.000000000000000000 ) ) ;
#1334 = DIRECTION ( 'NONE',  ( 0.000000000000000000, 0.000000000000000000, 1.000000000000000000 ) ) ;
#1335 = ORIENTED_EDGE ( 'NONE', *, *, #593, .F. ) ;
#1336 = CARTESIAN_POINT ( 'NONE',  ( -51.25000000000000711, 20.99999999999999645, -18.50000000000001066 ) ) ;
#1337 = CARTESIAN_POINT ( 'NONE',  ( -27.75000000000000000, 13.24999999999984190, -13.42339375865871176 ) ) ;
#1338 = EDGE_CURVE ( 'NONE', #2884, #2329, #2000, .T. ) ;
#1339 = CARTESIAN_POINT ( 'NONE',  ( -37.00000000000000000, 0.7500000000000000000, -19.99999999999999645 ) ) ;
#1340 = LINE ( 'NONE', #1138, #1563 ) ;
#1341 =( NAMED_UNIT ( * ) PLANE_ANGLE_UNIT ( ) SI_UNIT ( $, .RADIAN. ) );
#1342 = ORIENTED_EDGE ( 'NONE', *, *, #921, .T. ) ;
#1343 = CARTESIAN_POINT ( 'NONE',  ( -52.00000000000000711, 0.000000000000000000, -30.00000000000000000 ) ) ;
#1344 = CLOSED_SHELL ( 'NONE', ( #1232, #528, #264, #1008, #1745, #2531, #1359, #2352, #1649, #1724, #1409, #2135, #66, #619, #1851, #2246, #1731, #43, #2380, #930, #2992, #2589, #1803, #892, #2933, #1094, #1892, #901, #2221, #1620, #1023, #2495, #2931, #1051, #2616, #1689, #1937, #244, #2130, #542, #1358, #2919, #1872, #872, #412, #1231, #3058, #192, #989, #654, #1042, #972, #1131, #1195, #1986, #604, #312, #2676, #2993, #1059, #1781, #1450, #2474, #1603, #1320, #397, #2196, #1727, #2925, #224, #1699, #2164, #157, #2023, #2906, #19, #780, #1628, #1521, #2574, #1349, #1970, #708, #2950, #2753, #964, #273, #1687, #2301, #105, #2551, #58, #2294, #3095, #523, #438, #765, #1461, #933, #309, #1490, #2316, #2225 ) ) ;
#1345 = DIRECTION ( 'NONE',  ( 0.000000000000000000, -1.000000000000000000, 0.000000000000000000 ) ) ;
#1346 = EDGE_CURVE ( 'NONE', #2344, #2689, #1834, .T. ) ;
#1347 = ORIENTED_EDGE ( 'NONE', *, *, #2515, .T. ) ;
#1348 = LINE ( 'NONE', #1112, #791 ) ;
#1349 = ADVANCED_FACE ( 'NONE', ( #1553 ), #1459, .T. ) ;
#1350 = CIRCLE ( 'NONE', #3047, 0.7500000000000006661 ) ;
#1351 = CYLINDRICAL_SURFACE ( 'NONE', #1965, 1.500000000000004885 ) ;
#1352 = TOROIDAL_SURFACE ( 'NONE', #1597, 2.250000000000003997, 0.7500000000000000000 ) ;
#1353 = EDGE_LOOP ( 'NONE', ( #3036, #130, #2569, #3067 ) ) ;
#1354 = CARTESIAN_POINT ( 'NONE',  ( -45.49999999999999289, 3.500000000000000000, 24.24999999999999289 ) ) ;
#1355 = VECTOR ( 'NONE', #1499, 1000.000000000000000 ) ;
#1356 = CIRCLE ( 'NONE', #2236, 10.00000000000000000 ) ;
#1357 = ORIENTED_EDGE ( 'NONE', *, *, #1157, .T. ) ;
#1358 = ADVANCED_FACE ( 'NONE', ( #2496, #2264, #1599 ), #2540, .T. ) ;
#1359 = ADVANCED_FACE ( 'NONE', ( #2314 ), #853, .T. ) ;
#1360 = AXIS2_PLACEMENT_3D ( 'NONE', #2224, #1775, #277 ) ;
#1361 = LINE ( 'NONE', #616, #191 ) ;
#1362 = DIRECTION ( 'NONE',  ( 0.000000000000000000, 1.000000000000000000, -3.016910393003143352E-16 ) ) ;
#1363 = ORIENTED_EDGE ( 'NONE', *, *, #699, .F. ) ;
#1364 = PLANE ( 'NONE',  #1447 ) ;
#1365 = DIRECTION ( 'NONE',  ( 0.000000000000000000, 0.1379310344827577584, 0.9904418356100049836 ) ) ;
#1366 = VERTEX_POINT ( 'NONE', #2277 ) ;
#1367 = CARTESIAN_POINT ( 'NONE',  ( -32.64620237132250224, 0.001927064920831973423, -28.23007432485056611 ) ) ;
#1368 = CARTESIAN_POINT ( 'NONE',  ( -29.25000000000000000, 19.99999999999999645, 14.18070330817253399 ) ) ;
#1369 = AXIS2_PLACEMENT_3D ( 'NONE', #1264, #1029, #2969 ) ;
#1370 = EDGE_CURVE ( 'NONE', #1889, #2788, #202, .T. ) ;
#1371 = EDGE_LOOP ( 'NONE', ( #776, #2406, #493, #2036 ) ) ;
#1372 = CARTESIAN_POINT ( 'NONE',  ( -27.75000000000000000, 20.25000000000000355, -6.109243545831371043E-15 ) ) ;
#1373 = CIRCLE ( 'NONE', #1469, 0.2500000000000002220 ) ;
#1374 = VERTEX_POINT ( 'NONE', #422 ) ;
#1375 = AXIS2_PLACEMENT_3D ( 'NONE', #2573, #2800, #1835 ) ;
#1376 = DIRECTION ( 'NONE',  ( -0.000000000000000000, -3.016910393003145817E-16, -1.000000000000000000 ) ) ;
#1377 = CARTESIAN_POINT ( 'NONE',  ( -27.00000000000000000, 20.24999999999999645, 19.99999999999999645 ) ) ;
#1378 = CIRCLE ( 'NONE', #2558, 18.50000000000001066 ) ;
#1379 = DIRECTION ( 'NONE',  ( 1.000000000000000000, 0.000000000000000000, 0.000000000000000000 ) ) ;
#1380 = DIRECTION ( 'NONE',  ( -0.000000000000000000, -0.000000000000000000, -1.000000000000000000 ) ) ;
#1381 = EDGE_CURVE ( 'NONE', #2123, #169, #2071, .T. ) ;
#1382 = ORIENTED_EDGE ( 'NONE', *, *, #1525, .F. ) ;
#1383 = CARTESIAN_POINT ( 'NONE',  ( -42.00000000000000000, 20.24999999999999645, -19.99999999999999645 ) ) ;
#1384 = ORIENTED_EDGE ( 'NONE', *, *, #2063, .T. ) ;
#1385 = DIRECTION ( 'NONE',  ( 0.000000000000000000, 1.000000000000000000, -3.016910393003145817E-16 ) ) ;
#1386 = FACE_OUTER_BOUND ( 'NONE', #1652, .T. ) ;
#1387 = EDGE_CURVE ( 'NONE', #981, #2354, #451, .T. ) ;
#1388 = VERTEX_POINT ( 'NONE', #535 ) ;
#1389 = CARTESIAN_POINT ( 'NONE',  ( -33.49999999999999289, 3.500000000000000000, 20.87499999999999289 ) ) ;
#1390 = DIRECTION ( 'NONE',  ( 0.000000000000000000, 0.000000000000000000, -1.000000000000000000 ) ) ;
#1391 = DIRECTION ( 'NONE',  ( 0.000000000000000000, -1.000000000000000000, 0.000000000000000000 ) ) ;
#1392 = DIRECTION ( 'NONE',  ( -1.000000000000000000, 0.000000000000000000, 0.000000000000000000 ) ) ;
#1393 = B_SPLINE_CURVE_WITH_KNOTS ( 'NONE', 3,
 ( #2748, #1861, #1566, #2273, #2535, #1844, #873, #2068, #183, #2795, #2080, #2508, #2775, #1367, #653, #372 ),
 .UNSPECIFIED., .F., .F.,
 ( 4, 2, 2, 2, 2, 2, 2, 4 ),
 ( -9.662510080529345151E-06, 0.0005616594325052491144, 0.001132981375091027601, 0.001704303317676806196, 0.002275625260262584791, 0.003418269145434126802, 0.003989591088019898459, 0.004560913030605668814 ),
 .UNSPECIFIED. ) ;
#1394 = ORIENTED_EDGE ( 'NONE', *, *, #2106, .F. ) ;
#1395 = EDGE_CURVE ( 'NONE', #1050, #93, #6, .T. ) ;
#1396 = CARTESIAN_POINT ( 'NONE',  ( -33.50000000000000000, 0.000000000000000000, -24.25000000000001066 ) ) ;
#1397 = DIRECTION ( 'NONE',  ( 0.000000000000000000, -1.000000000000000000, 0.000000000000000000 ) ) ;
#1398 = ORIENTED_EDGE ( 'NONE', *, *, #1180, .F. ) ;
#1399 = CARTESIAN_POINT ( 'NONE',  ( -27.75000000000000000, 19.99999999999999645, 14.18070330817253399 ) ) ;
#1400 = AXIS2_PLACEMENT_3D ( 'NONE', #2601, #2885, #743 ) ;
#1401 = CIRCLE ( 'NONE', #2793, 2.250000000000005329 ) ;
#1402 = ORIENTED_EDGE ( 'NONE', *, *, #564, .F. ) ;
#1403 = CARTESIAN_POINT ( 'NONE',  ( -49.33907268671412538, -4.401631856697592062E-14, 25.68397454425894821 ) ) ;
#1404 = AXIS2_PLACEMENT_3D ( 'NONE', #131, #1127, #382 ) ;
#1405 = AXIS2_PLACEMENT_3D ( 'NONE', #1253, #590, #1771 ) ;
#1406 = FACE_OUTER_BOUND ( 'NONE', #1353, .T. ) ;
#1407 = ORIENTED_EDGE ( 'NONE', *, *, #605, .T. ) ;
#1408 = CYLINDRICAL_SURFACE ( 'NONE', #2546, 10.00000000000000178 ) ;
#1409 = ADVANCED_FACE ( 'NONE', ( #1209 ), #1163, .T. ) ;
#1410 = EDGE_LOOP ( 'NONE', ( #2480, #428 ) ) ;
#1411 = DIRECTION ( 'NONE',  ( -1.000000000000000000, 0.000000000000000000, 0.000000000000000000 ) ) ;
#1412 = CARTESIAN_POINT ( 'NONE',  ( -30.00000000000000000, 13.25000000000003020, 13.42339375865881124 ) ) ;
#1413 = AXIS2_PLACEMENT_3D ( 'NONE', #403, #1134, #1805 ) ;
#1414 = ORIENTED_EDGE ( 'NONE', *, *, #2684, .T. ) ;
#1415 = AXIS2_PLACEMENT_3D ( 'NONE', #1691, #2899, #1425 ) ;
#1416 = CARTESIAN_POINT ( 'NONE',  ( -45.49999999999999289, 3.500000000000000000, 24.24999999999999289 ) ) ;
#1417 = EDGE_CURVE ( 'NONE', #2568, #585, #1857, .T. ) ;
#1418 = VECTOR ( 'NONE', #1514, 1000.000000000000000 ) ;
#1419 = ORIENTED_EDGE ( 'NONE', *, *, #1309, .T. ) ;
#1420 = CARTESIAN_POINT ( 'NONE',  ( -29.99981012269045166, 20.26948575562690991, -18.48557393898089884 ) ) ;
#1421 = TOROIDAL_SURFACE ( 'NONE', #1070, 2.499999999999999556, 0.7500000000000000000 ) ;
#1422 = DIRECTION ( 'NONE',  ( 1.000000000000000000, -0.000000000000000000, 0.000000000000000000 ) ) ;
#1423 = AXIS2_PLACEMENT_3D ( 'NONE', #1337, #1866, #2296 ) ;
#1424 = VERTEX_POINT ( 'NONE', #1016 ) ;
#1425 = DIRECTION ( 'NONE',  ( 0.000000000000000000, -3.016910393003143845E-16, 1.000000000000000000 ) ) ;
#1426 = EDGE_CURVE ( 'NONE', #1830, #2877, #497, .T. ) ;
#1427 = VERTEX_POINT ( 'NONE', #1455 ) ;
#1428 = CARTESIAN_POINT ( 'NONE',  ( -33.50000000000000000, 20.24999999999999645, -25.75000000000001066 ) ) ;
#1429 = DIRECTION ( 'NONE',  ( 0.000000000000000000, 0.000000000000000000, -1.000000000000000000 ) ) ;
#1430 = ORIENTED_EDGE ( 'NONE', *, *, #2515, .F. ) ;
#1431 = DIRECTION ( 'NONE',  ( -1.000000000000000000, -0.000000000000000000, -0.000000000000000000 ) ) ;
#1432 = EDGE_LOOP ( 'NONE', ( #1484, #269, #384, #1605 ) ) ;
#1433 = CARTESIAN_POINT ( 'NONE',  ( -46.70841379968808127, 0.007182979095854644461, 28.08743323391768953 ) ) ;
#1434 = DIRECTION ( 'NONE',  ( 0.000000000000000000, 0.000000000000000000, -1.000000000000000000 ) ) ;
#1435 = ORIENTED_EDGE ( 'NONE', *, *, #1881, .T. ) ;
#1436 = CARTESIAN_POINT ( 'NONE',  ( -45.98835076958480528, 0.000000000000000000, 28.34599054269487439 ) ) ;
#1437 = VERTEX_POINT ( 'NONE', #1474 ) ;
#1438 = ORIENTED_EDGE ( 'NONE', *, *, #2063, .F. ) ;
#1439 = CYLINDRICAL_SURFACE ( 'NONE', #1446, 6.250000000000000000 ) ;
#1440 = SURFACE_SIDE_STYLE ('',( #1249 ) ) ;
#1441 = ORIENTED_EDGE ( 'NONE', *, *, #2025, .F. ) ;
#1442 = DIRECTION ( 'NONE',  ( 0.000000000000000000, 1.000000000000000000, -3.016910393003145817E-16 ) ) ;
#1443 = ORIENTED_EDGE ( 'NONE', *, *, #401, .T. ) ;
#1444 = CARTESIAN_POINT ( 'NONE',  ( -29.25000000000000000, 20.99999999999999645, -0.1807033081725377688 ) ) ;
#1445 = DIRECTION ( 'NONE',  ( 0.000000000000000000, 0.000000000000000000, -1.000000000000000000 ) ) ;
#1446 = AXIS2_PLACEMENT_3D ( 'NONE', #1876, #198, #2371 ) ;
#1447 = AXIS2_PLACEMENT_3D ( 'NONE', #1343, #602, #2728 ) ;
#1448 = CARTESIAN_POINT ( 'NONE',  ( -32.82878737483961373, 9.481475053327820723E-17, 28.29280047730272685 ) ) ;
#1449 = DIRECTION ( 'NONE',  ( 0.000000000000000000, 0.000000000000000000, -1.000000000000000000 ) ) ;
#1450 = ADVANCED_FACE ( 'NONE', ( #1486 ), #2242, .T. ) ;
#1451 = EDGE_LOOP ( 'NONE', ( #2921, #2110, #2276, #886 ) ) ;
#1452 = ORIENTED_EDGE ( 'NONE', *, *, #1595, .F. ) ;
#1453 = CARTESIAN_POINT ( 'NONE',  ( -27.75000000000000000, 13.24999999999984190, -10.92339375865870998 ) ) ;
#1454 = CIRCLE ( 'NONE', #900, 10.00000000000000000 ) ;
#1455 = CARTESIAN_POINT ( 'NONE',  ( -51.25000000000000711, 20.99999999999999645, 19.23538406167135051 ) ) ;
#1456 = CARTESIAN_POINT ( 'NONE',  ( -33.49999999999999289, 20.24999999999999645, 26.50000000000000711 ) ) ;
#1457 = EDGE_CURVE ( 'NONE', #2168, #288, #2901, .T. ) ;
#1458 = EDGE_LOOP ( 'NONE', ( #2048, #741, #1821, #1517 ) ) ;
#1459 = TOROIDAL_SURFACE ( 'NONE', #751, 4.125000000000000000, 0.7500000000000000000 ) ;
#1460 = DIRECTION ( 'NONE',  ( 0.000000000000000000, 1.000000000000000000, 4.625929269271481378E-15 ) ) ;
#1461 = ADVANCED_FACE ( 'NONE', ( #2669 ), #1701, .T. ) ;
#1462 = AXIS2_PLACEMENT_3D ( 'NONE', #2767, #2997, #375 ) ;
#1463 = ORIENTED_EDGE ( 'NONE', *, *, #2159, .T. ) ;
#1464 = FACE_OUTER_BOUND ( 'NONE', #1432, .T. ) ;
#1465 = VECTOR ( 'NONE', #2580, 1000.000000000000000 ) ;
#1466 = AXIS2_PLACEMENT_3D ( 'NONE', #2501, #321, #1793 ) ;
#1467 = DIRECTION ( 'NONE',  ( 0.000000000000000000, 1.000000000000000000, -0.000000000000000000 ) ) ;
#1468 = DIRECTION ( 'NONE',  ( -0.000000000000000000, 1.000000000000000000, -0.000000000000000000 ) ) ;
#1469 = AXIS2_PLACEMENT_3D ( 'NONE', #2738, #78, #1554 ) ;
#1470 = ORIENTED_EDGE ( 'NONE', *, *, #938, .T. ) ;
#1471 = ORIENTED_EDGE ( 'NONE', *, *, #1292, .T. ) ;
#1472 = CIRCLE ( 'NONE', #1661, 3.374999999999999556 ) ;
#1473 = CARTESIAN_POINT ( 'NONE',  ( -30.00000000000000000, 20.24999999999999645, -18.48479104561369368 ) ) ;
#1474 = CARTESIAN_POINT ( 'NONE',  ( -52.00000000000000711, 20.24999999999999645, -19.99999999999999645 ) ) ;
#1475 = CIRCLE ( 'NONE', #466, 0.7500000000000006661 ) ;
#1476 = ORIENTED_EDGE ( 'NONE', *, *, #662, .F. ) ;
#1477 = CARTESIAN_POINT ( 'NONE',  ( -45.49999999999999289, 0.7500000000000002220, 27.62499999999999289 ) ) ;
#1478 = EDGE_LOOP ( 'NONE', ( #1713, #2828, #1056, #2902 ) ) ;
#1479 = CARTESIAN_POINT ( 'NONE',  ( -29.67588274095822598, 20.99999999999999289, -18.80950132071312453 ) ) ;
#1480 = FACE_OUTER_BOUND ( 'NONE', #59, .T. ) ;
#1481 = EDGE_CURVE ( 'NONE', #1589, #2794, #353, .T. ) ;
#1482 = CARTESIAN_POINT ( 'NONE',  ( -33.50000000000000000, 4.250000000000000000, -22.75000000000000711 ) ) ;
#1483 = ORIENTED_EDGE ( 'NONE', *, *, #2911, .T. ) ;
#1484 = ORIENTED_EDGE ( 'NONE', *, *, #914, .F. ) ;
#1485 = DIRECTION ( 'NONE',  ( 0.000000000000000000, 0.000000000000000000, -1.000000000000000000 ) ) ;
#1486 = FACE_OUTER_BOUND ( 'NONE', #1046, .T. ) ;
#1487 =( LENGTH_UNIT ( ) NAMED_UNIT ( * ) SI_UNIT ( .MILLI., .METRE. ) );
#1488 = EDGE_LOOP ( 'NONE', ( #2731, #1382, #2213, #1523 ) ) ;
#1489 = CARTESIAN_POINT ( 'NONE',  ( -33.49999999999999289, 0.7500000000000002220, 24.24999999999999289 ) ) ;
#1490 = ADVANCED_FACE ( 'NONE', ( #2444 ), #606, .T. ) ;
#1491 = ORIENTED_EDGE ( 'NONE', *, *, #2941, .F. ) ;
#1492 = DIRECTION ( 'NONE',  ( 0.000000000000000000, -1.000000000000000000, 0.000000000000000000 ) ) ;
#1493 = CARTESIAN_POINT ( 'NONE',  ( -29.25000000000000000, 21.00000000000000355, -6.335511825306608089E-15 ) ) ;
#1494 = CARTESIAN_POINT ( 'NONE',  ( -31.78207489313941636, 0.01665725629660509341, 27.83074220530339460 ) ) ;
#1495 = DIRECTION ( 'NONE',  ( 1.000000000000000000, 0.000000000000000000, -0.000000000000000000 ) ) ;
#1496 = AXIS2_PLACEMENT_3D ( 'NONE', #2937, #84, #51 ) ;
#1497 = ORIENTED_EDGE ( 'NONE', *, *, #2175, .F. ) ;
#1498 = ORIENTED_EDGE ( 'NONE', *, *, #1160, .T. ) ;
#1499 = DIRECTION ( 'NONE',  ( -0.000000000000000000, -1.000000000000000000, -0.000000000000000000 ) ) ;
#1500 = DIRECTION ( 'NONE',  ( 0.000000000000000000, -3.016910393003143845E-16, 1.000000000000000000 ) ) ;
#1501 = AXIS2_PLACEMENT_3D ( 'NONE', #120, #869, #1828 ) ;
#1502 = CIRCLE ( 'NONE', #148, 3.374999999999999556 ) ;
#1503 = EDGE_LOOP ( 'NONE', ( #976, #2375, #1219, #1983 ) ) ;
#1504 = DIRECTION ( 'NONE',  ( 0.000000000000000000, -1.000000000000000000, 0.000000000000000000 ) ) ;
#1505 = DIRECTION ( 'NONE',  ( 0.000000000000000000, -1.000000000000000000, 0.000000000000000000 ) ) ;
#1506 = VERTEX_POINT ( 'NONE', #2084 ) ;
#1507 = CIRCLE ( 'NONE', #152, 7.000000000000000000 ) ;
#1508 = DIRECTION ( 'NONE',  ( 0.000000000000000000, -1.000000000000000000, -3.016910393003143845E-16 ) ) ;
#1509 = EDGE_CURVE ( 'NONE', #2877, #785, #1007, .T. ) ;
#1510 = DIRECTION ( 'NONE',  ( 1.000000000000000000, 0.000000000000000000, -1.224646799147353207E-16 ) ) ;
#1511 = MANIFOLD_SOLID_BREP ( 'Redondeo8', #1344 ) ;
#1512 = CARTESIAN_POINT ( 'NONE',  ( -52.00000000000000711, 0.7500000000000000000, -29.25000000000000000 ) ) ;
#1513 = CIRCLE ( 'NONE', #1859, 10.00000000000000178 ) ;
#1514 = DIRECTION ( 'NONE',  ( -0.000000000000000000, 1.000000000000000000, 3.016910393003143845E-16 ) ) ;
#1515 = AXIS2_PLACEMENT_3D ( 'NONE', #1011, #3094, #948 ) ;
#1516 = ORIENTED_EDGE ( 'NONE', *, *, #1789, .T. ) ;
#1517 = ORIENTED_EDGE ( 'NONE', *, *, #447, .F. ) ;
#1518 = FACE_OUTER_BOUND ( 'NONE', #1332, .T. ) ;
#1519 = DIRECTION ( 'NONE',  ( -1.000000000000000000, 0.000000000000000000, 0.000000000000000000 ) ) ;
#1520 = AXIS2_PLACEMENT_3D ( 'NONE', #112, #1027, #2706 ) ;
#1521 = ADVANCED_FACE ( 'NONE', ( #1979 ), #2047, .T. ) ;
#1522 = AXIS2_PLACEMENT_3D ( 'NONE', #2590, #736, #1670 ) ;
#1523 = ORIENTED_EDGE ( 'NONE', *, *, #122, .F. ) ;
#1524 = PLANE ( 'NONE',  #2179 ) ;
#1525 = EDGE_CURVE ( 'NONE', #3051, #1528, #855, .T. ) ;
#1526 = CARTESIAN_POINT ( 'NONE',  ( -52.00000000000000711, 0.7500000000000000000, 29.25000000000000000 ) ) ;
#1527 = AXIS2_PLACEMENT_3D ( 'NONE', #2373, #1667, #226 ) ;
#1528 = VERTEX_POINT ( 'NONE', #352 ) ;
#1529 = AXIS2_PLACEMENT_3D ( 'NONE', #720, #1397, #3083 ) ;
#1530 = LINE ( 'NONE', #2469, #1003 ) ;
#1531 = FACE_OUTER_BOUND ( 'NONE', #164, .T. ) ;
#1532 = EDGE_CURVE ( 'NONE', #2100, #2287, #1513, .T. ) ;
#1533 = DIRECTION ( 'NONE',  ( -0.000000000000000000, -1.000000000000000000, -0.000000000000000000 ) ) ;
#1534 = ORIENTED_EDGE ( 'NONE', *, *, #3087, .F. ) ;
#1535 = ORIENTED_EDGE ( 'NONE', *, *, #2260, .T. ) ;
#1536 = DIRECTION ( 'NONE',  ( 0.000000000000000000, 0.000000000000000000, 1.000000000000000000 ) ) ;
#1537 = FACE_OUTER_BOUND ( 'NONE', #1478, .T. ) ;
#1538 = VERTEX_POINT ( 'NONE', #825 ) ;
#1539 = CYLINDRICAL_SURFACE ( 'NONE', #2258, 0.7500000000000006661 ) ;
#1540 = ORIENTED_EDGE ( 'NONE', *, *, #3104, .F. ) ;
#1541 = DIRECTION ( 'NONE',  ( 0.000000000000000000, -0.000000000000000000, -1.000000000000000000 ) ) ;
#1542 = CARTESIAN_POINT ( 'NONE',  ( -48.56156859926772285, 0.01983650975386967025, -26.77588119477297823 ) ) ;
#1543 = DIRECTION ( 'NONE',  ( -0.000000000000000000, 1.000000000000000000, 3.016910393003143845E-16 ) ) ;
#1544 = ORIENTED_EDGE ( 'NONE', *, *, #2869, .F. ) ;
#1545 = CARTESIAN_POINT ( 'NONE',  ( -33.49999999999999289, 4.250000000000000000, 24.24999999999999289 ) ) ;
#1546 = DIRECTION ( 'NONE',  ( 1.000000000000000000, 0.000000000000000000, 0.000000000000000000 ) ) ;
#1547 = EDGE_CURVE ( 'NONE', #1538, #3028, #710, .T. ) ;
#1548 = ORIENTED_EDGE ( 'NONE', *, *, #338, .T. ) ;
#1549 = TOROIDAL_SURFACE ( 'NONE', #2343, 4.125000000000000888, 0.7500000000000000000 ) ;
#1550 = DIRECTION ( 'NONE',  ( 0.000000000000000000, 3.469446951953614189E-16, 1.000000000000000000 ) ) ;
#1551 = DIRECTION ( 'NONE',  ( 0.000000000000000000, -0.9904418356100052057, -0.1379310344827579526 ) ) ;
#1552 = ORIENTED_EDGE ( 'NONE', *, *, #794, .F. ) ;
#1553 = FACE_OUTER_BOUND ( 'NONE', #1934, .T. ) ;
#1554 = DIRECTION ( 'NONE',  ( 0.000000000000000000, 0.000000000000000000, -1.000000000000000000 ) ) ;
#1555 = EDGE_CURVE ( 'NONE', #2298, #1168, #2235, .T. ) ;
#1556 = CARTESIAN_POINT ( 'NONE',  ( -33.50000000000000000, 0.000000000000000000, -24.25000000000001066 ) ) ;
#1557 = CARTESIAN_POINT ( 'NONE',  ( -45.50000000000000000, -8.999999999999987566, -24.25000000000001421 ) ) ;
#1558 = AXIS2_PLACEMENT_3D ( 'NONE', #491, #1223, #2924 ) ;
#1559 = AXIS2_PLACEMENT_3D ( 'NONE', #236, #1190, #2181 ) ;
#1560 = ORIENTED_EDGE ( 'NONE', *, *, #1257, .T. ) ;
#1561 = CARTESIAN_POINT ( 'NONE',  ( -45.50000000000000000, -8.999999999999987566, -24.25000000000001421 ) ) ;
#1562 = CARTESIAN_POINT ( 'NONE',  ( -37.00000000000000000, 20.24999999999999645, 19.99999999999999645 ) ) ;
#1563 = VECTOR ( 'NONE', #1618, 1000.000000000000000 ) ;
#1564 = ORIENTED_EDGE ( 'NONE', *, *, #1417, .F. ) ;
#1565 = TOROIDAL_SURFACE ( 'NONE', #13, 2.250000000000003997, 0.7500000000000000000 ) ;
#1566 = CARTESIAN_POINT ( 'NONE',  ( -29.75737405441286398, 0.001925428987206424976, -25.85089566393244453 ) ) ;
#1567 = CARTESIAN_POINT ( 'NONE',  ( -52.00000000000000711, 20.99999999999999645, -1.734723475976807094E-15 ) ) ;
#1568 = CIRCLE ( 'NONE', #721, 2.250000000000005329 ) ;
#1569 = ORIENTED_EDGE ( 'NONE', *, *, #2321, .F. ) ;
#1570 = CIRCLE ( 'NONE', #168, 2.250000000000005329 ) ;
#1571 = DIRECTION ( 'NONE',  ( 0.000000000000000000, 1.000000000000000000, -3.016910393003145817E-16 ) ) ;
#1572 = DIRECTION ( 'NONE',  ( 0.000000000000000000, 0.000000000000000000, 1.000000000000000000 ) ) ;
#1573 = CARTESIAN_POINT ( 'NONE',  ( -33.49999999999999289, 20.24999999999999645, 21.99999999999999645 ) ) ;
#1574 = CARTESIAN_POINT ( 'NONE',  ( -29.57366004793528802, 0.000000000000000000, -25.51470533359376702 ) ) ;
#1575 = ORIENTED_EDGE ( 'NONE', *, *, #879, .F. ) ;
#1576 = CARTESIAN_POINT ( 'NONE',  ( -37.00000000000000000, 0.000000000000000000, 29.25000000000000000 ) ) ;
#1577 = CARTESIAN_POINT ( 'NONE',  ( -42.00000000000000000, 0.000000000000000000, -29.25000000000000000 ) ) ;
#1578 = EDGE_CURVE ( 'NONE', #1191, #1246, #1113, .T. ) ;
#1579 = VERTEX_POINT ( 'NONE', #1783 ) ;
#1580 = LINE ( 'NONE', #1801, #2538 ) ;
#1581 = FACE_BOUND ( 'NONE', #1729, .T. ) ;
#1582 = EDGE_CURVE ( 'NONE', #518, #1668, #1614, .T. ) ;
#1583 = EDGE_LOOP ( 'NONE', ( #889, #1950 ) ) ;
#1584 = CARTESIAN_POINT ( 'NONE',  ( -52.00000000000000711, 0.000000000000000000, 0.000000000000000000 ) ) ;
#1585 = ORIENTED_EDGE ( 'NONE', *, *, #290, .T. ) ;
#1586 = DIRECTION ( 'NONE',  ( 1.000000000000000000, -0.000000000000000000, 0.000000000000000000 ) ) ;
#1587 = CARTESIAN_POINT ( 'NONE',  ( -27.75000000000000000, 13.24999999999984190, -13.42339375865871176 ) ) ;
#1588 = EDGE_CURVE ( 'NONE', #2557, #1623, #109, .T. ) ;
#1589 = VERTEX_POINT ( 'NONE', #1080 ) ;
#1590 = FACE_OUTER_BOUND ( 'NONE', #2503, .T. ) ;
#1591 = EDGE_CURVE ( 'NONE', #2875, #511, #158, .T. ) ;
#1592 = EDGE_CURVE ( 'NONE', #430, #3073, #307, .T. ) ;
#1593 = ORIENTED_EDGE ( 'NONE', *, *, #1591, .T. ) ;
#1594 = CARTESIAN_POINT ( 'NONE',  ( -45.49999999999999289, 3.500000000000000000, 24.24999999999999289 ) ) ;
#1595 = EDGE_CURVE ( 'NONE', #1626, #2087, #555, .T. ) ;
#1596 = CYLINDRICAL_SURFACE ( 'NONE', #866, 0.7500000000000006661 ) ;
#1597 = AXIS2_PLACEMENT_3D ( 'NONE', #534, #2975, #36 ) ;
#1598 = ORIENTED_EDGE ( 'NONE', *, *, #705, .T. ) ;
#1599 = FACE_OUTER_BOUND ( 'NONE', #2402, .T. ) ;
#1600 = DIRECTION ( 'NONE',  ( 1.000000000000000000, 0.000000000000000000, 0.000000000000000000 ) ) ;
#1601 = ORIENTED_EDGE ( 'NONE', *, *, #182, .F. ) ;
#1602 = CARTESIAN_POINT ( 'NONE',  ( -49.03530860203181874, 0.007161159192679374466, 26.17064335279045650 ) ) ;
#1603 = ADVANCED_FACE ( 'NONE', ( #1537 ), #2487, .T. ) ;
#1604 = CARTESIAN_POINT ( 'NONE',  ( 0.000000000000000000, 0.000000000000000000, -29.25000000000000000 ) ) ;
#1605 = ORIENTED_EDGE ( 'NONE', *, *, #432, .F. ) ;
#1606 = DIRECTION ( 'NONE',  ( 1.177509268541832714E-14, 0.000000000000000000, -1.000000000000000000 ) ) ;
#1607 = ORIENTED_EDGE ( 'NONE', *, *, #1038, .T. ) ;
#1608 = VERTEX_POINT ( 'NONE', #2035 ) ;
#1609 = CARTESIAN_POINT ( 'NONE',  ( -29.25000000000000000, 21.00000000000000355, 6.335511825306603356E-15 ) ) ;
#1610 = DIRECTION ( 'NONE',  ( 1.000000000000000000, -0.000000000000000000, 0.000000000000000000 ) ) ;
#1611 = AXIS2_PLACEMENT_3D ( 'NONE', #2578, #205, #1171 ) ;
#1612 = ORIENTED_EDGE ( 'NONE', *, *, #1918, .F. ) ;
#1613 = DIRECTION ( 'NONE',  ( 0.000000000000000000, 0.000000000000000000, -1.000000000000000000 ) ) ;
#1614 =( BOUNDED_CURVE ( )  B_SPLINE_CURVE ( 3, ( #1064, #1993, #2956, #2938 ),
 .UNSPECIFIED., .F., .F. ) 
 B_SPLINE_CURVE_WITH_KNOTS ( ( 4, 4 ),
 ( 3.180563556189722529, 4.712388980384689674 ),
 .UNSPECIFIED. ) 
 CURVE ( )  GEOMETRIC_REPRESENTATION_ITEM ( )  RATIONAL_B_SPLINE_CURVE ( ( 1.000000000000000000, 0.8138333134376308786, 0.8138333134376308786, 1.000000000000000000 ) ) 
 REPRESENTATION_ITEM ( '' )  );
#1615 = VERTEX_POINT ( 'NONE', #3006 ) ;
#1616 = CIRCLE ( 'NONE', #1522, 9.250000000000000000 ) ;
#1617 = DIRECTION ( 'NONE',  ( 0.000000000000000000, 0.000000000000000000, -1.000000000000000000 ) ) ;
#1618 = DIRECTION ( 'NONE',  ( 1.000000000000000000, 0.000000000000000000, 0.000000000000000000 ) ) ;
#1619 = AXIS2_PLACEMENT_3D ( 'NONE', #1368, #2309, #1787 ) ;
#1620 = ADVANCED_FACE ( 'NONE', ( #574 ), #1048, .F. ) ;
#1621 = CARTESIAN_POINT ( 'NONE',  ( -42.00000000000000000, 0.7500000000000000000, -19.99999999999999645 ) ) ;
#1622 = DIRECTION ( 'NONE',  ( 0.000000000000000000, 0.000000000000000000, -1.000000000000000000 ) ) ;
#1623 = VERTEX_POINT ( 'NONE', #1577 ) ;
#1624 = LINE ( 'NONE', #3026, #391 ) ;
#1625 = CARTESIAN_POINT ( 'NONE',  ( -27.75000000000000000, 20.99999999999999645, 6.999999999999998224 ) ) ;
#1626 = VERTEX_POINT ( 'NONE', #2203 ) ;
#1627 = DIRECTION ( 'NONE',  ( 0.000000000000000000, 0.000000000000000000, -1.000000000000000000 ) ) ;
#1628 = ADVANCED_FACE ( 'NONE', ( #1033 ), #787, .T. ) ;
#1629 = VERTEX_POINT ( 'NONE', #325 ) ;
#1630 = CARTESIAN_POINT ( 'NONE',  ( -52.00000000000000711, 20.24999999999999289, -30.00000000000000000 ) ) ;
#1631 = CARTESIAN_POINT ( 'NONE',  ( -33.49999999999999289, 4.250000000000000000, 22.74999999999998934 ) ) ;
#1632 = DIRECTION ( 'NONE',  ( 0.000000000000000000, 0.000000000000000000, -1.000000000000000000 ) ) ;
#1633 = CARTESIAN_POINT ( 'NONE',  ( -30.00000000000000000, 13.25000000000003020, 15.17339375865880946 ) ) ;
#1634 = ORIENTED_EDGE ( 'NONE', *, *, #1909, .F. ) ;
#1635 = ORIENTED_EDGE ( 'NONE', *, *, #338, .F. ) ;
#1636 = DIRECTION ( 'NONE',  ( -1.000000000000000000, -0.000000000000000000, 0.000000000000000000 ) ) ;
#1637 = CARTESIAN_POINT ( 'NONE',  ( -30.00000000000000000, 13.24999999999984190, -11.67339375865870998 ) ) ;
#1638 = ORIENTED_EDGE ( 'NONE', *, *, #210, .F. ) ;
#1639 = AXIS2_PLACEMENT_3D ( 'NONE', #2152, #298, #2180 ) ;
#1640 = CARTESIAN_POINT ( 'NONE',  ( -37.00000000000000000, 0.7500000000000000000, 19.99999999999999645 ) ) ;
#1641 = TOROIDAL_SURFACE ( 'NONE', #441, 0.2500000000000002220, 0.7500000000000000000 ) ;
#1642 = ORIENTED_EDGE ( 'NONE', *, *, #2878, .T. ) ;
#1643 = CARTESIAN_POINT ( 'NONE',  ( -30.00000000000000000, 20.24999999999999645, -18.48479104561369368 ) ) ;
#1644 = EDGE_CURVE ( 'NONE', #790, #939, #1703, .T. ) ;
#1645 = VECTOR ( 'NONE', #2285, 1000.000000000000000 ) ;
#1646 = DIRECTION ( 'NONE',  ( -0.000000000000000000, 1.000000000000000000, 3.016910393003143845E-16 ) ) ;
#1647 = CIRCLE ( 'NONE', #998, 1.749999999999998002 ) ;
#1648 = CIRCLE ( 'NONE', #296, 1.500000000000004885 ) ;
#1649 = ADVANCED_FACE ( 'NONE', ( #1159 ), #2403, .T. ) ;
#1650 = LINE ( 'NONE', #1189, #1939 ) ;
#1651 = CARTESIAN_POINT ( 'NONE',  ( -52.00000000000000711, 20.24999999999999645, 19.23538406167134696 ) ) ;
#1652 = EDGE_LOOP ( 'NONE', ( #1879, #2680, #2774, #2475 ) ) ;
#1653 = CARTESIAN_POINT ( 'NONE',  ( -33.49999999999999289, 20.99999999999999645, 26.50000000000000711 ) ) ;
#1654 = ORIENTED_EDGE ( 'NONE', *, *, #2175, .T. ) ;
#1655 = VECTOR ( 'NONE', #899, 1000.000000000000000 ) ;
#1656 = VECTOR ( 'NONE', #1871, 1000.000000000000000 ) ;
#1657 = VERTEX_POINT ( 'NONE', #3065 ) ;
#1658 = CARTESIAN_POINT ( 'NONE',  ( -45.50000000000000000, 3.500000000000000444, -22.00000000000000711 ) ) ;
#1659 = AXIS2_PLACEMENT_3D ( 'NONE', #454, #246, #2136 ) ;
#1660 = CARTESIAN_POINT ( 'NONE',  ( -29.25000000000000000, 20.03448275862068684, 13.93309284927003233 ) ) ;
#1661 = AXIS2_PLACEMENT_3D ( 'NONE', #1416, #2605, #1227 ) ;
#1662 = DIRECTION ( 'NONE',  ( 0.000000000000000000, 0.000000000000000000, 1.000000000000000000 ) ) ;
#1663 = CARTESIAN_POINT ( 'NONE',  ( -30.00000000000000000, 19.99999999999999645, 14.18070330817253399 ) ) ;
#1664 = EDGE_CURVE ( 'NONE', #1014, #282, #1910, .T. ) ;
#1665 = ORIENTED_EDGE ( 'NONE', *, *, #306, .F. ) ;
#1666 = CARTESIAN_POINT ( 'NONE',  ( -45.50000000000000000, 0.7500000000000002220, -24.25000000000001066 ) ) ;
#1667 = DIRECTION ( 'NONE',  ( -0.000000000000000000, 1.000000000000000000, -0.000000000000000000 ) ) ;
#1668 = VERTEX_POINT ( 'NONE', #2836 ) ;
#1669 = EDGE_CURVE ( 'NONE', #1730, #100, #499, .T. ) ;
#1670 = DIRECTION ( 'NONE',  ( 0.000000000000000000, 3.750753461571474945E-16, 1.000000000000000000 ) ) ;
#1671 = EDGE_CURVE ( 'NONE', #430, #1868, #918, .T. ) ;
#1672 = ORIENTED_EDGE ( 'NONE', *, *, #2644, .F. ) ;
#1673 = DIRECTION ( 'NONE',  ( -1.000000000000000000, -0.000000000000000000, 0.000000000000000000 ) ) ;
#1674 = EDGE_CURVE ( 'NONE', #1246, #1191, #1065, .T. ) ;
#1675 = LINE ( 'NONE', #413, #2687 ) ;
#1676 = FACE_OUTER_BOUND ( 'NONE', #2011, .T. ) ;
#1677 = VERTEX_POINT ( 'NONE', #147 ) ;
#1678 = ORIENTED_EDGE ( 'NONE', *, *, #3, .F. ) ;
#1679 = CARTESIAN_POINT ( 'NONE',  ( -45.50000000000000000, 0.7500000000000002220, -27.62500000000001066 ) ) ;
#1680 = DIRECTION ( 'NONE',  ( 0.000000000000000000, 0.000000000000000000, -1.000000000000000000 ) ) ;
#1681 = EDGE_CURVE ( 'NONE', #2287, #303, #1841, .T. ) ;
#1682 = CARTESIAN_POINT ( 'NONE',  ( -33.49999999999999289, 0.7500000000000002220, 20.12499999999999289 ) ) ;
#1683 = VERTEX_POINT ( 'NONE', #1651 ) ;
#1684 = CARTESIAN_POINT ( 'NONE',  ( -30.00000000000000000, 5.499999999999998224, 0.000000000000000000 ) ) ;
#1685 = AXIS2_PLACEMENT_3D ( 'NONE', #247, #1216, #1709 ) ;
#1686 = ORIENTED_EDGE ( 'NONE', *, *, #1288, .F. ) ;
#1687 = ADVANCED_FACE ( 'NONE', ( #2109 ), #8, .T. ) ;
#1688 = DIRECTION ( 'NONE',  ( -0.000000000000000000, 1.000000000000000000, -0.000000000000000000 ) ) ;
#1689 = ADVANCED_FACE ( 'NONE', ( #932 ), #1408, .T. ) ;
#1690 = CARTESIAN_POINT ( 'NONE',  ( -31.61622429284287961, 0.01952697231675115663, 27.73253899652587506 ) ) ;
#1691 = CARTESIAN_POINT ( 'NONE',  ( -33.49999999999999289, 20.24999999999999645, 24.25000000000000000 ) ) ;
#1692 = AXIS2_PLACEMENT_3D ( 'NONE', #1757, #1026, #1073 ) ;
#1693 = ORIENTED_EDGE ( 'NONE', *, *, #1664, .F. ) ;
#1694 = ORIENTED_EDGE ( 'NONE', *, *, #1582, .F. ) ;
#1695 = CARTESIAN_POINT ( 'NONE',  ( -33.50000000000000000, 20.99999999999999645, -24.25000000000000355 ) ) ;
#1696 = VECTOR ( 'NONE', #327, 1000.000000000000000 ) ;
#1697 = DIRECTION ( 'NONE',  ( 1.000000000000000000, -0.000000000000000000, 0.000000000000000000 ) ) ;
#1698 = AXIS2_PLACEMENT_3D ( 'NONE', #1258, #1957, #2016 ) ;
#1699 = ADVANCED_FACE ( 'NONE', ( #636 ), #1760, .T. ) ;
#1700 = VERTEX_POINT ( 'NONE', #2530 ) ;
#1701 = TOROIDAL_SURFACE ( 'NONE', #1311, 2.250000000000003997, 0.7500000000000000000 ) ;
#1702 = DIRECTION ( 'NONE',  ( 0.000000000000000000, 0.000000000000000000, -1.000000000000000000 ) ) ;
#1703 = CIRCLE ( 'NONE', #1263, 2.250000000000005329 ) ;
#1704 = ORIENTED_EDGE ( 'NONE', *, *, #978, .F. ) ;
#1705 = CARTESIAN_POINT ( 'NONE',  ( -29.99981012269045166, 20.26948575562691346, 18.48557393898089529 ) ) ;
#1706 = DIRECTION ( 'NONE',  ( 0.000000000000000000, -1.000000000000000000, 0.000000000000000000 ) ) ;
#1707 = AXIS2_PLACEMENT_3D ( 'NONE', #1587, #2107, #427 ) ;
#1708 = TOROIDAL_SURFACE ( 'NONE', #2603, 4.125000000000000000, 0.7500000000000000000 ) ;
#1709 = DIRECTION ( 'NONE',  ( 0.000000000000000000, 0.000000000000000000, -1.000000000000000000 ) ) ;
#1710 = DIRECTION ( 'NONE',  ( -0.000000000000000000, -3.016910393003145817E-16, -1.000000000000000000 ) ) ;
#1711 = AXIS2_PLACEMENT_3D ( 'NONE', #2876, #2671, #1982 ) ;
#1712 = EDGE_CURVE ( 'NONE', #1629, #1736, #2245, .T. ) ;
#1713 = ORIENTED_EDGE ( 'NONE', *, *, #182, .T. ) ;
#1714 = ORIENTED_EDGE ( 'NONE', *, *, #775, .F. ) ;
#1715 = CIRCLE ( 'NONE', #2974, 1.749999999999999778 ) ;
#1716 = DIRECTION ( 'NONE',  ( 0.000000000000000000, -0.000000000000000000, -1.000000000000000000 ) ) ;
#1717 = CARTESIAN_POINT ( 'NONE',  ( -37.00000000000000000, 20.24999999999999645, 19.99999999999999645 ) ) ;
#1718 = AXIS2_PLACEMENT_3D ( 'NONE', #2387, #446, #1224 ) ;
#1719 = VERTEX_POINT ( 'NONE', #649 ) ;
#1720 = CIRCLE ( 'NONE', #723, 0.7500000000000006661 ) ;
#1721 = CARTESIAN_POINT ( 'NONE',  ( -45.49999999999999289, 3.500000000000000444, 21.99999999999998934 ) ) ;
#1722 = EDGE_LOOP ( 'NONE', ( #3068, #2809 ) ) ;
#1723 = DIRECTION ( 'NONE',  ( 0.000000000000000000, 0.000000000000000000, 1.000000000000000000 ) ) ;
#1724 = ADVANCED_FACE ( 'NONE', ( #2305 ), #908, .T. ) ;
#1725 = DIRECTION ( 'NONE',  ( 0.000000000000000000, 0.000000000000000000, -1.000000000000000000 ) ) ;
#1726 = B_SPLINE_CURVE_WITH_KNOTS ( 'NONE', 3,
 ( #1643, #2594, #1420, #943 ),
 .UNSPECIFIED., .F., .F.,
 ( 4, 4 ),
 ( 0.000000000000000000, 2.924943668396106988E-05 ),
 .UNSPECIFIED. ) ;
#1727 = ADVANCED_FACE ( 'NONE', ( #2566 ), #166, .T. ) ;
#1728 = CARTESIAN_POINT ( 'NONE',  ( -33.50000000000000000, 0.7500000000000002220, -24.25000000000001066 ) ) ;
#1729 = EDGE_LOOP ( 'NONE', ( #827, #475 ) ) ;
#1730 = VERTEX_POINT ( 'NONE', #1436 ) ;
#1731 = ADVANCED_FACE ( 'NONE', ( #980 ), #2642, .F. ) ;
#1732 = DIRECTION ( 'NONE',  ( 1.000000000000000000, 0.000000000000000000, -1.224646799147353207E-16 ) ) ;
#1733 = ORIENTED_EDGE ( 'NONE', *, *, #377, .T. ) ;
#1734 = CARTESIAN_POINT ( 'NONE',  ( -27.75000000000000000, 5.499999999999998224, 0.000000000000000000 ) ) ;
#1735 = LINE ( 'NONE', #1254, #319 ) ;
#1736 = VERTEX_POINT ( 'NONE', #500 ) ;
#1737 = AXIS2_PLACEMENT_3D ( 'NONE', #2349, #458, #1632 ) ;
#1738 = DIRECTION ( 'NONE',  ( 0.000000000000000000, 0.000000000000000000, -1.000000000000000000 ) ) ;
#1739 = CARTESIAN_POINT ( 'NONE',  ( -46.70709801224591473, 0.007161159192679933914, -28.08799325026118510 ) ) ;
#1740 = EDGE_CURVE ( 'NONE', #230, #68, #753, .T. ) ;
#1741 = CARTESIAN_POINT ( 'NONE',  ( -27.75000000000000000, 21.00000000000000355, 6.335511825306603356E-15 ) ) ;
#1742 = CIRCLE ( 'NONE', #287, 0.7500000000000006661 ) ;
#1743 = DIRECTION ( 'NONE',  ( -0.000000000000000000, 1.000000000000000000, -0.000000000000000000 ) ) ;
#1744 = AXIS2_PLACEMENT_3D ( 'NONE', #2008, #2696, #2202 ) ;
#1745 = ADVANCED_FACE ( 'NONE', ( #1961 ), #2754, .T. ) ;
#1746 = ORIENTED_EDGE ( 'NONE', *, *, #122, .T. ) ;
#1747 = ORIENTED_EDGE ( 'NONE', *, *, #1669, .F. ) ;
#1748 = FACE_OUTER_BOUND ( 'NONE', #470, .T. ) ;
#1749 = DIRECTION ( 'NONE',  ( 0.000000000000000000, 0.000000000000000000, -1.000000000000000000 ) ) ;
#1750 = AXIS2_PLACEMENT_3D ( 'NONE', #2251, #621, #3021 ) ;
#1751 = CIRCLE ( 'NONE', #2134, 9.250000000000000000 ) ;
#1752 = CIRCLE ( 'NONE', #1692, 1.000000000000000444 ) ;
#1753 = EDGE_LOOP ( 'NONE', ( #1276, #957, #2473, #584 ) ) ;
#1754 = CARTESIAN_POINT ( 'NONE',  ( -33.49999999999999289, 4.250000000000000000, 21.99999999999998934 ) ) ;
#1755 = DIRECTION ( 'NONE',  ( -1.000000000000000000, 0.000000000000000000, -0.000000000000000000 ) ) ;
#1756 = EDGE_LOOP ( 'NONE', ( #1784, #1315, #294, #2973, #601 ) ) ;
#1757 = CARTESIAN_POINT ( 'NONE',  ( -27.75000000000000000, 19.99999999999999645, -0.1807033081725376578 ) ) ;
#1758 = CARTESIAN_POINT ( 'NONE',  ( -46.35353015070561611, 0.001925428987206428228, -28.23015102442309754 ) ) ;
#1759 = LINE ( 'NONE', #332, #1987 ) ;
#1760 = TOROIDAL_SURFACE ( 'NONE', #660, 19.25000000000000711, 0.7500000000000000000 ) ;
#1761 = DIRECTION ( 'NONE',  ( 0.000000000000000000, 0.000000000000000000, 1.000000000000000000 ) ) ;
#1762 = AXIS2_PLACEMENT_3D ( 'NONE', #364, #1280, #1310 ) ;
#1763 = EDGE_LOOP ( 'NONE', ( #508, #1220, #2581, #953 ) ) ;
#1764 = ORIENTED_EDGE ( 'NONE', *, *, #2450, .T. ) ;
#1765 = DIRECTION ( 'NONE',  ( -0.000000000000000000, 1.000000000000000000, 3.016910393003143845E-16 ) ) ;
#1766 = CARTESIAN_POINT ( 'NONE',  ( -30.00000000000000000, 13.25000000000003020, 13.42339375865881124 ) ) ;
#1767 = VECTOR ( 'NONE', #1809, 1000.000000000000000 ) ;
#1768 = EDGE_CURVE ( 'NONE', #181, #2329, #358, .T. ) ;
#1769 = AXIS2_PLACEMENT_3D ( 'NONE', #2072, #2780, #1613 ) ;
#1770 = ORIENTED_EDGE ( 'NONE', *, *, #1592, .T. ) ;
#1771 = DIRECTION ( 'NONE',  ( 0.000000000000000000, 0.000000000000000000, 1.000000000000000000 ) ) ;
#1772 = DIRECTION ( 'NONE',  ( -0.000000000000000000, 1.000000000000000000, -0.000000000000000000 ) ) ;
#1773 = AXIS2_PLACEMENT_3D ( 'NONE', #1489, #1505, #328 ) ;
#1774 = ORIENTED_EDGE ( 'NONE', *, *, #2289, .F. ) ;
#1775 = DIRECTION ( 'NONE',  ( -0.000000000000000000, 1.000000000000000000, -0.000000000000000000 ) ) ;
#1776 = DIRECTION ( 'NONE',  ( 0.000000000000000000, 0.000000000000000000, -1.000000000000000000 ) ) ;
#1777 = CARTESIAN_POINT ( 'NONE',  ( -45.49999999999999289, 20.24999999999999645, 24.25000000000000000 ) ) ;
#1778 = DIRECTION ( 'NONE',  ( 0.000000000000000000, 0.000000000000000000, 1.000000000000000000 ) ) ;
#1779 = EDGE_LOOP ( 'NONE', ( #2389, #2510, #1516, #2490, #725, #2727 ) ) ;
#1780 = ORIENTED_EDGE ( 'NONE', *, *, #2561, .T. ) ;
#1781 = ADVANCED_FACE ( 'NONE', ( #2138 ), #857, .T. ) ;
#1782 = CARTESIAN_POINT ( 'NONE',  ( -33.49999999999999289, 0.000000000000000000, 24.24999999999999289 ) ) ;
#1783 = CARTESIAN_POINT ( 'NONE',  ( -29.25000000000000000, 20.13793103448275446, 13.19026147256252912 ) ) ;
#1784 = ORIENTED_EDGE ( 'NONE', *, *, #469, .F. ) ;
#1785 = EDGE_CURVE ( 'NONE', #110, #67, #32, .T. ) ;
#1786 = CARTESIAN_POINT ( 'NONE',  ( -51.25000000000000711, 0.000000000000000000, -19.99999999999999645 ) ) ;
#1787 = DIRECTION ( 'NONE',  ( 0.000000000000000000, 0.000000000000000000, 1.000000000000000000 ) ) ;
#1788 = VERTEX_POINT ( 'NONE', #2166 ) ;
#1789 = EDGE_CURVE ( 'NONE', #282, #1626, #965, .T. ) ;
#1790 = CARTESIAN_POINT ( 'NONE',  ( -45.49999999999999289, 4.250000000000000000, 25.75000000000000000 ) ) ;
#1791 = AXIS2_PLACEMENT_3D ( 'NONE', #1873, #3078, #1662 ) ;
#1792 = FACE_OUTER_BOUND ( 'NONE', #495, .T. ) ;
#1793 = DIRECTION ( 'NONE',  ( 0.000000000000000000, 0.000000000000000000, -1.000000000000000000 ) ) ;
#1794 = EDGE_CURVE ( 'NONE', #110, #737, #712, .T. ) ;
#1795 = CIRCLE ( 'NONE', #1639, 0.7500000000000006661 ) ;
#1796 = ORIENTED_EDGE ( 'NONE', *, *, #2212, .F. ) ;
#1797 = CARTESIAN_POINT ( 'NONE',  ( -45.49999999999999289, 3.500000000000000000, 24.24999999999999289 ) ) ;
#1798 = CARTESIAN_POINT ( 'NONE',  ( -33.50000000000000000, 3.500000000000000000, -24.25000000000001066 ) ) ;
#1799 = CIRCLE ( 'NONE', #1946, 0.2500000000000002220 ) ;
#1800 = EDGE_LOOP ( 'NONE', ( #2712, #2323, #2912, #2124 ) ) ;
#1801 = CARTESIAN_POINT ( 'NONE',  ( -33.50000000000000000, -8.999999999999987566, -22.75000000000001066 ) ) ;
#1802 = DIRECTION ( 'NONE',  ( 1.000000000000000000, 0.000000000000000000, 0.000000000000000000 ) ) ;
#1803 = ADVANCED_FACE ( 'NONE', ( #1676 ), #459, .F. ) ;
#1804 = ORIENTED_EDGE ( 'NONE', *, *, #2785, .F. ) ;
#1805 = DIRECTION ( 'NONE',  ( 0.000000000000000000, 3.016910393003145817E-16, 1.000000000000000000 ) ) ;
#1806 = DIRECTION ( 'NONE',  ( 0.000000000000000000, 3.016910393003145324E-16, 1.000000000000000000 ) ) ;
#1807 = EDGE_CURVE ( 'NONE', #2539, #3039, #1115, .T. ) ;
#1808 = CARTESIAN_POINT ( 'NONE',  ( -45.49999999999999289, 3.500000000000000000, 27.62499999999999289 ) ) ;
#1809 = DIRECTION ( 'NONE',  ( -0.000000000000000000, -1.000000000000000000, 0.000000000000000000 ) ) ;
#1810 = VECTOR ( 'NONE', #2041, 1000.000000000000000 ) ;
#1811 = PRESENTATION_LAYER_ASSIGNMENT (  '', '', ( #2961 ) ) ;
#1812 = VERTEX_POINT ( 'NONE', #2411 ) ;
#1813 = CARTESIAN_POINT ( 'NONE',  ( -45.50000000000000000, 20.99999999999999645, -24.25000000000000355 ) ) ;
#1814 = CARTESIAN_POINT ( 'NONE',  ( -45.49999999999999289, -9.000000000000001776, 24.24999999999998934 ) ) ;
#1815 = VECTOR ( 'NONE', #865, 1000.000000000000000 ) ;
#1816 = EDGE_LOOP ( 'NONE', ( #637, #216, #88, #227 ) ) ;
#1817 = DIRECTION ( 'NONE',  ( 0.000000000000000000, 0.000000000000000000, -1.000000000000000000 ) ) ;
#1818 = EDGE_CURVE ( 'NONE', #1302, #2327, #507, .T. ) ;
#1819 = FACE_OUTER_BOUND ( 'NONE', #994, .T. ) ;
#1820 = TOROIDAL_SURFACE ( 'NONE', #2254, 2.250000000000003997, 0.7500000000000000000 ) ;
#1821 = ORIENTED_EDGE ( 'NONE', *, *, #1768, .F. ) ;
#1822 = AXIS2_PLACEMENT_3D ( 'NONE', #874, #1832, #639 ) ;
#1823 = CARTESIAN_POINT ( 'NONE',  ( -52.00000000000000711, 20.27922077922077548, -18.48595351381402452 ) ) ;
#1824 = DIRECTION ( 'NONE',  ( -0.000000000000000000, -1.000000000000000000, -0.000000000000000000 ) ) ;
#1825 = CARTESIAN_POINT ( 'NONE',  ( -45.50000000000000000, 4.250000000000000000, -22.00000000000000711 ) ) ;
#1826 = EDGE_CURVE ( 'NONE', #1929, #2883, #310, .T. ) ;
#1827 = ORIENTED_EDGE ( 'NONE', *, *, #941, .F. ) ;
#1828 = DIRECTION ( 'NONE',  ( 0.000000000000000000, 0.03896103896103753766, 0.9992407304764335807 ) ) ;
#1829 = DIRECTION ( 'NONE',  ( 0.000000000000000000, 0.000000000000000000, 1.000000000000000000 ) ) ;
#1830 = VERTEX_POINT ( 'NONE', #2881 ) ;
#1831 = DIRECTION ( 'NONE',  ( 0.000000000000000000, -1.000000000000000000, 0.000000000000000000 ) ) ;
#1832 = DIRECTION ( 'NONE',  ( 1.000000000000000000, -0.000000000000000000, 0.000000000000000000 ) ) ;
#1833 = ORIENTED_EDGE ( 'NONE', *, *, #2678, .F. ) ;
#1834 = LINE ( 'NONE', #1823, #2091 ) ;
#1835 = DIRECTION ( 'NONE',  ( 0.000000000000000000, 0.000000000000000000, -1.000000000000000000 ) ) ;
#1836 = VERTEX_POINT ( 'NONE', #1482 ) ;
#1837 = CARTESIAN_POINT ( 'NONE',  ( -52.00000000000000711, 20.24999999999999645, -19.99999999999999645 ) ) ;
#1838 = CARTESIAN_POINT ( 'NONE',  ( -27.00000000000000000, 0.000000000000000000, 19.99999999999999645 ) ) ;
#1839 = ORIENTED_EDGE ( 'NONE', *, *, #2739, .T. ) ;
#1840 = CARTESIAN_POINT ( 'NONE',  ( -33.49999999999999289, 3.500000000000000000, 27.62499999999999289 ) ) ;
#1841 = LINE ( 'NONE', #443, #1655 ) ;
#1842 = EDGE_CURVE ( 'NONE', #126, #1063, #2856, .T. ) ;
#1843 = ORIENTED_EDGE ( 'NONE', *, *, #2098, .F. ) ;
#1844 = CARTESIAN_POINT ( 'NONE',  ( -30.31512112415178706, 0.01665725629660612037, -26.62266263084300988 ) ) ;
#1845 = AXIS2_PLACEMENT_3D ( 'NONE', #2513, #2525, #820 ) ;
#1846 = FACE_OUTER_BOUND ( 'NONE', #999, .T. ) ;
#1847 = VECTOR ( 'NONE', #1376, 1000.000000000000000 ) ;
#1848 = ORIENTED_EDGE ( 'NONE', *, *, #2593, .F. ) ;
#1849 = FACE_OUTER_BOUND ( 'NONE', #882, .T. ) ;
#1850 = CARTESIAN_POINT ( 'NONE',  ( -52.00000000000000711, 0.7500000000000000000, 30.00000000000000000 ) ) ;
#1851 = ADVANCED_FACE ( 'NONE', ( #1948 ), #2194, .T. ) ;
#1852 = AXIS2_PLACEMENT_3D ( 'NONE', #295, #2690, #111 ) ;
#1853 = EDGE_LOOP ( 'NONE', ( #1, #434, #1638, #1031 ) ) ;
#1854 = CARTESIAN_POINT ( 'NONE',  ( -45.49999999999999289, 4.250000000000000000, 24.24999999999999289 ) ) ;
#1855 = DIRECTION ( 'NONE',  ( 1.000000000000000000, -0.000000000000000000, -0.000000000000000000 ) ) ;
#1856 = DIRECTION ( 'NONE',  ( 0.000000000000000000, 0.000000000000000000, -1.000000000000000000 ) ) ;
#1857 = CIRCLE ( 'NONE', #804, 3.374999999999999556 ) ;
#1858 = DIRECTION ( 'NONE',  ( 0.000000000000000000, 0.000000000000000000, -1.000000000000000000 ) ) ;
#1859 = AXIS2_PLACEMENT_3D ( 'NONE', #1562, #70, #1298 ) ;
#1860 = ORIENTED_EDGE ( 'NONE', *, *, #1157, .F. ) ;
#1861 = CARTESIAN_POINT ( 'NONE',  ( -29.66092731328575383, 2.584773978105700878E-17, -25.68397454425898019 ) ) ;
#1862 = AXIS2_PLACEMENT_3D ( 'NONE', #2022, #588, #837 ) ;
#1863 = DIRECTION ( 'NONE',  ( -1.000000000000000000, 0.000000000000000000, -0.000000000000000000 ) ) ;
#1864 = VECTOR ( 'NONE', #1710, 1000.000000000000000 ) ;
#1865 = ORIENTED_EDGE ( 'NONE', *, *, #1807, .T. ) ;
#1866 = DIRECTION ( 'NONE',  ( 1.000000000000000000, -0.000000000000000000, 0.000000000000000000 ) ) ;
#1867 = VECTOR ( 'NONE', #62, 1000.000000000000000 ) ;
#1868 = VERTEX_POINT ( 'NONE', #1902 ) ;
#1869 = AXIS2_PLACEMENT_3D ( 'NONE', #3013, #2768, #2523 ) ;
#1870 = CARTESIAN_POINT ( 'NONE',  ( -30.00000000000000000, 13.25000000000003020, 15.17339375865880946 ) ) ;
#1871 = DIRECTION ( 'NONE',  ( -1.000000000000000000, 0.000000000000000000, 0.000000000000000000 ) ) ;
#1872 = ADVANCED_FACE ( 'NONE', ( #714 ), #280, .T. ) ;
#1873 = CARTESIAN_POINT ( 'NONE',  ( -37.00000000000000000, 0.7500000000000000000, -29.25000000000000000 ) ) ;
#1874 = CARTESIAN_POINT ( 'NONE',  ( -42.00000000000000000, 0.7500000000000000000, 19.99999999999999645 ) ) ;
#1875 = EDGE_LOOP ( 'NONE', ( #2830, #23, #612, #987 ) ) ;
#1876 = CARTESIAN_POINT ( 'NONE',  ( -30.00000000000000000, 20.99999999999999645, 6.999999999999998224 ) ) ;
#1877 = FACE_OUTER_BOUND ( 'NONE', #2547, .T. ) ;
#1878 = EDGE_CURVE ( 'NONE', #1788, #1366, #2808, .T. ) ;
#1879 = ORIENTED_EDGE ( 'NONE', *, *, #1740, .F. ) ;
#1880 = DIRECTION ( 'NONE',  ( 0.000000000000000000, -1.000000000000000000, 0.000000000000000000 ) ) ;
#1881 = EDGE_CURVE ( 'NONE', #785, #1886, #2356, .T. ) ;
#1882 = ORIENTED_EDGE ( 'NONE', *, *, #1328, .F. ) ;
#1883 = DIRECTION ( 'NONE',  ( 0.000000000000000000, 0.000000000000000000, 1.000000000000000000 ) ) ;
#1884 = CYLINDRICAL_SURFACE ( 'NONE', #1659, 0.7500000000000006661 ) ;
#1885 = DIRECTION ( 'NONE',  ( -0.000000000000000000, 1.000000000000000000, -0.000000000000000000 ) ) ;
#1886 = VERTEX_POINT ( 'NONE', #333 ) ;
#1887 = DIRECTION ( 'NONE',  ( 0.000000000000000000, 0.000000000000000000, -1.000000000000000000 ) ) ;
#1888 = DIRECTION ( 'NONE',  ( -1.000000000000000000, -0.000000000000000000, 0.000000000000000000 ) ) ;
#1889 = VERTEX_POINT ( 'NONE', #530 ) ;
#1890 = TOROIDAL_SURFACE ( 'NONE', #2390, 9.250000000000000000, 0.7500000000000000000 ) ;
#1891 = DIRECTION ( 'NONE',  ( 0.000000000000000000, 0.000000000000000000, 1.000000000000000000 ) ) ;
#1892 = ADVANCED_FACE ( 'NONE', ( #2198 ), #569, .F. ) ;
#1893 = AXIS2_PLACEMENT_3D ( 'NONE', #1992, #2903, #2955 ) ;
#1894 = AXIS2_PLACEMENT_3D ( 'NONE', #1854, #2330, #3060 ) ;
#1895 = EDGE_LOOP ( 'NONE', ( #1714, #985, #551, #238 ) ) ;
#1896 = DIRECTION ( 'NONE',  ( -0.000000000000000000, -1.000000000000000000, -0.000000000000000000 ) ) ;
#1897 = EDGE_CURVE ( 'NONE', #3088, #779, #2755, .T. ) ;
#1898 = FACE_OUTER_BOUND ( 'NONE', #2926, .T. ) ;
#1899 = AXIS2_PLACEMENT_3D ( 'NONE', #2673, #1492, #44 ) ;
#1900 = CIRCLE ( 'NONE', #2292, 1.000000000000000666 ) ;
#1901 = CARTESIAN_POINT ( 'NONE',  ( -33.50000000000000000, 20.99999999999999645, -22.00000000000000000 ) ) ;
#1902 = CARTESIAN_POINT ( 'NONE',  ( -27.75000000000000000, 13.25000000000003020, 15.17339375865880946 ) ) ;
#1903 = ORIENTED_EDGE ( 'NONE', *, *, #2043, .F. ) ;
#1904 = ORIENTED_EDGE ( 'NONE', *, *, #1275, .F. ) ;
#1905 = EDGE_CURVE ( 'NONE', #3020, #850, #2019, .T. ) ;
#1906 = CARTESIAN_POINT ( 'NONE',  ( -45.50000000000000000, 20.24999999999999645, -24.25000000000000355 ) ) ;
#1907 = LINE ( 'NONE', #2857, #868 ) ;
#1908 = ORIENTED_EDGE ( 'NONE', *, *, #1578, .F. ) ;
#1909 = EDGE_CURVE ( 'NONE', #3073, #1141, #2003, .T. ) ;
#1910 = CIRCLE ( 'NONE', #2302, 0.7500000000000006661 ) ;
#1911 = DIRECTION ( 'NONE',  ( 1.000000000000000000, -0.000000000000000000, 0.000000000000000000 ) ) ;
#1912 = AXIS2_PLACEMENT_3D ( 'NONE', #1557, #99, #1778 ) ;
#1913 = ORIENTED_EDGE ( 'NONE', *, *, #1327, .F. ) ;
#1914 = LINE ( 'NONE', #1036, #1696 ) ;
#1915 = CIRCLE ( 'NONE', #2708, 0.7500000000000006661 ) ;
#1916 = CARTESIAN_POINT ( 'NONE',  ( -27.75000000000000000, 20.99999999999999645, 6.999999999999998224 ) ) ;
#1917 = CIRCLE ( 'NONE', #510, 0.7499999999999997780 ) ;
#1918 = EDGE_CURVE ( 'NONE', #1141, #1868, #910, .T. ) ;
#1919 = EDGE_LOOP ( 'NONE', ( #2846, #2073, #1452, #1860 ) ) ;
#1920 = CARTESIAN_POINT ( 'NONE',  ( -27.75000000000000000, 20.24999999999999645, -0.1807033081725376855 ) ) ;
#1921 = AXIS2_PLACEMENT_3D ( 'NONE', #2943, #56, #509 ) ;
#1922 = EDGE_LOOP ( 'NONE', ( #1967, #2588, #697, #1226 ) ) ;
#1923 = ORIENTED_EDGE ( 'NONE', *, *, #1664, .T. ) ;
#1924 = DIRECTION ( 'NONE',  ( -0.000000000000000000, -1.000000000000000000, 3.016910393003145817E-16 ) ) ;
#1925 = CARTESIAN_POINT ( 'NONE',  ( -33.49999999999999289, 3.500000000000000000, 24.24999999999999289 ) ) ;
#1926 = FACE_OUTER_BOUND ( 'NONE', #1289, .T. ) ;
#1927 = EDGE_LOOP ( 'NONE', ( #2522, #1211, #1019, #661 ) ) ;
#1928 = DIRECTION ( 'NONE',  ( 0.000000000000000000, 0.000000000000000000, -1.000000000000000000 ) ) ;
#1929 = VERTEX_POINT ( 'NONE', #600 ) ;
#1930 = FACE_OUTER_BOUND ( 'NONE', #2991, .T. ) ;
#1931 = DIRECTION ( 'NONE',  ( -0.000000000000000000, 3.016910393003143845E-16, -1.000000000000000000 ) ) ;
#1932 = CARTESIAN_POINT ( 'NONE',  ( -45.49999999999999289, -9.000000000000001776, 24.24999999999998934 ) ) ;
#1933 = EDGE_CURVE ( 'NONE', #2477, #951, #2405, .T. ) ;
#1934 = EDGE_LOOP ( 'NONE', ( #1198, #1398, #2414, #2524 ) ) ;
#1935 = VERTEX_POINT ( 'NONE', #1326 ) ;
#1936 = CARTESIAN_POINT ( 'NONE',  ( -33.49999999999999289, 1.084202172485504434E-16, 20.12499999999999289 ) ) ;
#1937 = ADVANCED_FACE ( 'NONE', ( #2710 ), #299, .T. ) ;
#1938 = DIRECTION ( 'NONE',  ( 0.000000000000000000, 0.000000000000000000, -1.000000000000000000 ) ) ;
#1939 = VECTOR ( 'NONE', #2596, 1000.000000000000000 ) ;
#1940 = ORIENTED_EDGE ( 'NONE', *, *, #1547, .T. ) ;
#1941 = CARTESIAN_POINT ( 'NONE',  ( -42.00000000000000000, 0.000000000000000000, -19.99999999999999645 ) ) ;
#1942 = TOROIDAL_SURFACE ( 'NONE', #595, 9.250000000000000000, 0.7500000000000000000 ) ;
#1943 = ORIENTED_EDGE ( 'NONE', *, *, #576, .T. ) ;
#1944 = CARTESIAN_POINT ( 'NONE',  ( -30.00000000000000000, 20.25000000000000000, 14.18070330817253399 ) ) ;
#1945 = VECTOR ( 'NONE', #3082, 1000.000000000000000 ) ;
#1946 = AXIS2_PLACEMENT_3D ( 'NONE', #691, #1673, #958 ) ;
#1947 = CARTESIAN_POINT ( 'NONE',  ( -32.64646984929432705, 0.001925428987206514314, 28.23015102442306556 ) ) ;
#1948 = FACE_OUTER_BOUND ( 'NONE', #525, .T. ) ;
#1949 = ORIENTED_EDGE ( 'NONE', *, *, #410, .F. ) ;
#1950 = ORIENTED_EDGE ( 'NONE', *, *, #1674, .T. ) ;
#1951 = FACE_BOUND ( 'NONE', #2604, .T. ) ;
#1952 = DIRECTION ( 'NONE',  ( -1.000000000000000000, -0.000000000000000000, -0.000000000000000000 ) ) ;
#1953 = ORIENTED_EDGE ( 'NONE', *, *, #705, .F. ) ;
#1954 = AXIS2_PLACEMENT_3D ( 'NONE', #137, #52, #2904 ) ;
#1955 = CARTESIAN_POINT ( 'NONE',  ( -51.25000000000000711, 20.99999999999999645, -1.734723475976807094E-15 ) ) ;
#1956 = ORIENTED_EDGE ( 'NONE', *, *, #1121, .F. ) ;
#1957 = DIRECTION ( 'NONE',  ( 1.000000000000000000, -0.000000000000000000, 0.000000000000000000 ) ) ;
#1958 = CARTESIAN_POINT ( 'NONE',  ( -45.49999999999999289, 4.250000000000000000, 24.24999999999999289 ) ) ;
#1959 = VECTOR ( 'NONE', #2434, 1000.000000000000000 ) ;
#1960 = DIRECTION ( 'NONE',  ( 1.000000000000000000, 0.000000000000000000, 0.000000000000000000 ) ) ;
#1961 = FACE_OUTER_BOUND ( 'NONE', #2015, .T. ) ;
#1962 = AXIS2_PLACEMENT_3D ( 'NONE', #174, #877, #860 ) ;
#1963 = ORIENTED_EDGE ( 'NONE', *, *, #2212, .T. ) ;
#1964 = ORIENTED_EDGE ( 'NONE', *, *, #2785, .T. ) ;
#1965 = AXIS2_PLACEMENT_3D ( 'NONE', #2275, #171, #184 ) ;
#1966 = CARTESIAN_POINT ( 'NONE',  ( -33.49999999999999289, 20.24999999999999645, 24.25000000000000000 ) ) ;
#1967 = ORIENTED_EDGE ( 'NONE', *, *, #1395, .T. ) ;
#1968 = DIRECTION ( 'NONE',  ( 0.000000000000000000, 0.000000000000000000, -1.000000000000000000 ) ) ;
#1969 = CARTESIAN_POINT ( 'NONE',  ( -30.00000000000000000, 5.499999999999998224, -1.749999999999999778 ) ) ;
#1970 = ADVANCED_FACE ( 'NONE', ( #349 ), #2707, .T. ) ;
#1971 = ORIENTED_EDGE ( 'NONE', *, *, #479, .T. ) ;
#1972 = DIRECTION ( 'NONE',  ( 0.000000000000000000, -1.000000000000000000, 0.000000000000000000 ) ) ;
#1973 = CARTESIAN_POINT ( 'NONE',  ( -49.42633995206470843, 0.000000000000000000, -25.51470533359376702 ) ) ;
#1974 = SPHERICAL_SURFACE ( 'NONE', #2945, 0.7500000000000000000 ) ;
#1975 = CARTESIAN_POINT ( 'NONE',  ( -45.50000000000000000, 3.500000000000000000, -24.25000000000001066 ) ) ;
#1976 = ORIENTED_EDGE ( 'NONE', *, *, #1509, .T. ) ;
#1977 = ORIENTED_EDGE ( 'NONE', *, *, #37, .F. ) ;
#1978 = CARTESIAN_POINT ( 'NONE',  ( -27.75000000000000000, 5.499999999999998224, -1.749999999999999778 ) ) ;
#1979 = FACE_OUTER_BOUND ( 'NONE', #2420, .T. ) ;
#1980 = ORIENTED_EDGE ( 'NONE', *, *, #1381, .T. ) ;
#1981 = CARTESIAN_POINT ( 'NONE',  ( -33.49999999999999289, 0.7500000000000002220, 27.62499999999999289 ) ) ;
#1982 = DIRECTION ( 'NONE',  ( 0.000000000000000000, 0.000000000000000000, -1.000000000000000000 ) ) ;
#1983 = ORIENTED_EDGE ( 'NONE', *, *, #2567, .T. ) ;
#1984 = CARTESIAN_POINT ( 'NONE',  ( -27.00000000000000000, 0.7500000000000000000, -19.99999999999999645 ) ) ;
#1985 = DIRECTION ( 'NONE',  ( -1.000000000000000000, 0.000000000000000000, 0.000000000000000000 ) ) ;
#1986 = ADVANCED_FACE ( 'NONE', ( #548 ), #2456, .F. ) ;
#1987 = VECTOR ( 'NONE', #1325, 1000.000000000000000 ) ;
#1988 = DIRECTION ( 'NONE',  ( 0.000000000000000000, 0.000000000000000000, 1.000000000000000000 ) ) ;
#1989 = AXIS2_PLACEMENT_3D ( 'NONE', #1966, #1765, #1536 ) ;
#1990 = ORIENTED_EDGE ( 'NONE', *, *, #2012, .F. ) ;
#1991 = VERTEX_POINT ( 'NONE', #2742 ) ;
#1992 = CARTESIAN_POINT ( 'NONE',  ( -33.49999999999999289, 20.24999999999999645, 24.25000000000000000 ) ) ;
#1993 = CARTESIAN_POINT ( 'NONE',  ( -29.98283771379400875, 20.70478016039318092, 18.50254634787733110 ) ) ;
#1994 = EDGE_CURVE ( 'NONE', #2572, #2717, #2965, .T. ) ;
#1995 = ORIENTED_EDGE ( 'NONE', *, *, #2986, .F. ) ;
#1996 = DIRECTION ( 'NONE',  ( 0.000000000000000000, -1.000000000000000000, 0.000000000000000000 ) ) ;
#1997 = LINE ( 'NONE', #2719, #363 ) ;
#1998 = ORIENTED_EDGE ( 'NONE', *, *, #424, .F. ) ;
#1999 = DIRECTION ( 'NONE',  ( 0.000000000000000000, -3.469446951953613696E-16, 1.000000000000000000 ) ) ;
#2000 = CIRCLE ( 'NONE', #2300, 0.7500000000000006661 ) ;
#2001 = FACE_OUTER_BOUND ( 'NONE', #2067, .T. ) ;
#2002 = AXIS2_PLACEMENT_3D ( 'NONE', #1874, #3038, #383 ) ;
#2003 = LINE ( 'NONE', #2438, #3017 ) ;
#2004 = AXIS2_PLACEMENT_3D ( 'NONE', #1244, #248, #7 ) ;
#2005 = EDGE_CURVE ( 'NONE', #2329, #181, #1067, .T. ) ;
#2006 = EDGE_LOOP ( 'NONE', ( #1116, #1148, #571, #3031 ) ) ;
#2007 = ORIENTED_EDGE ( 'NONE', *, *, #832, .T. ) ;
#2008 = CARTESIAN_POINT ( 'NONE',  ( -30.00000000000000000, 13.24999999999984190, -13.42339375865871176 ) ) ;
#2009 = CIRCLE ( 'NONE', #1520, 0.7499999999999991118 ) ;
#2010 = AXIS2_PLACEMENT_3D ( 'NONE', #28, #2860, #435 ) ;
#2011 = EDGE_LOOP ( 'NONE', ( #2647, #1153, #448, #1441 ) ) ;
#2012 = EDGE_CURVE ( 'NONE', #1191, #785, #81, .T. ) ;
#2013 = DIRECTION ( 'NONE',  ( -1.000000000000000000, 0.000000000000000000, 0.000000000000000000 ) ) ;
#2014 = CIRCLE ( 'NONE', #365, 0.7500000000000006661 ) ;
#2015 = EDGE_LOOP ( 'NONE', ( #967, #924, #1704, #2449 ) ) ;
#2016 = DIRECTION ( 'NONE',  ( 0.000000000000000000, 0.000000000000000000, -1.000000000000000000 ) ) ;
#2017 = CARTESIAN_POINT ( 'NONE',  ( -33.50000000000000000, 0.7500000000000002220, -20.12500000000001066 ) ) ;
#2018 = CYLINDRICAL_SURFACE ( 'NONE', #1096, 10.00000000000000000 ) ;
#2019 = LINE ( 'NONE', #2987, #1418 ) ;
#2020 = ORIENTED_EDGE ( 'NONE', *, *, #2866, .T. ) ;
#2021 = CARTESIAN_POINT ( 'NONE',  ( -27.75000000000000000, 13.25000000000003020, 11.67339375865881301 ) ) ;
#2022 = CARTESIAN_POINT ( 'NONE',  ( -29.25000000000000000, 20.99999999999999645, 6.999999999999998224 ) ) ;
#2023 = ADVANCED_FACE ( 'NONE', ( #129 ), #2472, .T. ) ;
#2024 = ORIENTED_EDGE ( 'NONE', *, *, #3010, .T. ) ;
#2025 = EDGE_CURVE ( 'NONE', #2329, #2630, #1044, .T. ) ;
#2026 = DIRECTION ( 'NONE',  ( 0.000000000000000000, 0.000000000000000000, 1.000000000000000000 ) ) ;
#2027 = ORIENTED_EDGE ( 'NONE', *, *, #1532, .F. ) ;
#2028 = CARTESIAN_POINT ( 'NONE',  ( -51.25000000000000711, 0.7500000000000000000, 0.000000000000000000 ) ) ;
#2029 = DIRECTION ( 'NONE',  ( -0.000000000000000000, 1.000000000000000000, 3.016910393003143845E-16 ) ) ;
#2030 = DIRECTION ( 'NONE',  ( 1.000000000000000000, 0.000000000000000000, 0.000000000000000000 ) ) ;
#2031 = EDGE_CURVE ( 'NONE', #1623, #766, #2564, .T. ) ;
#2032 = AXIS2_PLACEMENT_3D ( 'NONE', #1777, #1543, #2229 ) ;
#2033 = ORIENTED_EDGE ( 'NONE', *, *, #3072, .F. ) ;
#2034 = CYLINDRICAL_SURFACE ( 'NONE', #3003, 1.500000000000004885 ) ;
#2035 = CARTESIAN_POINT ( 'NONE',  ( -30.00000000000000000, 20.24999999999999645, -0.1807033081725376855 ) ) ;
#2036 = ORIENTED_EDGE ( 'NONE', *, *, #921, .F. ) ;
#2037 = TOROIDAL_SURFACE ( 'NONE', #2178, 2.250000000000003997, 0.7500000000000000000 ) ;
#2038 = DIRECTION ( 'NONE',  ( 0.000000000000000000, 0.000000000000000000, 1.000000000000000000 ) ) ;
#2039 = DIRECTION ( 'NONE',  ( 0.000000000000000000, 3.016910393003145817E-16, 1.000000000000000000 ) ) ;
#2040 = VERTEX_POINT ( 'NONE', #1574 ) ;
#2041 = DIRECTION ( 'NONE',  ( -0.000000000000000000, 1.000000000000000000, 3.016910393003143845E-16 ) ) ;
#2042 = DIRECTION ( 'NONE',  ( 0.000000000000000000, 0.000000000000000000, -1.000000000000000000 ) ) ;
#2043 = EDGE_CURVE ( 'NONE', #1668, #1427, #2820, .T. ) ;
#2044 = AXIS2_PLACEMENT_3D ( 'NONE', #2930, #76, #2451 ) ;
#2045 = LINE ( 'NONE', #141, #2888 ) ;
#2046 = CARTESIAN_POINT ( 'NONE',  ( -45.50000000000000000, 3.500000000000000000, -24.25000000000001066 ) ) ;
#2047 = TOROIDAL_SURFACE ( 'NONE', #1862, 7.000000000000000000, 0.7500000000000000000 ) ;
#2048 = ORIENTED_EDGE ( 'NONE', *, *, #2792, .F. ) ;
#2049 = DIRECTION ( 'NONE',  ( 0.000000000000000000, 0.000000000000000000, 1.000000000000000000 ) ) ;
#2050 = AXIS2_PLACEMENT_3D ( 'NONE', #1204, #268, #2368 ) ;
#2051 = ORIENTED_EDGE ( 'NONE', *, *, #2620, .F. ) ;
#2052 = AXIS2_PLACEMENT_3D ( 'NONE', #440, #2514, #2076 ) ;
#2053 = CARTESIAN_POINT ( 'NONE',  ( -27.00000000000000000, 20.03448275862068684, 13.93309284927003233 ) ) ;
#2054 = FACE_BOUND ( 'NONE', #830, .T. ) ;
#2055 = CIRCLE ( 'NONE', #1769, 4.125000000000000000 ) ;
#2056 = ORIENTED_EDGE ( 'NONE', *, *, #564, .T. ) ;
#2057 = CIRCLE ( 'NONE', #1527, 10.00000000000000178 ) ;
#2058 = CARTESIAN_POINT ( 'NONE',  ( -42.00000000000000000, 20.24999999999999289, -29.25000000000000000 ) ) ;
#2059 = CARTESIAN_POINT ( 'NONE',  ( -33.50000000000000000, 20.24999999999999645, -24.25000000000000355 ) ) ;
#2060 = EDGE_CURVE ( 'NONE', #2717, #1014, #2249, .T. ) ;
#2061 = VERTEX_POINT ( 'NONE', #1631 ) ;
#2062 = DIRECTION ( 'NONE',  ( 0.000000000000000000, 0.000000000000000000, -1.000000000000000000 ) ) ;
#2063 = EDGE_CURVE ( 'NONE', #3020, #1836, #1215, .T. ) ;
#2064 = CARTESIAN_POINT ( 'NONE',  ( -45.50000000000000000, 0.000000000000000000, -24.25000000000001066 ) ) ;
#2065 = ORIENTED_EDGE ( 'NONE', *, *, #1107, .T. ) ;
#2066 = CYLINDRICAL_SURFACE ( 'NONE', #2587, 0.7500000000000006661 ) ;
#2067 = EDGE_LOOP ( 'NONE', ( #3076, #24, #973, #123, #623, #197 ) ) ;
#2068 = CARTESIAN_POINT ( 'NONE',  ( -30.71197869959502924, 0.02347322925070027821, -27.03861063627891426 ) ) ;
#2069 = CARTESIAN_POINT ( 'NONE',  ( -45.49999999999999289, 3.500000000000000000, 20.87499999999999289 ) ) ;
#2070 = ORIENTED_EDGE ( 'NONE', *, *, #2777, .T. ) ;
#2071 = LINE ( 'NONE', #1336, #104 ) ;
#2072 = CARTESIAN_POINT ( 'NONE',  ( -45.50000000000000000, 0.000000000000000000, -24.25000000000001066 ) ) ;
#2073 = ORIENTED_EDGE ( 'NONE', *, *, #2151, .F. ) ;
#2074 = EDGE_CURVE ( 'NONE', #561, #1374, #113, .T. ) ;
#2075 = DIRECTION ( 'NONE',  ( -1.000000000000000000, -0.000000000000000000, -0.000000000000000000 ) ) ;
#2076 = DIRECTION ( 'NONE',  ( 0.000000000000000000, 0.000000000000000000, -1.000000000000000000 ) ) ;
#2077 = CARTESIAN_POINT ( 'NONE',  ( -45.49999999999999289, 0.7500000000000002220, 24.24999999999999289 ) ) ;
#2078 = AXIS2_PLACEMENT_3D ( 'NONE', #1293, #582, #2968 ) ;
#2079 = ORIENTED_EDGE ( 'NONE', *, *, #243, .T. ) ;
#2080 = CARTESIAN_POINT ( 'NONE',  ( -31.60805449694840874, 0.01983650975386921228, -27.73910021518626223 ) ) ;
#2081 = CIRCLE ( 'NONE', #841, 2.250000000000005329 ) ;
#2082 = DIRECTION ( 'NONE',  ( -3.987870059716771786E-17, 0.9904418356100050946, -0.1379310344827578416 ) ) ;
#2083 = ORIENTED_EDGE ( 'NONE', *, *, #1395, .F. ) ;
#2084 = CARTESIAN_POINT ( 'NONE',  ( -27.00000000000000000, 13.25000000000003020, 15.92339375865881124 ) ) ;
#2085 = DIRECTION ( 'NONE',  ( 0.000000000000000000, 3.016910393003145817E-16, 1.000000000000000000 ) ) ;
#2086 = CIRCLE ( 'NONE', #1360, 4.125000000000000000 ) ;
#2087 = VERTEX_POINT ( 'NONE', #2348 ) ;
#2088 = CARTESIAN_POINT ( 'NONE',  ( -30.00000000000000000, 19.99999999999999645, -0.1807033081725376578 ) ) ;
#2089 = DIRECTION ( 'NONE',  ( -0.000000000000000000, 1.000000000000000000, -0.000000000000000000 ) ) ;
#2090 = EDGE_LOOP ( 'NONE', ( #1252, #1780 ) ) ;
#2091 = VECTOR ( 'NONE', #844, 1000.000000000000000 ) ;
#2092 = CARTESIAN_POINT ( 'NONE',  ( -51.25000000000000711, 0.7500000000000000000, 19.99999999999999645 ) ) ;
#2093 = EDGE_CURVE ( 'NONE', #1302, #522, #502, .T. ) ;
#2094 = AXIS2_PLACEMENT_3D ( 'NONE', #370, #1749, #1519 ) ;
#2095 = ORIENTED_EDGE ( 'NONE', *, *, #1789, .F. ) ;
#2096 = LINE ( 'NONE', #252, #893 ) ;
#2097 = AXIS2_PLACEMENT_3D ( 'NONE', #1728, #821, #2725 ) ;
#2098 = EDGE_CURVE ( 'NONE', #2758, #1830, #1314, .T. ) ;
#2099 = CIRCLE ( 'NONE', #2307, 9.250000000000000000 ) ;
#2100 = VERTEX_POINT ( 'NONE', #1377 ) ;
#2101 = FACE_OUTER_BOUND ( 'NONE', #1875, .T. ) ;
#2102 = AXIS2_PLACEMENT_3D ( 'NONE', #1941, #2623, #2129 ) ;
#2103 = ORIENTED_EDGE ( 'NONE', *, *, #132, .T. ) ;
#2104 = CIRCLE ( 'NONE', #1921, 0.7500000000000006661 ) ;
#2105 = CARTESIAN_POINT ( 'NONE',  ( -45.49999999999999289, 20.24999999999999645, 24.25000000000000000 ) ) ;
#2106 = EDGE_CURVE ( 'NONE', #387, #1589, #2500, .T. ) ;
#2107 = DIRECTION ( 'NONE',  ( 1.000000000000000000, -0.000000000000000000, 0.000000000000000000 ) ) ;
#2108 = DIRECTION ( 'NONE',  ( 0.000000000000000000, 0.000000000000000000, -1.000000000000000000 ) ) ;
#2109 = FACE_OUTER_BOUND ( 'NONE', #2713, .T. ) ;
#2110 = ORIENTED_EDGE ( 'NONE', *, *, #2106, .T. ) ;
#2111 = FACE_OUTER_BOUND ( 'NONE', #2854, .T. ) ;
#2112 = DIRECTION ( 'NONE',  ( 0.000000000000000000, 0.000000000000000000, 1.000000000000000000 ) ) ;
#2113 = ORIENTED_EDGE ( 'NONE', *, *, #2119, .T. ) ;
#2114 = FACE_OUTER_BOUND ( 'NONE', #1285, .T. ) ;
#2115 = EDGE_LOOP ( 'NONE', ( #1347, #1998, #1995, #9 ) ) ;
#2116 = DIRECTION ( 'NONE',  ( -0.000000000000000000, 1.000000000000000000, 3.016910393003143845E-16 ) ) ;
#2117 = LINE ( 'NONE', #2849, #913 ) ;
#2118 = PRODUCT_DEFINITION_CONTEXT ( 'detailed design', #630, 'design' ) ;
#2119 = EDGE_CURVE ( 'NONE', #549, #110, #1340, .T. ) ;
#2120 = DIRECTION ( 'NONE',  ( 0.000000000000000000, -1.000000000000000000, 0.000000000000000000 ) ) ;
#2121 = DIRECTION ( 'NONE',  ( -0.000000000000000000, 1.000000000000000000, -0.000000000000000000 ) ) ;
#2122 = EDGE_CURVE ( 'NONE', #2100, #2862, #665, .T. ) ;
#2123 = VERTEX_POINT ( 'NONE', #646 ) ;
#2124 = ORIENTED_EDGE ( 'NONE', *, *, #1785, .F. ) ;
#2125 = DIRECTION ( 'NONE',  ( 0.000000000000000000, 1.000000000000000000, -3.016910393003145817E-16 ) ) ;
#2126 = CARTESIAN_POINT ( 'NONE',  ( -27.00000000000000000, 13.24999999999984190, -13.42339375865871176 ) ) ;
#2127 = ORIENTED_EDGE ( 'NONE', *, *, #2332, .T. ) ;
#2128 = CIRCLE ( 'NONE', #237, 1.749999999999999778 ) ;
#2129 = DIRECTION ( 'NONE',  ( 0.000000000000000000, 0.000000000000000000, -1.000000000000000000 ) ) ;
#2130 = ADVANCED_FACE ( 'NONE', ( #162 ), #2282, .F. ) ;
#2131 = CIRCLE ( 'NONE', #992, 0.7500000000000006661 ) ;
#2132 = ORIENTED_EDGE ( 'NONE', *, *, #775, .T. ) ;
#2133 = CARTESIAN_POINT ( 'NONE',  ( -48.14762566922429698, 0.02455461328306448449, 27.16677264687440996 ) ) ;
#2134 = AXIS2_PLACEMENT_3D ( 'NONE', #2, #1504, #2188 ) ;
#2135 = ADVANCED_FACE ( 'NONE', ( #1406 ), #1708, .T. ) ;
#2136 = DIRECTION ( 'NONE',  ( 0.000000000000000000, 0.000000000000000000, -1.000000000000000000 ) ) ;
#2137 = CARTESIAN_POINT ( 'NONE',  ( -45.50000000000000000, 20.24999999999999645, -24.25000000000000355 ) ) ;
#2138 = FACE_OUTER_BOUND ( 'NONE', #1927, .T. ) ;
#2139 = ORIENTED_EDGE ( 'NONE', *, *, #285, .T. ) ;
#2140 = VERTEX_POINT ( 'NONE', #2804 ) ;
#2141 = CYLINDRICAL_SURFACE ( 'NONE', #693, 1.500000000000004885 ) ;
#2142 = CARTESIAN_POINT ( 'NONE',  ( -45.50000000000000000, 0.000000000000000000, -24.25000000000001066 ) ) ;
#2143 = VERTEX_POINT ( 'NONE', #190 ) ;
#2144 = AXIS2_PLACEMENT_3D ( 'NONE', #884, #1345, #1858 ) ;
#2145 = CARTESIAN_POINT ( 'NONE',  ( -33.50000000000000000, 3.500000000000000000, -24.25000000000001066 ) ) ;
#2146 = VECTOR ( 'NONE', #1077, 1000.000000000000000 ) ;
#2147 = EDGE_LOOP ( 'NONE', ( #2782, #1882, #1672, #2272 ) ) ;
#2148 = EDGE_CURVE ( 'NONE', #1629, #1608, #362, .T. ) ;
#2149 = DIRECTION ( 'NONE',  ( 1.000000000000000000, 0.000000000000000000, 0.000000000000000000 ) ) ;
#2150 = AXIS2_PLACEMENT_3D ( 'NONE', #3102, #1880, #450 ) ;
#2151 = EDGE_CURVE ( 'NONE', #2087, #53, #666, .T. ) ;
#2152 = CARTESIAN_POINT ( 'NONE',  ( -37.00000000000000000, 20.24999999999999289, 29.25000000000000000 ) ) ;
#2153 = DIRECTION ( 'NONE',  ( 0.000000000000000000, 0.000000000000000000, -1.000000000000000000 ) ) ;
#2154 = AXIS2_PLACEMENT_3D ( 'NONE', #1567, #2257, #840 ) ;
#2155 = ORIENTED_EDGE ( 'NONE', *, *, #1807, .F. ) ;
#2156 = ORIENTED_EDGE ( 'NONE', *, *, #346, .F. ) ;
#2157 = DIRECTION ( 'NONE',  ( 0.000000000000000000, -1.000000000000000000, 0.000000000000000000 ) ) ;
#2158 = DIRECTION ( 'NONE',  ( 1.000000000000000000, 0.000000000000000000, 0.000000000000000000 ) ) ;
#2159 = EDGE_CURVE ( 'NONE', #387, #1677, #560, .T. ) ;
#2160 = EDGE_LOOP ( 'NONE', ( #1414, #2935 ) ) ;
#2161 = CARTESIAN_POINT ( 'NONE',  ( -33.50000000000000000, 20.24999999999999645, -24.25000000000000355 ) ) ;
#2162 = ORIENTED_EDGE ( 'NONE', *, *, #2238, .T. ) ;
#2163 = DIRECTION ( 'NONE',  ( 0.000000000000000000, -1.000000000000000000, 0.000000000000000000 ) ) ;
#2164 = ADVANCED_FACE ( 'NONE', ( #632 ), #2526, .T. ) ;
#2165 = CARTESIAN_POINT ( 'NONE',  ( -29.66092731305802843, -4.412056979393722905E-14, 25.68397454437638672 ) ) ;
#2166 = CARTESIAN_POINT ( 'NONE',  ( -33.50000000000000000, 3.500000000000000444, -26.50000000000001776 ) ) ;
#2167 = EDGE_CURVE ( 'NONE', #903, #2344, #449, .T. ) ;
#2168 = VERTEX_POINT ( 'NONE', #750 ) ;
#2169 = ORIENTED_EDGE ( 'NONE', *, *, #2216, .T. ) ;
#2170 = LINE ( 'NONE', #2923, #1355 ) ;
#2171 = ORIENTED_EDGE ( 'NONE', *, *, #802, .T. ) ;
#2172 = DIRECTION ( 'NONE',  ( 0.000000000000000000, 0.000000000000000000, -1.000000000000000000 ) ) ;
#2173 = EDGE_LOOP ( 'NONE', ( #2156, #2519, #2293, #2079 ) ) ;
#2174 = DIRECTION ( 'NONE',  ( -1.000000000000000000, -0.000000000000000000, -0.000000000000000000 ) ) ;
#2175 = EDGE_CURVE ( 'NONE', #2862, #1271, #265, .T. ) ;
#2176 = CARTESIAN_POINT ( 'NONE',  ( -45.98835076958474843, 0.000000000000000000, -28.34599054269489926 ) ) ;
#2177 = TOROIDAL_SURFACE ( 'NONE', #842, 2.499999999999999556, 0.7500000000000000000 ) ;
#2178 = AXIS2_PLACEMENT_3D ( 'NONE', #2234, #2668, #573 ) ;
#2179 = AXIS2_PLACEMENT_3D ( 'NONE', #89, #483, #107 ) ;
#2180 = DIRECTION ( 'NONE',  ( 0.000000000000000000, 0.000000000000000000, 1.000000000000000000 ) ) ;
#2181 = DIRECTION ( 'NONE',  ( 0.000000000000000000, 0.000000000000000000, 1.000000000000000000 ) ) ;
#2182 = CIRCLE ( 'NONE', #847, 2.499999999999998668 ) ;
#2183 = ORIENTED_EDGE ( 'NONE', *, *, #2960, .F. ) ;
#2184 = ORIENTED_EDGE ( 'NONE', *, *, #79, .F. ) ;
#2185 = DIRECTION ( 'NONE',  ( 0.000000000000000000, 0.000000000000000000, -1.000000000000000000 ) ) ;
#2186 = EDGE_CURVE ( 'NONE', #2040, #878, #57, .T. ) ;
#2187 = ORIENTED_EDGE ( 'NONE', *, *, #1387, .T. ) ;
#2188 = DIRECTION ( 'NONE',  ( 0.000000000000000000, 0.000000000000000000, -1.000000000000000000 ) ) ;
#2189 = DIRECTION ( 'NONE',  ( -0.000000000000000000, 1.000000000000000000, 3.016910393003143845E-16 ) ) ;
#2190 = COLOUR_RGB ( '',0.7921568627450980005, 0.8196078431372548767, 0.9333333333333333481 ) ;
#2191 = ORIENTED_EDGE ( 'NONE', *, *, #2678, .T. ) ;
#2192 = CARTESIAN_POINT ( 'NONE',  ( -45.50000000000000000, 3.500000000000000000, -20.87500000000001066 ) ) ;
#2193 = CARTESIAN_POINT ( 'NONE',  ( -37.00000000000000000, 0.000000000000000000, 30.00000000000000000 ) ) ;
#2194 = TOROIDAL_SURFACE ( 'NONE', #1515, 4.125000000000000000, 0.7500000000000000000 ) ;
#2195 = CIRCLE ( 'NONE', #2967, 10.00000000000000178 ) ;
#2196 = ADVANCED_FACE ( 'NONE', ( #1898 ), #1884, .T. ) ;
#2197 = DIRECTION ( 'NONE',  ( 1.000000000000000000, 0.000000000000000000, 0.000000000000000000 ) ) ;
#2198 = FACE_OUTER_BOUND ( 'NONE', #3045, .T. ) ;
#2199 = ORIENTED_EDGE ( 'NONE', *, *, #2620, .T. ) ;
#2200 = ORIENTED_EDGE ( 'NONE', *, *, #1346, .F. ) ;
#2201 = CIRCLE ( 'NONE', #618, 0.7499999999999993339 ) ;
#2202 = DIRECTION ( 'NONE',  ( 0.000000000000000000, 0.000000000000000000, -1.000000000000000000 ) ) ;
#2203 = CARTESIAN_POINT ( 'NONE',  ( -52.00000000000000711, 20.24999999999999645, 19.99999999999999645 ) ) ;
#2204 = EDGE_CURVE ( 'NONE', #735, #2670, #2658, .T. ) ;
#2205 = ORIENTED_EDGE ( 'NONE', *, *, #2074, .F. ) ;
#2206 = CARTESIAN_POINT ( 'NONE',  ( -33.50000000000000000, 0.7500000000000002220, -28.37500000000001066 ) ) ;
#2207 = EDGE_LOOP ( 'NONE', ( #907, #2533, #575, #1544 ) ) ;
#2208 = FACE_OUTER_BOUND ( 'NONE', #1185, .T. ) ;
#2209 = CARTESIAN_POINT ( 'NONE',  ( -46.87999999044745891, 0.01047719591341316966, -28.00817497427292579 ) ) ;
#2210 = DIRECTION ( 'NONE',  ( 0.000000000000000000, 0.000000000000000000, -1.000000000000000000 ) ) ;
#2211 = DIRECTION ( 'NONE',  ( 0.000000000000000000, 0.000000000000000000, -1.000000000000000000 ) ) ;
#2212 = EDGE_CURVE ( 'NONE', #1538, #561, #709, .T. ) ;
#2213 = ORIENTED_EDGE ( 'NONE', *, *, #562, .T. ) ;
#2214 = ORIENTED_EDGE ( 'NONE', *, *, #832, .F. ) ;
#2215 = DIRECTION ( 'NONE',  ( 0.000000000000000000, 0.000000000000000000, -1.000000000000000000 ) ) ;
#2216 = EDGE_CURVE ( 'NONE', #920, #1730, #2099, .T. ) ;
#2217 = DIRECTION ( 'NONE',  ( 0.000000000000000000, 0.000000000000000000, 1.000000000000000000 ) ) ;
#2218 = ORIENTED_EDGE ( 'NONE', *, *, #2656, .F. ) ;
#2219 = DIRECTION ( 'NONE',  ( 0.000000000000000000, -1.000000000000000000, 0.000000000000000000 ) ) ;
#2220 = DIRECTION ( 'NONE',  ( 0.000000000000000000, 0.000000000000000000, 1.000000000000000000 ) ) ;
#2221 = ADVANCED_FACE ( 'NONE', ( #692 ), #484, .F. ) ;
#2222 = AXIS2_PLACEMENT_3D ( 'NONE', #473, #1391, #2108 ) ;
#2223 = ORIENTED_EDGE ( 'NONE', *, *, #959, .T. ) ;
#2224 = CARTESIAN_POINT ( 'NONE',  ( -33.49999999999999289, 0.000000000000000000, 24.24999999999999289 ) ) ;
#2225 = ADVANCED_FACE ( 'NONE', ( #1930 ), #314, .T. ) ;
#2226 = DIRECTION ( 'NONE',  ( 0.000000000000000000, -1.000000000000000000, 0.000000000000000000 ) ) ;
#2227 = EDGE_CURVE ( 'NONE', #53, #315, #2117, .T. ) ;
#2228 = CIRCLE ( 'NONE', #890, 0.7500000000000006661 ) ;
#2229 = DIRECTION ( 'NONE',  ( 0.000000000000000000, 0.000000000000000000, 1.000000000000000000 ) ) ;
#2230 = AXIS2_PLACEMENT_3D ( 'NONE', #1573, #2299, #2724 ) ;
#2231 = CARTESIAN_POINT ( 'NONE',  ( -27.75000000000000000, 13.25000000000003020, 13.42339375865881124 ) ) ;
#2232 = ORIENTED_EDGE ( 'NONE', *, *, #243, .F. ) ;
#2233 = ORIENTED_EDGE ( 'NONE', *, *, #255, .T. ) ;
#2234 = CARTESIAN_POINT ( 'NONE',  ( -45.49999999999999289, 20.24999999999999645, 24.25000000000000000 ) ) ;
#2235 = LINE ( 'NONE', #2746, #249 ) ;
#2236 = AXIS2_PLACEMENT_3D ( 'NONE', #2429, #1052, #1550 ) ;
#2237 = ORIENTED_EDGE ( 'NONE', *, *, #1712, .T. ) ;
#2238 = EDGE_CURVE ( 'NONE', #3028, #1374, #2394, .T. ) ;
#2239 = FACE_BOUND ( 'NONE', #2160, .T. ) ;
#2240 = DIRECTION ( 'NONE',  ( -1.000000000000000000, 0.000000000000000000, -0.000000000000000000 ) ) ;
#2241 = ORIENTED_EDGE ( 'NONE', *, *, #2897, .T. ) ;
#2242 = TOROIDAL_SURFACE ( 'NONE', #906, 9.250000000000000000, 0.7500000000000000000 ) ;
#2243 = DIRECTION ( 'NONE',  ( -1.000000000000000000, 0.000000000000000000, -0.000000000000000000 ) ) ;
#2244 = CARTESIAN_POINT ( 'NONE',  ( -27.75000000000000000, 5.499999999999998224, 0.000000000000000000 ) ) ;
#2245 = CIRCLE ( 'NONE', #1165, 0.7500000000000001110 ) ;
#2246 = ADVANCED_FACE ( 'NONE', ( #1464 ), #220, .F. ) ;
#2247 = DIRECTION ( 'NONE',  ( 1.682156097916903933E-15, 0.000000000000000000, -1.000000000000000000 ) ) ;
#2248 = DIRECTION ( 'NONE',  ( 0.000000000000000000, 0.000000000000000000, -1.000000000000000000 ) ) ;
#2249 = CIRCLE ( 'NONE', #2549, 9.250000000000000000 ) ;
#2250 = ORIENTED_EDGE ( 'NONE', *, *, #2431, .F. ) ;
#2251 = CARTESIAN_POINT ( 'NONE',  ( -51.25000000000000711, 20.24999999999999645, -19.23538406167135051 ) ) ;
#2252 = CARTESIAN_POINT ( 'NONE',  ( -27.00000000000000000, 5.499999999999998224, 0.000000000000000000 ) ) ;
#2253 = AXIS2_PLACEMENT_3D ( 'NONE', #379, #3035, #1106 ) ;
#2254 = AXIS2_PLACEMENT_3D ( 'NONE', #2059, #1086, #1806 ) ;
#2255 = EDGE_LOOP ( 'NONE', ( #1607, #2704 ) ) ;
#2256 = DIRECTION ( 'NONE',  ( 0.000000000000000000, -1.000000000000000000, 0.000000000000000000 ) ) ;
#2257 = DIRECTION ( 'NONE',  ( 1.000000000000000000, -0.000000000000000000, 0.000000000000000000 ) ) ;
#2258 = AXIS2_PLACEMENT_3D ( 'NONE', #1526, #2702, #1238 ) ;
#2259 = EDGE_CURVE ( 'NONE', #1265, #1579, #1269, .T. ) ;
#2260 = EDGE_CURVE ( 'NONE', #67, #942, #2811, .T. ) ;
#2261 = ORIENTED_EDGE ( 'NONE', *, *, #208, .T. ) ;
#2262 = CIRCLE ( 'NONE', #419, 10.00000000000000000 ) ;
#2263 = B_SPLINE_CURVE_WITH_KNOTS ( 'NONE', 3,
 ( #2176, #2964, #1758, #1739, #2209, #2691, #546, #768, #45, #831, #1542, #1278, #566, #2948, #1074, #1973 ),
 .UNSPECIFIED., .F., .F.,
 ( 4, 2, 2, 2, 2, 2, 2, 4 ),
 ( -9.662510080539160568E-06, 0.0005616594325052335019, 0.001132981375091006134, 0.001704303317676778874, 0.002275625260262551398, 0.003418269145434089940, 0.003989591088019856825, 0.004560913030605623711 ),
 .UNSPECIFIED. ) ;
#2264 = FACE_BOUND ( 'NONE', #2679, .T. ) ;
#2265 = CARTESIAN_POINT ( 'NONE',  ( -51.25000000000000711, 20.24999999999999645, -19.99999999999999645 ) ) ;
#2266 = CARTESIAN_POINT ( 'NONE',  ( -33.50000000000000000, 3.500000000000000000, -24.25000000000001066 ) ) ;
#2267 = CARTESIAN_POINT ( 'NONE',  ( -45.49999999999999289, 4.250000000000000000, 24.24999999999999289 ) ) ;
#2268 = ORIENTED_EDGE ( 'NONE', *, *, #2848, .T. ) ;
#2269 = LINE ( 'NONE', #1840, #1645 ) ;
#2270 = DIRECTION ( 'NONE',  ( -1.000000000000000000, 0.000000000000000000, -0.000000000000000000 ) ) ;
#2271 = EDGE_CURVE ( 'NONE', #942, #737, #514, .T. ) ;
#2272 = ORIENTED_EDGE ( 'NONE', *, *, #46, .F. ) ;
#2273 = CARTESIAN_POINT ( 'NONE',  ( -29.96469139796815639, 0.007161159192679992895, -26.17064335279044229 ) ) ;
#2274 = EDGE_CURVE ( 'NONE', #2557, #322, #2195, .T. ) ;
#2275 = CARTESIAN_POINT ( 'NONE',  ( -33.50000000000000000, -8.999999999999987566, -24.25000000000001421 ) ) ;
#2276 = ORIENTED_EDGE ( 'NONE', *, *, #605, .F. ) ;
#2277 = CARTESIAN_POINT ( 'NONE',  ( -33.50000000000000000, 3.500000000000000444, -22.00000000000000711 ) ) ;
#2278 = CYLINDRICAL_SURFACE ( 'NONE', #1316, 3.374999999999999556 ) ;
#2279 = TOROIDAL_SURFACE ( 'NONE', #2781, 4.125000000000000888, 0.7500000000000000000 ) ;
#2280 = CARTESIAN_POINT ( 'NONE',  ( -45.50000000000000000, 20.24999999999999645, -22.75000000000000000 ) ) ;
#2281 = EDGE_CURVE ( 'NONE', #3028, #1538, #2454, .T. ) ;
#2282 = CYLINDRICAL_SURFACE ( 'NONE', #2052, 18.50000000000001066 ) ;
#2283 = CIRCLE ( 'NONE', #2032, 1.500000000000004885 ) ;
#2284 = ORIENTED_EDGE ( 'NONE', *, *, #698, .T. ) ;
#2285 = DIRECTION ( 'NONE',  ( -0.000000000000000000, -1.000000000000000000, -0.000000000000000000 ) ) ;
#2286 = CARTESIAN_POINT ( 'NONE',  ( -42.00000000000000000, 0.000000000000000000, 19.99999999999999645 ) ) ;
#2287 = VERTEX_POINT ( 'NONE', #2639 ) ;
#2288 = AXIS2_PLACEMENT_3D ( 'NONE', #1813, #2529, #635 ) ;
#2289 = EDGE_CURVE ( 'NONE', #2477, #1719, #496, .T. ) ;
#2290 = DIRECTION ( 'NONE',  ( 6.938893903907228378E-16, 3.469446951953614189E-16, 1.000000000000000000 ) ) ;
#2291 = DIRECTION ( 'NONE',  ( 0.000000000000000000, 1.000000000000000000, -3.016910393003145817E-16 ) ) ;
#2292 = AXIS2_PLACEMENT_3D ( 'NONE', #2554, #417, #2038 ) ;
#2293 = ORIENTED_EDGE ( 'NONE', *, *, #2025, .T. ) ;
#2294 = ADVANCED_FACE ( 'NONE', ( #1531 ), #916, .T. ) ;
#2295 = DIRECTION ( 'NONE',  ( 0.000000000000000000, 0.000000000000000000, 1.000000000000000000 ) ) ;
#2296 = DIRECTION ( 'NONE',  ( 0.000000000000000000, 0.000000000000000000, -1.000000000000000000 ) ) ;
#2297 = CIRCLE ( 'NONE', #954, 0.7500000000000006661 ) ;
#2298 = VERTEX_POINT ( 'NONE', #1291 ) ;
#2299 = DIRECTION ( 'NONE',  ( 1.000000000000000000, -3.694649656105683340E-32, 1.224646799147353207E-16 ) ) ;
#2300 = AXIS2_PLACEMENT_3D ( 'NONE', #1085, #1117, #2983 ) ;
#2301 = ADVANCED_FACE ( 'NONE', ( #2482 ), #1120, .T. ) ;
#2302 = AXIS2_PLACEMENT_3D ( 'NONE', #2092, #1380, #1392 ) ;
#2303 = EDGE_LOOP ( 'NONE', ( #2798, #556, #772, #489, #2838, #2844 ) ) ;
#2304 = DIRECTION ( 'NONE',  ( -0.000000000000000000, -1.000000000000000000, -0.000000000000000000 ) ) ;
#2305 = FACE_OUTER_BOUND ( 'NONE', #1451, .T. ) ;
#2306 = ORIENTED_EDGE ( 'NONE', *, *, #2259, .T. ) ;
#2307 = AXIS2_PLACEMENT_3D ( 'NONE', #929, #1706, #2408 ) ;
#2308 = DIRECTION ( 'NONE',  ( 0.000000000000000000, -3.016910393003143845E-16, 1.000000000000000000 ) ) ;
#2309 = DIRECTION ( 'NONE',  ( 1.000000000000000000, 0.000000000000000000, -0.000000000000000000 ) ) ;
#2310 = CIRCLE ( 'NONE', #2010, 2.250000000000005329 ) ;
#2311 = EDGE_CURVE ( 'NONE', #1683, #1312, #2009, .T. ) ;
#2312 = ORIENTED_EDGE ( 'NONE', *, *, #2821, .T. ) ;
#2313 = CIRCLE ( 'NONE', #919, 0.7500000000000006661 ) ;
#2314 = FACE_OUTER_BOUND ( 'NONE', #640, .T. ) ;
#2315 = CARTESIAN_POINT ( 'NONE',  ( -33.50000000000000000, 20.24999999999999645, -22.75000000000000000 ) ) ;
#2316 = ADVANCED_FACE ( 'NONE', ( #96 ), #1421, .T. ) ;
#2317 = ORIENTED_EDGE ( 'NONE', *, *, #959, .F. ) ;
#2318 = FACE_OUTER_BOUND ( 'NONE', #1753, .T. ) ;
#2319 = DIRECTION ( 'NONE',  ( 0.000000000000000000, 0.000000000000000000, -1.000000000000000000 ) ) ;
#2320 = CYLINDRICAL_SURFACE ( 'NONE', #1737, 0.7500000000000006661 ) ;
#2321 = EDGE_CURVE ( 'NONE', #2354, #2061, #163, .T. ) ;
#2322 = CARTESIAN_POINT ( 'NONE',  ( -45.50000000000000000, 3.500000000000000000, -24.25000000000001066 ) ) ;
#2323 = ORIENTED_EDGE ( 'NONE', *, *, #2271, .F. ) ;
#2324 = DIRECTION ( 'NONE',  ( -0.000000000000000000, -1.000000000000000000, -0.000000000000000000 ) ) ;
#2325 = EDGE_CURVE ( 'NONE', #1424, #2758, #2263, .T. ) ;
#2326 = CARTESIAN_POINT ( 'NONE',  ( -42.00000000000000000, 20.24999999999999645, -19.99999999999999645 ) ) ;
#2327 = VERTEX_POINT ( 'NONE', #799 ) ;
#2328 = DIRECTION ( 'NONE',  ( 1.000000000000000000, 0.000000000000000000, 0.000000000000000000 ) ) ;
#2329 = VERTEX_POINT ( 'NONE', #1790 ) ;
#2330 = DIRECTION ( 'NONE',  ( 0.000000000000000000, -1.000000000000000000, 0.000000000000000000 ) ) ;
#2331 = PRODUCT_RELATED_PRODUCT_CATEGORY ( 'part', '', ( #263 ) ) ;
#2332 = EDGE_CURVE ( 'NONE', #288, #3088, #1915, .T. ) ;
#2333 = CARTESIAN_POINT ( 'NONE',  ( -45.50000000000000000, 0.7500000000000002220, -24.25000000000001066 ) ) ;
#2334 = CIRCLE ( 'NONE', #2734, 1.500000000000004885 ) ;
#2335 = FACE_OUTER_BOUND ( 'NONE', #2207, .T. ) ;
#2336 = DIRECTION ( 'NONE',  ( 1.000000000000000000, -0.000000000000000000, 0.000000000000000000 ) ) ;
#2337 = ORIENTED_EDGE ( 'NONE', *, *, #862, .F. ) ;
#2338 = DIRECTION ( 'NONE',  ( -1.177509268541832714E-14, 0.000000000000000000, -1.000000000000000000 ) ) ;
#2339 = AXIS2_PLACEMENT_3D ( 'NONE', #134, #1411, #2648 ) ;
#2340 = AXIS2_PLACEMENT_3D ( 'NONE', #1068, #1968, #558 ) ;
#2341 = DIRECTION ( 'NONE',  ( 6.938893903907228378E-16, 0.000000000000000000, -1.000000000000000000 ) ) ;
#2342 = EDGE_CURVE ( 'NONE', #1868, #1141, #209, .T. ) ;
#2343 = AXIS2_PLACEMENT_3D ( 'NONE', #2415, #304, #996 ) ;
#2344 = VERTEX_POINT ( 'NONE', #2722 ) ;
#2345 = DIRECTION ( 'NONE',  ( -1.000000000000000000, 0.000000000000000000, -0.000000000000000000 ) ) ;
#2346 = ORIENTED_EDGE ( 'NONE', *, *, #1588, .T. ) ;
#2347 = CARTESIAN_POINT ( 'NONE',  ( -48.28802130040497076, 0.02347322925069812022, 27.03861063627890005 ) ) ;
#2348 = CARTESIAN_POINT ( 'NONE',  ( -51.25000000000000711, 20.99999999999999645, 19.99999999999999645 ) ) ;
#2349 = CARTESIAN_POINT ( 'NONE',  ( -52.00000000000000711, 20.24999999999999645, -19.23538406167135406 ) ) ;
#2350 = AXIS2_PLACEMENT_3D ( 'NONE', #2386, #1697, #2400 ) ;
#2351 = EDGE_CURVE ( 'NONE', #684, #2772, #1373, .T. ) ;
#2352 = ADVANCED_FACE ( 'NONE', ( #2497 ), #1565, .T. ) ;
#2353 = AXIS2_PLACEMENT_3D ( 'NONE', #2252, #2270, #2990 ) ;
#2354 = VERTEX_POINT ( 'NONE', #1005 ) ;
#2355 = DIRECTION ( 'NONE',  ( 0.000000000000000000, 0.000000000000000000, 1.000000000000000000 ) ) ;
#2356 = CIRCLE ( 'NONE', #1012, 3.374999999999999556 ) ;
#2357 = DIRECTION ( 'NONE',  ( 0.000000000000000000, 0.000000000000000000, -1.000000000000000000 ) ) ;
#2358 = AXIS2_PLACEMENT_3D ( 'NONE', #331, #2226, #1058 ) ;
#2359 = EDGE_LOOP ( 'NONE', ( #503, #1598, #16, #2550, #2665, #579, #2007, #2261 ) ) ;
#2360 = DIRECTION ( 'NONE',  ( 1.000000000000000000, 0.000000000000000000, 0.000000000000000000 ) ) ;
#2361 = CIRCLE ( 'NONE', #2711, 0.7500000000000006661 ) ;
#2362 = VERTEX_POINT ( 'NONE', #2674 ) ;
#2363 = AXIS2_PLACEMENT_3D ( 'NONE', #1625, #465, #199 ) ;
#2364 = DIRECTION ( 'NONE',  ( 0.000000000000000000, 0.000000000000000000, -1.000000000000000000 ) ) ;
#2365 = EDGE_CURVE ( 'NONE', #903, #549, #527, .T. ) ;
#2366 = CARTESIAN_POINT ( 'NONE',  ( -30.00000000000000000, 13.24999999999984190, -11.67339375865870998 ) ) ;
#2367 = CYLINDRICAL_SURFACE ( 'NONE', #1142, 3.374999999999999556 ) ;
#2368 = DIRECTION ( 'NONE',  ( 0.000000000000000000, 0.000000000000000000, -1.000000000000000000 ) ) ;
#2369 = EDGE_LOOP ( 'NONE', ( #1234, #1770 ) ) ;
#2370 = EDGE_LOOP ( 'NONE', ( #1764, #1084, #2191, #1476 ) ) ;
#2371 = DIRECTION ( 'NONE',  ( 0.000000000000000000, 0.000000000000000000, -1.000000000000000000 ) ) ;
#2372 = PRODUCT_DEFINITION ( 'UNKNOWN', '', #2666, #2118 ) ;
#2373 = CARTESIAN_POINT ( 'NONE',  ( -37.00000000000000000, 0.7500000000000000000, -19.99999999999999645 ) ) ;
#2374 = EDGE_CURVE ( 'NONE', #93, #2287, #297, .T. ) ;
#2375 = ORIENTED_EDGE ( 'NONE', *, *, #2971, .T. ) ;
#2376 = CARTESIAN_POINT ( 'NONE',  ( -29.25000000000000000, 19.99999999999999645, -0.1807033081725376578 ) ) ;
#2377 = ORIENTED_EDGE ( 'NONE', *, *, #2723, .T. ) ;
#2378 = DIRECTION ( 'NONE',  ( -1.000000000000000000, -0.000000000000000000, -0.000000000000000000 ) ) ;
#2379 = CARTESIAN_POINT ( 'NONE',  ( -30.00000000000000000, 13.24999999999984190, -13.42339375865871176 ) ) ;
#2380 = ADVANCED_FACE ( 'NONE', ( #1150 ), #2278, .F. ) ;
#2381 = DIRECTION ( 'NONE',  ( 0.000000000000000000, 3.016910393003143845E-16, -1.000000000000000000 ) ) ;
#2382 = DIRECTION ( 'NONE',  ( 0.000000000000000000, 0.000000000000000000, -1.000000000000000000 ) ) ;
#2383 = AXIS2_PLACEMENT_3D ( 'NONE', #2077, #963, #1856 ) ;
#2384 = EDGE_LOOP ( 'NONE', ( #1575, #1848, #2241, #2851 ) ) ;
#2385 = FACE_OUTER_BOUND ( 'NONE', #245, .T. ) ;
#2386 = CARTESIAN_POINT ( 'NONE',  ( -27.75000000000000000, 13.24999999999984190, -13.42339375865871176 ) ) ;
#2387 = CARTESIAN_POINT ( 'NONE',  ( -33.49999999999999289, 0.7500000000000002220, 24.24999999999999289 ) ) ;
#2388 = EDGE_CURVE ( 'NONE', #2393, #93, #2998, .T. ) ;
#2389 = ORIENTED_EDGE ( 'NONE', *, *, #626, .T. ) ;
#2390 = AXIS2_PLACEMENT_3D ( 'NONE', #1339, #1308, #2062 ) ;
#2391 = CARTESIAN_POINT ( 'NONE',  ( -30.00000000000000000, 5.499999999999998224, 1.749999999999999778 ) ) ;
#2392 = CIRCLE ( 'NONE', #1053, 1.500000000000004885 ) ;
#2393 = VERTEX_POINT ( 'NONE', #404 ) ;
#2394 = LINE ( 'NONE', #2366, #2910 ) ;
#2395 = CARTESIAN_POINT ( 'NONE',  ( -33.01164923041520893, 0.000000000000000000, 28.34599054269488150 ) ) ;
#2396 = DIRECTION ( 'NONE',  ( -0.000000000000000000, -1.000000000000000000, 3.016910393003145817E-16 ) ) ;
#2397 = VERTEX_POINT ( 'NONE', #2315 ) ;
#2398 = ORIENTED_EDGE ( 'NONE', *, *, #2769, .T. ) ;
#2399 = DIRECTION ( 'NONE',  ( 0.000000000000000000, 0.000000000000000000, -1.000000000000000000 ) ) ;
#2400 = DIRECTION ( 'NONE',  ( 0.000000000000000000, 0.000000000000000000, -1.000000000000000000 ) ) ;
#2401 = CARTESIAN_POINT ( 'NONE',  ( -45.49999999999999289, 20.24999999999999645, 22.74999999999999645 ) ) ;
#2402 = EDGE_LOOP ( 'NONE', ( #2113, #145, #3011, #1443, #1971, #1980, #2065, #2907 ) ) ;
#2403 = TOROIDAL_SURFACE ( 'NONE', #2144, 2.250000000000003997, 0.7500000000000000000 ) ;
#2404 = CARTESIAN_POINT ( 'NONE',  ( -51.25000000000000711, 20.24999999999999645, 19.23538406167134696 ) ) ;
#2405 = CIRCLE ( 'NONE', #254, 18.50000000000000355 ) ;
#2406 = ORIENTED_EDGE ( 'NONE', *, *, #1644, .F. ) ;
#2407 = VECTOR ( 'NONE', #2149, 1000.000000000000000 ) ;
#2408 = DIRECTION ( 'NONE',  ( 0.000000000000000000, 0.000000000000000000, -1.000000000000000000 ) ) ;
#2409 = CIRCLE ( 'NONE', #1072, 10.00000000000000000 ) ;
#2410 = CARTESIAN_POINT ( 'NONE',  ( -30.70608790638035401, 0.02455484638991278085, 27.04630426983397484 ) ) ;
#2411 = CARTESIAN_POINT ( 'NONE',  ( -33.49999999999999289, 20.24999999999999645, 25.75000000000000711 ) ) ;
#2412 = CIRCLE ( 'NONE', #1773, 3.374999999999999556 ) ;
#2413 = ORIENTED_EDGE ( 'NONE', *, *, #79, .T. ) ;
#2414 = ORIENTED_EDGE ( 'NONE', *, *, #3072, .T. ) ;
#2415 = CARTESIAN_POINT ( 'NONE',  ( -45.49999999999999289, 0.7500000000000002220, 24.24999999999999289 ) ) ;
#2416 = CARTESIAN_POINT ( 'NONE',  ( -45.50000000000000000, 0.7500000000000002220, -28.37500000000001066 ) ) ;
#2417 = ORIENTED_EDGE ( 'NONE', *, *, #2869, .T. ) ;
#2418 = EDGE_CURVE ( 'NONE', #1506, #1700, #3071, .T. ) ;
#2419 = CARTESIAN_POINT ( 'NONE',  ( -45.49999999999999289, 3.500000000000000000, 24.24999999999999289 ) ) ;
#2420 = EDGE_LOOP ( 'NONE', ( #2306, #2766, #1255, #2624 ) ) ;
#2421 = CARTESIAN_POINT ( 'NONE',  ( -42.00000000000000000, 20.24999999999999289, -30.00000000000000000 ) ) ;
#2422 = DIRECTION ( 'NONE',  ( 0.000000000000000000, 0.000000000000000000, 1.000000000000000000 ) ) ;
#2423 = EDGE_CURVE ( 'NONE', #1700, #1141, #316, .T. ) ;
#2424 = ORIENTED_EDGE ( 'NONE', *, *, #2735, .T. ) ;
#2425 = ORIENTED_EDGE ( 'NONE', *, *, #1591, .F. ) ;
#2426 = CARTESIAN_POINT ( 'NONE',  ( -33.50000000000000000, -8.999999999999987566, -24.25000000000001421 ) ) ;
#2427 = DIRECTION ( 'NONE',  ( 0.000000000000000000, 3.016910393003145324E-16, 1.000000000000000000 ) ) ;
#2428 = ORIENTED_EDGE ( 'NONE', *, *, #2238, .F. ) ;
#2429 = CARTESIAN_POINT ( 'NONE',  ( -37.00000000000000000, 20.24999999999999645, -19.99999999999999645 ) ) ;
#2430 = FACE_OUTER_BOUND ( 'NONE', #1922, .T. ) ;
#2431 = EDGE_CURVE ( 'NONE', #1374, #561, #2556, .T. ) ;
#2432 = EDGE_LOOP ( 'NONE', ( #2398, #1463 ) ) ;
#2433 = CYLINDRICAL_SURFACE ( 'NONE', #1852, 1.749999999999999778 ) ;
#2434 = DIRECTION ( 'NONE',  ( 0.000000000000000000, 3.016910393003145817E-16, 1.000000000000000000 ) ) ;
#2435 = CIRCLE ( 'NONE', #1496, 3.374999999999999556 ) ;
#2436 = AXIS2_PLACEMENT_3D ( 'NONE', #1545, #2486, #1330 ) ;
#2437 = CARTESIAN_POINT ( 'NONE',  ( -29.57366004793528802, 0.000000000000000000, 25.51470533359376702 ) ) ;
#2438 = CARTESIAN_POINT ( 'NONE',  ( -30.00000000000000000, 13.25000000000003020, 11.67339375865881301 ) ) ;
#2439 = CIRCLE ( 'NONE', #1899, 9.250000000000001776 ) ;
#2440 = AXIS2_PLACEMENT_3D ( 'NONE', #2958, #812, #2718 ) ;
#2441 = ORIENTED_EDGE ( 'NONE', *, *, #715, .F. ) ;
#2442 = VERTEX_POINT ( 'NONE', #388 ) ;
#2443 = DIRECTION ( 'NONE',  ( -0.000000000000000000, 1.000000000000000000, -0.000000000000000000 ) ) ;
#2444 = FACE_OUTER_BOUND ( 'NONE', #2617, .T. ) ;
#2445 = ORIENTED_EDGE ( 'NONE', *, *, #2769, .F. ) ;
#2446 = CARTESIAN_POINT ( 'NONE',  ( -27.00000000000000000, 13.25000000000003020, 13.42339375865881124 ) ) ;
#2447 = LINE ( 'NONE', #793, #2916 ) ;
#2448 = AXIS2_PLACEMENT_3D ( 'NONE', #1798, #2729, #807 ) ;
#2449 = ORIENTED_EDGE ( 'NONE', *, *, #3022, .F. ) ;
#2450 = EDGE_CURVE ( 'NONE', #1836, #3020, #463, .T. ) ;
#2451 = DIRECTION ( 'NONE',  ( 0.000000000000000000, 0.000000000000000000, 1.000000000000000000 ) ) ;
#2452 = CARTESIAN_POINT ( 'NONE',  ( -27.75000000000000000, 13.25000000000003020, 13.42339375865881124 ) ) ;
#2453 = AXIS2_PLACEMENT_3D ( 'NONE', #1932, #2615, #770 ) ;
#2454 = CIRCLE ( 'NONE', #257, 1.750000000000001554 ) ;
#2455 = CARTESIAN_POINT ( 'NONE',  ( -32.29290198775402843, 0.007161159192679548806, 28.08799325026117089 ) ) ;
#2456 = CYLINDRICAL_SURFACE ( 'NONE', #54, 3.374999999999999556 ) ;
#2457 = AXIS2_PLACEMENT_3D ( 'NONE', #2028, #1572, #1600 ) ;
#2458 = ORIENTED_EDGE ( 'NONE', *, *, #794, .T. ) ;
#2459 = ORIENTED_EDGE ( 'NONE', *, *, #1147, .F. ) ;
#2460 = AXIS2_PLACEMENT_3D ( 'NONE', #373, #3041, #1334 ) ;
#2461 = PLANE ( 'NONE',  #997 ) ;
#2462 = DIRECTION ( 'NONE',  ( 0.000000000000000000, -1.000000000000000000, 3.016910393003143352E-16 ) ) ;
#2463 = AXIS2_PLACEMENT_3D ( 'NONE', #2126, #1863, #2357 ) ;
#2464 = EDGE_LOOP ( 'NONE', ( #1136, #2187, #1956, #1402 ) ) ;
#2465 = EDGE_CURVE ( 'NONE', #1271, #878, #2361, .T. ) ;
#2466 = FACE_OUTER_BOUND ( 'NONE', #627, .T. ) ;
#2467 = CARTESIAN_POINT ( 'NONE',  ( -49.42633995206470843, 0.000000000000000000, -25.51470533359376702 ) ) ;
#2468 = EDGE_LOOP ( 'NONE', ( #950, #1953, #1949, #1774, #1904 ) ) ;
#2469 = CARTESIAN_POINT ( 'NONE',  ( -52.00000000000000711, 20.27922077922077548, 18.48595351381402452 ) ) ;
#2470 = CARTESIAN_POINT ( 'NONE',  ( -33.50000000000000000, 4.250000000000000000, -24.25000000000001066 ) ) ;
#2471 = DIRECTION ( 'NONE',  ( 0.000000000000000000, -1.000000000000000000, 2.891205793294675861E-16 ) ) ;
#2472 = SPHERICAL_SURFACE ( 'NONE', #811, 0.7500000000000000000 ) ;
#2473 = ORIENTED_EDGE ( 'NONE', *, *, #447, .T. ) ;
#2474 = ADVANCED_FACE ( 'NONE', ( #2560 ), #845, .T. ) ;
#2475 = ORIENTED_EDGE ( 'NONE', *, *, #670, .F. ) ;
#2476 = CARTESIAN_POINT ( 'NONE',  ( -29.25000000000000000, 20.99999999999999645, -19.23538406167135406 ) ) ;
#2477 = VERTEX_POINT ( 'NONE', #1323 ) ;
#2478 = CARTESIAN_POINT ( 'NONE',  ( -29.99943054785732244, 20.27922077922077548, 18.48595351381402452 ) ) ;
#2479 = DIRECTION ( 'NONE',  ( 0.000000000000000000, 0.000000000000000000, -1.000000000000000000 ) ) ;
#2480 = ORIENTED_EDGE ( 'NONE', *, *, #2593, .T. ) ;
#2481 = CARTESIAN_POINT ( 'NONE',  ( -45.50000000000000000, 3.500000000000000000, -27.62500000000001066 ) ) ;
#2482 = FACE_OUTER_BOUND ( 'NONE', #1081, .T. ) ;
#2483 = DIRECTION ( 'NONE',  ( 0.000000000000000000, 0.000000000000000000, -1.000000000000000000 ) ) ;
#2484 = DIRECTION ( 'NONE',  ( 0.000000000000000000, 0.000000000000000000, -1.000000000000000000 ) ) ;
#2485 = ORIENTED_EDGE ( 'NONE', *, *, #2148, .T. ) ;
#2486 = DIRECTION ( 'NONE',  ( 0.000000000000000000, -1.000000000000000000, 0.000000000000000000 ) ) ;
#2487 = CYLINDRICAL_SURFACE ( 'NONE', #2599, 0.7500000000000006661 ) ;
#2488 = EDGE_CURVE ( 'NONE', #2877, #1424, #2055, .T. ) ;
#2489 = CIRCLE ( 'NONE', #2339, 0.7500000000000006661 ) ;
#2490 = ORIENTED_EDGE ( 'NONE', *, *, #46, .T. ) ;
#2491 = CARTESIAN_POINT ( 'NONE',  ( -33.50000000000000000, 3.500000000000000000, -27.62500000000001066 ) ) ;
#2492 = DIRECTION ( 'NONE',  ( 0.000000000000000000, 0.1379310344827578971, -0.9904418356100049836 ) ) ;
#2493 = ORIENTED_EDGE ( 'NONE', *, *, #1994, .T. ) ;
#2494 = AXIS2_PLACEMENT_3D ( 'NONE', #2142, #305, #1938 ) ;
#2495 = ADVANCED_FACE ( 'NONE', ( #3057 ), #1119, .F. ) ;
#2496 = FACE_BOUND ( 'NONE', #2255, .T. ) ;
#2497 = FACE_OUTER_BOUND ( 'NONE', #1458, .T. ) ;
#2498 = AXIS2_PLACEMENT_3D ( 'NONE', #86, #1268, #2976 ) ;
#2499 = DIRECTION ( 'NONE',  ( -0.000000000000000000, 1.000000000000000000, -0.000000000000000000 ) ) ;
#2500 = CIRCLE ( 'NONE', #1167, 0.7500000000000006661 ) ;
#2501 = CARTESIAN_POINT ( 'NONE',  ( -37.00000000000000000, 0.7500000000000000000, 19.99999999999999645 ) ) ;
#2502 = AXIS2_PLACEMENT_3D ( 'NONE', #2865, #1646, #2422 ) ;
#2503 = EDGE_LOOP ( 'NONE', ( #838, #2417, #2132, #934 ) ) ;
#2504 = CARTESIAN_POINT ( 'NONE',  ( -33.01164923041520893, 0.000000000000000000, 28.34599054269488150 ) ) ;
#2505 = DIRECTION ( 'NONE',  ( 1.000000000000000000, 0.000000000000000000, 0.000000000000000000 ) ) ;
#2506 = AXIS2_PLACEMENT_3D ( 'NONE', #1069, #2240, #1273 ) ;
#2507 = ORIENTED_EDGE ( 'NONE', *, *, #366, .F. ) ;
#2508 = CARTESIAN_POINT ( 'NONE',  ( -32.11791164379159369, 0.01051700434289074004, -28.00721157620286306 ) ) ;
#2509 = DIRECTION ( 'NONE',  ( 0.000000000000000000, -3.016910393003143845E-16, 1.000000000000000000 ) ) ;
#2510 = ORIENTED_EDGE ( 'NONE', *, *, #37, .T. ) ;
#2511 = CARTESIAN_POINT ( 'NONE',  ( -51.25000000000000711, 20.99999999999999645, 19.99999999999999645 ) ) ;
#2512 = CARTESIAN_POINT ( 'NONE',  ( -42.00000000000000000, 0.7500000000000006661, -30.00000000000000000 ) ) ;
#2513 = CARTESIAN_POINT ( 'NONE',  ( -33.49999999999999289, 3.500000000000000000, 24.24999999999999289 ) ) ;
#2514 = DIRECTION ( 'NONE',  ( 1.000000000000000000, 0.000000000000000000, 0.000000000000000000 ) ) ;
#2515 = EDGE_CURVE ( 'NONE', #2123, #1437, #1270, .T. ) ;
#2516 = ORIENTED_EDGE ( 'NONE', *, *, #2488, .F. ) ;
#2517 = DIRECTION ( 'NONE',  ( -0.000000000000000000, -1.000000000000000000, -0.000000000000000000 ) ) ;
#2518 = DIRECTION ( 'NONE',  ( 1.000000000000000000, 0.000000000000000000, 0.000000000000000000 ) ) ;
#2519 = ORIENTED_EDGE ( 'NONE', *, *, #1768, .T. ) ;
#2520 = CARTESIAN_POINT ( 'NONE',  ( -33.50000000000000000, 20.24999999999999645, -22.00000000000000000 ) ) ;
#2521 = CARTESIAN_POINT ( 'NONE',  ( -45.50000000000000000, 20.24999999999999645, -24.25000000000000355 ) ) ;
#2522 = ORIENTED_EDGE ( 'NONE', *, *, #2941, .T. ) ;
#2523 = DIRECTION ( 'NONE',  ( 0.000000000000000000, 0.000000000000000000, -1.000000000000000000 ) ) ;
#2524 = ORIENTED_EDGE ( 'NONE', *, *, #3033, .F. ) ;
#2525 = DIRECTION ( 'NONE',  ( -0.000000000000000000, -1.000000000000000000, -0.000000000000000000 ) ) ;
#2526 = CYLINDRICAL_SURFACE ( 'NONE', #3019, 0.7500000000000006661 ) ;
#2527 = TOROIDAL_SURFACE ( 'NONE', #2078, 2.250000000000003997, 0.7500000000000000000 ) ;
#2528 = EDGE_LOOP ( 'NONE', ( #1635, #2127, #1129, #2936, #1233, #1363 ) ) ;
#2529 = DIRECTION ( 'NONE',  ( -0.000000000000000000, -1.000000000000000000, 3.016910393003145817E-16 ) ) ;
#2530 = CARTESIAN_POINT ( 'NONE',  ( -27.00000000000000000, 13.25000000000003020, 10.92339375865881301 ) ) ;
#2531 = ADVANCED_FACE ( 'NONE', ( #1386 ), #1820, .T. ) ;
#2532 = CIRCLE ( 'NONE', #3099, 3.374999999999999556 ) ;
#2533 = ORIENTED_EDGE ( 'NONE', *, *, #2031, .F. ) ;
#2534 = AXIS2_PLACEMENT_3D ( 'NONE', #786, #1297, #2185 ) ;
#2535 = CARTESIAN_POINT ( 'NONE',  ( -30.07618291001590904, 0.01047719591341340385, -26.32503148053687170 ) ) ;
#2536 = CARTESIAN_POINT ( 'NONE',  ( -27.75000000000000000, 0.7500000000000000000, 0.000000000000000000 ) ) ;
#2537 = AXIS2_PLACEMENT_3D ( 'NONE', #1004, #1057, #1541 ) ;
#2538 = VECTOR ( 'NONE', #1145, 1000.000000000000000 ) ;
#2539 = VERTEX_POINT ( 'NONE', #138 ) ;
#2540 = PLANE ( 'NONE',  #1413 ) ;
#2541 = CARTESIAN_POINT ( 'NONE',  ( -33.49999999999999289, 3.500000000000000000, 24.24999999999999289 ) ) ;
#2542 = ORIENTED_EDGE ( 'NONE', *, *, #554, .F. ) ;
#2543 = EDGE_CURVE ( 'NONE', #1528, #1388, #1917, .T. ) ;
#2544 = LINE ( 'NONE', #231, #2585 ) ;
#2545 = CARTESIAN_POINT ( 'NONE',  ( -45.49999999999999289, -9.000000000000001776, 25.74999999999999645 ) ) ;
#2546 = AXIS2_PLACEMENT_3D ( 'NONE', #2286, #870, #1829 ) ;
#2547 = EDGE_LOOP ( 'NONE', ( #1228, #1183, #1491, #2694 ) ) ;
#2548 = CARTESIAN_POINT ( 'NONE',  ( -45.50000000000000000, 4.250000000000000000, -24.25000000000001066 ) ) ;
#2549 = AXIS2_PLACEMENT_3D ( 'NONE', #2784, #681, #2319 ) ;
#2550 = ORIENTED_EDGE ( 'NONE', *, *, #1328, .T. ) ;
#2551 = ADVANCED_FACE ( 'NONE', ( #629 ), #2752, .T. ) ;
#2552 = EDGE_LOOP ( 'NONE', ( #2859, #10, #2056, #1569 ) ) ;
#2553 = AXIS2_PLACEMENT_3D ( 'NONE', #1916, #2896, #1445 ) ;
#2554 = CARTESIAN_POINT ( 'NONE',  ( -29.25000000000000000, 19.99999999999999645, -0.1807033081725376578 ) ) ;
#2555 = PLANE ( 'NONE',  #2460 ) ;
#2556 = CIRCLE ( 'NONE', #1423, 1.750000000000001554 ) ;
#2557 = VERTEX_POINT ( 'NONE', #2512 ) ;
#2558 = AXIS2_PLACEMENT_3D ( 'NONE', #1955, #1755, #342 ) ;
#2559 = CARTESIAN_POINT ( 'NONE',  ( -45.50000000000000000, 20.99999999999999645, -26.50000000000001066 ) ) ;
#2560 = FACE_OUTER_BOUND ( 'NONE', #1800, .T. ) ;
#2561 = EDGE_CURVE ( 'NONE', #981, #1935, #1018, .T. ) ;
#2562 = ORIENTED_EDGE ( 'NONE', *, *, #1481, .F. ) ;
#2563 = DIRECTION ( 'NONE',  ( -1.000000000000000000, -0.000000000000000000, 0.000000000000000000 ) ) ;
#2564 = LINE ( 'NONE', #1604, #457 ) ;
#2565 = CARTESIAN_POINT ( 'NONE',  ( -45.50000000000000000, 1.084202172485504434E-16, 28.37499999999999289 ) ) ;
#2566 = FACE_OUTER_BOUND ( 'NONE', #2147, .T. ) ;
#2567 = EDGE_CURVE ( 'NONE', #1168, #735, #2814, .T. ) ;
#2568 = VERTEX_POINT ( 'NONE', #706 ) ;
#2569 = ORIENTED_EDGE ( 'NONE', *, *, #1881, .F. ) ;
#2570 = CARTESIAN_POINT ( 'NONE',  ( -33.50000000000000000, 0.7500000000000002220, -24.25000000000001066 ) ) ;
#2571 = DIRECTION ( 'NONE',  ( -1.000000000000000000, -0.000000000000000000, -0.000000000000000000 ) ) ;
#2572 = VERTEX_POINT ( 'NONE', #2892 ) ;
#2573 = CARTESIAN_POINT ( 'NONE',  ( -33.50000000000000000, 4.250000000000000000, -24.25000000000001066 ) ) ;
#2574 = ADVANCED_FACE ( 'NONE', ( #2114 ), #2761, .T. ) ;
#2575 = ORIENTED_EDGE ( 'NONE', *, *, #1034, .T. ) ;
#2576 = DIRECTION ( 'NONE',  ( 1.000000000000000000, 0.000000000000000000, 0.000000000000000000 ) ) ;
#2577 = EDGE_CURVE ( 'NONE', #2979, #671, #1322, .T. ) ;
#2578 = CARTESIAN_POINT ( 'NONE',  ( -33.50000000000000000, 4.250000000000000000, -24.25000000000001066 ) ) ;
#2579 = FACE_OUTER_BOUND ( 'NONE', #381, .T. ) ;
#2580 = DIRECTION ( 'NONE',  ( 1.000000000000000000, 0.000000000000000000, 0.000000000000000000 ) ) ;
#2581 = ORIENTED_EDGE ( 'NONE', *, *, #33, .T. ) ;
#2582 = EDGE_LOOP ( 'NONE', ( #2957, #1143, #242 ) ) ;
#2583 = FACE_OUTER_BOUND ( 'NONE', #2818, .T. ) ;
#2584 = AXIS2_PLACEMENT_3D ( 'NONE', #1906, #2125, #2632 ) ;
#2585 = VECTOR ( 'NONE', #2378, 1000.000000000000000 ) ;
#2586 = CARTESIAN_POINT ( 'NONE',  ( -27.00000000000000000, 5.499999999999998224, -2.499999999999999556 ) ) ;
#2587 = AXIS2_PLACEMENT_3D ( 'NONE', #1109, #3037, #1313 ) ;
#2588 = ORIENTED_EDGE ( 'NONE', *, *, #2388, .F. ) ;
#2589 = ADVANCED_FACE ( 'NONE', ( #2829 ), #1197, .F. ) ;
#2590 = CARTESIAN_POINT ( 'NONE',  ( -37.00000000000000000, 20.99999999999999645, -19.99999999999999645 ) ) ;
#2591 = AXIS2_PLACEMENT_3D ( 'NONE', #792, #1996, #311 ) ;
#2592 = VERTEX_POINT ( 'NONE', #926 ) ;
#2593 = EDGE_CURVE ( 'NONE', #1657, #339, #1472, .T. ) ;
#2594 = CARTESIAN_POINT ( 'NONE',  ( -30.00000000000000000, 20.25974179685233878, -18.48518630827158660 ) ) ;
#2595 = DIRECTION ( 'NONE',  ( 1.000000000000000000, 0.000000000000000000, 0.000000000000000000 ) ) ;
#2596 = DIRECTION ( 'NONE',  ( -0.000000000000000000, -0.000000000000000000, 1.000000000000000000 ) ) ;
#2597 = AXIS2_PLACEMENT_3D ( 'NONE', #1149, #1571, #3043 ) ;
#2598 = DIRECTION ( 'NONE',  ( 1.000000000000000000, -3.694649656105683340E-32, 1.224646799147353207E-16 ) ) ;
#2599 = AXIS2_PLACEMENT_3D ( 'NONE', #603, #2505, #1092 ) ;
#2600 = ORIENTED_EDGE ( 'NONE', *, *, #598, .T. ) ;
#2601 = CARTESIAN_POINT ( 'NONE',  ( -37.00000000000000000, 20.99999999999999645, 19.99999999999999645 ) ) ;
#2602 = DIRECTION ( 'NONE',  ( 1.000000000000000000, 0.000000000000000000, -1.224646799147353207E-16 ) ) ;
#2603 = AXIS2_PLACEMENT_3D ( 'NONE', #2333, #144, #849 ) ;
#2604 = EDGE_LOOP ( 'NONE', ( #717, #2233 ) ) ;
#2605 = DIRECTION ( 'NONE',  ( 0.000000000000000000, -1.000000000000000000, 0.000000000000000000 ) ) ;
#2606 = CIRCLE ( 'NONE', #563, 1.500000000000004885 ) ;
#2607 = EDGE_CURVE ( 'NONE', #1608, #951, #689, .T. ) ;
#2608 = ORIENTED_EDGE ( 'NONE', *, *, #925, .F. ) ;
#2609 = CIRCLE ( 'NONE', #1274, 0.7500000000000006661 ) ;
#2610 = PRODUCT_DEFINITION_SHAPE ( 'NONE', 'NONE',  #2372 ) ;
#2611 = DIRECTION ( 'NONE',  ( 0.000000000000000000, -3.016910393003143845E-16, 1.000000000000000000 ) ) ;
#2612 = B_SPLINE_CURVE_WITH_KNOTS ( 'NONE', 3,
 ( #565, #1705, #2947, #513 ),
 .UNSPECIFIED., .F., .F.,
 ( 4, 4 ),
 ( 0.000000000000000000, 2.924943668396107327E-05 ),
 .UNSPECIFIED. ) ;
#2613 = DIRECTION ( 'NONE',  ( -1.000000000000000000, 0.000000000000000000, 0.000000000000000000 ) ) ;
#2614 = CARTESIAN_POINT ( 'NONE',  ( -33.50000000000000000, 3.500000000000000000, -24.25000000000001066 ) ) ;
#2615 = DIRECTION ( 'NONE',  ( -0.000000000000000000, 1.000000000000000000, 3.016910393003143845E-16 ) ) ;
#2616 = ADVANCED_FACE ( 'NONE', ( #468 ), #1166, .T. ) ;
#2617 = EDGE_LOOP ( 'NONE', ( #731, #1122, #2020, #2250 ) ) ;
#2618 = CARTESIAN_POINT ( 'NONE',  ( -33.50000000000000000, 20.24999999999999645, -26.50000000000001066 ) ) ;
#2619 = DIRECTION ( 'NONE',  ( -0.000000000000000000, 1.000000000000000000, -0.000000000000000000 ) ) ;
#2620 = EDGE_CURVE ( 'NONE', #511, #2875, #718, .T. ) ;
#2621 = DIRECTION ( 'NONE',  ( 1.000000000000000000, 0.000000000000000000, 0.000000000000000000 ) ) ;
#2622 = ORIENTED_EDGE ( 'NONE', *, *, #140, .T. ) ;
#2623 = DIRECTION ( 'NONE',  ( 0.000000000000000000, -1.000000000000000000, 0.000000000000000000 ) ) ;
#2624 = ORIENTED_EDGE ( 'NONE', *, *, #1292, .F. ) ;
#2625 = CARTESIAN_POINT ( 'NONE',  ( -33.49999999999999289, 4.250000000000000000, 24.24999999999999289 ) ) ;
#2626 = CARTESIAN_POINT ( 'NONE',  ( -37.00000000000000000, 0.000000000000000000, -19.99999999999999645 ) ) ;
#2627 = CARTESIAN_POINT ( 'NONE',  ( -30.43843140073226294, 0.01983650975386873697, 26.77588119477296047 ) ) ;
#2628 = DIRECTION ( 'NONE',  ( 0.000000000000000000, -1.084202172485503571E-16, -1.000000000000000000 ) ) ;
#2629 = ORIENTED_EDGE ( 'NONE', *, *, #439, .F. ) ;
#2630 = VERTEX_POINT ( 'NONE', #217 ) ;
#2631 = EDGE_CURVE ( 'NONE', #488, #2758, #1319, .T. ) ;
#2632 = DIRECTION ( 'NONE',  ( 0.000000000000000000, 3.016910393003145324E-16, 1.000000000000000000 ) ) ;
#2633 = DIRECTION ( 'NONE',  ( 0.000000000000000000, 1.000000000000000000, -3.016910393003145817E-16 ) ) ;
#2634 = CARTESIAN_POINT ( 'NONE',  ( -30.00000000000000000, 13.25000000000003020, 11.67339375865881301 ) ) ;
#2635 = ORIENTED_EDGE ( 'NONE', *, *, #456, .F. ) ;
#2636 = CIRCLE ( 'NONE', #540, 9.250000000000000000 ) ;
#2637 = CARTESIAN_POINT ( 'NONE',  ( -30.00000000000000000, 20.25000000000000711, 14.18070330817253399 ) ) ;
#2638 = ORIENTED_EDGE ( 'NONE', *, *, #2450, .F. ) ;
#2639 = CARTESIAN_POINT ( 'NONE',  ( -37.00000000000000000, 20.24999999999999289, 30.00000000000000000 ) ) ;
#2640 = TOROIDAL_SURFACE ( 'NONE', #2797, 4.125000000000000000, 0.7500000000000000000 ) ;
#2641 = CYLINDRICAL_SURFACE ( 'NONE', #1685, 0.7500000000000006661 ) ;
#2642 = CYLINDRICAL_SURFACE ( 'NONE', #609, 3.374999999999999556 ) ;
#2643 = CIRCLE ( 'NONE', #1307, 9.250000000000000000 ) ;
#2644 = EDGE_CURVE ( 'NONE', #1683, #1427, #615, .T. ) ;
#2645 = ORIENTED_EDGE ( 'NONE', *, *, #1842, .T. ) ;
#2646 = AXIS2_PLACEMENT_3D ( 'NONE', #2873, #2619, #1680 ) ;
#2647 = ORIENTED_EDGE ( 'NONE', *, *, #2005, .T. ) ;
#2648 = DIRECTION ( 'NONE',  ( 0.000000000000000000, 0.000000000000000000, 1.000000000000000000 ) ) ;
#2649 = DIRECTION ( 'NONE',  ( -1.000000000000000000, 0.000000000000000000, 0.000000000000000000 ) ) ;
#2650 = AXIS2_PLACEMENT_3D ( 'NONE', #2548, #1140, #1622 ) ;
#2651 = ORIENTED_EDGE ( 'NONE', *, *, #2374, .T. ) ;
#2652 = AXIS2_PLACEMENT_3D ( 'NONE', #1155, #2756, #881 ) ;
#2653 = CARTESIAN_POINT ( 'NONE',  ( -27.00000000000000000, 0.7500000000000000000, 19.99999999999999645 ) ) ;
#2654 = EDGE_CURVE ( 'NONE', #1677, #2794, #2661, .T. ) ;
#2655 = VECTOR ( 'NONE', #2328, 1000.000000000000000 ) ;
#2656 = EDGE_CURVE ( 'NONE', #67, #2988, #1616, .T. ) ;
#2657 = EDGE_LOOP ( 'NONE', ( #2095, #757, #2507, #1357 ) ) ;
#2658 = CIRCLE ( 'NONE', #2553, 6.250000000000000000 ) ;
#2659 = CARTESIAN_POINT ( 'NONE',  ( -33.49999999999999289, 3.500000000000000000, 24.24999999999999289 ) ) ;
#2660 = DIRECTION ( 'NONE',  ( -0.000000000000000000, -1.000000000000000000, -0.000000000000000000 ) ) ;
#2661 = CIRCLE ( 'NONE', #2861, 0.7500000000000006661 ) ;
#2662 = CYLINDRICAL_SURFACE ( 'NONE', #788, 0.7500000000000006661 ) ;
#2663 = DIRECTION ( 'NONE',  ( 0.000000000000000000, 0.000000000000000000, 1.000000000000000000 ) ) ;
#2664 = AXIS2_PLACEMENT_3D ( 'NONE', #734, #3070, #1429 ) ;
#2665 = ORIENTED_EDGE ( 'NONE', *, *, #2151, .T. ) ;
#2666 = PRODUCT_DEFINITION_FORMATION_WITH_SPECIFIED_SOURCE ( 'ANY', '', #263, .NOT_KNOWN. ) ;
#2667 = ORIENTED_EDGE ( 'NONE', *, *, #2654, .T. ) ;
#2668 = DIRECTION ( 'NONE',  ( -0.000000000000000000, 1.000000000000000000, 3.016910393003143845E-16 ) ) ;
#2669 = FACE_OUTER_BOUND ( 'NONE', #2922, .T. ) ;
#2670 = VERTEX_POINT ( 'NONE', #955 ) ;
#2671 = DIRECTION ( 'NONE',  ( 1.000000000000000000, -0.000000000000000000, 0.000000000000000000 ) ) ;
#2672 = ORIENTED_EDGE ( 'NONE', *, *, #941, .T. ) ;
#2673 = CARTESIAN_POINT ( 'NONE',  ( -37.00000000000000000, 0.000000000000000000, -19.99999999999999645 ) ) ;
#2674 = CARTESIAN_POINT ( 'NONE',  ( -27.75000000000000000, 0.000000000000000000, 19.99999999999999645 ) ) ;
#2675 = CARTESIAN_POINT ( 'NONE',  ( -30.07752888011305004, 0.01051700434289022136, 26.32689635905582293 ) ) ;
#2676 = ADVANCED_FACE ( 'NONE', ( #2101 ), #863, .T. ) ;
#2677 = DIRECTION ( 'NONE',  ( 0.000000000000000000, 0.000000000000000000, -1.000000000000000000 ) ) ;
#2678 = EDGE_CURVE ( 'NONE', #850, #2397, #2606, .T. ) ;
#2679 = EDGE_LOOP ( 'NONE', ( #589, #3101 ) ) ;
#2680 = ORIENTED_EDGE ( 'NONE', *, *, #862, .T. ) ;
#2681 = FACE_OUTER_BOUND ( 'NONE', #805, .T. ) ;
#2682 = DIRECTION ( 'NONE',  ( 0.000000000000000000, 0.000000000000000000, -1.000000000000000000 ) ) ;
#2683 = AXIS2_PLACEMENT_3D ( 'NONE', #3064, #442, #1158 ) ;
#2684 = EDGE_CURVE ( 'NONE', #2592, #2539, #2310, .T. ) ;
#2685 = ORIENTED_EDGE ( 'NONE', *, *, #140, .F. ) ;
#2686 = CARTESIAN_POINT ( 'NONE',  ( -27.75000000000000000, 13.24999999999984190, -15.17339375865871176 ) ) ;
#2687 = VECTOR ( 'NONE', #1379, 1000.000000000000000 ) ;
#2688 = DIRECTION ( 'NONE',  ( -0.000000000000000000, 1.000000000000000000, -0.000000000000000000 ) ) ;
#2689 = VERTEX_POINT ( 'NONE', #986 ) ;
#2690 = DIRECTION ( 'NONE',  ( 1.000000000000000000, 0.000000000000000000, 0.000000000000000000 ) ) ;
#2691 = CARTESIAN_POINT ( 'NONE',  ( -47.21792510686057653, 0.01665725629660603016, -27.83074220530341591 ) ) ;
#2692 = CARTESIAN_POINT ( 'NONE',  ( -51.25000000000000711, 20.24999999999999645, 19.23538406167135051 ) ) ;
#2693 = DIRECTION ( 'NONE',  ( 1.000000000000000000, -0.000000000000000000, 0.000000000000000000 ) ) ;
#2694 = ORIENTED_EDGE ( 'NONE', *, *, #2204, .F. ) ;
#2695 = ORIENTED_EDGE ( 'NONE', *, *, #2684, .F. ) ;
#2696 = DIRECTION ( 'NONE',  ( 1.000000000000000000, 0.000000000000000000, 0.000000000000000000 ) ) ;
#2697 = CARTESIAN_POINT ( 'NONE',  ( -29.25000000000000000, 20.25000000000000355, -6.109243545831371832E-15 ) ) ;
#2698 = EDGE_CURVE ( 'NONE', #1929, #1388, #724, .T. ) ;
#2699 = CIRCLE ( 'NONE', #2044, 0.7500000000000006661 ) ;
#2700 = ORIENTED_EDGE ( 'NONE', *, *, #2122, .T. ) ;
#2701 = FACE_BOUND ( 'NONE', #2090, .T. ) ;
#2702 = DIRECTION ( 'NONE',  ( 1.000000000000000000, 0.000000000000000000, 0.000000000000000000 ) ) ;
#2703 = AXIS2_PLACEMENT_3D ( 'NONE', #1766, #1546, #2715 ) ;
#2704 = ORIENTED_EDGE ( 'NONE', *, *, #1818, .T. ) ;
#2705 = CARTESIAN_POINT ( 'NONE',  ( -27.75000000000000000, 13.25000000000003020, 15.92339375865881124 ) ) ;
#2706 = DIRECTION ( 'NONE',  ( 0.000000000000000000, -0.03896103896103753766, 0.9992407304764335807 ) ) ;
#2707 = TOROIDAL_SURFACE ( 'NONE', #1466, 9.250000000000000000, 0.7500000000000000000 ) ;
#2708 = AXIS2_PLACEMENT_3D ( 'NONE', #2017, #1510, #1041 ) ;
#2709 = CARTESIAN_POINT ( 'NONE',  ( -37.00000000000000000, 0.000000000000000000, -30.00000000000000000 ) ) ;
#2710 = FACE_OUTER_BOUND ( 'NONE', #3025, .T. ) ;
#2711 = AXIS2_PLACEMENT_3D ( 'NONE', #642, #3044, #156 ) ;
#2712 = ORIENTED_EDGE ( 'NONE', *, *, #1794, .T. ) ;
#2713 = EDGE_LOOP ( 'NONE', ( #2268, #1540, #1693, #49, #1066, #532 ) ) ;
#2714 = AXIS2_PLACEMENT_3D ( 'NONE', #1456, #1888, #492 ) ;
#2715 = DIRECTION ( 'NONE',  ( 0.000000000000000000, 0.000000000000000000, -1.000000000000000000 ) ) ;
#2716 = AXIS2_PLACEMENT_3D ( 'NONE', #1412, #2158, #2874 ) ;
#2717 = VERTEX_POINT ( 'NONE', #3075 ) ;
#2718 = DIRECTION ( 'NONE',  ( 0.000000000000000000, -0.000000000000000000, -1.000000000000000000 ) ) ;
#2719 = CARTESIAN_POINT ( 'NONE',  ( -27.75000000000000000, 0.000000000000000000, 0.000000000000000000 ) ) ;
#2720 = ORIENTED_EDGE ( 'NONE', *, *, #2418, .T. ) ;
#2721 = DIRECTION ( 'NONE',  ( 1.000000000000000000, 0.000000000000000000, -0.000000000000000000 ) ) ;
#2722 = CARTESIAN_POINT ( 'NONE',  ( -29.99943054785732244, 20.27922077922077548, -18.48595351381402452 ) ) ;
#2723 = EDGE_CURVE ( 'NONE', #93, #2862, #2409, .T. ) ;
#2724 = DIRECTION ( 'NONE',  ( 0.000000000000000000, 0.000000000000000000, -1.000000000000000000 ) ) ;
#2725 = DIRECTION ( 'NONE',  ( 0.000000000000000000, 0.000000000000000000, -1.000000000000000000 ) ) ;
#2726 = EDGE_LOOP ( 'NONE', ( #2940, #1196, #1093 ) ) ;
#2727 = ORIENTED_EDGE ( 'NONE', *, *, #424, .T. ) ;
#2728 = DIRECTION ( 'NONE',  ( -1.000000000000000000, 0.000000000000000000, -0.000000000000000000 ) ) ;
#2729 = DIRECTION ( 'NONE',  ( 0.000000000000000000, -1.000000000000000000, 0.000000000000000000 ) ) ;
#2730 = EDGE_CURVE ( 'NONE', #737, #2442, #3069, .T. ) ;
#2731 = ORIENTED_EDGE ( 'NONE', *, *, #2543, .F. ) ;
#2732 = DIRECTION ( 'NONE',  ( 0.000000000000000000, 0.000000000000000000, -1.000000000000000000 ) ) ;
#2733 = LINE ( 'NONE', #2069, #764 ) ;
#2734 = AXIS2_PLACEMENT_3D ( 'NONE', #2137, #728, #694 ) ;
#2735 = EDGE_CURVE ( 'NONE', #878, #2362, #1997, .T. ) ;
#2736 = VERTEX_POINT ( 'NONE', #1721 ) ;
#2737 = DIRECTION ( 'NONE',  ( 0.000000000000000000, 0.000000000000000000, 1.000000000000000000 ) ) ;
#2738 = CARTESIAN_POINT ( 'NONE',  ( -27.00000000000000000, 19.99999999999999645, 14.18070330817253399 ) ) ;
#2739 = EDGE_CURVE ( 'NONE', #1528, #3051, #761, .T. ) ;
#2740 = CARTESIAN_POINT ( 'NONE',  ( -29.25000000000000000, 20.25000000000000355, -0.1807033081725375467 ) ) ;
#2741 = AXIS2_PLACEMENT_3D ( 'NONE', #2625, #2219, #2980 ) ;
#2742 = CARTESIAN_POINT ( 'NONE',  ( -27.75000000000000000, 20.99999999999999645, 19.99999999999999645 ) ) ;
#2743 = CIRCLE ( 'NONE', #1989, 1.500000000000004885 ) ;
#2744 = ORIENTED_EDGE ( 'NONE', *, *, #650, .F. ) ;
#2745 = DIRECTION ( 'NONE',  ( 0.000000000000000000, 0.000000000000000000, -1.000000000000000000 ) ) ;
#2746 = CARTESIAN_POINT ( 'NONE',  ( -30.00000000000000000, 20.99999999999999645, 14.18070330817253399 ) ) ;
#2747 = ORIENTED_EDGE ( 'NONE', *, *, #3034, .T. ) ;
#2748 = CARTESIAN_POINT ( 'NONE',  ( -29.57366004793528802, 0.000000000000000000, -25.51470533359376702 ) ) ;
#2749 = FACE_OUTER_BOUND ( 'NONE', #2370, .T. ) ;
#2750 = ORIENTED_EDGE ( 'NONE', *, *, #234, .T. ) ;
#2751 = CARTESIAN_POINT ( 'NONE',  ( -45.50000000000000000, 20.24999999999999645, -24.25000000000000355 ) ) ;
#2752 = CYLINDRICAL_SURFACE ( 'NONE', #2457, 0.7500000000000006661 ) ;
#2753 = ADVANCED_FACE ( 'NONE', ( #2430 ), #1539, .T. ) ;
#2754 = TOROIDAL_SURFACE ( 'NONE', #1415, 2.250000000000003997, 0.7500000000000000000 ) ;
#2755 = CIRCLE ( 'NONE', #2097, 3.374999999999999556 ) ;
#2756 = DIRECTION ( 'NONE',  ( 1.000000000000000000, 3.694649656105686077E-32, 1.224646799147353207E-16 ) ) ;
#2757 = AXIS2_PLACEMENT_3D ( 'NONE', #2452, #818, #1776 ) ;
#2758 = VERTEX_POINT ( 'NONE', #2467 ) ;
#2759 = FACE_OUTER_BOUND ( 'NONE', #2954, .T. ) ;
#2760 = DIRECTION ( 'NONE',  ( 0.000000000000000000, 0.000000000000000000, 1.000000000000000000 ) ) ;
#2761 = TOROIDAL_SURFACE ( 'NONE', #816, 0.2500000000000006661, 0.7500000000000000000 ) ;
#2762 = CIRCLE ( 'NONE', #2154, 19.25000000000001066 ) ;
#2763 = ORIENTED_EDGE ( 'NONE', *, *, #1147, .T. ) ;
#2764 = CARTESIAN_POINT ( 'NONE',  ( -33.50000000000000000, 0.7500000000000002220, -24.25000000000001066 ) ) ;
#2765 = FACE_OUTER_BOUND ( 'NONE', #2825, .T. ) ;
#2766 = ORIENTED_EDGE ( 'NONE', *, *, #1309, .F. ) ;
#2767 = CARTESIAN_POINT ( 'NONE',  ( -45.49999999999999289, 0.7500000000000002220, 24.24999999999999289 ) ) ;
#2768 = DIRECTION ( 'NONE',  ( -1.000000000000000000, 0.000000000000000000, -0.000000000000000000 ) ) ;
#2769 = EDGE_CURVE ( 'NONE', #1677, #387, #1568, .T. ) ;
#2770 = CYLINDRICAL_SURFACE ( 'NONE', #1845, 3.374999999999999556 ) ;
#2771 = DIRECTION ( 'NONE',  ( 0.000000000000000000, 0.000000000000000000, 1.000000000000000000 ) ) ;
#2772 = VERTEX_POINT ( 'NONE', #2981 ) ;
#2773 = DIRECTION ( 'NONE',  ( 0.000000000000000000, 0.000000000000000000, -1.000000000000000000 ) ) ;
#2774 = ORIENTED_EDGE ( 'NONE', *, *, #531, .F. ) ;
#2775 = CARTESIAN_POINT ( 'NONE',  ( -32.29158620031197557, 0.007182979095854974058, -28.08743323391771085 ) ) ;
#2776 = FACE_OUTER_BOUND ( 'NONE', #2835, .T. ) ;
#2777 = EDGE_CURVE ( 'NONE', #1615, #480, #2412, .T. ) ;
#2778 = VERTEX_POINT ( 'NONE', #39 ) ;
#2779 = CARTESIAN_POINT ( 'NONE',  ( -33.49999999999999289, 0.7500000000000002220, 24.24999999999999289 ) ) ;
#2780 = DIRECTION ( 'NONE',  ( -0.000000000000000000, 1.000000000000000000, -0.000000000000000000 ) ) ;
#2781 = AXIS2_PLACEMENT_3D ( 'NONE', #931, #2120, #947 ) ;
#2782 = ORIENTED_EDGE ( 'NONE', *, *, #1595, .T. ) ;
#2783 = CARTESIAN_POINT ( 'NONE',  ( -42.00000000000000000, 20.24999999999999645, 19.99999999999999645 ) ) ;
#2784 = CARTESIAN_POINT ( 'NONE',  ( -42.00000000000000000, 0.000000000000000000, 19.99999999999999645 ) ) ;
#2785 = EDGE_CURVE ( 'NONE', #2572, #1889, #368, .T. ) ;
#2786 = AXIS2_PLACEMENT_3D ( 'NONE', #1396, #213, #2338 ) ;
#2787 = AXIS2_PLACEMENT_3D ( 'NONE', #1556, #378, #2247 ) ;
#2788 = VERTEX_POINT ( 'NONE', #1477 ) ;
#2789 = LINE ( 'NONE', #369, #292 ) ;
#2790 = CARTESIAN_POINT ( 'NONE',  ( -29.25000000000000000, 20.03448275862068684, 0.06690715072996426815 ) ) ;
#2791 = CIRCLE ( 'NONE', #2893, 0.7500000000000006661 ) ;
#2792 = EDGE_CURVE ( 'NONE', #2884, #2736, #1570, .T. ) ;
#2793 = AXIS2_PLACEMENT_3D ( 'NONE', #928, #453, #1883 ) ;
#2794 = VERTEX_POINT ( 'NONE', #108 ) ;
#2795 = CARTESIAN_POINT ( 'NONE',  ( -31.29132575724877796, 0.02455484638991367249, -27.52826485290209391 ) ) ;
#2796 = DIRECTION ( 'NONE',  ( 0.000000000000000000, -1.000000000000000000, -3.016910393003143352E-16 ) ) ;
#2797 = AXIS2_PLACEMENT_3D ( 'NONE', #2764, #124, #638 ) ;
#2798 = ORIENTED_EDGE ( 'NONE', *, *, #469, .T. ) ;
#2799 = DIRECTION ( 'NONE',  ( -0.000000000000000000, 3.016910393003145817E-16, 1.000000000000000000 ) ) ;
#2800 = DIRECTION ( 'NONE',  ( 0.000000000000000000, -1.000000000000000000, 0.000000000000000000 ) ) ;
#2801 = ORIENTED_EDGE ( 'NONE', *, *, #2730, .T. ) ;
#2802 = CARTESIAN_POINT ( 'NONE',  ( -49.42633995206468711, 0.000000000000000000, 25.51470533359379900 ) ) ;
#2803 = EDGE_CURVE ( 'NONE', #2689, #1312, #1378, .T. ) ;
#2804 = CARTESIAN_POINT ( 'NONE',  ( -29.57366004793528802, 0.000000000000000000, 25.51470533359376702 ) ) ;
#2805 = AXIS2_PLACEMENT_3D ( 'NONE', #337, #121, #2215 ) ;
#2806 = ORIENTED_EDGE ( 'NONE', *, *, #1262, .F. ) ;
#2807 = CARTESIAN_POINT ( 'NONE',  ( -51.25000000000000711, 20.99999999999999645, -1.734723475976807094E-15 ) ) ;
#2808 = CIRCLE ( 'NONE', #611, 2.250000000000005329 ) ;
#2809 = ORIENTED_EDGE ( 'NONE', *, *, #2792, .T. ) ;
#2810 = ORIENTED_EDGE ( 'NONE', *, *, #1644, .T. ) ;
#2811 = CIRCLE ( 'NONE', #1218, 0.7500000000000006661 ) ;
#2812 = EDGE_CURVE ( 'NONE', #2168, #779, #2014, .T. ) ;
#2813 = FACE_BOUND ( 'NONE', #1722, .T. ) ;
#2814 = CIRCLE ( 'NONE', #1869, 1.000000000000000888 ) ;
#2815 = ORIENTED_EDGE ( 'NONE', *, *, #2325, .F. ) ;
#2816 = CIRCLE ( 'NONE', #1619, 1.000000000000000888 ) ;
#2817 = DIRECTION ( 'NONE',  ( -0.000000000000000000, -1.000000000000000000, -0.000000000000000000 ) ) ;
#2818 = EDGE_LOOP ( 'NONE', ( #82, #676, #1342, #50 ) ) ;
#2819 = DIRECTION ( 'NONE',  ( 0.000000000000000000, 0.000000000000000000, 1.000000000000000000 ) ) ;
#2820 = LINE ( 'NONE', #409, #1656 ) ;
#2821 = EDGE_CURVE ( 'NONE', #1246, #1886, #2447, .T. ) ;
#2822 = EDGE_CURVE ( 'NONE', #2354, #1812, #1735, .T. ) ;
#2823 = CARTESIAN_POINT ( 'NONE',  ( -52.00000000000000711, 20.24999999999999645, 18.50000000000000355 ) ) ;
#2824 = DIRECTION ( 'NONE',  ( -0.000000000000000000, 1.000000000000000000, -0.000000000000000000 ) ) ;
#2825 = EDGE_LOOP ( 'NONE', ( #188, #519, #823, #1497 ) ) ;
#2826 = CARTESIAN_POINT ( 'NONE',  ( -27.75000000000000000, 0.000000000000000000, -19.99999999999999645 ) ) ;
#2827 = DIRECTION ( 'NONE',  ( 0.000000000000000000, 0.000000000000000000, 1.000000000000000000 ) ) ;
#2828 = ORIENTED_EDGE ( 'NONE', *, *, #2227, .F. ) ;
#2829 = FACE_OUTER_BOUND ( 'NONE', #1035, .T. ) ;
#2830 = ORIENTED_EDGE ( 'NONE', *, *, #3014, .F. ) ;
#2831 = CARTESIAN_POINT ( 'NONE',  ( -46.17121262523217951, -4.548566926755593807E-16, 28.29280047754956584 ) ) ;
#2832 = EDGE_CURVE ( 'NONE', #2327, #261, #3024, .T. ) ;
#2833 = CARTESIAN_POINT ( 'NONE',  ( -29.99943054785732244, 20.27922077922077548, -18.48595351381402452 ) ) ;
#2834 = TOROIDAL_SURFACE ( 'NONE', #2882, 9.250000000000000000, 0.7500000000000000000 ) ;
#2835 = EDGE_LOOP ( 'NONE', ( #2485, #3059, #1282, #482, #2871, #1471 ) ) ;
#2836 = CARTESIAN_POINT ( 'NONE',  ( -29.25000000000000000, 20.99999999999999645, 19.23538406167135051 ) ) ;
#2837 = CIRCLE ( 'NONE', #945, 2.250000000000005329 ) ;
#2838 = ORIENTED_EDGE ( 'NONE', *, *, #1275, .T. ) ;
#2839 = DIRECTION ( 'NONE',  ( 0.000000000000000000, 0.000000000000000000, 1.000000000000000000 ) ) ;
#2840 = VECTOR ( 'NONE', #686, 1000.000000000000000 ) ;
#2841 = AXIS2_PLACEMENT_3D ( 'NONE', #1199, #2364, #176 ) ;
#2842 = DIRECTION ( 'NONE',  ( 1.000000000000000000, 0.000000000000000000, 0.000000000000000000 ) ) ;
#2843 = CIRCLE ( 'NONE', #1501, 0.7499999999999991118 ) ;
#2844 = ORIENTED_EDGE ( 'NONE', *, *, #1933, .T. ) ;
#2845 = DIRECTION ( 'NONE',  ( 0.000000000000000000, 0.000000000000000000, -1.000000000000000000 ) ) ;
#2846 = ORIENTED_EDGE ( 'NONE', *, *, #711, .T. ) ;
#2847 = CARTESIAN_POINT ( 'NONE',  ( -46.35379762867756170, 0.001927064920831968869, 28.23007432485054125 ) ) ;
#2848 = EDGE_CURVE ( 'NONE', #920, #2393, #17, .T. ) ;
#2849 = CARTESIAN_POINT ( 'NONE',  ( -52.00000000000000711, 20.99999999999999289, 29.25000000000000000 ) ) ;
#2850 = CIRCLE ( 'NONE', #3055, 0.7500000000000006661 ) ;
#2851 = ORIENTED_EDGE ( 'NONE', *, *, #1370, .T. ) ;
#2852 = AXIS2_PLACEMENT_3D ( 'NONE', #2697, #553, #2462 ) ;
#2853 = EDGE_LOOP ( 'NONE', ( #75, #742, #2103, #211, #2346, #1071 ) ) ;
#2854 = EDGE_LOOP ( 'NONE', ( #118, #1419, #1585, #27 ) ) ;
#2855 = CARTESIAN_POINT ( 'NONE',  ( -51.25000000000000711, 0.000000000000000000, -20.00000000000001776 ) ) ;
#2856 = CIRCLE ( 'NONE', #2908, 4.125000000000000000 ) ;
#2857 = CARTESIAN_POINT ( 'NONE',  ( -30.00000000000000000, 20.13793103448275446, 0.8097385274374681030 ) ) ;
#2858 = AXIS2_PLACEMENT_3D ( 'NONE', #345, #318, #1259 ) ;
#2859 = ORIENTED_EDGE ( 'NONE', *, *, #1387, .F. ) ;
#2860 = DIRECTION ( 'NONE',  ( 0.000000000000000000, -1.000000000000000000, -3.016910393003143845E-16 ) ) ;
#2861 = AXIS2_PLACEMENT_3D ( 'NONE', #494, #1431, #481 ) ;
#2862 = VERTEX_POINT ( 'NONE', #2653 ) ;
#2863 = AXIS2_PLACEMENT_3D ( 'NONE', #2521, #2291, #399 ) ;
#2864 = CARTESIAN_POINT ( 'NONE',  ( -33.49999999999999289, 3.500000000000000000, 27.62499999999999289 ) ) ;
#2865 = CARTESIAN_POINT ( 'NONE',  ( -33.49999999999999289, -9.000000000000001776, 24.24999999999998934 ) ) ;
#2866 = EDGE_CURVE ( 'NONE', #2979, #561, #2104, .T. ) ;
#2867 = CARTESIAN_POINT ( 'NONE',  ( -27.75000000000000000, 20.99999999999999645, -19.99999999999999645 ) ) ;
#2868 = CARTESIAN_POINT ( 'NONE',  ( -45.50000000000000000, 3.500000000000000000, -24.25000000000001066 ) ) ;
#2869 = EDGE_CURVE ( 'NONE', #902, #2557, #313, .T. ) ;
#2870 = ORIENTED_EDGE ( 'NONE', *, *, #1229, .T. ) ;
#2871 = ORIENTED_EDGE ( 'NONE', *, *, #478, .T. ) ;
#2872 = CARTESIAN_POINT ( 'NONE',  ( -27.75000000000000000, 20.13793103448275446, 13.19026147256252912 ) ) ;
#2873 = CARTESIAN_POINT ( 'NONE',  ( -33.50000000000000000, 0.000000000000000000, -24.25000000000001066 ) ) ;
#2874 = DIRECTION ( 'NONE',  ( 0.000000000000000000, 0.000000000000000000, -1.000000000000000000 ) ) ;
#2875 = VERTEX_POINT ( 'NONE', #763 ) ;
#2876 = CARTESIAN_POINT ( 'NONE',  ( -27.00000000000000000, 19.99999999999999645, -0.1807033081725376578 ) ) ;
#2877 = VERTEX_POINT ( 'NONE', #813 ) ;
#2878 = EDGE_CURVE ( 'NONE', #100, #2572, #1022, .T. ) ;
#2879 = DIRECTION ( 'NONE',  ( 1.000000000000000000, 0.000000000000000000, 0.000000000000000000 ) ) ;
#2880 = DIRECTION ( 'NONE',  ( 0.000000000000000000, 0.000000000000000000, 1.000000000000000000 ) ) ;
#2881 = CARTESIAN_POINT ( 'NONE',  ( -45.50000000000000000, 1.084202172485504434E-16, -20.12500000000001066 ) ) ;
#2882 = AXIS2_PLACEMENT_3D ( 'NONE', #1621, #1139, #1173 ) ;
#2883 = VERTEX_POINT ( 'NONE', #1969 ) ;
#2884 = VERTEX_POINT ( 'NONE', #2928 ) ;
#2885 = DIRECTION ( 'NONE',  ( -0.000000000000000000, 1.000000000000000000, 3.016910393003143845E-16 ) ) ;
#2886 = DIRECTION ( 'NONE',  ( 0.000000000000000000, 0.000000000000000000, 1.000000000000000000 ) ) ;
#2887 = EDGE_CURVE ( 'NONE', #1312, #1427, #1475, .T. ) ;
#2888 = VECTOR ( 'NONE', #2985, 1000.000000000000000 ) ;
#2889 = ORIENTED_EDGE ( 'NONE', *, *, #2281, .F. ) ;
#2890 = TOROIDAL_SURFACE ( 'NONE', #2584, 2.250000000000003997, 0.7500000000000000000 ) ;
#2891 = CIRCLE ( 'NONE', #194, 0.7500000000000006661 ) ;
#2892 = CARTESIAN_POINT ( 'NONE',  ( -45.49999999999999289, 1.084202172485504434E-16, 20.12499999999999289 ) ) ;
#2893 = AXIS2_PLACEMENT_3D ( 'NONE', #824, #1732, #1485 ) ;
#2894 = ORIENTED_EDGE ( 'NONE', *, *, #1671, .F. ) ;
#2895 = CIRCLE ( 'NONE', #347, 10.00000000000000178 ) ;
#2896 = DIRECTION ( 'NONE',  ( 1.000000000000000000, -0.000000000000000000, 0.000000000000000000 ) ) ;
#2897 = EDGE_CURVE ( 'NONE', #1657, #1889, #2733, .T. ) ;
#2898 = CARTESIAN_POINT ( 'NONE',  ( -33.50000000000000000, 20.99999999999999645, -26.50000000000001066 ) ) ;
#2899 = DIRECTION ( 'NONE',  ( -0.000000000000000000, 1.000000000000000000, 3.016910393003143845E-16 ) ) ;
#2900 = EDGE_LOOP ( 'NONE', ( #2622, #1030, #656, #822, #2083, #38 ) ) ;
#2901 = CIRCLE ( 'NONE', #2646, 4.125000000000000000 ) ;
#2902 = ORIENTED_EDGE ( 'NONE', *, *, #1681, .F. ) ;
#2903 = DIRECTION ( 'NONE',  ( -0.000000000000000000, 1.000000000000000000, 3.016910393003143845E-16 ) ) ;
#2904 = DIRECTION ( 'NONE',  ( 0.000000000000000000, 0.000000000000000000, -1.000000000000000000 ) ) ;
#2905 = AXIS2_PLACEMENT_3D ( 'NONE', #1284, #2518, #103 ) ;
#2906 = ADVANCED_FACE ( 'NONE', ( #610 ), #3009, .T. ) ;
#2907 = ORIENTED_EDGE ( 'NONE', *, *, #2365, .T. ) ;
#2908 = AXIS2_PLACEMENT_3D ( 'NONE', #740, #2121, #48 ) ;
#2909 = CARTESIAN_POINT ( 'NONE',  ( -42.00000000000000000, 0.7500000000000000000, 29.25000000000000000 ) ) ;
#2910 = VECTOR ( 'NONE', #2595, 1000.000000000000000 ) ;
#2911 = EDGE_CURVE ( 'NONE', #995, #1388, #1715, .T. ) ;
#2912 = ORIENTED_EDGE ( 'NONE', *, *, #2260, .F. ) ;
#2913 = CARTESIAN_POINT ( 'NONE',  ( -42.00000000000000000, 20.24999999999999645, 19.99999999999999645 ) ) ;
#2914 = DIRECTION ( 'NONE',  ( 0.000000000000000000, -1.000000000000000000, 0.000000000000000000 ) ) ;
#2915 = UNCERTAINTY_MEASURE_WITH_UNIT (LENGTH_MEASURE( 1.000000000000000082E-05 ), #774, 'distance_accuracy_value', 'NONE');
#2916 = VECTOR ( 'NONE', #291, 1000.000000000000000 ) ;
#2917 = CARTESIAN_POINT ( 'NONE',  ( -51.25000000000000711, 20.99999999999999645, -19.23538406167135406 ) ) ;
#2918 = DIRECTION ( 'NONE',  ( -0.000000000000000000, -1.000000000000000000, -0.000000000000000000 ) ) ;
#2919 = ADVANCED_FACE ( 'NONE', ( #418, #3027, #1114, #2776 ), #2555, .T. ) ;
#2920 = EDGE_CURVE ( 'NONE', #1683, #2778, #2762, .T. ) ;
#2921 = ORIENTED_EDGE ( 'NONE', *, *, #2159, .F. ) ;
#2922 = EDGE_LOOP ( 'NONE', ( #2337, #2441, #343, #1833 ) ) ;
#2923 = CARTESIAN_POINT ( 'NONE',  ( -33.50000000000000000, 3.500000000000000000, -27.62500000000001066 ) ) ;
#2924 = DIRECTION ( 'NONE',  ( 0.000000000000000000, 0.000000000000000000, -1.000000000000000000 ) ) ;
#2925 = ADVANCED_FACE ( 'NONE', ( #1819 ), #262, .T. ) ;
#2926 = EDGE_LOOP ( 'NONE', ( #1560, #2629, #716, #1089 ) ) ;
#2927 = FACE_OUTER_BOUND ( 'NONE', #1816, .T. ) ;
#2928 = CARTESIAN_POINT ( 'NONE',  ( -45.49999999999999289, 3.500000000000000444, 26.50000000000000000 ) ) ;
#2929 = ORIENTED_EDGE ( 'NONE', *, *, #593, .T. ) ;
#2930 = CARTESIAN_POINT ( 'NONE',  ( -37.00000000000000000, 20.24999999999999289, -29.25000000000000000 ) ) ;
#2931 = ADVANCED_FACE ( 'NONE', ( #1581, #1083, #2054, #1846 ), #386, .T. ) ;
#2932 = DIRECTION ( 'NONE',  ( 1.000000000000000000, -0.000000000000000000, 0.000000000000000000 ) ) ;
#2933 = ADVANCED_FACE ( 'NONE', ( #2749 ), #1351, .F. ) ;
#2934 = DIRECTION ( 'NONE',  ( 0.000000000000000000, -1.000000000000000000, 0.000000000000000000 ) ) ;
#2935 = ORIENTED_EDGE ( 'NONE', *, *, #461, .T. ) ;
#2936 = ORIENTED_EDGE ( 'NONE', *, *, #2812, .F. ) ;
#2937 = CARTESIAN_POINT ( 'NONE',  ( -33.49999999999999289, 3.500000000000000000, 24.24999999999999289 ) ) ;
#2938 = CARTESIAN_POINT ( 'NONE',  ( -29.25000000000000000, 20.99999999999999645, 19.23538406167135051 ) ) ;
#2939 = PRODUCT_CONTEXT ( 'NONE', #1176, 'mechanical' ) ;
#2940 = ORIENTED_EDGE ( 'NONE', *, *, #2887, .F. ) ;
#2941 = EDGE_CURVE ( 'NONE', #2670, #2442, #215, .T. ) ;
#2942 = DIRECTION ( 'NONE',  ( 0.000000000000000000, 0.000000000000000000, -1.000000000000000000 ) ) ;
#2943 = CARTESIAN_POINT ( 'NONE',  ( -27.75000000000000000, 13.24999999999984190, -15.92339375865871354 ) ) ;
#2944 = ADVANCED_BREP_SHAPE_REPRESENTATION ( 'TAPA DE BANCADA DE MOTOR PEQUE\X2\00d1\X0\O VOLTIMOR', ( #1511, #266 ), #1025 ) ;
#2945 = AXIS2_PLACEMENT_3D ( 'NONE', #2692, #1467, #267 ) ;
#2946 = ORIENTED_EDGE ( 'NONE', *, *, #2423, .T. ) ;
#2947 = CARTESIAN_POINT ( 'NONE',  ( -30.00000000000000000, 20.25974179685233878, 18.48518630827158304 ) ) ;
#2948 = CARTESIAN_POINT ( 'NONE',  ( -49.24249937971516289, 0.001927064920832064062, -25.85114347105486488 ) ) ;
#2949 = CIRCLE ( 'NONE', #2436, 1.500000000000004885 ) ;
#2950 = ADVANCED_FACE ( 'NONE', ( #2765 ), #1596, .T. ) ;
#2951 = DIRECTION ( 'NONE',  ( 0.000000000000000000, 0.000000000000000000, 1.000000000000000000 ) ) ;
#2952 = CARTESIAN_POINT ( 'NONE',  ( -51.25000000000000711, 20.24999999999999645, -19.23538406167135406 ) ) ;
#2953 = ORIENTED_EDGE ( 'NONE', *, *, #2812, .T. ) ;
#2954 = EDGE_LOOP ( 'NONE', ( #1329, #2750, #2413, #223 ) ) ;
#2955 = DIRECTION ( 'NONE',  ( 0.000000000000000000, 0.000000000000000000, 1.000000000000000000 ) ) ;
#2956 = CARTESIAN_POINT ( 'NONE',  ( -29.67588274095822598, 20.99999999999999289, 18.80950132071312098 ) ) ;
#2957 = ORIENTED_EDGE ( 'NONE', *, *, #2986, .T. ) ;
#2958 = CARTESIAN_POINT ( 'NONE',  ( -33.49999999999999289, 3.500000000000000000, 24.24999999999999289 ) ) ;
#2959 = DIRECTION ( 'NONE',  ( -1.000000000000000000, 0.000000000000000000, 0.000000000000000000 ) ) ;
#2960 = EDGE_CURVE ( 'NONE', #261, #522, #1075, .T. ) ;
#2961 = STYLED_ITEM ( 'NONE', ( #3056 ), #1511 ) ;
#2962 = ORIENTED_EDGE ( 'NONE', *, *, #2388, .T. ) ;
#2963 = DIRECTION ( 'NONE',  ( 0.000000000000000000, 0.000000000000000000, -1.000000000000000000 ) ) ;
#2964 = CARTESIAN_POINT ( 'NONE',  ( -46.17121262516041469, -5.460186136238031589E-16, -28.29280047730301817 ) ) ;
#2965 = CIRCLE ( 'NONE', #1762, 4.125000000000000000 ) ;
#2966 = B_SPLINE_CURVE_WITH_KNOTS ( 'NONE', 3,
 ( #2395, #1448, #1947, #2455, #320, #1494, #1690, #783, #769, #2410, #2627, #2675, #529, #1242, #2165, #2437 ),
 .UNSPECIFIED., .F., .F.,
 ( 4, 2, 2, 2, 2, 2, 2, 4 ),
 ( -9.662510080528740369E-06, 0.0005616594325052338271, 0.001132981375090996376, 0.001704303317676758925, 0.002275625260262521474, 0.003418269145434040066, 0.003989591088019803049, 0.004560913030605565598 ),
 .UNSPECIFIED. ) ;
#2967 = AXIS2_PLACEMENT_3D ( 'NONE', #472, #1688, #1434 ) ;
#2968 = DIRECTION ( 'NONE',  ( 0.000000000000000000, -3.016910393003143845E-16, 1.000000000000000000 ) ) ;
#2969 = DIRECTION ( 'NONE',  ( 0.000000000000000000, 0.000000000000000000, 1.000000000000000000 ) ) ;
#2970 = AXIS2_PLACEMENT_3D ( 'NONE', #187, #678, #1627 ) ;
#2971 = EDGE_CURVE ( 'NONE', #1579, #2298, #2816, .T. ) ;
#2972 = ORIENTED_EDGE ( 'NONE', *, *, #2122, .F. ) ;
#2973 = ORIENTED_EDGE ( 'NONE', *, *, #2365, .F. ) ;
#2974 = AXIS2_PLACEMENT_3D ( 'NONE', #625, #1610, #151 ) ;
#2975 = DIRECTION ( 'NONE',  ( -0.000000000000000000, 1.000000000000000000, 3.016910393003143845E-16 ) ) ;
#2976 = DIRECTION ( 'NONE',  ( 0.000000000000000000, 0.000000000000000000, 1.000000000000000000 ) ) ;
#2977 = EDGE_CURVE ( 'NONE', #735, #684, #2201, .T. ) ;
#2978 = TOROIDAL_SURFACE ( 'NONE', #1529, 2.250000000000003997, 0.7500000000000000000 ) ;
#2979 = VERTEX_POINT ( 'NONE', #2995 ) ;
#2980 = DIRECTION ( 'NONE',  ( 0.000000000000000000, 0.000000000000000000, -1.000000000000000000 ) ) ;
#2981 = CARTESIAN_POINT ( 'NONE',  ( -27.00000000000000000, 20.25000000000000000, 14.18070330817253399 ) ) ;
#2982 = ORIENTED_EDGE ( 'NONE', *, *, #2418, .F. ) ;
#2983 = DIRECTION ( 'NONE',  ( 0.000000000000000000, 0.000000000000000000, -1.000000000000000000 ) ) ;
#2984 = DIRECTION ( 'NONE',  ( 0.000000000000000000, -1.000000000000000000, 0.000000000000000000 ) ) ;
#2985 = DIRECTION ( 'NONE',  ( -0.000000000000000000, 1.000000000000000000, 3.016910393003143845E-16 ) ) ;
#2986 = EDGE_CURVE ( 'NONE', #169, #2778, #2609, .T. ) ;
#2987 = CARTESIAN_POINT ( 'NONE',  ( -33.50000000000000000, -8.999999999999987566, -25.75000000000001776 ) ) ;
#2988 = VERTEX_POINT ( 'NONE', #1097 ) ;
#2989 = CYLINDRICAL_SURFACE ( 'NONE', #846, 3.374999999999999556 ) ;
#2990 = DIRECTION ( 'NONE',  ( 0.000000000000000000, 0.000000000000000000, -1.000000000000000000 ) ) ;
#2991 = EDGE_LOOP ( 'NONE', ( #2806, #1335, #2946, #185 ) ) ;
#2992 = ADVANCED_FACE ( 'NONE', ( #923 ), #703, .F. ) ;
#2993 = ADVANCED_FACE ( 'NONE', ( #1877 ), #512, .T. ) ;
#2994 = CARTESIAN_POINT ( 'NONE',  ( -27.00000000000000000, 13.24999999999984190, -10.92339375865870998 ) ) ;
#2995 = CARTESIAN_POINT ( 'NONE',  ( -27.00000000000000000, 13.24999999999984190, -15.92339375865871354 ) ) ;
#2996 = ORIENTED_EDGE ( 'NONE', *, *, #1669, .T. ) ;
#2997 = DIRECTION ( 'NONE',  ( 0.000000000000000000, -1.000000000000000000, 0.000000000000000000 ) ) ;
#2998 = LINE ( 'NONE', #1850, #2655 ) ;
#2999 = DIRECTION ( 'NONE',  ( 0.000000000000000000, -1.000000000000000000, 0.000000000000000000 ) ) ;
#3000 = AXIS2_PLACEMENT_3D ( 'NONE', #2618, #477, #1207 ) ;
#3001 = CARTESIAN_POINT ( 'NONE',  ( -45.50000000000000000, 0.7500000000000002220, -24.25000000000001066 ) ) ;
#3002 = EDGE_CURVE ( 'NONE', #1271, #902, #2057, .T. ) ;
#3003 = AXIS2_PLACEMENT_3D ( 'NONE', #1561, #3005, #2049 ) ;
#3004 = ORIENTED_EDGE ( 'NONE', *, *, #2281, .T. ) ;
#3005 = DIRECTION ( 'NONE',  ( -0.000000000000000000, 1.000000000000000000, 3.016910393003143845E-16 ) ) ;
#3006 = CARTESIAN_POINT ( 'NONE',  ( -33.49999999999999289, 0.7500000000000002220, 20.87499999999999289 ) ) ;
#3007 = ORIENTED_EDGE ( 'NONE', *, *, #554, .T. ) ;
#3008 = DIRECTION ( 'NONE',  ( 0.000000000000000000, 0.000000000000000000, 1.000000000000000000 ) ) ;
#3009 = CYLINDRICAL_SURFACE ( 'NONE', #1125, 0.7500000000000006661 ) ;
#3010 = EDGE_CURVE ( 'NONE', #939, #790, #3074, .T. ) ;
#3011 = ORIENTED_EDGE ( 'NONE', *, *, #2656, .T. ) ;
#3012 = LINE ( 'NONE', #2511, #550 ) ;
#3013 = CARTESIAN_POINT ( 'NONE',  ( -27.75000000000000000, 19.99999999999999645, 14.18070330817253399 ) ) ;
#3014 = EDGE_CURVE ( 'NONE', #2772, #1168, #2313, .T. ) ;
#3015 = AXIS2_PLACEMENT_3D ( 'NONE', #2322, #3079, #695 ) ;
#3016 = DIRECTION ( 'NONE',  ( 0.000000000000000000, 0.000000000000000000, -1.000000000000000000 ) ) ;
#3017 = VECTOR ( 'NONE', #834, 1000.000000000000000 ) ;
#3018 = DIRECTION ( 'NONE',  ( 0.000000000000000000, 0.000000000000000000, -1.000000000000000000 ) ) ;
#3019 = AXIS2_PLACEMENT_3D ( 'NONE', #915, #392, #1362 ) ;
#3020 = VERTEX_POINT ( 'NONE', #687 ) ;
#3021 = DIRECTION ( 'NONE',  ( 0.000000000000000000, 0.000000000000000000, 1.000000000000000000 ) ) ;
#3022 = EDGE_CURVE ( 'NONE', #790, #1812, #971, .T. ) ;
#3023 = AXIS2_PLACEMENT_3D ( 'NONE', #2265, #659, #613 ) ;
#3024 = CIRCLE ( 'NONE', #1175, 0.7500000000000006661 ) ;
#3025 = EDGE_LOOP ( 'NONE', ( #1237, #421, #1665, #3007 ) ) ;
#3026 = CARTESIAN_POINT ( 'NONE',  ( -33.50000000000000000, 3.500000000000000000, -20.87500000000001066 ) ) ;
#3027 = FACE_BOUND ( 'NONE', #2369, .T. ) ;
#3028 = VERTEX_POINT ( 'NONE', #1637 ) ;
#3029 = DIRECTION ( 'NONE',  ( 0.000000000000000000, 0.000000000000000000, 1.000000000000000000 ) ) ;
#3030 = DIRECTION ( 'NONE',  ( 0.000000000000000000, 0.000000000000000000, 1.000000000000000000 ) ) ;
#3031 = ORIENTED_EDGE ( 'NONE', *, *, #478, .F. ) ;
#3032 = CARTESIAN_POINT ( 'NONE',  ( -33.50000000000000000, 1.084202172485504434E-16, -20.12500000000001066 ) ) ;
#3033 = EDGE_CURVE ( 'NONE', #480, #1615, #1324, .T. ) ;
#3034 = EDGE_CURVE ( 'NONE', #1736, #2670, #1907, .T. ) ;
#3035 = DIRECTION ( 'NONE',  ( -0.000000000000000000, 1.000000000000000000, 3.016910393003143845E-16 ) ) ;
#3036 = ORIENTED_EDGE ( 'NONE', *, *, #1426, .F. ) ;
#3037 = DIRECTION ( 'NONE',  ( 0.000000000000000000, -3.016910393003143845E-16, 1.000000000000000000 ) ) ;
#3038 = DIRECTION ( 'NONE',  ( 0.000000000000000000, -1.000000000000000000, 0.000000000000000000 ) ) ;
#3039 = VERTEX_POINT ( 'NONE', #2401 ) ;
#3040 = FACE_OUTER_BOUND ( 'NONE', #2528, .T. ) ;
#3041 = DIRECTION ( 'NONE',  ( -1.000000000000000000, -0.000000000000000000, 0.000000000000000000 ) ) ;
#3042 = ORIENTED_EDGE ( 'NONE', *, *, #1038, .F. ) ;
#3043 = DIRECTION ( 'NONE',  ( 0.000000000000000000, 3.016910393003145817E-16, 1.000000000000000000 ) ) ;
#3044 = DIRECTION ( 'NONE',  ( 0.000000000000000000, 0.000000000000000000, -1.000000000000000000 ) ) ;
#3045 = EDGE_LOOP ( 'NONE', ( #607, #1407, #200, #222 ) ) ;
#3046 = CARTESIAN_POINT ( 'NONE',  ( -45.98835076958480528, 0.000000000000000000, 28.34599054269487439 ) ) ;
#3047 = AXIS2_PLACEMENT_3D ( 'NONE', #2740, #1123, #2471 ) ;
#3048 = CARTESIAN_POINT ( 'NONE',  ( -37.00000000000000000, 0.7500000000000000000, 30.00000000000000000 ) ) ;
#3049 = DIRECTION ( 'NONE',  ( 0.000000000000000000, 0.000000000000000000, 1.000000000000000000 ) ) ;
#3050 = ORIENTED_EDGE ( 'NONE', *, *, #1457, .F. ) ;
#3051 = VERTEX_POINT ( 'NONE', #2586 ) ;
#3052 = DIRECTION ( 'NONE',  ( 0.000000000000000000, -1.000000000000000000, 0.000000000000000000 ) ) ;
#3053 = DIRECTION ( 'NONE',  ( -1.000000000000000000, 0.000000000000000000, 0.000000000000000000 ) ) ;
#3054 = ORIENTED_EDGE ( 'NONE', *, *, #2832, .F. ) ;
#3055 = AXIS2_PLACEMENT_3D ( 'NONE', #2705, #61, #317 ) ;
#3056 = PRESENTATION_STYLE_ASSIGNMENT (( #284 ) ) ;
#3057 = FACE_OUTER_BOUND ( 'NONE', #1779, .T. ) ;
#3058 = ADVANCED_FACE ( 'NONE', ( #1926 ), #240, .F. ) ;
#3059 = ORIENTED_EDGE ( 'NONE', *, *, #2607, .T. ) ;
#3060 = DIRECTION ( 'NONE',  ( 0.000000000000000000, 0.000000000000000000, -1.000000000000000000 ) ) ;
#3061 = CARTESIAN_POINT ( 'NONE',  ( -30.00000000000000000, 19.99999999999999645, -0.1807033081725376578 ) ) ;
#3062 = AXIS2_PLACEMENT_3D ( 'NONE', #196, #474, #21 ) ;
#3063 = AXIS2_PLACEMENT_3D ( 'NONE', #221, #2396, #2663 ) ;
#3064 = CARTESIAN_POINT ( 'NONE',  ( -45.50000000000000000, 0.7500000000000002220, -20.12500000000001066 ) ) ;
#3065 = CARTESIAN_POINT ( 'NONE',  ( -45.49999999999999289, 3.500000000000000000, 20.87499999999999289 ) ) ;
#3066 = VECTOR ( 'NONE', #3090, 1000.000000000000000 ) ;
#3067 = ORIENTED_EDGE ( 'NONE', *, *, #1509, .F. ) ;
#3068 = ORIENTED_EDGE ( 'NONE', *, *, #77, .T. ) ;
#3069 = CIRCLE ( 'NONE', #1711, 0.2500000000000006661 ) ;
#3070 = DIRECTION ( 'NONE',  ( 1.000000000000000000, 0.000000000000000000, 0.000000000000000000 ) ) ;
#3071 = CIRCLE ( 'NONE', #1962, 2.499999999999998668 ) ;
#3072 = EDGE_CURVE ( 'NONE', #810, #1615, #674, .T. ) ;
#3073 = VERTEX_POINT ( 'NONE', #2634 ) ;
#3074 = CIRCLE ( 'NONE', #567, 2.250000000000005329 ) ;
#3075 = CARTESIAN_POINT ( 'NONE',  ( -49.42633995206468711, 0.000000000000000000, 25.51470533359379900 ) ) ;
#3076 = ORIENTED_EDGE ( 'NONE', *, *, #699, .T. ) ;
#3077 = DIRECTION ( 'NONE',  ( 0.000000000000000000, 0.000000000000000000, -1.000000000000000000 ) ) ;
#3078 = DIRECTION ( 'NONE',  ( -1.000000000000000000, -0.000000000000000000, -0.000000000000000000 ) ) ;
#3079 = DIRECTION ( 'NONE',  ( 0.000000000000000000, -1.000000000000000000, 0.000000000000000000 ) ) ;
#3080 = VERTEX_POINT ( 'NONE', #214 ) ;
#3081 = ORIENTED_EDGE ( 'NONE', *, *, #479, .F. ) ;
#3082 = DIRECTION ( 'NONE',  ( -0.000000000000000000, 1.000000000000000000, 3.016910393003143845E-16 ) ) ;
#3083 = DIRECTION ( 'NONE',  ( 0.000000000000000000, 0.000000000000000000, -1.000000000000000000 ) ) ;
#3084 = EDGE_CURVE ( 'NONE', #100, #2788, #1720, .T. ) ;
#3085 = ORIENTED_EDGE ( 'NONE', *, *, #1118, .T. ) ;
#3086 = DIRECTION ( 'NONE',  ( 0.000000000000000000, -1.000000000000000000, 0.000000000000000000 ) ) ;
#3087 = EDGE_CURVE ( 'NONE', #671, #2979, #974, .T. ) ;
#3088 = VERTEX_POINT ( 'NONE', #433 ) ;
#3089 = DIRECTION ( 'NONE',  ( 1.000000000000000000, 0.000000000000000000, 0.000000000000000000 ) ) ;
#3090 = DIRECTION ( 'NONE',  ( 0.000000000000000000, 3.016910393003145817E-16, 1.000000000000000000 ) ) ;
#3091 = VECTOR ( 'NONE', #2381, 1000.000000000000000 ) ;
#3092 = FACE_OUTER_BOUND ( 'NONE', #756, .T. ) ;
#3093 = CIRCLE ( 'NONE', #1243, 1.749999999999999778 ) ;
#3094 = DIRECTION ( 'NONE',  ( 0.000000000000000000, -1.000000000000000000, 0.000000000000000000 ) ) ;
#3095 = ADVANCED_FACE ( 'NONE', ( #3100 ), #2978, .T. ) ;
#3096 = VECTOR ( 'NONE', #1824, 1000.000000000000000 ) ;
#3097 = ORIENTED_EDGE ( 'NONE', *, *, #2822, .T. ) ;
#3098 = DIRECTION ( 'NONE',  ( 0.000000000000000000, 0.000000000000000000, 1.000000000000000000 ) ) ;
#3099 = AXIS2_PLACEMENT_3D ( 'NONE', #1666, #2157, #1887 ) ;
#3100 = FACE_OUTER_BOUND ( 'NONE', #1305, .T. ) ;
#3101 = ORIENTED_EDGE ( 'NONE', *, *, #1740, .T. ) ;
#3102 = CARTESIAN_POINT ( 'NONE',  ( -42.00000000000000000, 0.000000000000000000, -19.99999999999999645 ) ) ;
#3103 = CIRCLE ( 'NONE', #796, 2.250000000000005329 ) ;
#3104 = EDGE_CURVE ( 'NONE', #282, #2393, #2262, .T. ) ;
#3105 = CIRCLE ( 'NONE', #2591, 9.250000000000001776 ) ;
ENDSEC;
END-ISO-10303-21;
